[{"path":"src/main/java/Action.java","fileType":"java","lines":[{"lineNumber":1,"author":{"gitId":"NicsunXnus"},"content":"public class Action {","lastModifiedDate":"2022-01-16"},{"lineNumber":2,"author":{"gitId":"NicsunXnus"},"content":"    protected final String act;","lastModifiedDate":"2022-01-16"},{"lineNumber":3,"author":{"gitId":"NicsunXnus"},"content":"    protected final boolean isDone;","lastModifiedDate":"2022-01-16"},{"lineNumber":4,"author":{"gitId":"NicsunXnus"},"content":"","lastModifiedDate":"2022-01-16"},{"lineNumber":5,"author":{"gitId":"NicsunXnus"},"content":"    public Action(String string) {","lastModifiedDate":"2022-01-16"},{"lineNumber":6,"author":{"gitId":"NicsunXnus"},"content":"         act \u003d string;","lastModifiedDate":"2022-01-16"},{"lineNumber":7,"author":{"gitId":"NicsunXnus"},"content":"         isDone \u003d false;","lastModifiedDate":"2022-01-16"},{"lineNumber":8,"author":{"gitId":"NicsunXnus"},"content":"    }","lastModifiedDate":"2022-01-16"},{"lineNumber":9,"author":{"gitId":"NicsunXnus"},"content":"","lastModifiedDate":"2022-01-16"},{"lineNumber":10,"author":{"gitId":"NicsunXnus"},"content":"    public Action(String string, boolean status)  {","lastModifiedDate":"2022-01-16"},{"lineNumber":11,"author":{"gitId":"NicsunXnus"},"content":"        act \u003d string;","lastModifiedDate":"2022-01-16"},{"lineNumber":12,"author":{"gitId":"NicsunXnus"},"content":"        isDone \u003d status;","lastModifiedDate":"2022-01-16"},{"lineNumber":13,"author":{"gitId":"NicsunXnus"},"content":"    }","lastModifiedDate":"2022-01-16"},{"lineNumber":14,"author":{"gitId":"NicsunXnus"},"content":"","lastModifiedDate":"2022-01-16"},{"lineNumber":15,"author":{"gitId":"NicsunXnus"},"content":"    public String getFull() {","lastModifiedDate":"2022-01-16"},{"lineNumber":16,"author":{"gitId":"NicsunXnus"},"content":"        return act;","lastModifiedDate":"2022-01-16"},{"lineNumber":17,"author":{"gitId":"NicsunXnus"},"content":"    }","lastModifiedDate":"2022-01-16"},{"lineNumber":18,"author":{"gitId":"NicsunXnus"},"content":"","lastModifiedDate":"2022-01-16"},{"lineNumber":19,"author":{"gitId":"NicsunXnus"},"content":"    /**","lastModifiedDate":"2022-01-16"},{"lineNumber":20,"author":{"gitId":"NicsunXnus"},"content":"     * Returns the first word of the input","lastModifiedDate":"2022-01-16"},{"lineNumber":21,"author":{"gitId":"NicsunXnus"},"content":"     * which is the action","lastModifiedDate":"2022-01-16"},{"lineNumber":22,"author":{"gitId":"NicsunXnus"},"content":"     * @return head of message/the action","lastModifiedDate":"2022-01-16"},{"lineNumber":23,"author":{"gitId":"NicsunXnus"},"content":"     */","lastModifiedDate":"2022-01-16"},{"lineNumber":24,"author":{"gitId":"NicsunXnus"},"content":"    public String getAction() {","lastModifiedDate":"2022-01-16"},{"lineNumber":25,"author":{"gitId":"NicsunXnus"},"content":"        String head \u003d act.split(\" \")[0];","lastModifiedDate":"2022-01-16"},{"lineNumber":26,"author":{"gitId":"NicsunXnus"},"content":"        return head;","lastModifiedDate":"2022-01-16"},{"lineNumber":27,"author":{"gitId":"NicsunXnus"},"content":"    }","lastModifiedDate":"2022-01-16"},{"lineNumber":28,"author":{"gitId":"NicsunXnus"},"content":"","lastModifiedDate":"2022-01-16"},{"lineNumber":29,"author":{"gitId":"NicsunXnus"},"content":"    /**","lastModifiedDate":"2022-01-16"},{"lineNumber":30,"author":{"gitId":"NicsunXnus"},"content":"     * Returns the input without the head","lastModifiedDate":"2022-01-16"},{"lineNumber":31,"author":{"gitId":"NicsunXnus"},"content":"     * @return the body of the input","lastModifiedDate":"2022-01-16"},{"lineNumber":32,"author":{"gitId":"NicsunXnus"},"content":"     */","lastModifiedDate":"2022-01-16"},{"lineNumber":33,"author":{"gitId":"NicsunXnus"},"content":"    public String getBody() {","lastModifiedDate":"2022-01-16"},{"lineNumber":34,"author":{"gitId":"NicsunXnus"},"content":"        String bod \u003d act.split(\" \", 2)[1];","lastModifiedDate":"2022-01-16"},{"lineNumber":35,"author":{"gitId":"NicsunXnus"},"content":"        return bod;","lastModifiedDate":"2022-01-16"},{"lineNumber":36,"author":{"gitId":"NicsunXnus"},"content":"    }","lastModifiedDate":"2022-01-16"},{"lineNumber":37,"author":{"gitId":"NicsunXnus"},"content":"","lastModifiedDate":"2022-01-16"},{"lineNumber":38,"author":{"gitId":"NicsunXnus"},"content":"    public String getStatus() {","lastModifiedDate":"2022-01-16"},{"lineNumber":39,"author":{"gitId":"NicsunXnus"},"content":"        return isDone ? \"X\" : \" \";","lastModifiedDate":"2022-01-16"},{"lineNumber":40,"author":{"gitId":"NicsunXnus"},"content":"    }","lastModifiedDate":"2022-01-16"},{"lineNumber":41,"author":{"gitId":"NicsunXnus"},"content":"","lastModifiedDate":"2022-01-16"},{"lineNumber":42,"author":{"gitId":"NicsunXnus"},"content":"    public Action setDone() {","lastModifiedDate":"2022-01-16"},{"lineNumber":43,"author":{"gitId":"NicsunXnus"},"content":"        return new Action(act, true);","lastModifiedDate":"2022-01-16"},{"lineNumber":44,"author":{"gitId":"NicsunXnus"},"content":"    }","lastModifiedDate":"2022-01-16"},{"lineNumber":45,"author":{"gitId":"NicsunXnus"},"content":"","lastModifiedDate":"2022-01-16"},{"lineNumber":46,"author":{"gitId":"NicsunXnus"},"content":"    public Action setUnDone() {","lastModifiedDate":"2022-01-16"},{"lineNumber":47,"author":{"gitId":"NicsunXnus"},"content":"        return new Action(act, false);","lastModifiedDate":"2022-01-16"},{"lineNumber":48,"author":{"gitId":"NicsunXnus"},"content":"    }","lastModifiedDate":"2022-01-16"},{"lineNumber":49,"author":{"gitId":"NicsunXnus"},"content":"","lastModifiedDate":"2022-01-16"},{"lineNumber":50,"author":{"gitId":"NicsunXnus"},"content":"    public boolean known() {","lastModifiedDate":"2022-01-16"},{"lineNumber":51,"author":{"gitId":"NicsunXnus"},"content":"        return isList() || isMark() || isUnmark() || isDeadline() || isEvent()","lastModifiedDate":"2022-01-16"},{"lineNumber":52,"author":{"gitId":"NicsunXnus"},"content":"                || isTodo() || isDelete();","lastModifiedDate":"2022-01-16"},{"lineNumber":53,"author":{"gitId":"NicsunXnus"},"content":"    }","lastModifiedDate":"2022-01-16"},{"lineNumber":54,"author":{"gitId":"NicsunXnus"},"content":"","lastModifiedDate":"2022-01-16"},{"lineNumber":55,"author":{"gitId":"NicsunXnus"},"content":"    public boolean isBye() {","lastModifiedDate":"2022-01-16"},{"lineNumber":56,"author":{"gitId":"NicsunXnus"},"content":"        return act.equals(\"bye\");","lastModifiedDate":"2022-01-16"},{"lineNumber":57,"author":{"gitId":"NicsunXnus"},"content":"    }","lastModifiedDate":"2022-01-16"},{"lineNumber":58,"author":{"gitId":"NicsunXnus"},"content":"","lastModifiedDate":"2022-01-16"},{"lineNumber":59,"author":{"gitId":"NicsunXnus"},"content":"    public boolean isList() {","lastModifiedDate":"2022-01-16"},{"lineNumber":60,"author":{"gitId":"NicsunXnus"},"content":"        return act.equals(\"list\");","lastModifiedDate":"2022-01-16"},{"lineNumber":61,"author":{"gitId":"NicsunXnus"},"content":"    }","lastModifiedDate":"2022-01-16"},{"lineNumber":62,"author":{"gitId":"NicsunXnus"},"content":"","lastModifiedDate":"2022-01-16"},{"lineNumber":63,"author":{"gitId":"NicsunXnus"},"content":"    public boolean isMark() {","lastModifiedDate":"2022-01-16"},{"lineNumber":64,"author":{"gitId":"NicsunXnus"},"content":"        return getAction().contains(\"mark\");","lastModifiedDate":"2022-01-16"},{"lineNumber":65,"author":{"gitId":"NicsunXnus"},"content":"    }","lastModifiedDate":"2022-01-16"},{"lineNumber":66,"author":{"gitId":"NicsunXnus"},"content":"","lastModifiedDate":"2022-01-16"},{"lineNumber":67,"author":{"gitId":"NicsunXnus"},"content":"    public boolean isUnmark() {","lastModifiedDate":"2022-01-16"},{"lineNumber":68,"author":{"gitId":"NicsunXnus"},"content":"        return getAction().equals(\"unmark\");","lastModifiedDate":"2022-01-16"},{"lineNumber":69,"author":{"gitId":"NicsunXnus"},"content":"    }","lastModifiedDate":"2022-01-16"},{"lineNumber":70,"author":{"gitId":"NicsunXnus"},"content":"","lastModifiedDate":"2022-01-16"},{"lineNumber":71,"author":{"gitId":"NicsunXnus"},"content":"    public boolean isDeadline() {","lastModifiedDate":"2022-01-16"},{"lineNumber":72,"author":{"gitId":"NicsunXnus"},"content":"        return getAction().equals((\"deadline\"));","lastModifiedDate":"2022-01-16"},{"lineNumber":73,"author":{"gitId":"NicsunXnus"},"content":"    }","lastModifiedDate":"2022-01-16"},{"lineNumber":74,"author":{"gitId":"NicsunXnus"},"content":"","lastModifiedDate":"2022-01-16"},{"lineNumber":75,"author":{"gitId":"NicsunXnus"},"content":"    public boolean isEvent() {","lastModifiedDate":"2022-01-16"},{"lineNumber":76,"author":{"gitId":"NicsunXnus"},"content":"        return getAction().equals(\"event\");","lastModifiedDate":"2022-01-16"},{"lineNumber":77,"author":{"gitId":"NicsunXnus"},"content":"    }","lastModifiedDate":"2022-01-16"},{"lineNumber":78,"author":{"gitId":"NicsunXnus"},"content":"","lastModifiedDate":"2022-01-16"},{"lineNumber":79,"author":{"gitId":"NicsunXnus"},"content":"    public boolean isTodo() {","lastModifiedDate":"2022-01-16"},{"lineNumber":80,"author":{"gitId":"NicsunXnus"},"content":"        return getAction().equals(\"todo\");","lastModifiedDate":"2022-01-16"},{"lineNumber":81,"author":{"gitId":"NicsunXnus"},"content":"    }","lastModifiedDate":"2022-01-16"},{"lineNumber":82,"author":{"gitId":"NicsunXnus"},"content":"","lastModifiedDate":"2022-01-16"},{"lineNumber":83,"author":{"gitId":"NicsunXnus"},"content":"    public boolean isDelete() {","lastModifiedDate":"2022-01-16"},{"lineNumber":84,"author":{"gitId":"NicsunXnus"},"content":"        return getAction().equals(\"delete\");","lastModifiedDate":"2022-01-16"},{"lineNumber":85,"author":{"gitId":"NicsunXnus"},"content":"    }","lastModifiedDate":"2022-01-16"},{"lineNumber":86,"author":{"gitId":"NicsunXnus"},"content":"","lastModifiedDate":"2022-01-16"},{"lineNumber":87,"author":{"gitId":"NicsunXnus"},"content":"    @Override","lastModifiedDate":"2022-01-16"},{"lineNumber":88,"author":{"gitId":"NicsunXnus"},"content":"    public String toString() {","lastModifiedDate":"2022-01-16"},{"lineNumber":89,"author":{"gitId":"NicsunXnus"},"content":"        return \"[\" + getStatus() + \"] \" + act;","lastModifiedDate":"2022-01-16"},{"lineNumber":90,"author":{"gitId":"NicsunXnus"},"content":"    }","lastModifiedDate":"2022-01-16"},{"lineNumber":91,"author":{"gitId":"NicsunXnus"},"content":"}","lastModifiedDate":"2022-01-16"}],"authorContributionMap":{"NicsunXnus":91}},{"path":"src/main/java/Deadline.java","fileType":"java","lines":[{"lineNumber":1,"author":{"gitId":"NicsunXnus"},"content":"import java.time.LocalDate;","lastModifiedDate":"2022-01-21"},{"lineNumber":2,"author":{"gitId":"NicsunXnus"},"content":"import java.time.format.DateTimeFormatter;","lastModifiedDate":"2022-01-21"},{"lineNumber":3,"author":{"gitId":"NicsunXnus"},"content":"import java.time.format.DateTimeParseException;","lastModifiedDate":"2022-01-21"},{"lineNumber":4,"author":{"gitId":"NicsunXnus"},"content":"","lastModifiedDate":"2022-01-21"},{"lineNumber":5,"author":{"gitId":"NicsunXnus"},"content":"public class Deadline extends Action{","lastModifiedDate":"2022-01-16"},{"lineNumber":6,"author":{"gitId":"NicsunXnus"},"content":"    private LocalDate date;","lastModifiedDate":"2022-01-21"},{"lineNumber":7,"author":{"gitId":"NicsunXnus"},"content":"","lastModifiedDate":"2022-01-16"},{"lineNumber":8,"author":{"gitId":"NicsunXnus"},"content":"    public Deadline(String task, String by)  {","lastModifiedDate":"2022-01-16"},{"lineNumber":9,"author":{"gitId":"NicsunXnus"},"content":"        super(task);","lastModifiedDate":"2022-01-16"},{"lineNumber":10,"author":{"gitId":"NicsunXnus"},"content":"        try {","lastModifiedDate":"2022-01-21"},{"lineNumber":11,"author":{"gitId":"NicsunXnus"},"content":"            this.date \u003d LocalDate.parse(by);","lastModifiedDate":"2022-01-21"},{"lineNumber":12,"author":{"gitId":"NicsunXnus"},"content":"        } catch (DateTimeParseException e) {","lastModifiedDate":"2022-01-21"},{"lineNumber":13,"author":{"gitId":"NicsunXnus"},"content":"            System.out.println(\"Wrong date format: Please use yyyy-mm-dd\");","lastModifiedDate":"2022-01-21"},{"lineNumber":14,"author":{"gitId":"NicsunXnus"},"content":"        }","lastModifiedDate":"2022-01-21"},{"lineNumber":15,"author":{"gitId":"NicsunXnus"},"content":"    }","lastModifiedDate":"2022-01-16"},{"lineNumber":16,"author":{"gitId":"NicsunXnus"},"content":"","lastModifiedDate":"2022-01-16"},{"lineNumber":17,"author":{"gitId":"NicsunXnus"},"content":"    public Deadline(String task, LocalDate by, boolean bool)  {","lastModifiedDate":"2022-01-21"},{"lineNumber":18,"author":{"gitId":"NicsunXnus"},"content":"        super(task, bool);","lastModifiedDate":"2022-01-16"},{"lineNumber":19,"author":{"gitId":"NicsunXnus"},"content":"        this.date \u003d date;","lastModifiedDate":"2022-01-21"},{"lineNumber":20,"author":{"gitId":"NicsunXnus"},"content":"    }","lastModifiedDate":"2022-01-16"},{"lineNumber":21,"author":{"gitId":"NicsunXnus"},"content":"","lastModifiedDate":"2022-01-16"},{"lineNumber":22,"author":{"gitId":"NicsunXnus"},"content":"    @Override","lastModifiedDate":"2022-01-16"},{"lineNumber":23,"author":{"gitId":"NicsunXnus"},"content":"    public Action setDone()  {","lastModifiedDate":"2022-01-16"},{"lineNumber":24,"author":{"gitId":"NicsunXnus"},"content":"        return new Deadline(act, date, true);","lastModifiedDate":"2022-01-21"},{"lineNumber":25,"author":{"gitId":"NicsunXnus"},"content":"    }","lastModifiedDate":"2022-01-16"},{"lineNumber":26,"author":{"gitId":"NicsunXnus"},"content":"","lastModifiedDate":"2022-01-16"},{"lineNumber":27,"author":{"gitId":"NicsunXnus"},"content":"    @Override","lastModifiedDate":"2022-01-16"},{"lineNumber":28,"author":{"gitId":"NicsunXnus"},"content":"    public Action setUnDone()  {","lastModifiedDate":"2022-01-16"},{"lineNumber":29,"author":{"gitId":"NicsunXnus"},"content":"        return new Deadline(act, date, false);","lastModifiedDate":"2022-01-21"},{"lineNumber":30,"author":{"gitId":"NicsunXnus"},"content":"    }","lastModifiedDate":"2022-01-16"},{"lineNumber":31,"author":{"gitId":"NicsunXnus"},"content":"","lastModifiedDate":"2022-01-16"},{"lineNumber":32,"author":{"gitId":"NicsunXnus"},"content":"    @Override","lastModifiedDate":"2022-01-16"},{"lineNumber":33,"author":{"gitId":"NicsunXnus"},"content":"    public String toString() {","lastModifiedDate":"2022-01-16"},{"lineNumber":34,"author":{"gitId":"NicsunXnus"},"content":"        return \"[D]\" + super.toString() + \"(by: \"","lastModifiedDate":"2022-01-21"},{"lineNumber":35,"author":{"gitId":"NicsunXnus"},"content":"                + date.format(DateTimeFormatter.ofPattern(\"MMM d yyyy\")) + \")\";","lastModifiedDate":"2022-01-21"},{"lineNumber":36,"author":{"gitId":"NicsunXnus"},"content":"    }","lastModifiedDate":"2022-01-16"},{"lineNumber":37,"author":{"gitId":"NicsunXnus"},"content":"}","lastModifiedDate":"2022-01-16"}],"authorContributionMap":{"NicsunXnus":37}},{"path":"src/main/java/Duke.java","fileType":"java","lines":[{"lineNumber":1,"author":{"gitId":"NicsunXnus"},"content":"import java.util.Scanner;","lastModifiedDate":"2022-01-16"},{"lineNumber":2,"author":{"gitId":"NicsunXnus"},"content":"import java.util.ArrayList;","lastModifiedDate":"2022-01-16"},{"lineNumber":3,"author":{"gitId":"-"},"content":"public class Duke {","lastModifiedDate":"2019-07-29"},{"lineNumber":4,"author":{"gitId":"NicsunXnus"},"content":"    public static void listOut(ArrayList\u003cAction\u003e list) {","lastModifiedDate":"2022-01-16"},{"lineNumber":5,"author":{"gitId":"NicsunXnus"},"content":"        int count \u003d 1;","lastModifiedDate":"2022-01-16"},{"lineNumber":6,"author":{"gitId":"NicsunXnus"},"content":"        System.out.println(\"Here are the tasks in your list:\");","lastModifiedDate":"2022-01-16"},{"lineNumber":7,"author":{"gitId":"NicsunXnus"},"content":"        if (list.isEmpty()) {","lastModifiedDate":"2022-01-16"},{"lineNumber":8,"author":{"gitId":"NicsunXnus"},"content":"            System.out.println(\"Oh, you have nothing to do, how free you are!\");","lastModifiedDate":"2022-01-16"},{"lineNumber":9,"author":{"gitId":"NicsunXnus"},"content":"        } else {","lastModifiedDate":"2022-01-16"},{"lineNumber":10,"author":{"gitId":"NicsunXnus"},"content":"            for (Action act : list) {","lastModifiedDate":"2022-01-16"},{"lineNumber":11,"author":{"gitId":"NicsunXnus"},"content":"                System.out.println(count + \".\" + act);","lastModifiedDate":"2022-01-16"},{"lineNumber":12,"author":{"gitId":"NicsunXnus"},"content":"                count++;","lastModifiedDate":"2022-01-16"},{"lineNumber":13,"author":{"gitId":"NicsunXnus"},"content":"            }","lastModifiedDate":"2022-01-16"},{"lineNumber":14,"author":{"gitId":"NicsunXnus"},"content":"        }","lastModifiedDate":"2022-01-16"},{"lineNumber":15,"author":{"gitId":"NicsunXnus"},"content":"    }","lastModifiedDate":"2022-01-16"},{"lineNumber":16,"author":{"gitId":"NicsunXnus"},"content":"","lastModifiedDate":"2022-01-16"},{"lineNumber":17,"author":{"gitId":"NicsunXnus"},"content":"    public static void testForUnknown(Action act) throws DukeException {","lastModifiedDate":"2022-01-16"},{"lineNumber":18,"author":{"gitId":"NicsunXnus"},"content":"        if (!act.known()) {","lastModifiedDate":"2022-01-16"},{"lineNumber":19,"author":{"gitId":"NicsunXnus"},"content":"            throw new DukeException(\"What is this nonsense?\");","lastModifiedDate":"2022-01-16"},{"lineNumber":20,"author":{"gitId":"NicsunXnus"},"content":"        }","lastModifiedDate":"2022-01-16"},{"lineNumber":21,"author":{"gitId":"NicsunXnus"},"content":"        if (act.getFull().equals(\"todo\")) {","lastModifiedDate":"2022-01-16"},{"lineNumber":22,"author":{"gitId":"NicsunXnus"},"content":"            throw new DukeException(\"Sorry, got to have something todo.\");","lastModifiedDate":"2022-01-16"},{"lineNumber":23,"author":{"gitId":"NicsunXnus"},"content":"        }","lastModifiedDate":"2022-01-16"},{"lineNumber":24,"author":{"gitId":"NicsunXnus"},"content":"    }","lastModifiedDate":"2022-01-16"},{"lineNumber":25,"author":{"gitId":"NicsunXnus"},"content":"","lastModifiedDate":"2022-01-16"},{"lineNumber":26,"author":{"gitId":"-"},"content":"    public static void main(String[] args) {","lastModifiedDate":"2019-07-29"},{"lineNumber":27,"author":{"gitId":"NicsunXnus"},"content":"        String greeting \u003d \"Hello!! I am Duke, your humble personal chatbot.\\n\" +","lastModifiedDate":"2022-01-16"},{"lineNumber":28,"author":{"gitId":"NicsunXnus"},"content":"                \"What can I do for you?\";","lastModifiedDate":"2022-01-16"},{"lineNumber":29,"author":{"gitId":"NicsunXnus"},"content":"        System.out.println(greeting);","lastModifiedDate":"2022-01-16"},{"lineNumber":30,"author":{"gitId":"NicsunXnus"},"content":"        Scanner sc \u003d new Scanner(System.in);","lastModifiedDate":"2022-01-16"},{"lineNumber":31,"author":{"gitId":"NicsunXnus"},"content":"        ArrayList\u003cAction\u003e store \u003d new ArrayList\u003c\u003e();","lastModifiedDate":"2022-01-16"},{"lineNumber":32,"author":{"gitId":"NicsunXnus"},"content":"        Action action \u003d new Action(sc.nextLine());","lastModifiedDate":"2022-01-16"},{"lineNumber":33,"author":{"gitId":"NicsunXnus"},"content":"        while (!action.isBye()) {","lastModifiedDate":"2022-01-16"},{"lineNumber":34,"author":{"gitId":"NicsunXnus"},"content":"            try {","lastModifiedDate":"2022-01-16"},{"lineNumber":35,"author":{"gitId":"NicsunXnus"},"content":"                testForUnknown(action);","lastModifiedDate":"2022-01-16"},{"lineNumber":36,"author":{"gitId":"NicsunXnus"},"content":"            } catch (DukeException Dukex) {","lastModifiedDate":"2022-01-16"},{"lineNumber":37,"author":{"gitId":"NicsunXnus"},"content":"                System.out.println(Dukex);","lastModifiedDate":"2022-01-16"},{"lineNumber":38,"author":{"gitId":"NicsunXnus"},"content":"                action \u003d new Action(sc.nextLine());","lastModifiedDate":"2022-01-16"},{"lineNumber":39,"author":{"gitId":"NicsunXnus"},"content":"                continue;","lastModifiedDate":"2022-01-16"},{"lineNumber":40,"author":{"gitId":"NicsunXnus"},"content":"            }","lastModifiedDate":"2022-01-16"},{"lineNumber":41,"author":{"gitId":"NicsunXnus"},"content":"            if (action.isList()) {","lastModifiedDate":"2022-01-16"},{"lineNumber":42,"author":{"gitId":"NicsunXnus"},"content":"                listOut(store);","lastModifiedDate":"2022-01-16"},{"lineNumber":43,"author":{"gitId":"NicsunXnus"},"content":"                action \u003d new Action(sc.nextLine());","lastModifiedDate":"2022-01-16"},{"lineNumber":44,"author":{"gitId":"NicsunXnus"},"content":"                continue;","lastModifiedDate":"2022-01-16"},{"lineNumber":45,"author":{"gitId":"NicsunXnus"},"content":"            }","lastModifiedDate":"2022-01-16"},{"lineNumber":46,"author":{"gitId":"NicsunXnus"},"content":"            if (action.isMark()) {","lastModifiedDate":"2022-01-16"},{"lineNumber":47,"author":{"gitId":"NicsunXnus"},"content":"                int index \u003d Integer.parseInt(action.getBody());","lastModifiedDate":"2022-01-16"},{"lineNumber":48,"author":{"gitId":"NicsunXnus"},"content":"                String statement;","lastModifiedDate":"2022-01-16"},{"lineNumber":49,"author":{"gitId":"NicsunXnus"},"content":"                if (action.isUnmark()) {","lastModifiedDate":"2022-01-16"},{"lineNumber":50,"author":{"gitId":"NicsunXnus"},"content":"                    store.set(index - 1, store.get(index - 1).setUnDone());","lastModifiedDate":"2022-01-16"},{"lineNumber":51,"author":{"gitId":"NicsunXnus"},"content":"                    statement \u003d \"Ok, I have marked this task as not done yet:\\n  \";","lastModifiedDate":"2022-01-16"},{"lineNumber":52,"author":{"gitId":"NicsunXnus"},"content":"                } else {","lastModifiedDate":"2022-01-16"},{"lineNumber":53,"author":{"gitId":"NicsunXnus"},"content":"                    store.set(index - 1, store.get(index - 1).setDone());","lastModifiedDate":"2022-01-16"},{"lineNumber":54,"author":{"gitId":"NicsunXnus"},"content":"                    statement \u003d \"Nice! I have marked this task as done:\\n  \";","lastModifiedDate":"2022-01-16"},{"lineNumber":55,"author":{"gitId":"NicsunXnus"},"content":"                }","lastModifiedDate":"2022-01-16"},{"lineNumber":56,"author":{"gitId":"NicsunXnus"},"content":"                System.out.println(statement + store.get(index - 1));","lastModifiedDate":"2022-01-16"},{"lineNumber":57,"author":{"gitId":"NicsunXnus"},"content":"                action \u003d new Action(sc.nextLine());","lastModifiedDate":"2022-01-16"},{"lineNumber":58,"author":{"gitId":"NicsunXnus"},"content":"                continue;","lastModifiedDate":"2022-01-16"},{"lineNumber":59,"author":{"gitId":"NicsunXnus"},"content":"            }","lastModifiedDate":"2022-01-16"},{"lineNumber":60,"author":{"gitId":"NicsunXnus"},"content":"            if (action.isDelete()) {","lastModifiedDate":"2022-01-16"},{"lineNumber":61,"author":{"gitId":"NicsunXnus"},"content":"                int index \u003d Integer.parseInt(action.getBody());","lastModifiedDate":"2022-01-16"},{"lineNumber":62,"author":{"gitId":"NicsunXnus"},"content":"                Action deleted \u003d store.remove(index - 1);","lastModifiedDate":"2022-01-16"},{"lineNumber":63,"author":{"gitId":"NicsunXnus"},"content":"                System.out.println(\"Noted. I have removed this task:\\n  \" +","lastModifiedDate":"2022-01-16"},{"lineNumber":64,"author":{"gitId":"NicsunXnus"},"content":"                        deleted + \"\\nNow you have \" + store.size() + \" tasks in the list.\");","lastModifiedDate":"2022-01-16"},{"lineNumber":65,"author":{"gitId":"NicsunXnus"},"content":"                action \u003d new Action(sc.nextLine());","lastModifiedDate":"2022-01-16"},{"lineNumber":66,"author":{"gitId":"NicsunXnus"},"content":"                continue;","lastModifiedDate":"2022-01-16"},{"lineNumber":67,"author":{"gitId":"NicsunXnus"},"content":"            }","lastModifiedDate":"2022-01-16"},{"lineNumber":68,"author":{"gitId":"NicsunXnus"},"content":"            if (action.isDeadline()) {","lastModifiedDate":"2022-01-16"},{"lineNumber":69,"author":{"gitId":"NicsunXnus"},"content":"                String[] sarr \u003d action.getBody().split(\"/by \");","lastModifiedDate":"2022-01-16"},{"lineNumber":70,"author":{"gitId":"NicsunXnus"},"content":"                action \u003d new Deadline(sarr[0], sarr[1]);","lastModifiedDate":"2022-01-16"},{"lineNumber":71,"author":{"gitId":"NicsunXnus"},"content":"            }","lastModifiedDate":"2022-01-16"},{"lineNumber":72,"author":{"gitId":"NicsunXnus"},"content":"            if (action.isEvent()) {","lastModifiedDate":"2022-01-16"},{"lineNumber":73,"author":{"gitId":"NicsunXnus"},"content":"                String[] sarr \u003d action.getBody().split(\"/at \");","lastModifiedDate":"2022-01-16"},{"lineNumber":74,"author":{"gitId":"NicsunXnus"},"content":"                action \u003d new Event(sarr[0], sarr[1]);","lastModifiedDate":"2022-01-16"},{"lineNumber":75,"author":{"gitId":"NicsunXnus"},"content":"            }","lastModifiedDate":"2022-01-16"},{"lineNumber":76,"author":{"gitId":"NicsunXnus"},"content":"            if (action.isTodo()) {","lastModifiedDate":"2022-01-16"},{"lineNumber":77,"author":{"gitId":"NicsunXnus"},"content":"                action \u003d new Todo(action.getBody());","lastModifiedDate":"2022-01-16"},{"lineNumber":78,"author":{"gitId":"NicsunXnus"},"content":"            }","lastModifiedDate":"2022-01-16"},{"lineNumber":79,"author":{"gitId":"NicsunXnus"},"content":"            store.add(action);","lastModifiedDate":"2022-01-16"},{"lineNumber":80,"author":{"gitId":"NicsunXnus"},"content":"            System.out.println(\"Got it. I have added this task:\\n  \" + action +","lastModifiedDate":"2022-01-16"},{"lineNumber":81,"author":{"gitId":"NicsunXnus"},"content":"                    \"\\nNow you have \" + store.size() + \" tasks in the list.\");","lastModifiedDate":"2022-01-16"},{"lineNumber":82,"author":{"gitId":"NicsunXnus"},"content":"            action \u003d new Action(sc.nextLine());","lastModifiedDate":"2022-01-16"},{"lineNumber":83,"author":{"gitId":"NicsunXnus"},"content":"        }","lastModifiedDate":"2022-01-16"},{"lineNumber":84,"author":{"gitId":"NicsunXnus"},"content":"        System.out.println(\"Bye! Hope to see you again soon!\");","lastModifiedDate":"2022-01-16"},{"lineNumber":85,"author":{"gitId":"-"},"content":"    }","lastModifiedDate":"2019-07-29"},{"lineNumber":86,"author":{"gitId":"-"},"content":"}","lastModifiedDate":"2019-07-29"}],"authorContributionMap":{"NicsunXnus":82,"-":4}},{"path":"src/main/java/DukeException.java","fileType":"java","lines":[{"lineNumber":1,"author":{"gitId":"NicsunXnus"},"content":"public class DukeException extends Exception{","lastModifiedDate":"2022-01-16"},{"lineNumber":2,"author":{"gitId":"NicsunXnus"},"content":"    public DukeException(String message) {","lastModifiedDate":"2022-01-16"},{"lineNumber":3,"author":{"gitId":"NicsunXnus"},"content":"        super(message);","lastModifiedDate":"2022-01-16"},{"lineNumber":4,"author":{"gitId":"NicsunXnus"},"content":"    }","lastModifiedDate":"2022-01-16"},{"lineNumber":5,"author":{"gitId":"NicsunXnus"},"content":"}","lastModifiedDate":"2022-01-16"}],"authorContributionMap":{"NicsunXnus":5}},{"path":"src/main/java/Event.java","fileType":"java","lines":[{"lineNumber":1,"author":{"gitId":"NicsunXnus"},"content":"import java.time.LocalDate;","lastModifiedDate":"2022-01-21"},{"lineNumber":2,"author":{"gitId":"NicsunXnus"},"content":"import java.time.format.DateTimeFormatter;","lastModifiedDate":"2022-01-21"},{"lineNumber":3,"author":{"gitId":"NicsunXnus"},"content":"import java.time.format.DateTimeParseException;","lastModifiedDate":"2022-01-21"},{"lineNumber":4,"author":{"gitId":"NicsunXnus"},"content":"public class Event extends Action {","lastModifiedDate":"2022-01-16"},{"lineNumber":5,"author":{"gitId":"NicsunXnus"},"content":"    private LocalDate date;","lastModifiedDate":"2022-01-21"},{"lineNumber":6,"author":{"gitId":"NicsunXnus"},"content":"    public Event(String task, String at) {","lastModifiedDate":"2022-01-16"},{"lineNumber":7,"author":{"gitId":"NicsunXnus"},"content":"        super(task);","lastModifiedDate":"2022-01-16"},{"lineNumber":8,"author":{"gitId":"NicsunXnus"},"content":"        try {","lastModifiedDate":"2022-01-21"},{"lineNumber":9,"author":{"gitId":"NicsunXnus"},"content":"            this.date \u003d LocalDate.parse(at);","lastModifiedDate":"2022-01-21"},{"lineNumber":10,"author":{"gitId":"NicsunXnus"},"content":"        } catch (DateTimeParseException e) {","lastModifiedDate":"2022-01-21"},{"lineNumber":11,"author":{"gitId":"NicsunXnus"},"content":"            System.out.println(\"Wrong date format: Please use yyyy-mm-dd\");","lastModifiedDate":"2022-01-21"},{"lineNumber":12,"author":{"gitId":"NicsunXnus"},"content":"        }","lastModifiedDate":"2022-01-21"},{"lineNumber":13,"author":{"gitId":"NicsunXnus"},"content":"    }","lastModifiedDate":"2022-01-16"},{"lineNumber":14,"author":{"gitId":"NicsunXnus"},"content":"","lastModifiedDate":"2022-01-16"},{"lineNumber":15,"author":{"gitId":"NicsunXnus"},"content":"    public Event(String task, LocalDate date, boolean bool){","lastModifiedDate":"2022-01-21"},{"lineNumber":16,"author":{"gitId":"NicsunXnus"},"content":"        super(task, bool);","lastModifiedDate":"2022-01-16"},{"lineNumber":17,"author":{"gitId":"NicsunXnus"},"content":"        this.date \u003d date;","lastModifiedDate":"2022-01-21"},{"lineNumber":18,"author":{"gitId":"NicsunXnus"},"content":"    }","lastModifiedDate":"2022-01-16"},{"lineNumber":19,"author":{"gitId":"NicsunXnus"},"content":"","lastModifiedDate":"2022-01-16"},{"lineNumber":20,"author":{"gitId":"NicsunXnus"},"content":"    @Override","lastModifiedDate":"2022-01-16"},{"lineNumber":21,"author":{"gitId":"NicsunXnus"},"content":"    public Action setDone()  {","lastModifiedDate":"2022-01-16"},{"lineNumber":22,"author":{"gitId":"NicsunXnus"},"content":"        return new Event(act, date, true);","lastModifiedDate":"2022-01-21"},{"lineNumber":23,"author":{"gitId":"NicsunXnus"},"content":"    }","lastModifiedDate":"2022-01-16"},{"lineNumber":24,"author":{"gitId":"NicsunXnus"},"content":"","lastModifiedDate":"2022-01-16"},{"lineNumber":25,"author":{"gitId":"NicsunXnus"},"content":"    @Override","lastModifiedDate":"2022-01-16"},{"lineNumber":26,"author":{"gitId":"NicsunXnus"},"content":"    public Action setUnDone()  {","lastModifiedDate":"2022-01-16"},{"lineNumber":27,"author":{"gitId":"NicsunXnus"},"content":"        return new Event(act, date, false);","lastModifiedDate":"2022-01-21"},{"lineNumber":28,"author":{"gitId":"NicsunXnus"},"content":"    }","lastModifiedDate":"2022-01-16"},{"lineNumber":29,"author":{"gitId":"NicsunXnus"},"content":"","lastModifiedDate":"2022-01-16"},{"lineNumber":30,"author":{"gitId":"NicsunXnus"},"content":"    @Override","lastModifiedDate":"2022-01-16"},{"lineNumber":31,"author":{"gitId":"NicsunXnus"},"content":"    public String toString() {","lastModifiedDate":"2022-01-16"},{"lineNumber":32,"author":{"gitId":"NicsunXnus"},"content":"        return \"[E]\" + super.toString() + \"(at: \"","lastModifiedDate":"2022-01-21"},{"lineNumber":33,"author":{"gitId":"NicsunXnus"},"content":"                + date.format(DateTimeFormatter.ofPattern(\"MMM d yyyy\")) + \")\";","lastModifiedDate":"2022-01-21"},{"lineNumber":34,"author":{"gitId":"NicsunXnus"},"content":"    }","lastModifiedDate":"2022-01-16"},{"lineNumber":35,"author":{"gitId":"NicsunXnus"},"content":"}","lastModifiedDate":"2022-01-16"}],"authorContributionMap":{"NicsunXnus":35}},{"path":"src/main/java/Todo.java","fileType":"java","lines":[{"lineNumber":1,"author":{"gitId":"NicsunXnus"},"content":"public class Todo  extends Action{","lastModifiedDate":"2022-01-16"},{"lineNumber":2,"author":{"gitId":"NicsunXnus"},"content":"","lastModifiedDate":"2022-01-16"},{"lineNumber":3,"author":{"gitId":"NicsunXnus"},"content":"    public Todo(String s)  {","lastModifiedDate":"2022-01-16"},{"lineNumber":4,"author":{"gitId":"NicsunXnus"},"content":"        super(s);","lastModifiedDate":"2022-01-16"},{"lineNumber":5,"author":{"gitId":"NicsunXnus"},"content":"    }","lastModifiedDate":"2022-01-16"},{"lineNumber":6,"author":{"gitId":"NicsunXnus"},"content":"","lastModifiedDate":"2022-01-16"},{"lineNumber":7,"author":{"gitId":"NicsunXnus"},"content":"    public Todo(String s, boolean bool)  {","lastModifiedDate":"2022-01-16"},{"lineNumber":8,"author":{"gitId":"NicsunXnus"},"content":"        super(s, bool);","lastModifiedDate":"2022-01-16"},{"lineNumber":9,"author":{"gitId":"NicsunXnus"},"content":"    }","lastModifiedDate":"2022-01-16"},{"lineNumber":10,"author":{"gitId":"NicsunXnus"},"content":"","lastModifiedDate":"2022-01-16"},{"lineNumber":11,"author":{"gitId":"NicsunXnus"},"content":"    @Override","lastModifiedDate":"2022-01-16"},{"lineNumber":12,"author":{"gitId":"NicsunXnus"},"content":"    public Action setDone()  {","lastModifiedDate":"2022-01-16"},{"lineNumber":13,"author":{"gitId":"NicsunXnus"},"content":"        return new Todo(act, true);","lastModifiedDate":"2022-01-16"},{"lineNumber":14,"author":{"gitId":"NicsunXnus"},"content":"    }","lastModifiedDate":"2022-01-16"},{"lineNumber":15,"author":{"gitId":"NicsunXnus"},"content":"","lastModifiedDate":"2022-01-16"},{"lineNumber":16,"author":{"gitId":"NicsunXnus"},"content":"    @Override","lastModifiedDate":"2022-01-16"},{"lineNumber":17,"author":{"gitId":"NicsunXnus"},"content":"    public Action setUnDone() {","lastModifiedDate":"2022-01-16"},{"lineNumber":18,"author":{"gitId":"NicsunXnus"},"content":"        return new Todo(act, false);","lastModifiedDate":"2022-01-16"},{"lineNumber":19,"author":{"gitId":"NicsunXnus"},"content":"    }","lastModifiedDate":"2022-01-16"},{"lineNumber":20,"author":{"gitId":"NicsunXnus"},"content":"","lastModifiedDate":"2022-01-16"},{"lineNumber":21,"author":{"gitId":"NicsunXnus"},"content":"    @Override","lastModifiedDate":"2022-01-16"},{"lineNumber":22,"author":{"gitId":"NicsunXnus"},"content":"    public String toString() {","lastModifiedDate":"2022-01-16"},{"lineNumber":23,"author":{"gitId":"NicsunXnus"},"content":"        return \"[T]\" + super.toString();","lastModifiedDate":"2022-01-16"},{"lineNumber":24,"author":{"gitId":"NicsunXnus"},"content":"    }","lastModifiedDate":"2022-01-16"},{"lineNumber":25,"author":{"gitId":"NicsunXnus"},"content":"}","lastModifiedDate":"2022-01-16"}],"authorContributionMap":{"NicsunXnus":25}},{"path":"text-ui-test-level 4/expected.txt","fileType":"txt","lines":[{"lineNumber":1,"author":{"gitId":"NicsunXnus"},"content":"Hello!! I am Duke, your humble pesonal chatbot.","lastModifiedDate":"2022-01-16"},{"lineNumber":2,"author":{"gitId":"NicsunXnus"},"content":"What can I do for you?","lastModifiedDate":"2022-01-16"},{"lineNumber":3,"author":{"gitId":"NicsunXnus"},"content":"Got it. I have added this task:","lastModifiedDate":"2022-01-16"},{"lineNumber":4,"author":{"gitId":"NicsunXnus"},"content":"  [T][ ] read book","lastModifiedDate":"2022-01-16"},{"lineNumber":5,"author":{"gitId":"NicsunXnus"},"content":"Now you have 1 tasks in the list.","lastModifiedDate":"2022-01-16"},{"lineNumber":6,"author":{"gitId":"NicsunXnus"},"content":"Got it. I have added this task:","lastModifiedDate":"2022-01-16"},{"lineNumber":7,"author":{"gitId":"NicsunXnus"},"content":"  [D][ ] return book (by: June 6th)","lastModifiedDate":"2022-01-16"},{"lineNumber":8,"author":{"gitId":"NicsunXnus"},"content":"Now you have 2 tasks in the list.","lastModifiedDate":"2022-01-16"},{"lineNumber":9,"author":{"gitId":"NicsunXnus"},"content":"Got it. I have added this task:","lastModifiedDate":"2022-01-16"},{"lineNumber":10,"author":{"gitId":"NicsunXnus"},"content":"  [E][ ] project meeting (at:  Aug 6th 2-4pm)","lastModifiedDate":"2022-01-16"},{"lineNumber":11,"author":{"gitId":"NicsunXnus"},"content":"Now you have 3 tasks in the list.","lastModifiedDate":"2022-01-16"},{"lineNumber":12,"author":{"gitId":"NicsunXnus"},"content":"Got it. I have added this task:","lastModifiedDate":"2022-01-16"},{"lineNumber":13,"author":{"gitId":"NicsunXnus"},"content":"  [T][ ] join sports club","lastModifiedDate":"2022-01-16"},{"lineNumber":14,"author":{"gitId":"NicsunXnus"},"content":"Now you have 4 tasks in the list.","lastModifiedDate":"2022-01-16"},{"lineNumber":15,"author":{"gitId":"NicsunXnus"},"content":"Got it. I have added this task:","lastModifiedDate":"2022-01-16"},{"lineNumber":16,"author":{"gitId":"NicsunXnus"},"content":"  [T][ ] borrow book","lastModifiedDate":"2022-01-16"},{"lineNumber":17,"author":{"gitId":"NicsunXnus"},"content":"Now you have 5 tasks in the list.","lastModifiedDate":"2022-01-16"},{"lineNumber":18,"author":{"gitId":"NicsunXnus"},"content":"Got it. I have added this task:","lastModifiedDate":"2022-01-16"},{"lineNumber":19,"author":{"gitId":"NicsunXnus"},"content":"  [D][ ] do homework (by: no idea :-p)","lastModifiedDate":"2022-01-16"},{"lineNumber":20,"author":{"gitId":"NicsunXnus"},"content":"Now you have 6 tasks in the list.","lastModifiedDate":"2022-01-16"},{"lineNumber":21,"author":{"gitId":"NicsunXnus"},"content":"Nice! I have marked this task as done:","lastModifiedDate":"2022-01-16"},{"lineNumber":22,"author":{"gitId":"NicsunXnus"},"content":"  [D][X] return book (by: June 6th)","lastModifiedDate":"2022-01-16"},{"lineNumber":23,"author":{"gitId":"NicsunXnus"},"content":"Here are the tasks in your list:","lastModifiedDate":"2022-01-16"},{"lineNumber":24,"author":{"gitId":"NicsunXnus"},"content":"1.[T][ ] read book","lastModifiedDate":"2022-01-16"},{"lineNumber":25,"author":{"gitId":"NicsunXnus"},"content":"2.[D][X] return book (by: June 6th)","lastModifiedDate":"2022-01-16"},{"lineNumber":26,"author":{"gitId":"NicsunXnus"},"content":"3.[E][ ] project meeting (at:  Aug 6th 2-4pm)","lastModifiedDate":"2022-01-16"},{"lineNumber":27,"author":{"gitId":"NicsunXnus"},"content":"4.[T][ ] join sports club","lastModifiedDate":"2022-01-16"},{"lineNumber":28,"author":{"gitId":"NicsunXnus"},"content":"5.[T][ ] borrow book","lastModifiedDate":"2022-01-16"},{"lineNumber":29,"author":{"gitId":"NicsunXnus"},"content":"6.[D][ ] do homework (by: no idea :-p)","lastModifiedDate":"2022-01-16"},{"lineNumber":30,"author":{"gitId":"NicsunXnus"},"content":"Nice! I have marked this task as done:","lastModifiedDate":"2022-01-16"},{"lineNumber":31,"author":{"gitId":"NicsunXnus"},"content":"  [D][X] return book (by: June 6th)","lastModifiedDate":"2022-01-16"},{"lineNumber":32,"author":{"gitId":"NicsunXnus"},"content":"Here are the tasks in your list:","lastModifiedDate":"2022-01-16"},{"lineNumber":33,"author":{"gitId":"NicsunXnus"},"content":"1.[T][ ] read book","lastModifiedDate":"2022-01-16"},{"lineNumber":34,"author":{"gitId":"NicsunXnus"},"content":"2.[D][X] return book (by: June 6th)","lastModifiedDate":"2022-01-16"},{"lineNumber":35,"author":{"gitId":"NicsunXnus"},"content":"3.[E][ ] project meeting (at:  Aug 6th 2-4pm)","lastModifiedDate":"2022-01-16"},{"lineNumber":36,"author":{"gitId":"NicsunXnus"},"content":"4.[T][ ] join sports club","lastModifiedDate":"2022-01-16"},{"lineNumber":37,"author":{"gitId":"NicsunXnus"},"content":"5.[T][ ] borrow book","lastModifiedDate":"2022-01-16"},{"lineNumber":38,"author":{"gitId":"NicsunXnus"},"content":"6.[D][ ] do homework (by: no idea :-p)","lastModifiedDate":"2022-01-16"},{"lineNumber":39,"author":{"gitId":"NicsunXnus"},"content":"Nice! I have marked this task as done:","lastModifiedDate":"2022-01-16"},{"lineNumber":40,"author":{"gitId":"NicsunXnus"},"content":"  [T][X] borrow book","lastModifiedDate":"2022-01-16"},{"lineNumber":41,"author":{"gitId":"NicsunXnus"},"content":"Ok, I have marked this task as not done yet:","lastModifiedDate":"2022-01-16"},{"lineNumber":42,"author":{"gitId":"NicsunXnus"},"content":"  [D][ ] return book (by: June 6th)","lastModifiedDate":"2022-01-16"},{"lineNumber":43,"author":{"gitId":"NicsunXnus"},"content":"Ok, I have marked this task as not done yet:","lastModifiedDate":"2022-01-16"},{"lineNumber":44,"author":{"gitId":"NicsunXnus"},"content":"  [D][ ] do homework (by: no idea :-p)","lastModifiedDate":"2022-01-16"},{"lineNumber":45,"author":{"gitId":"NicsunXnus"},"content":"Got it. I have added this task:","lastModifiedDate":"2022-01-16"},{"lineNumber":46,"author":{"gitId":"NicsunXnus"},"content":"  [T][ ] box","lastModifiedDate":"2022-01-16"},{"lineNumber":47,"author":{"gitId":"NicsunXnus"},"content":"Now you have 7 tasks in the list.","lastModifiedDate":"2022-01-16"},{"lineNumber":48,"author":{"gitId":"NicsunXnus"},"content":"Nice! I have marked this task as done:","lastModifiedDate":"2022-01-16"},{"lineNumber":49,"author":{"gitId":"NicsunXnus"},"content":"  [T][X] box","lastModifiedDate":"2022-01-16"},{"lineNumber":50,"author":{"gitId":"NicsunXnus"},"content":"Here are the tasks in your list:","lastModifiedDate":"2022-01-16"},{"lineNumber":51,"author":{"gitId":"NicsunXnus"},"content":"1.[T][ ] read book","lastModifiedDate":"2022-01-16"},{"lineNumber":52,"author":{"gitId":"NicsunXnus"},"content":"2.[D][ ] return book (by: June 6th)","lastModifiedDate":"2022-01-16"},{"lineNumber":53,"author":{"gitId":"NicsunXnus"},"content":"3.[E][ ] project meeting (at:  Aug 6th 2-4pm)","lastModifiedDate":"2022-01-16"},{"lineNumber":54,"author":{"gitId":"NicsunXnus"},"content":"4.[T][ ] join sports club","lastModifiedDate":"2022-01-16"},{"lineNumber":55,"author":{"gitId":"NicsunXnus"},"content":"5.[T][X] borrow book","lastModifiedDate":"2022-01-16"},{"lineNumber":56,"author":{"gitId":"NicsunXnus"},"content":"6.[D][ ] do homework (by: no idea :-p)","lastModifiedDate":"2022-01-16"},{"lineNumber":57,"author":{"gitId":"NicsunXnus"},"content":"7.[T][X] box","lastModifiedDate":"2022-01-16"},{"lineNumber":58,"author":{"gitId":"NicsunXnus"},"content":"Here are the tasks in your list:","lastModifiedDate":"2022-01-16"},{"lineNumber":59,"author":{"gitId":"NicsunXnus"},"content":"1.[T][ ] read book","lastModifiedDate":"2022-01-16"},{"lineNumber":60,"author":{"gitId":"NicsunXnus"},"content":"2.[D][ ] return book (by: June 6th)","lastModifiedDate":"2022-01-16"},{"lineNumber":61,"author":{"gitId":"NicsunXnus"},"content":"3.[E][ ] project meeting (at:  Aug 6th 2-4pm)","lastModifiedDate":"2022-01-16"},{"lineNumber":62,"author":{"gitId":"NicsunXnus"},"content":"4.[T][ ] join sports club","lastModifiedDate":"2022-01-16"},{"lineNumber":63,"author":{"gitId":"NicsunXnus"},"content":"5.[T][X] borrow book","lastModifiedDate":"2022-01-16"},{"lineNumber":64,"author":{"gitId":"NicsunXnus"},"content":"6.[D][ ] do homework (by: no idea :-p)","lastModifiedDate":"2022-01-16"},{"lineNumber":65,"author":{"gitId":"NicsunXnus"},"content":"7.[T][X] box","lastModifiedDate":"2022-01-16"},{"lineNumber":66,"author":{"gitId":"NicsunXnus"},"content":"Bye! Hope to see you again soon!","lastModifiedDate":"2022-01-16"}],"authorContributionMap":{"NicsunXnus":66}},{"path":"text-ui-test-level 4/input.txt","fileType":"txt","lines":[{"lineNumber":1,"author":{"gitId":"NicsunXnus"},"content":"todo read book","lastModifiedDate":"2022-01-16"},{"lineNumber":2,"author":{"gitId":"NicsunXnus"},"content":"deadline return book /by June 6th","lastModifiedDate":"2022-01-16"},{"lineNumber":3,"author":{"gitId":"NicsunXnus"},"content":"event project meeting /at Aug 6th 2-4pm","lastModifiedDate":"2022-01-16"},{"lineNumber":4,"author":{"gitId":"NicsunXnus"},"content":"todo join sports club","lastModifiedDate":"2022-01-16"},{"lineNumber":5,"author":{"gitId":"NicsunXnus"},"content":"todo borrow book","lastModifiedDate":"2022-01-16"},{"lineNumber":6,"author":{"gitId":"NicsunXnus"},"content":"deadline do homework /by no idea :-p","lastModifiedDate":"2022-01-16"},{"lineNumber":7,"author":{"gitId":"NicsunXnus"},"content":"mark 2","lastModifiedDate":"2022-01-16"},{"lineNumber":8,"author":{"gitId":"NicsunXnus"},"content":"list","lastModifiedDate":"2022-01-16"},{"lineNumber":9,"author":{"gitId":"NicsunXnus"},"content":"mark 2","lastModifiedDate":"2022-01-16"},{"lineNumber":10,"author":{"gitId":"NicsunXnus"},"content":"list","lastModifiedDate":"2022-01-16"},{"lineNumber":11,"author":{"gitId":"NicsunXnus"},"content":"mark 5","lastModifiedDate":"2022-01-16"},{"lineNumber":12,"author":{"gitId":"NicsunXnus"},"content":"unmark 2","lastModifiedDate":"2022-01-16"},{"lineNumber":13,"author":{"gitId":"NicsunXnus"},"content":"unmark 6","lastModifiedDate":"2022-01-16"},{"lineNumber":14,"author":{"gitId":"NicsunXnus"},"content":"todo box","lastModifiedDate":"2022-01-16"},{"lineNumber":15,"author":{"gitId":"NicsunXnus"},"content":"mark 7","lastModifiedDate":"2022-01-16"},{"lineNumber":16,"author":{"gitId":"NicsunXnus"},"content":"list","lastModifiedDate":"2022-01-16"},{"lineNumber":17,"author":{"gitId":"NicsunXnus"},"content":"list","lastModifiedDate":"2022-01-16"},{"lineNumber":18,"author":{"gitId":"NicsunXnus"},"content":"bye","lastModifiedDate":"2022-01-16"}],"authorContributionMap":{"NicsunXnus":18}},{"path":"text-ui-test-level 4/runtest.bat","fileType":"bat","lines":[{"lineNumber":1,"author":{"gitId":"NicsunXnus"},"content":"@ECHO OFF","lastModifiedDate":"2022-01-16"},{"lineNumber":2,"author":{"gitId":"NicsunXnus"},"content":"","lastModifiedDate":"2022-01-16"},{"lineNumber":3,"author":{"gitId":"NicsunXnus"},"content":"REM create bin directory if it doesn\u0027t exist","lastModifiedDate":"2022-01-16"},{"lineNumber":4,"author":{"gitId":"NicsunXnus"},"content":"if not exist ..\\bin mkdir ..\\bin","lastModifiedDate":"2022-01-16"},{"lineNumber":5,"author":{"gitId":"NicsunXnus"},"content":"","lastModifiedDate":"2022-01-16"},{"lineNumber":6,"author":{"gitId":"NicsunXnus"},"content":"REM delete output from previous run","lastModifiedDate":"2022-01-16"},{"lineNumber":7,"author":{"gitId":"NicsunXnus"},"content":"del ACTUAL.TXT","lastModifiedDate":"2022-01-16"},{"lineNumber":8,"author":{"gitId":"NicsunXnus"},"content":"","lastModifiedDate":"2022-01-16"},{"lineNumber":9,"author":{"gitId":"NicsunXnus"},"content":"REM compile the code into the bin folder","lastModifiedDate":"2022-01-16"},{"lineNumber":10,"author":{"gitId":"NicsunXnus"},"content":"javac  -cp ..\\src\\main\\java -Xlint:none -d ..\\bin ..\\src\\main\\java\\*.java","lastModifiedDate":"2022-01-16"},{"lineNumber":11,"author":{"gitId":"NicsunXnus"},"content":"IF ERRORLEVEL 1 (","lastModifiedDate":"2022-01-16"},{"lineNumber":12,"author":{"gitId":"NicsunXnus"},"content":"    echo ********** BUILD FAILURE **********","lastModifiedDate":"2022-01-16"},{"lineNumber":13,"author":{"gitId":"NicsunXnus"},"content":"    exit /b 1","lastModifiedDate":"2022-01-16"},{"lineNumber":14,"author":{"gitId":"NicsunXnus"},"content":")","lastModifiedDate":"2022-01-16"},{"lineNumber":15,"author":{"gitId":"NicsunXnus"},"content":"REM no error here, errorlevel \u003d\u003d 0","lastModifiedDate":"2022-01-16"},{"lineNumber":16,"author":{"gitId":"NicsunXnus"},"content":"","lastModifiedDate":"2022-01-16"},{"lineNumber":17,"author":{"gitId":"NicsunXnus"},"content":"REM run the program, feed commands from input.txt file and redirect the output to the ACTUAL.TXT","lastModifiedDate":"2022-01-16"},{"lineNumber":18,"author":{"gitId":"NicsunXnus"},"content":"java -classpath ..\\bin Duke \u003c input.txt \u003e ACTUAL.TXT","lastModifiedDate":"2022-01-16"},{"lineNumber":19,"author":{"gitId":"NicsunXnus"},"content":"","lastModifiedDate":"2022-01-16"},{"lineNumber":20,"author":{"gitId":"NicsunXnus"},"content":"REM compare the output to the expected output","lastModifiedDate":"2022-01-16"},{"lineNumber":21,"author":{"gitId":"NicsunXnus"},"content":"FC ACTUAL.TXT EXPECTED.TXT","lastModifiedDate":"2022-01-16"}],"authorContributionMap":{"NicsunXnus":21}},{"path":"text-ui-test-level 4/runtest.sh","fileType":"sh","lines":[{"lineNumber":1,"author":{"gitId":"NicsunXnus"},"content":"#!/usr/bin/env bash","lastModifiedDate":"2022-01-16"},{"lineNumber":2,"author":{"gitId":"NicsunXnus"},"content":"","lastModifiedDate":"2022-01-16"},{"lineNumber":3,"author":{"gitId":"NicsunXnus"},"content":"# create bin directory if it doesn\u0027t exist","lastModifiedDate":"2022-01-16"},{"lineNumber":4,"author":{"gitId":"NicsunXnus"},"content":"if [ ! -d \"../bin\" ]","lastModifiedDate":"2022-01-16"},{"lineNumber":5,"author":{"gitId":"NicsunXnus"},"content":"then","lastModifiedDate":"2022-01-16"},{"lineNumber":6,"author":{"gitId":"NicsunXnus"},"content":"    mkdir ../bin","lastModifiedDate":"2022-01-16"},{"lineNumber":7,"author":{"gitId":"NicsunXnus"},"content":"fi","lastModifiedDate":"2022-01-16"},{"lineNumber":8,"author":{"gitId":"NicsunXnus"},"content":"","lastModifiedDate":"2022-01-16"},{"lineNumber":9,"author":{"gitId":"NicsunXnus"},"content":"# delete output from previous run","lastModifiedDate":"2022-01-16"},{"lineNumber":10,"author":{"gitId":"NicsunXnus"},"content":"if [ -e \"./ACTUAL.TXT\" ]","lastModifiedDate":"2022-01-16"},{"lineNumber":11,"author":{"gitId":"NicsunXnus"},"content":"then","lastModifiedDate":"2022-01-16"},{"lineNumber":12,"author":{"gitId":"NicsunXnus"},"content":"    rm ACTUAL.TXT","lastModifiedDate":"2022-01-16"},{"lineNumber":13,"author":{"gitId":"NicsunXnus"},"content":"fi","lastModifiedDate":"2022-01-16"},{"lineNumber":14,"author":{"gitId":"NicsunXnus"},"content":"","lastModifiedDate":"2022-01-16"},{"lineNumber":15,"author":{"gitId":"NicsunXnus"},"content":"# compile the code into the bin folder, terminates if error occurred","lastModifiedDate":"2022-01-16"},{"lineNumber":16,"author":{"gitId":"NicsunXnus"},"content":"if ! javac -cp ../src/main/java -Xlint:none -d ../bin ../src/main/java/*.java","lastModifiedDate":"2022-01-16"},{"lineNumber":17,"author":{"gitId":"NicsunXnus"},"content":"then","lastModifiedDate":"2022-01-16"},{"lineNumber":18,"author":{"gitId":"NicsunXnus"},"content":"    echo \"********** BUILD FAILURE **********\"","lastModifiedDate":"2022-01-16"},{"lineNumber":19,"author":{"gitId":"NicsunXnus"},"content":"    exit 1","lastModifiedDate":"2022-01-16"},{"lineNumber":20,"author":{"gitId":"NicsunXnus"},"content":"fi","lastModifiedDate":"2022-01-16"},{"lineNumber":21,"author":{"gitId":"NicsunXnus"},"content":"","lastModifiedDate":"2022-01-16"},{"lineNumber":22,"author":{"gitId":"NicsunXnus"},"content":"# run the program, feed commands from input.txt file and redirect the output to the ACTUAL.TXT","lastModifiedDate":"2022-01-16"},{"lineNumber":23,"author":{"gitId":"NicsunXnus"},"content":"java -classpath ../bin Duke \u003c input.txt \u003e ACTUAL.TXT","lastModifiedDate":"2022-01-16"},{"lineNumber":24,"author":{"gitId":"NicsunXnus"},"content":"","lastModifiedDate":"2022-01-16"},{"lineNumber":25,"author":{"gitId":"NicsunXnus"},"content":"# compare the output to the expected output","lastModifiedDate":"2022-01-16"},{"lineNumber":26,"author":{"gitId":"NicsunXnus"},"content":"diff ACTUAL.TXT EXPECTED.TXT","lastModifiedDate":"2022-01-16"},{"lineNumber":27,"author":{"gitId":"NicsunXnus"},"content":"if [ $? -eq 0 ]","lastModifiedDate":"2022-01-16"},{"lineNumber":28,"author":{"gitId":"NicsunXnus"},"content":"then","lastModifiedDate":"2022-01-16"},{"lineNumber":29,"author":{"gitId":"NicsunXnus"},"content":"    echo \"Test result: PASSED\"","lastModifiedDate":"2022-01-16"},{"lineNumber":30,"author":{"gitId":"NicsunXnus"},"content":"    exit 0","lastModifiedDate":"2022-01-16"},{"lineNumber":31,"author":{"gitId":"NicsunXnus"},"content":"else","lastModifiedDate":"2022-01-16"},{"lineNumber":32,"author":{"gitId":"NicsunXnus"},"content":"    echo \"Test result: FAILED\"","lastModifiedDate":"2022-01-16"},{"lineNumber":33,"author":{"gitId":"NicsunXnus"},"content":"    exit 1","lastModifiedDate":"2022-01-16"},{"lineNumber":34,"author":{"gitId":"NicsunXnus"},"content":"fi","lastModifiedDate":"2022-01-16"}],"authorContributionMap":{"NicsunXnus":34}},{"path":"text-ui-test/expected.txt","fileType":"txt","lines":[{"lineNumber":1,"author":{"gitId":"NicsunXnus"},"content":"Hello!! I am Duke, your humble pesonal chatbot.","lastModifiedDate":"2022-01-16"},{"lineNumber":2,"author":{"gitId":"NicsunXnus"},"content":"What can I do for you?","lastModifiedDate":"2022-01-16"},{"lineNumber":3,"author":{"gitId":"NicsunXnus"},"content":"list","lastModifiedDate":"2022-01-16"},{"lineNumber":4,"author":{"gitId":"NicsunXnus"},"content":"Abacus Barbados Cacophony Disease 67 )(*\u0026^","lastModifiedDate":"2022-01-16"},{"lineNumber":5,"author":{"gitId":"NicsunXnus"},"content":"hohohohoho","lastModifiedDate":"2022-01-16"},{"lineNumber":6,"author":{"gitId":"NicsunXnus"},"content":"aiosdfois","lastModifiedDate":"2022-01-16"},{"lineNumber":7,"author":{"gitId":"NicsunXnus"},"content":"Bye! Hope to see you again soon!","lastModifiedDate":"2022-01-16"}],"authorContributionMap":{"NicsunXnus":7}},{"path":"text-ui-test/input.txt","fileType":"txt","lines":[{"lineNumber":1,"author":{"gitId":"NicsunXnus"},"content":"list","lastModifiedDate":"2022-01-16"},{"lineNumber":2,"author":{"gitId":"NicsunXnus"},"content":"Abacus Barbados Cacophony Disease 67 )(*\u0026^","lastModifiedDate":"2022-01-16"},{"lineNumber":3,"author":{"gitId":"NicsunXnus"},"content":"hohohohoho","lastModifiedDate":"2022-01-16"},{"lineNumber":4,"author":{"gitId":"NicsunXnus"},"content":"aiosdfois","lastModifiedDate":"2022-01-16"},{"lineNumber":5,"author":{"gitId":"NicsunXnus"},"content":"bye","lastModifiedDate":"2022-01-16"}],"authorContributionMap":{"NicsunXnus":5}},{"path":"text-ui-test/runtest.bat","fileType":"bat","lines":[{"lineNumber":1,"author":{"gitId":"-"},"content":"@ECHO OFF","lastModifiedDate":"2020-05-25"},{"lineNumber":2,"author":{"gitId":"-"},"content":"","lastModifiedDate":"2020-05-25"},{"lineNumber":3,"author":{"gitId":"-"},"content":"REM create bin directory if it doesn\u0027t exist","lastModifiedDate":"2020-05-25"},{"lineNumber":4,"author":{"gitId":"-"},"content":"if not exist ..\\bin mkdir ..\\bin","lastModifiedDate":"2020-05-25"},{"lineNumber":5,"author":{"gitId":"-"},"content":"","lastModifiedDate":"2020-05-25"},{"lineNumber":6,"author":{"gitId":"-"},"content":"REM delete output from previous run","lastModifiedDate":"2020-05-25"},{"lineNumber":7,"author":{"gitId":"-"},"content":"if exist ACTUAL.TXT del ACTUAL.TXT","lastModifiedDate":"2020-08-25"},{"lineNumber":8,"author":{"gitId":"-"},"content":"","lastModifiedDate":"2020-05-25"},{"lineNumber":9,"author":{"gitId":"-"},"content":"REM compile the code into the bin folder","lastModifiedDate":"2020-05-25"},{"lineNumber":10,"author":{"gitId":"-"},"content":"javac  -cp ..\\src\\main\\java -Xlint:none -d ..\\bin ..\\src\\main\\java\\*.java","lastModifiedDate":"2020-08-25"},{"lineNumber":11,"author":{"gitId":"-"},"content":"IF ERRORLEVEL 1 (","lastModifiedDate":"2020-05-25"},{"lineNumber":12,"author":{"gitId":"-"},"content":"    echo ********** BUILD FAILURE **********","lastModifiedDate":"2020-05-25"},{"lineNumber":13,"author":{"gitId":"-"},"content":"    exit /b 1","lastModifiedDate":"2020-05-25"},{"lineNumber":14,"author":{"gitId":"-"},"content":")","lastModifiedDate":"2020-05-25"},{"lineNumber":15,"author":{"gitId":"-"},"content":"REM no error here, errorlevel \u003d\u003d 0","lastModifiedDate":"2020-05-25"},{"lineNumber":16,"author":{"gitId":"-"},"content":"","lastModifiedDate":"2020-05-25"},{"lineNumber":17,"author":{"gitId":"-"},"content":"REM run the program, feed commands from input.txt file and redirect the output to the ACTUAL.TXT","lastModifiedDate":"2020-05-25"},{"lineNumber":18,"author":{"gitId":"NicsunXnus"},"content":"java -classpath ..\\bin Duke \u003c level_1_input.txt \u003e ACTUAL.TXT","lastModifiedDate":"2022-01-16"},{"lineNumber":19,"author":{"gitId":"-"},"content":"","lastModifiedDate":"2020-05-25"},{"lineNumber":20,"author":{"gitId":"-"},"content":"REM compare the output to the expected output","lastModifiedDate":"2020-05-25"},{"lineNumber":21,"author":{"gitId":"NicsunXnus"},"content":"FC ACTUAL.TXT level_1_expected.TXT","lastModifiedDate":"2022-01-16"}],"authorContributionMap":{"NicsunXnus":2,"-":19}},{"path":"text-ui-test/runtest.sh","fileType":"sh","lines":[{"lineNumber":1,"author":{"gitId":"-"},"content":"#!/usr/bin/env bash","lastModifiedDate":"2020-05-25"},{"lineNumber":2,"author":{"gitId":"-"},"content":"","lastModifiedDate":"2020-05-25"},{"lineNumber":3,"author":{"gitId":"-"},"content":"# create bin directory if it doesn\u0027t exist","lastModifiedDate":"2020-05-25"},{"lineNumber":4,"author":{"gitId":"-"},"content":"if [ ! -d \"../bin\" ]","lastModifiedDate":"2020-05-25"},{"lineNumber":5,"author":{"gitId":"-"},"content":"then","lastModifiedDate":"2020-05-25"},{"lineNumber":6,"author":{"gitId":"-"},"content":"    mkdir ../bin","lastModifiedDate":"2020-05-25"},{"lineNumber":7,"author":{"gitId":"-"},"content":"fi","lastModifiedDate":"2020-05-25"},{"lineNumber":8,"author":{"gitId":"-"},"content":"","lastModifiedDate":"2020-05-25"},{"lineNumber":9,"author":{"gitId":"-"},"content":"# delete output from previous run","lastModifiedDate":"2020-05-25"},{"lineNumber":10,"author":{"gitId":"-"},"content":"if [ -e \"./ACTUAL.TXT\" ]","lastModifiedDate":"2020-05-25"},{"lineNumber":11,"author":{"gitId":"-"},"content":"then","lastModifiedDate":"2020-05-25"},{"lineNumber":12,"author":{"gitId":"-"},"content":"    rm ACTUAL.TXT","lastModifiedDate":"2020-05-25"},{"lineNumber":13,"author":{"gitId":"-"},"content":"fi","lastModifiedDate":"2020-05-25"},{"lineNumber":14,"author":{"gitId":"-"},"content":"","lastModifiedDate":"2020-05-25"},{"lineNumber":15,"author":{"gitId":"-"},"content":"# compile the code into the bin folder, terminates if error occurred","lastModifiedDate":"2020-05-25"},{"lineNumber":16,"author":{"gitId":"NicsunXnus"},"content":"if ! javac -cp ../src/main/java -Xlint:none -d ../src/main/java/*.java","lastModifiedDate":"2022-01-16"},{"lineNumber":17,"author":{"gitId":"-"},"content":"then","lastModifiedDate":"2020-05-25"},{"lineNumber":18,"author":{"gitId":"-"},"content":"    echo \"********** BUILD FAILURE **********\"","lastModifiedDate":"2020-05-25"},{"lineNumber":19,"author":{"gitId":"-"},"content":"    exit 1","lastModifiedDate":"2020-05-25"},{"lineNumber":20,"author":{"gitId":"-"},"content":"fi","lastModifiedDate":"2020-05-25"},{"lineNumber":21,"author":{"gitId":"-"},"content":"","lastModifiedDate":"2020-05-25"},{"lineNumber":22,"author":{"gitId":"NicsunXnus"},"content":"# run the program, feed commands from input.txt file and redirect the output to the level_1_ACTUAL.TXT","lastModifiedDate":"2022-01-16"},{"lineNumber":23,"author":{"gitId":"-"},"content":"java -classpath ../bin Duke \u003c input.txt \u003e ACTUAL.TXT","lastModifiedDate":"2020-05-25"},{"lineNumber":24,"author":{"gitId":"NicsunXnus"},"content":"#java Duke \u003c input.txt \u003e ACTUAL.TXT","lastModifiedDate":"2022-01-16"},{"lineNumber":25,"author":{"gitId":"-"},"content":"","lastModifiedDate":"2020-05-25"},{"lineNumber":26,"author":{"gitId":"-"},"content":"# convert to UNIX format","lastModifiedDate":"2020-05-25"},{"lineNumber":27,"author":{"gitId":"NicsunXnus"},"content":"cp expected.txt EXPECTED-UNIX.TXT","lastModifiedDate":"2022-01-16"},{"lineNumber":28,"author":{"gitId":"-"},"content":"dos2unix ACTUAL.TXT EXPECTED-UNIX.TXT","lastModifiedDate":"2020-05-25"},{"lineNumber":29,"author":{"gitId":"-"},"content":"","lastModifiedDate":"2020-05-25"},{"lineNumber":30,"author":{"gitId":"-"},"content":"# compare the output to the expected output","lastModifiedDate":"2020-05-25"},{"lineNumber":31,"author":{"gitId":"-"},"content":"diff ACTUAL.TXT EXPECTED-UNIX.TXT","lastModifiedDate":"2020-05-25"},{"lineNumber":32,"author":{"gitId":"-"},"content":"if [ $? -eq 0 ]","lastModifiedDate":"2020-05-25"},{"lineNumber":33,"author":{"gitId":"-"},"content":"then","lastModifiedDate":"2020-05-25"},{"lineNumber":34,"author":{"gitId":"-"},"content":"    echo \"Test result: PASSED\"","lastModifiedDate":"2020-05-25"},{"lineNumber":35,"author":{"gitId":"-"},"content":"    exit 0","lastModifiedDate":"2020-05-25"},{"lineNumber":36,"author":{"gitId":"-"},"content":"else","lastModifiedDate":"2020-05-25"},{"lineNumber":37,"author":{"gitId":"-"},"content":"    echo \"Test result: FAILED\"","lastModifiedDate":"2020-05-25"},{"lineNumber":38,"author":{"gitId":"-"},"content":"    exit 1","lastModifiedDate":"2020-05-25"},{"lineNumber":39,"author":{"gitId":"-"},"content":"fi","lastModifiedDate":"2020-05-25"}],"authorContributionMap":{"NicsunXnus":4,"-":35}}]
