{"authorDailyContributionsMap":{"punnyhuimin":[{"date":"2022-01-19","commitResults":[{"hash":"a91377ff37b2def76e57daf5843a602a0732ace2","messageTitle":"Updated Duke class","messageBody":"Duke class now accepts user inputs and returns the same input to the\nuser. When input is \"bye\", the class will return a different message.\n","tags":["Level-1"],"fileTypesAndContributionMap":{"java":{"insertions":85,"deletions":6}}},{"hash":"2f079ed1169af66f9341897fd30a82b7d85a5f35","messageTitle":"Updated Duke with list handler","messageBody":"Ducky, previously known as Duke, can now store the text handed to it and\ndisplay the text back to the user when they request for it.\n\nTo enhance Ducky, next step is to add the ability to mark tasks as done.\n","tags":["Level-2"],"fileTypesAndContributionMap":{"java":{"insertions":16,"deletions":66}}},{"hash":"69f7a0c7c82b5fe2cb8592ce6c4a1030c1457470","messageTitle":"Added Task class and updated Duke class","messageBody":"Added ducky logo to beautify output.\n\nNew Task class was created for handling each task created by the user.\n\nUser can now mark their tasks as done, or mark as not done.\nInstructions are also given when the user types the \"help\" command.\n\nNext step to improve the application is to set up the ability for user\nto add task type i.e. event, todo, deadline.\n","tags":["Level-3","A-Classes"],"fileTypesAndContributionMap":{"java":{"insertions":65,"deletions":14}}}]},{"date":"2022-01-20","commitResults":[{"hash":"f4350e362bff0571f3bad020579c027316ce8a5f","messageTitle":"Created Deadline, Todo, Event and Updated Duke","messageBody":"Updated \u0027help\u0027 description to include new features that the text that\nuser can pass into Ducky. Created Deadline, Todo, Event classes that\ninherit from the Task class to support task tracking.\n\nExtracted common behavior from the Duke class output to reduce code\nduplication. i.e. the long line printed after each run.\n\nNext step is to set up semi-automated testing of Duke class.\n","tags":["Level-4","A-Inheritance"],"fileTypesAndContributionMap":{"java":{"insertions":80,"deletions":11}}},{"hash":"02f97095c5829e148690687b934c21a60a7dcd1b","messageTitle":"Edited EXPECTED.TXT","messageBody":"Having issues with the Ducky logo, not able to pass the automated tests.\nMight be due to spacing error as the test passes without the logo.\n\nMore trials to be conducted to ensure Ducky logo can be included\n","fileTypesAndContributionMap":{"java":{"insertions":10,"deletions":9}}},{"hash":"4d178af9b793ed58701b34d42b13fab9705c1747","messageTitle":"Added input.txt file and updated EXPECTED.TXT","messageBody":"Updated Ducky logo in Duke.java to remove whitespaces. The whitespaces\nwere not being caught in the EXPECTED.TXT and should not have been there\nin the first place.\n\nAdded test cases for all possible inputs (e.g. help, deadline, todo,\nevent, bye, list, mark, unmark)\n","tags":["A-TextUiTesting"],"fileTypesAndContributionMap":{"txt":{"insertions":10,"deletions":0},"java":{"insertions":3,"deletions":3}}},{"hash":"125f2d83f47b36db5b30d195b1893eb788186696","messageTitle":"Refactored Duke","messageBody":"Duke had a lot of if else statements being used in the main file. I\nsplit the sections into smaller chunks to ensure that the code is\nreadable and can be easily cleaned up moving forward. This will also aid\nin the exception handling later.\n","fileTypesAndContributionMap":{"java":{"insertions":117,"deletions":72}}},{"hash":"60cc214fa127b3b2d26c26f8434de1500f579122","messageTitle":"Added DukeException, Updated Duke, and Added test cases","messageBody":"Added documentation to Duke to showcase the params the methods take and\nwhat it outputs.Exceptions handled include wrong date input format, no\ndescription, no date provided, no proper instructions, and calling an\nempty list.\n\nAdded more test cases to check on whether he correct exceptions will be\nthrown.\n\nDate validity should be checked in each Event and Deadline. Error\nshould be thrown there to keep Duke code to a minimum.\n","tags":["Level-5","A-Exceptions"],"fileTypesAndContributionMap":{"txt":{"insertions":8,"deletions":0},"java":{"insertions":173,"deletions":53}}},{"hash":"6ff29b94857c7b7605a90ca28d1ab47e3fbf27a8","messageTitle":"Updated Duke with delete functionality and Updated EXPECTED.txt","messageBody":"Added delete functionality and exception handling for the functionality.\nThis includes handling of no index provided and inaccurate index\nentered.\n\nUpdated the test files to test out the delete functionalities and all\nerror handling methods are working.\n","tags":["Level-6","A-Collections"],"fileTypesAndContributionMap":{"txt":{"insertions":2,"deletions":0},"java":{"insertions":24,"deletions":0}}}]},{"date":"2022-01-26","commitResults":[{"hash":"a70f0778ebfbcde02d05e0a0da8047d4883dbf72","messageTitle":"Added JavaDocs to Duke, DukeException, and Task","messageBody":"JavaDocs are added to all methods within Duke, DukeException, and Task.\n\nWill need to add in more JavaDocs as the code progresses. May want to\nalso add it for Event, Deadline, and ToDo classes.\n","fileTypesAndContributionMap":{"java":{"insertions":124,"deletions":67}}}]}]},"authorFileTypeContributionMap":{"punnyhuimin":{"java":402,"md":0,"fxml":0,"sh":0,"bat":0,"gradle":0,"txt":20}},"authorContributionVariance":{"punnyhuimin":26991.752},"authorDisplayNameMap":{"punnyhuimin":"PUN .. MIN"}}
