{"authorDailyContributionsMap":{"punnyhuimin":[{"date":"2022-01-19","commitResults":[{"hash":"a91377ff37b2def76e57daf5843a602a0732ace2","messageTitle":"Updated Duke class","messageBody":"Duke class now accepts user inputs and returns the same input to the\nuser. When input is \"bye\", the class will return a different message.\n","tags":["Level-1"],"fileTypesAndContributionMap":{"java":{"insertions":85,"deletions":6}}},{"hash":"2f079ed1169af66f9341897fd30a82b7d85a5f35","messageTitle":"Updated Duke with list handler","messageBody":"Ducky, previously known as Duke, can now store the text handed to it and\ndisplay the text back to the user when they request for it.\n\nTo enhance Ducky, next step is to add the ability to mark tasks as done.\n","tags":["Level-2"],"fileTypesAndContributionMap":{"java":{"insertions":16,"deletions":66}}},{"hash":"69f7a0c7c82b5fe2cb8592ce6c4a1030c1457470","messageTitle":"Added Task class and updated Duke class","messageBody":"Added ducky logo to beautify output.\n\nNew Task class was created for handling each task created by the user.\n\nUser can now mark their tasks as done, or mark as not done.\nInstructions are also given when the user types the \"help\" command.\n\nNext step to improve the application is to set up the ability for user\nto add task type i.e. event, todo, deadline.\n","tags":["Level-3","A-Classes"],"fileTypesAndContributionMap":{"java":{"insertions":65,"deletions":14}}}]},{"date":"2022-01-20","commitResults":[{"hash":"f4350e362bff0571f3bad020579c027316ce8a5f","messageTitle":"Created Deadline, Todo, Event and Updated Duke","messageBody":"Updated \u0027help\u0027 description to include new features that the text that\nuser can pass into Ducky. Created Deadline, Todo, Event classes that\ninherit from the Task class to support task tracking.\n\nExtracted common behavior from the Duke class output to reduce code\nduplication. i.e. the long line printed after each run.\n\nNext step is to set up semi-automated testing of Duke class.\n","tags":["Level-4","A-Inheritance"],"fileTypesAndContributionMap":{"java":{"insertions":80,"deletions":11}}},{"hash":"02f97095c5829e148690687b934c21a60a7dcd1b","messageTitle":"Edited EXPECTED.TXT","messageBody":"Having issues with the Ducky logo, not able to pass the automated tests.\nMight be due to spacing error as the test passes without the logo.\n\nMore trials to be conducted to ensure Ducky logo can be included\n","fileTypesAndContributionMap":{"java":{"insertions":10,"deletions":9}}},{"hash":"4d178af9b793ed58701b34d42b13fab9705c1747","messageTitle":"Added input.txt file and updated EXPECTED.TXT","messageBody":"Updated Ducky logo in Duke.java to remove whitespaces. The whitespaces\nwere not being caught in the EXPECTED.TXT and should not have been there\nin the first place.\n\nAdded test cases for all possible inputs (e.g. help, deadline, todo,\nevent, bye, list, mark, unmark)\n","tags":["A-TextUiTesting"],"fileTypesAndContributionMap":{"txt":{"insertions":10,"deletions":0},"java":{"insertions":3,"deletions":3}}},{"hash":"125f2d83f47b36db5b30d195b1893eb788186696","messageTitle":"Refactored Duke","messageBody":"Duke had a lot of if else statements being used in the main file. I\nsplit the sections into smaller chunks to ensure that the code is\nreadable and can be easily cleaned up moving forward. This will also aid\nin the exception handling later.\n","fileTypesAndContributionMap":{"java":{"insertions":117,"deletions":72}}},{"hash":"60cc214fa127b3b2d26c26f8434de1500f579122","messageTitle":"Added DukeException, Updated Duke, and Added test cases","messageBody":"Added documentation to Duke to showcase the params the methods take and\nwhat it outputs.Exceptions handled include wrong date input format, no\ndescription, no date provided, no proper instructions, and calling an\nempty list.\n\nAdded more test cases to check on whether he correct exceptions will be\nthrown.\n\nDate validity should be checked in each Event and Deadline. Error\nshould be thrown there to keep Duke code to a minimum.\n","tags":["Level-5","A-Exceptions"],"fileTypesAndContributionMap":{"txt":{"insertions":8,"deletions":0},"java":{"insertions":173,"deletions":53}}},{"hash":"6ff29b94857c7b7605a90ca28d1ab47e3fbf27a8","messageTitle":"Updated Duke with delete functionality and Updated EXPECTED.txt","messageBody":"Added delete functionality and exception handling for the functionality.\nThis includes handling of no index provided and inaccurate index\nentered.\n\nUpdated the test files to test out the delete functionalities and all\nerror handling methods are working.\n","tags":["Level-6","A-Collections"],"fileTypesAndContributionMap":{"txt":{"insertions":2,"deletions":0},"java":{"insertions":24,"deletions":0}}}]},{"date":"2022-01-26","commitResults":[{"hash":"a70f0778ebfbcde02d05e0a0da8047d4883dbf72","messageTitle":"Added JavaDocs to Duke, DukeException, and Task","messageBody":"JavaDocs are added to all methods within Duke, DukeException, and Task.\n\nWill need to add in more JavaDocs as the code progresses. May want to\nalso add it for Event, Deadline, and ToDo classes.\n","fileTypesAndContributionMap":{"java":{"insertions":124,"deletions":67}}}]},{"date":"2022-01-27","commitResults":[{"hash":"67fd2c6472a3aba33a8b78fb6d85bb1efbaa924a","messageTitle":"Created Checker class","messageBody":"Checker class now handles the enum, allowing for switch case use in Duke\nto keep the code as tidy as possible. All other functions, such as the\naddition of deadlines or todos, still remain the same.\n\nAdded a new string to set as the String to be returned when no\ndescription is to be found. Provides ease of change for the future.\n\nJavaDocs needs to be done for the Checker class.\n","tags":["A-Enums"],"fileTypesAndContributionMap":{"java":{"insertions":84,"deletions":43}}},{"hash":"00f498b6297e28b0e9013ad8d460b4d82b8b92c2","messageTitle":"Implemented task saving to duke.txt","messageBody":"Created a new TextWriter class which handles writing of tasks into a\ntext file. Added exception handling to Textwriter as well.\n\nNew Exception handled in the case where the command Deadline does not\ncome with \"/by\" or Event does not come with \"/at.\n\nAdded two new test cases to check for the new Exception being handled\n(i.e. No /at or /by command provided).\n\nWill need to write JavaDocs for the TextWriter class.\n","tags":["Level-7"],"fileTypesAndContributionMap":{"txt":{"insertions":2,"deletions":0},"java":{"insertions":37,"deletions":3}}},{"hash":"066ebabc9f652d6eea2cf722c9dc6366b4a8b512","messageTitle":"Added date functionality to Deadline and Event","messageBody":"Created a new class \"DateHelper\" that helps with converting strings to\nDate class. DateHelper stores the dates and can format the date into\nthe required formats to be outputted in Deadline and Event.\n\nUpdated input.txt and EXPECTED.TXT to include the new date formats.\n\nJavaDocs to be updated for DateHelper, TextWriter, and Duke.\n","tags":["Level-8"],"fileTypesAndContributionMap":{"txt":{"insertions":2,"deletions":0},"java":{"insertions":49,"deletions":23}}}]},{"date":"2022-01-28","commitResults":[{"hash":"94244aad96b5c2217c63bb2be242032d1a556ef6","messageTitle":"Completed OOP of Parser, Storage, TaskList, and Storage","messageBody":"Edited all files to help keep Duke as lean as possible. Parser is an\nenum class that helps to check which command was given. Storage helps\nread and write files. Every change in the list will be marked down in\nthe textfile immediately. Time is also handled in a DateHelper.\n\nJavaDocs to be updated and do error handling for mark and unmark. Mark\nand unamrks\u0027 error in id passed is not properly handled.\n","tags":["A-MoreOOP"],"fileTypesAndContributionMap":{"txt":{"insertions":1,"deletions":0},"java":{"insertions":375,"deletions":220}}}]},{"date":"2022-01-29","commitResults":[{"hash":"1bd5b0765cec86bbb57fa6346591f4c136f9407f","messageTitle":"Added Command class and Packages","messageBody":"Added Command class which is an abstract class. This class is made to\nhandle the different commands that could be executed by Ducky. Classes\ninclude:\n- AddEventCommand\n- AddDeadlineCommand\n- AddTodoCommand\n- MarkCommand\n- UnmarkCommand\n- ExitCommand\n- ListTaskCommand\n- HelpCommand\n- DeleteCommand\n\nPackages were also created to add in classes of the same types. Three\npackages created were:\n- Duke\n- Command\n- Task\nCommand and Task are packages under the Duke package.\n\nJavaDocs needs to be completed further.\n","tags":["A-Packages"],"fileTypesAndContributionMap":{"java":{"insertions":688,"deletions":470},"bat":{"insertions":1,"deletions":1},"md":{"insertions":2,"deletions":2}}},{"hash":"6160601e4d7d9782406f0b820b957f37928a550b","messageTitle":"Created JUnit Tests for Ui and Checker class","messageBody":"Tested the Checker class to see if it is returning the correct enum\nbased on the command given into it. Tested UI class methods like\nwelcome, showLine, showError, and printHelp.\n\nMore tests to be created for the other classes.\n","tags":["A-Jar","A-JUnit"],"fileTypesAndContributionMap":{"java":{"insertions":151,"deletions":13}}},{"hash":"cc83cc303d4ad5552c0cb77f2831ce1e99aff6b0","messageTitle":"Added JavaDocs and corrected issue in AddEventCommand","messageBody":"AddEventCommand was adding Deadline task instead of Event task, causing\nthe list generated to be incorrect. Error has since been corrected.\n\nJavaDocs have been added to the code to provide creators with\nunderstanding of each methods\u0027 usage.\n","tags":["A-JavaDoc"],"fileTypesAndContributionMap":{"java":{"insertions":411,"deletions":78}}},{"hash":"68d3fa167252d6aed6f38fab99596ff26863475a","messageTitle":"Formatted parts of code to follow coding standards","messageBody":"Formatted comments to be on the top of what it explains instead of\nbeing by the side.\n","tags":["A-CodingStandard"],"fileTypesAndContributionMap":{"java":{"insertions":8,"deletions":5}}},{"hash":"0693029fa66b415ad4a06c8d8f2045bc47f00a32","messageTitle":"Added Find functionality","messageBody":"Duke can now find specific tasks that contains the words specified by\nthe user. It can help the user to quickly search for the task that\nconcerns them at this point in time.\n","tags":["Level-9"],"fileTypesAndContributionMap":{"java":{"insertions":57,"deletions":1}}}]},{"date":"2022-02-01","commitResults":[{"hash":"6c3ac465191ea1dad2ac1b849620a06b11b34f8f","messageTitle":"Reformatted code to align with coding standards","messageBody":"Missed out certain formatting areas e.g. spacing after function before\ncurly brackets. Formatting is now set to the standard required.\n","fileTypesAndContributionMap":{"java":{"insertions":50,"deletions":33}}}]},{"date":"2022-02-03","commitResults":[{"hash":"f8683ccfb2c2baa0cb2a8ded0ae8474737d9d6fb","messageTitle":"Added Gradle to automate project builds","messageBody":"Gradle is now set up and can build and run Duke. To run it, go to\nTasks \u003e application \u003e right click \u0027run\u0027 and run it. This will start the\nDucky CLI.\n\nGradle can also run JUnit tests. There was an error in the\n`./gradlew clean test` initially, where a class could not be\ninitialized. Error was resolved by changing the Gradle version to 6.4.1.\n","tags":["A-Gradle"],"fileTypesAndContributionMap":{"gradle":{"insertions":4,"deletions":3},"java":{"insertions":20,"deletions":18}}}]},{"date":"2022-02-04","commitResults":[{"hash":"27309a2b77b86a8acba2d400afedac98a25ba720","messageTitle":"Created GUI for Ducky","messageBody":"Ducky now runs on a GUI. All the commands are the same as what it was in\nthe CLI.\n\nImprovements to be done include:\n1. Ducky should welcome the user.\n2. Ducky image should be rounded and smaller to give space to the text.\n3. User image should be changed to something nicer.\n4. Current DialogBox is getting smaller when there are more texts. Issue\ncan be replicated by typing \"help\" at every step.\n","tags":["Level-10"],"fileTypesAndContributionMap":{"gradle":{"insertions":25,"deletions":8},"fxml":{"insertions":41,"deletions":0},"java":{"insertions":294,"deletions":131}}}]},{"date":"2022-02-09","commitResults":[{"hash":"fd87e3de9d22c1975c781785f7a3fbc949f7d350","messageTitle":"Updated GUI for better UI","messageBody":"GUI now has the ducky image. User image is also changed to an egg,\nwhich fits with the yellow theme of the application.\n\nCaught errors with the Parser class as it was not catching the case\nwhere the user only mentions the command and nothing else. This was\ncausing the GUI to become buggy and resolving it was of top priority.\n\nAssertions should be used alongside Exceptions in the classes to further\nensure that there will be no uncaught errors moving forward.\n","tags":["A-FullCommitMessage"],"fileTypesAndContributionMap":{"gradle":{"insertions":9,"deletions":5},"fxml":{"insertions":17,"deletions":6},"java":{"insertions":53,"deletions":38}}}]}]},"authorFileTypeContributionMap":{"punnyhuimin":{"java":1616,"md":2,"fxml":52,"sh":0,"bat":1,"gradle":30,"txt":25}},"authorContributionVariance":{"punnyhuimin":145693.25},"authorDisplayNameMap":{"punnyhuimin":"CS2103-F09-4 PUN .. MIN"}}
