{"authorDailyContributionsMap":{"weijuey":[{"date":"2022-01-17","commitResults":[{"hash":"e9134552c6eb2de60d43a60fc0a479319f617f72","messageTitle":"Added new welcome and farewell messages as class-level members","messageBody":"","fileTypesAndContributionMap":{"java":{"insertions":4,"deletions":0}}},{"hash":"2e7aab7a5b5c874b887589b7fe40b2b633c82277","messageTitle":"Added BufferedReader as way of reading from command line","messageBody":"","fileTypesAndContributionMap":{"java":{"insertions":5,"deletions":1}}},{"hash":"fa65952fe9968aac3451bfaaae7a3460d99258f9","messageTitle":"Changed welcome message to new welcome message, enabled chat functionality, implemented echoing and \"bye\" command","messageBody":"","fileTypesAndContributionMap":{"java":{"insertions":14,"deletions":7}}},{"hash":"822872502fc6f54d5b3e71a10e112e6641f46809","messageTitle":"Fixed string matching not working, update system exit status to 0","messageBody":"","tags":["Level-1"],"fileTypesAndContributionMap":{"java":{"insertions":2,"deletions":2}}},{"hash":"e599ce5c25e349a70a560bee245dea2032667201","messageTitle":"Changed string matching to be case insensitive","messageBody":"","fileTypesAndContributionMap":{"java":{"insertions":1,"deletions":1}}},{"hash":"a56b68184c2c93c4e304ee4b014c551c525e6cf5","messageTitle":"Changed text given to chatbot to be stored","messageBody":"","fileTypesAndContributionMap":{"java":{"insertions":9,"deletions":1}}},{"hash":"d1511365c9ca28e7ba8f4d9f78e10ff4aac98960","messageTitle":"Added \"list\"command that lists all stored text","messageBody":"","tags":["Level-2"],"fileTypesAndContributionMap":{"java":{"insertions":4,"deletions":0}}},{"hash":"1d0cef8b0cbfe22168cbb4f2bffdf9f1f3d4a7f8","messageTitle":"Added Task class for later implementation of to-do list","messageBody":"","fileTypesAndContributionMap":{"java":{"insertions":20,"deletions":0}}},{"hash":"eafac289fb0c7e9105c04a15dff32fdc704b3d73","messageTitle":"Upgraded storing text to storing tasks","messageBody":"","fileTypesAndContributionMap":{"java":{"insertions":8,"deletions":8}}}]},{"date":"2022-01-19","commitResults":[{"hash":"03b60412a6f3dc5d5cfd21f2c078c55bc17eb7b1","messageTitle":"Rework chatbot to pick up first word before whitespace and use it as the command word","messageBody":"","fileTypesAndContributionMap":{"java":{"insertions":8,"deletions":1}}},{"hash":"6e01cdf37d1276200fa8fd53c07715ac76a82be8","messageTitle":"Rework command recognition to check if command has arguments","messageBody":"","fileTypesAndContributionMap":{"java":{"insertions":15,"deletions":13}}},{"hash":"6c588914cc0d0af23c85223a3774df03d7ea1ba9","messageTitle":"Added functionality to mark a task not done","messageBody":"","fileTypesAndContributionMap":{"java":{"insertions":4,"deletions":0}}},{"hash":"d018f6a995841950747480eb21d1ac47bc4938b6","messageTitle":"Added mark and unmark command to chatbot.","messageBody":"","tags":["Level-3"],"fileTypesAndContributionMap":{"java":{"insertions":37,"deletions":3}}},{"hash":"11e9c7804919d98b2d314b831adf9483d4b5bcc8","messageTitle":"Reworked chatbot to not accept invalid commands, adding tasks will be readded later with new functions","messageBody":"","fileTypesAndContributionMap":{"java":{"insertions":2,"deletions":6}}},{"hash":"13f076300c3d4c9ac61ba17415fe37d20dab5c1a","messageTitle":"Updated Task toString method, prepared classes that extend Task","messageBody":"","fileTypesAndContributionMap":{"java":{"insertions":7,"deletions":1}}},{"hash":"c4b4c617b42de798f554324eecb5dc10865c138f","messageTitle":"Implemented ToDo task type","messageBody":"","fileTypesAndContributionMap":{"java":{"insertions":9,"deletions":1}}},{"hash":"9838447f0ef8ddc18a885bc7954c82099e13dfff","messageTitle":"Implemented Event task type.","messageBody":"","fileTypesAndContributionMap":{"java":{"insertions":12,"deletions":1}}},{"hash":"b1b1faf5e80752b9e67dc57ba464d1fbbed1d68e","messageTitle":"Implemented Deadline task type","messageBody":"","fileTypesAndContributionMap":{"java":{"insertions":12,"deletions":1}}}]},{"date":"2022-01-20","commitResults":[{"hash":"a99f396adcd38c7d825c32a39520b7a7038eb364","messageTitle":"Setup event, todo, deadline commands to add the respective tasks, implemented todo command","messageBody":"","fileTypesAndContributionMap":{"java":{"insertions":11,"deletions":0}}},{"hash":"f5fce070a2856a3497162493cae4d5638f5f37d3","messageTitle":"Implemented event and deadline commands","messageBody":"","tags":["Level-4"],"fileTypesAndContributionMap":{"java":{"insertions":11,"deletions":0}}},{"hash":"7b8a5fa3b129414e551aaa195032e343a0dff9c1","messageTitle":"Created short sequence of test cases up to Level-4 functionalities","messageBody":"","tags":["A-TextUiTesting","A-TestUiTesting"],"fileTypesAndContributionMap":{"txt":{"insertions":10,"deletions":0}}},{"hash":"eb4d751488416014fb0a1a404d5caa8a017d3b71","messageTitle":"Updated deadline and event commands to check if deadline and duration are provided respectively","messageBody":"","fileTypesAndContributionMap":{"java":{"insertions":18,"deletions":10}}},{"hash":"e39105e4f0629e9e28a2707f8cbe61d97547a668","messageTitle":"Rework DS for storing tasks to Arraylist to facilitate deletion function (to be added)","messageBody":"","fileTypesAndContributionMap":{"java":{"insertions":16,"deletions":15}}},{"hash":"a85708084b41be8d2ca0b7951867119674f3fd90","messageTitle":"Added utility function to check validity of description, defined as having at least 1 English character","messageBody":"","fileTypesAndContributionMap":{"java":{"insertions":11,"deletions":0}}},{"hash":"3ee7d7625863bea254d063e3d85c62b7868a10d4","messageTitle":"Rework event creation commands to check if given descriptor is valid","messageBody":"","tags":["Level-5"],"fileTypesAndContributionMap":{"java":{"insertions":27,"deletions":14}}},{"hash":"9e1f4ab9845b104ca79771b856b4a4c72febd504","messageTitle":"Added delete function.","messageBody":"","tags":["Level-6"],"fileTypesAndContributionMap":{"java":{"insertions":16,"deletions":0}}}]},{"date":"2022-01-24","commitResults":[{"hash":"4ee582948f39afe6559d113e9500303916eb9d9a","messageTitle":"Include reading a saved.txt file to startup process","messageBody":"","fileTypesAndContributionMap":{"java":{"insertions":24,"deletions":0}}},{"hash":"7f6087fe5b15df29db0b7f3d439158b5f390f93c","messageTitle":"Modify Deadline class to use LocalDate class to represent deadline","messageBody":"","fileTypesAndContributionMap":{"java":{"insertions":7,"deletions":3}}},{"hash":"d87e1fefe0cf67462a80586d6e02f64f6147b69f","messageTitle":"Change deadline command to use LocalDate.now method to create Deadline objects for now before parsing inputs for dates is added.","messageBody":"","fileTypesAndContributionMap":{"java":{"insertions":4,"deletions":1}}}]},{"date":"2022-01-26","commitResults":[{"hash":"2730e2470eca5e1e989ef6f125ba9311078abe85","messageTitle":"Add date parsing to deadline command and update deadline\u0027s string format","messageBody":"","fileTypesAndContributionMap":{"java":{"insertions":17,"deletions":9}}},{"hash":"1fe6ef84fabf681e4c28f729aa732c8837caddc5","messageTitle":"Change deadline to include time","messageBody":"","fileTypesAndContributionMap":{"java":{"insertions":7,"deletions":7}}},{"hash":"a1bc8937be1dae9e7b35cb60864112a6939d7db9","messageTitle":"Change event to also use LocalDateTime class to represent date and time of event","messageBody":"","fileTypesAndContributionMap":{"java":{"insertions":20,"deletions":12}}},{"hash":"d79b1f9d8be1d27531f3a7d1fbdc86f11eb10e53","messageTitle":"Add loading saved tasks on disk to chatbot startup","messageBody":"","fileTypesAndContributionMap":{"java":{"insertions":34,"deletions":10}}},{"hash":"3e9096b9b22041cd9900039828f2d45237f3e6c2","messageTitle":"Add updating saved tasks to mark and unmark command when executed","messageBody":"","fileTypesAndContributionMap":{"java":{"insertions":29,"deletions":2}}},{"hash":"d0bce2cd081fb112ea2dd86e58c66bfba5879c78","messageTitle":"Add updating saved tasks to delete command when executed","messageBody":"","fileTypesAndContributionMap":{"java":{"insertions":12,"deletions":0}}},{"hash":"5438cb694faa29cf7da816b3dffe5c0a2641db96","messageTitle":"Add updating saved tasks in data to task creation commands when executed","messageBody":"","fileTypesAndContributionMap":{"java":{"insertions":17,"deletions":4}}},{"hash":"5dc6a691610f086239689ee3a313c3c2bf5209c1","messageTitle":"Edit welcome and farewell messages","messageBody":"","fileTypesAndContributionMap":{"java":{"insertions":3,"deletions":3}}}]},{"date":"2022-01-28","commitResults":[{"hash":"1be04f468f431d40fba5a1f8a15c0067d44746fc","messageTitle":"Extract functionalities of chatbot into new class files","messageBody":"","tags":["A-MoreOOP"],"fileTypesAndContributionMap":{"java":{"insertions":414,"deletions":248}}}]},{"date":"2022-01-29","commitResults":[{"hash":"87a36677bf14718ee082f3c879cd7b147fd328bf","messageTitle":"Place all classes into a Duke package","messageBody":"","tags":["A-Packages"],"fileTypesAndContributionMap":{"java":{"insertions":18,"deletions":0},"md":{"insertions":2,"deletions":2}}},{"hash":"73c6fae1d34291dbd8e3c336eeac6589ccf4fc4b","messageTitle":"Add new constructor to Tasks so that they can be instantiated as completed","messageBody":"","fileTypesAndContributionMap":{"java":{"insertions":21,"deletions":6}}},{"hash":"3a405dfaab4c1f6a13203bb28a4aad08aac12054","messageTitle":"Extract command execution from parser into command classes","messageBody":"","fileTypesAndContributionMap":{"java":{"insertions":191,"deletions":75}}},{"hash":"085daab6628bfee95563c4c964fc0c9bff84b772","messageTitle":"Add junit test classes for some methods of Task and Parser","messageBody":"","tags":["A-JUnit"],"fileTypesAndContributionMap":{"java":{"insertions":32,"deletions":0}}},{"hash":"1648b7284cdea62188218483c63c6e0919651c27","messageTitle":"Rename duke package and a few variables to follow coding convention","messageBody":"","fileTypesAndContributionMap":{"java":{"insertions":78,"deletions":77},"md":{"insertions":2,"deletions":2}}},{"hash":"4beef22c758785c0959d8a84a3e7a5226dee12cb","messageTitle":"Correct indentation for switch statement","messageBody":"","fileTypesAndContributionMap":{"java":{"insertions":60,"deletions":61}}}]},{"date":"2022-01-30","commitResults":[{"hash":"65429d70aafc2274bb971bd4fcec00e2e9379d95","messageTitle":"Add find command that lists all tasks which contains a given string","messageBody":"","fileTypesAndContributionMap":{"java":{"insertions":26,"deletions":0}}},{"hash":"d35993eb57b70e939be7f85df3d2845c56edce66","messageTitle":"Add javadoc describing the task classes","messageBody":"","fileTypesAndContributionMap":{"java":{"insertions":42,"deletions":8}}},{"hash":"2a91fa6524de39669683d18f5d366a02c165420c","messageTitle":"Add javadoc describing the Duke commands","messageBody":"","fileTypesAndContributionMap":{"java":{"insertions":46,"deletions":9}}},{"hash":"460f00e522a3f95b2fd4a22376992cb222c881fd","messageTitle":"Add javadoc to the rest of the classes","messageBody":"","fileTypesAndContributionMap":{"java":{"insertions":141,"deletions":85}}},{"hash":"d0fc96f4d48954aca3ae873240c57a7f367b6fad","messageTitle":"Fix find command not being recognised by parser and other merge related bugs","messageBody":"","tags":["Level-9"],"fileTypesAndContributionMap":{"java":{"insertions":18,"deletions":5}}}]},{"date":"2022-02-03","commitResults":[{"hash":"d1dae37c16bbc9e022dd4b143ec6d042d52d5d10","messageTitle":"Update Gradle build to include checkstyle task.","messageBody":"","tags":["A-CheckStyle"],"fileTypesAndContributionMap":{"gradle":{"insertions":1,"deletions":1},"java":{"insertions":35,"deletions":21}}}]},{"date":"2022-02-04","commitResults":[{"hash":"4df8da09d200e1e8d9aac0e76d6c9f1ff7096186","messageTitle":"Fix gradle build task not working","messageBody":"","tags":["A-Gradle"],"fileTypesAndContributionMap":{"gradle":{"insertions":15,"deletions":1},"java":{"insertions":23,"deletions":2}}}]},{"date":"2022-02-05","commitResults":[{"hash":"6026ba26a54b25e253003d101c7e62a9eaf42fb2","messageTitle":"Move commands to a commands package and improve some javadocs and names","messageBody":"","fileTypesAndContributionMap":{"java":{"insertions":164,"deletions":98}}},{"hash":"58c98f5745a0581380c555af6e3ebb8942044e58","messageTitle":"Improve more javadocs and names","messageBody":"","fileTypesAndContributionMap":{"java":{"insertions":84,"deletions":26}}}]},{"date":"2022-02-07","commitResults":[{"hash":"05a661b7634fc5a69a45b59d603f0e71ae289f35","messageTitle":"Add a GUI and integrate Duke to it","messageBody":"","fileTypesAndContributionMap":{"fxml":{"insertions":39,"deletions":0},"java":{"insertions":247,"deletions":79}}},{"hash":"10981fe8c4faafb609ac47c8e486ab5d106a3b15","messageTitle":"Update GUI and fix style","messageBody":"","fileTypesAndContributionMap":{"fxml":{"insertions":2,"deletions":2},"java":{"insertions":18,"deletions":12}}}]},{"date":"2022-02-08","commitResults":[{"hash":"7d004d5b702fd5c8528309c07524fa0254b3393c","messageTitle":"Implement the rest of the GUI","messageBody":"","fileTypesAndContributionMap":{"fxml":{"insertions":1,"deletions":1},"java":{"insertions":13,"deletions":7}}},{"hash":"e11c3a1adec0220d3415e51c2ed9bd3f8b722695","messageTitle":"Add a few assert statements","messageBody":"","fileTypesAndContributionMap":{"java":{"insertions":8,"deletions":0}}}]},{"date":"2022-02-09","commitResults":[{"hash":"d5d7817786bc51e39eabd8390b1333572ccec8fd","messageTitle":"Add assert statements to Storage and TaskList to ensure correctness of assumptions at points of execution","messageBody":"The Storage class checks that the save file for tasks when it is initialised, creating it if it doesn\u0027t. From there, the file\u0027s existence is no longer checked for. To check that the assumption that the file will continue to exist throughout the program\u0027s runtime is true, let\u0027s add assert statements to each method of Storage.\n\nThe TaskList class contains a few methods that operates on a task, taking the index of the task as the parameter. Currently, the level of abstraction above the TaskList, which is the Command classes, do checks that the index is valid, before calling these methods, thus, the TaskList class itself does not check the index\u0027s validity again. To check that these methods are never called with invalid indexes, let\u0027s add assert statements to each of these methods.\n","fileTypesAndContributionMap":{"java":{"insertions":17,"deletions":3}}}]},{"date":"2022-02-10","commitResults":[{"hash":"728288144033cba1fe9806bb6f25c72189250ffa","messageTitle":"Restructure code that had bad readability, standardise exception handling, delete now defunct Ui class","messageBody":"","fileTypesAndContributionMap":{"java":{"insertions":115,"deletions":148}}}]},{"date":"2022-02-13","commitResults":[{"hash":"73a6dd5667cdec2a0e9560f7e81f633b8474b463","messageTitle":"Modify Task to implement Comparable interface so that there is a natural order of tasks","messageBody":"Tasks in the tasklist are currently always displayed in the order that they are added. This may not be the most useful way to show tasks to the user.\n\nOne obvious ordering of tasks that will be of interest to the user is chronological. Let\u0027s implement a natural order within Task classes that uses their given LocalDateTime attribute as the point of comparison. In addition, the TaskList class will implement a sort method that will allow other ways of sorting in the future.\n","tags":["A-FullCommitMessage"],"fileTypesAndContributionMap":{"java":{"insertions":41,"deletions":1}}},{"hash":"4b3f7e4bb937bd43e55e04c7926db5dbd3eb7b35","messageTitle":"Move method for getting a task\u0027s string format for saving to file from commands to the tasks","messageBody":"","fileTypesAndContributionMap":{"java":{"insertions":23,"deletions":15}}},{"hash":"9e4c4aaff4c7f619225f537be1cbed46c38756b0","messageTitle":"Create sort command","messageBody":"","fileTypesAndContributionMap":{"java":{"insertions":114,"deletions":2}}},{"hash":"b1d46ebc4293777003ed7af895b96d5a3c09dd6d","messageTitle":"Fix up style issues","messageBody":"","fileTypesAndContributionMap":{"java":{"insertions":24,"deletions":1}}}]}]},"authorFileTypeContributionMap":{"weijuey":{"java":1332,"md":2,"fxml":39,"sh":0,"bat":0,"gradle":16,"txt":10}},"authorContributionVariance":{"weijuey":33813.844},"authorDisplayNameMap":{"weijuey":"CS2103T-T12-2 YOON.. JUE"}}
