{"authorDailyContributionsMap":{"yusufaine":[{"date":"2022-01-19","commitResults":[{"hash":"cc1734038eaf1bc54fc46022fbb6226e9e3bf08d","messageTitle":"feat: changed greeting message","messageBody":"","fileTypesAndContributionMap":{"java":{"insertions":15,"deletions":6}}},{"hash":"812189452300396db24a056501f60a3b8d1c142c","messageTitle":"feat: added padding to greeting","messageBody":"","fileTypesAndContributionMap":{"java":{"insertions":6,"deletions":5}}},{"hash":"4fdc33780771d3a070c6f8272f42c126715c0002","messageTitle":"feat: added greet, botResponse, and exit","messageBody":"","fileTypesAndContributionMap":{"java":{"insertions":33,"deletions":8}}},{"hash":"31f6572e95a5d78696649443500b82e1c54acdbe","messageTitle":"refactor: structure of code, removed global vars","messageBody":"","tags":["Level-1"],"fileTypesAndContributionMap":{"java":{"insertions":22,"deletions":23}}},{"hash":"9709c35e4152df31adefd41dc6829cc499305ba0","messageTitle":"feat: added display list, changed echo function to add to list","messageBody":"","tags":["Level-2"],"fileTypesAndContributionMap":{"java":{"insertions":37,"deletions":5}}},{"hash":"c33e32a773c4bed73b384e6b7124a79b4e0ba903","messageTitle":"feat: added Task class, added un-/mark feature","messageBody":"","tags":["Level-3"],"fileTypesAndContributionMap":{"java":{"insertions":72,"deletions":11}}}]},{"date":"2022-01-20","commitResults":[{"hash":"4005aa81a19e7194b55b2dd3a941876a93d4d2e2","messageTitle":"feat: added task subclasses, updated output","messageBody":"","fileTypesAndContributionMap":{"java":{"insertions":37,"deletions":26}}},{"hash":"7458a63beecd387a4f40dab28fc9cf757a0b5ebb","messageTitle":"chore: forgot to include subclasses","messageBody":"","tags":["Level-4"],"fileTypesAndContributionMap":{"java":{"insertions":38,"deletions":0}}},{"hash":"ab18b19eb8d95a2c30eed34466ae180d89d5e0f6","messageTitle":"test: added semi-automated test","messageBody":"","tags":["A-TextUiTesting"],"fileTypesAndContributionMap":{"txt":{"insertions":10,"deletions":0}}},{"hash":"9de8dfd09b9217158289873d95a64e2412c79f16","messageTitle":"feat: included error handling","messageBody":"","tags":["Level-5"],"fileTypesAndContributionMap":{"java":{"insertions":61,"deletions":40}}},{"hash":"7b2de1035f928dbe4713655cd01e8268a1322a1a","messageTitle":"feat: added delete/remove feature, included clear to empty out the list","messageBody":"","tags":["Level-6"],"fileTypesAndContributionMap":{"txt":{"insertions":1,"deletions":1},"java":{"insertions":25,"deletions":0}}},{"hash":"719cea6d961ddbb7449f89d92a2589d0497c9b16","messageTitle":"chore: changed Task to be abstract to prevent creation of itself","messageBody":"","fileTypesAndContributionMap":{"java":{"insertions":2,"deletions":2}}},{"hash":"ee97b9d7413c81c089b827fd24a1edd7556afabf","messageTitle":"chore: moved response logic into enums","messageBody":"","fileTypesAndContributionMap":{"java":{"insertions":32,"deletions":114}}},{"hash":"c6b1d889397d1e3b6a7e3ffdcfc34dc2fb6167c4","messageTitle":"chore, refactor: forgot to include enums file; refactored valid index logic in enums","messageBody":"","tags":["A-Enums"],"fileTypesAndContributionMap":{"java":{"insertions":116,"deletions":0}}}]},{"date":"2022-01-21","commitResults":[{"hash":"c22b38933133dc5dac172c69ead683df8fdc1566","messageTitle":"fix: subtask delimiter not specified, task initialised with task type","messageBody":"","fileTypesAndContributionMap":{"java":{"insertions":208,"deletions":22}}},{"hash":"9861b7a2a21f4691c3b901d6153dda25fcb7e07b","messageTitle":"fix: index/parseInt checks in place","messageBody":"","fileTypesAndContributionMap":{"txt":{"insertions":11,"deletions":0},"java":{"insertions":66,"deletions":205},"bat":{"insertions":0,"deletions":21}}}]},{"date":"2022-01-24","commitResults":[{"hash":"60b8e9b7109876d03b15ffb711b2d8e058b7217d","messageTitle":"chore: switch-case convention","messageBody":"","fileTypesAndContributionMap":{"java":{"insertions":36,"deletions":34}}}]},{"date":"2022-01-25","commitResults":[{"hash":"82a1ec557dfc2c73caa324d33a2e809dbe4da5ae","messageTitle":"feat: add local saving functionality","messageBody":"","tags":["Level-7"],"fileTypesAndContributionMap":{"java":{"insertions":89,"deletions":7}}},{"hash":"d55b603101ee7461dc61341e507bbf5c76f3480f","messageTitle":"feat: event creation uses proper DateTime and displayed accordingly","messageBody":"","tags":["Level-8"],"fileTypesAndContributionMap":{"java":{"insertions":24,"deletions":8}}},{"hash":"0d25eac5cb6a3db0f6e9e35b669dbacb8a6cbdd8","messageTitle":"fix: date format difference between read and write, add todos","messageBody":"","fileTypesAndContributionMap":{"java":{"insertions":23,"deletions":9}}}]},{"date":"2022-01-26","commitResults":[{"hash":"e47b98ca0bdb023b867e384f4bd23d6184a32fc1","messageTitle":"refactor: cleanup  and","messageBody":"","fileTypesAndContributionMap":{"java":{"insertions":31,"deletions":51}}},{"hash":"576e1acd13e5f2515707ee7b0dae61e86afc71a1","messageTitle":"refactor: change how list is populated, add todo.dat","messageBody":"","fileTypesAndContributionMap":{"java":{"insertions":5,"deletions":4}}}]},{"date":"2022-01-27","commitResults":[{"hash":"3ba6b05ef6e738a5f15ae3aec4fbfe835c04ebae","messageTitle":"refactor: update CRUD for data.dat","messageBody":"","fileTypesAndContributionMap":{"java":{"insertions":34,"deletions":43}}}]},{"date":"2022-01-28","commitResults":[{"hash":"3a9f4109b09bad790f776a7e352b557b89098afb","messageTitle":"refactor: major refactor for more OOP","messageBody":"","tags":["A-MoreOOP"],"fileTypesAndContributionMap":{"java":{"insertions":62,"deletions":292}}},{"hash":"5aeb714c850f2187c418733718bb0a0f1c23393c","messageTitle":"add new OOP files","messageBody":"","fileTypesAndContributionMap":{"java":{"insertions":432,"deletions":0}}},{"hash":"ee3d37fcf514a16016de1b6ef7451612b77321eb","messageTitle":"refactor: packaged classes accordingly","messageBody":"","tags":["A-Packages"],"fileTypesAndContributionMap":{"java":{"insertions":148,"deletions":39}}}]},{"date":"2022-01-29","commitResults":[{"hash":"f92adcfe08fb8d1eb8ec0d3b4f8da28b0dc96b5d","messageTitle":"fix: empty command should not throw error","messageBody":"","fileTypesAndContributionMap":{"java":{"insertions":4,"deletions":1}}},{"hash":"89218e0f4839ebd1cd9e104dfe4f73985721b50a","messageTitle":"test: add junit test for Storage and Parser, update .gitignore","messageBody":"","tags":["A-JUnit"],"fileTypesAndContributionMap":{"java":{"insertions":207,"deletions":102}}},{"hash":"9e137ff24b7b8fdf166818f1ab68758befdf5ffd","messageTitle":"chore: update .gitignore with build artifact, update bot name and welcome message","messageBody":"","fileTypesAndContributionMap":{"java":{"insertions":8,"deletions":12}}},{"hash":"bb2171154eef5690b82634b2dccf7c72018c627f","messageTitle":"change bot name","messageBody":"","tags":["A-Jar"],"fileTypesAndContributionMap":{"java":{"insertions":1,"deletions":1}}},{"hash":"f1c559da270ffdaa06be3bf4dc17f1868fb85d72","messageTitle":"feat: add find command","messageBody":"","fileTypesAndContributionMap":{"java":{"insertions":18,"deletions":8}}},{"hash":"62a96f637b3b2637a78ec1066c2e6fdcdb1864bf","messageTitle":"chore: fix coding standard","messageBody":"","fileTypesAndContributionMap":{"java":{"insertions":27,"deletions":31}}},{"hash":"593055a6f90d42bf3c30318329ea2cfef3c6b19d","messageTitle":"docs: added javadoc","messageBody":"","tags":["A-JavaDoc"],"fileTypesAndContributionMap":{"java":{"insertions":378,"deletions":27}}}]},{"date":"2022-01-30","commitResults":[{"hash":"3336e8403480cc6e4edcd29075f81b1c1560decd","messageTitle":"feat: add find command, modified list to use lambda","messageBody":"","tags":["Level-9"],"fileTypesAndContributionMap":{"java":{"insertions":39,"deletions":1}}},{"hash":"b14b6a1fa0a7ecba6713a4fa0000c620920742b3","messageTitle":"feat (minor): add list alias ls","messageBody":"","fileTypesAndContributionMap":{"java":{"insertions":1,"deletions":0}}},{"hash":"8951eae1e42ec2fc8205110138269e68ddbe92ff","messageTitle":"feat(minor): included a list alias (ls)","messageBody":"consider: lookup table to include aliasing of existing commands\n","fileTypesAndContributionMap":{"java":{"insertions":1,"deletions":1}}},{"hash":"5be0d3018adec6edbd1d5cdf61709522f4cf3393","messageTitle":"chore: enforce coding standard","messageBody":"","fileTypesAndContributionMap":{"java":{"insertions":0,"deletions":1}}}]},{"date":"2022-02-01","commitResults":[{"hash":"42d0ad68814e7cc8855a1cb32cbb14d9f48ea81a","messageTitle":"feat: add clear task with confirmation","messageBody":"modify find command to use streams\n","fileTypesAndContributionMap":{"java":{"insertions":72,"deletions":16}}}]}]},"authorFileTypeContributionMap":{"yusufaine":{"java":1256,"md":0,"fxml":0,"sh":0,"bat":0,"gradle":0,"txt":21}},"authorContributionVariance":{"yusufaine":83915.1},"authorDisplayNameMap":{"yusufaine":"CS2103T-T17-2 YUSU..MUSA"}}
