{"authorDailyContributionsMap":{"zxgoh":[{"date":"2022-01-18","commitResults":[{"hash":"72248544a653d3e11aaf10ea653c71a49432086b","messageTitle":"Implement a skeletal version of Duke that starts by greeting the user, simply echos commands entered by the user, and exits when the user types bye.","messageBody":"","tags":["Level-1"],"fileTypesAndContributionMap":{"java":{"insertions":28,"deletions":6}}},{"hash":"1b35d7d2ffa7745863f479c9961595b12efefe75","messageTitle":"Add the ability to store whatever text entered by the user and display them back to the user when requested.","messageBody":"","tags":["Level-2"],"fileTypesAndContributionMap":{"java":{"insertions":14,"deletions":2}}},{"hash":"5436caedffb6cdcf2332bdd9affaf7466e9e1a6a","messageTitle":"Add the ability to mark tasks as done. Optionally, add the ability to change the status back to not done.","messageBody":"","tags":["Level-3"],"fileTypesAndContributionMap":{"java":{"insertions":43,"deletions":11}}},{"hash":"b0ebb9424b046471798760cc45fff7bd5ea05d35","messageTitle":"Add support for tracking three types of tasks","messageBody":"","tags":["Level-4"],"fileTypesAndContributionMap":{"java":{"insertions":59,"deletions":11}}},{"hash":"678a417c83fb12c34340554eedbf850bdfe4f334","messageTitle":"Add support for deleting tasks from the list.","messageBody":"","tags":["Level-5"],"fileTypesAndContributionMap":{"java":{"insertions":115,"deletions":56}}},{"hash":"ac0856b5d3613e71228ee1ff93e2eccc16f4543f","messageTitle":"Teach Duke to deal with errors such as incorrect inputs entered by the user.","messageBody":"","tags":["Level-6"],"fileTypesAndContributionMap":{"java":{"insertions":0,"deletions":8}}}]},{"date":"2022-01-20","commitResults":[{"hash":"9e18d3dce62d3a5af5fe65fb80f26401cc127d10","messageTitle":"Added comments to the various if-else checks to describe functionality","messageBody":"","fileTypesAndContributionMap":{"java":{"insertions":8,"deletions":8}}}]},{"date":"2022-01-26","commitResults":[{"hash":"0f9c7308e6b9af6fae8ebc3370398089772ec60c","messageTitle":"Save task automatically in hard disk","messageBody":"","fileTypesAndContributionMap":{"txt":{"insertions":6,"deletions":0},"java":{"insertions":36,"deletions":7}}},{"hash":"e28ac1532cb428167f9b3d8d22dedfe1657bf92b","messageTitle":"Save task automatically in hard disk","messageBody":"","tags":["Level-7"],"fileTypesAndContributionMap":{"txt":{"insertions":1,"deletions":2},"java":{"insertions":16,"deletions":4}}},{"hash":"8181337631a92099c0516d4ea02636282abbc4e6","messageTitle":"Convert numerical date and time to understandable sentence-like date and time","messageBody":"","tags":["Level-8"],"fileTypesAndContributionMap":{"java":{"insertions":111,"deletions":4}}},{"hash":"77fe049bce6033be007654b9bfe2e87119e25a20","messageTitle":"add .gitignore for duke.txt","messageBody":"","fileTypesAndContributionMap":{"txt":{"insertions":0,"deletions":1},"java":{"insertions":0,"deletions":1}}},{"hash":"aab8ad9eaf69162835014690aca34f16bc234dd4","messageTitle":"Abstract the relevant methods into categorised classes, MoreOOP","messageBody":"","tags":["A-MoreOOP"],"fileTypesAndContributionMap":{"java":{"insertions":78,"deletions":62}}},{"hash":"27859a7d4ba68241f325cebd5a503668c2206bee","messageTitle":"Package the relevant classes into package named \"duke\"","messageBody":"","tags":["A-Packages"],"fileTypesAndContributionMap":{"java":{"insertions":14,"deletions":0},"bat":{"insertions":1,"deletions":1},"md":{"insertions":2,"deletions":2}}},{"hash":"7e8d60fa7b5c82051f832b33fa7f5c055c72c3dc","messageTitle":"Add JUnit tests to test the behavior of the code","messageBody":"","tags":["A-Jar","A-JUnit"],"fileTypesAndContributionMap":{"java":{"insertions":29,"deletions":1}}},{"hash":"22f95da4b169ff39d16c5465722eed179a11b95e","messageTitle":"Made changes to Level 7","messageBody":"","fileTypesAndContributionMap":{"java":{"insertions":4,"deletions":5}}}]},{"date":"2022-01-27","commitResults":[{"hash":"6d886e1bdca1c1215f2e9f504b811686a318b320","messageTitle":"Add javadocs header to classes and method","messageBody":"","tags":["A-JavaDoc"],"fileTypesAndContributionMap":{"java":{"insertions":115,"deletions":6}}},{"hash":"07c6110cc7f9acd34e4887ecfbf829ae631a686b","messageTitle":"Ensure coding standard through proper indentation, layout, and javadocs","messageBody":"","tags":["A-CodingStandard"],"fileTypesAndContributionMap":{"java":{"insertions":14,"deletions":15}}},{"hash":"415ce301124db797f6269e57c288209d7325ebe8","messageTitle":"Add search feature to find tasks matching the relevant keyword","messageBody":"","tags":["Level-9"],"fileTypesAndContributionMap":{"java":{"insertions":17,"deletions":0}}}]},{"date":"2022-02-03","commitResults":[{"hash":"d261ef8b25db41f072e9b46c29a3ec45195bf786","messageTitle":"Automate project builds using Gradle","messageBody":"","tags":["A-Gradle"],"fileTypesAndContributionMap":{"txt":{"insertions":2,"deletions":0},"bat":{"insertions":89,"deletions":103}}}]}]},"authorFileTypeContributionMap":{"zxgoh":{"java":499,"md":2,"fxml":0,"sh":0,"bat":5,"gradle":0,"txt":6}},"authorContributionVariance":{"zxgoh":13400.658},"authorDisplayNameMap":{"zxgoh":"CS2103-F10-2 GOH ..XUAN"}}
