[{"path":"src/main/java/Deadline.java","fileType":"java","lines":[{"lineNumber":1,"author":{"gitId":"janald99"},"content":"public class Deadline extends Task {","lastModifiedDate":"2022-01-19"},{"lineNumber":2,"author":{"gitId":"janald99"},"content":"    protected String by;","lastModifiedDate":"2022-01-19"},{"lineNumber":3,"author":{"gitId":"janald99"},"content":"","lastModifiedDate":"2022-01-19"},{"lineNumber":4,"author":{"gitId":"janald99"},"content":"    public Deadline(String description, String by) {","lastModifiedDate":"2022-01-19"},{"lineNumber":5,"author":{"gitId":"janald99"},"content":"        super(description);","lastModifiedDate":"2022-01-19"},{"lineNumber":6,"author":{"gitId":"janald99"},"content":"        this.by \u003d by;","lastModifiedDate":"2022-01-19"},{"lineNumber":7,"author":{"gitId":"janald99"},"content":"    }","lastModifiedDate":"2022-01-19"},{"lineNumber":8,"author":{"gitId":"janald99"},"content":"","lastModifiedDate":"2022-01-19"},{"lineNumber":9,"author":{"gitId":"janald99"},"content":"    @Override","lastModifiedDate":"2022-01-19"},{"lineNumber":10,"author":{"gitId":"janald99"},"content":"    public String toString() {","lastModifiedDate":"2022-01-19"},{"lineNumber":11,"author":{"gitId":"janald99"},"content":"        return \"[D]\" + super.toString() + \" (by: \" + this.by + \")\";","lastModifiedDate":"2022-01-19"},{"lineNumber":12,"author":{"gitId":"janald99"},"content":"    }","lastModifiedDate":"2022-01-19"},{"lineNumber":13,"author":{"gitId":"janald99"},"content":"}","lastModifiedDate":"2022-01-19"}],"authorContributionMap":{"janald99":13}},{"path":"src/main/java/Duke.java","fileType":"java","lines":[{"lineNumber":1,"author":{"gitId":"janald99"},"content":"import java.util.ArrayList;","lastModifiedDate":"2022-01-20"},{"lineNumber":2,"author":{"gitId":"janald99"},"content":"import java.util.Locale;","lastModifiedDate":"2022-01-21"},{"lineNumber":3,"author":{"gitId":"janald99"},"content":"import java.util.Scanner;","lastModifiedDate":"2022-01-18"},{"lineNumber":4,"author":{"gitId":"janald99"},"content":"","lastModifiedDate":"2022-01-18"},{"lineNumber":5,"author":{"gitId":"-"},"content":"public class Duke {","lastModifiedDate":"2019-07-29"},{"lineNumber":6,"author":{"gitId":"janald99"},"content":"    private static final String botName \u003d \"Feline\";","lastModifiedDate":"2022-01-18"},{"lineNumber":7,"author":{"gitId":"janald99"},"content":"    private static ArrayList\u003cTask\u003e list \u003d new ArrayList\u003c\u003e();","lastModifiedDate":"2022-01-21"},{"lineNumber":8,"author":{"gitId":"janald99"},"content":"    //private static final String[] commands \u003d {\"bye\", \"mark\", \"unmark\", \"list\", \"todo\", \"deadline\", \"event\"};","lastModifiedDate":"2022-01-19"},{"lineNumber":9,"author":{"gitId":"janald99"},"content":"","lastModifiedDate":"2022-01-18"},{"lineNumber":10,"author":{"gitId":"janald99"},"content":"    private static void performAction(String action, String input) {","lastModifiedDate":"2022-01-21"},{"lineNumber":11,"author":{"gitId":"janald99"},"content":"        switch (action) {","lastModifiedDate":"2022-01-19"},{"lineNumber":12,"author":{"gitId":"janald99"},"content":"            case \"mark\":","lastModifiedDate":"2022-01-19"},{"lineNumber":13,"author":{"gitId":"janald99"},"content":"                Duke.mark(input);","lastModifiedDate":"2022-01-21"},{"lineNumber":14,"author":{"gitId":"janald99"},"content":"                break;","lastModifiedDate":"2022-01-19"},{"lineNumber":15,"author":{"gitId":"janald99"},"content":"            case \"unmark\":","lastModifiedDate":"2022-01-19"},{"lineNumber":16,"author":{"gitId":"janald99"},"content":"                Duke.unmark(input);","lastModifiedDate":"2022-01-21"},{"lineNumber":17,"author":{"gitId":"janald99"},"content":"                break;","lastModifiedDate":"2022-01-19"},{"lineNumber":18,"author":{"gitId":"janald99"},"content":"            case \"list\":","lastModifiedDate":"2022-01-19"},{"lineNumber":19,"author":{"gitId":"janald99"},"content":"                Duke.printList();","lastModifiedDate":"2022-01-21"},{"lineNumber":20,"author":{"gitId":"janald99"},"content":"                break;","lastModifiedDate":"2022-01-19"},{"lineNumber":21,"author":{"gitId":"janald99"},"content":"            case \"delete\":","lastModifiedDate":"2022-01-20"},{"lineNumber":22,"author":{"gitId":"janald99"},"content":"                Duke.delete(input);","lastModifiedDate":"2022-01-21"},{"lineNumber":23,"author":{"gitId":"janald99"},"content":"                break;","lastModifiedDate":"2022-01-20"},{"lineNumber":24,"author":{"gitId":"janald99"},"content":"            default:","lastModifiedDate":"2022-01-19"},{"lineNumber":25,"author":{"gitId":"janald99"},"content":"                Duke.addTask(input);","lastModifiedDate":"2022-01-21"},{"lineNumber":26,"author":{"gitId":"janald99"},"content":"        }","lastModifiedDate":"2022-01-19"},{"lineNumber":27,"author":{"gitId":"janald99"},"content":"    }","lastModifiedDate":"2022-01-19"},{"lineNumber":28,"author":{"gitId":"janald99"},"content":"    private static void greet() {","lastModifiedDate":"2022-01-18"},{"lineNumber":29,"author":{"gitId":"janald99"},"content":"        System.out.println(String.format(\"Yoooo! My name is %s!\\nHow can i help you bro?\\n\", botName));","lastModifiedDate":"2022-01-20"},{"lineNumber":30,"author":{"gitId":"janald99"},"content":"    }","lastModifiedDate":"2022-01-18"},{"lineNumber":31,"author":{"gitId":"janald99"},"content":"    private static void farewell() {","lastModifiedDate":"2022-01-18"},{"lineNumber":32,"author":{"gitId":"janald99"},"content":"        System.out.println(\"See you next time!\");","lastModifiedDate":"2022-01-19"},{"lineNumber":33,"author":{"gitId":"janald99"},"content":"    }","lastModifiedDate":"2022-01-18"},{"lineNumber":34,"author":{"gitId":"janald99"},"content":"","lastModifiedDate":"2022-01-19"},{"lineNumber":35,"author":{"gitId":"janald99"},"content":"    private static void printTaskCount() {","lastModifiedDate":"2022-01-21"},{"lineNumber":36,"author":{"gitId":"janald99"},"content":"        System.out.println(String.format(\"Now you have %d task(s) in your list.\", list.size()));","lastModifiedDate":"2022-01-21"},{"lineNumber":37,"author":{"gitId":"janald99"},"content":"    }","lastModifiedDate":"2022-01-20"},{"lineNumber":38,"author":{"gitId":"janald99"},"content":"    private static void taskAdded() {","lastModifiedDate":"2022-01-21"},{"lineNumber":39,"author":{"gitId":"janald99"},"content":"        System.out.println(\"Got it. I\u0027ve added this task:\");","lastModifiedDate":"2022-01-20"},{"lineNumber":40,"author":{"gitId":"janald99"},"content":"        System.out.println(list.get(list.size() - 1).toString());","lastModifiedDate":"2022-01-21"},{"lineNumber":41,"author":{"gitId":"janald99"},"content":"        printTaskCount();","lastModifiedDate":"2022-01-20"},{"lineNumber":42,"author":{"gitId":"janald99"},"content":"    }","lastModifiedDate":"2022-01-20"},{"lineNumber":43,"author":{"gitId":"janald99"},"content":"","lastModifiedDate":"2022-01-20"},{"lineNumber":44,"author":{"gitId":"janald99"},"content":"    private static void addTask(String str) {    //adds task to list","lastModifiedDate":"2022-01-21"},{"lineNumber":45,"author":{"gitId":"janald99"},"content":"        String action \u003d Duke.getFirstWord(str);","lastModifiedDate":"2022-01-19"},{"lineNumber":46,"author":{"gitId":"janald99"},"content":"        switch (action) {","lastModifiedDate":"2022-01-19"},{"lineNumber":47,"author":{"gitId":"janald99"},"content":"            case \"todo\":","lastModifiedDate":"2022-01-19"},{"lineNumber":48,"author":{"gitId":"janald99"},"content":"                try {","lastModifiedDate":"2022-01-20"},{"lineNumber":49,"author":{"gitId":"janald99"},"content":"                    String[] todoArr \u003d str.split(\" \", 2);","lastModifiedDate":"2022-01-19"},{"lineNumber":50,"author":{"gitId":"janald99"},"content":"                    if (todoArr.length \u003c\u003d 1) {","lastModifiedDate":"2022-01-20"},{"lineNumber":51,"author":{"gitId":"janald99"},"content":"                        throw new InvalidArgumentException(\"todo.. todo what?\");","lastModifiedDate":"2022-01-20"},{"lineNumber":52,"author":{"gitId":"janald99"},"content":"                    }","lastModifiedDate":"2022-01-20"},{"lineNumber":53,"author":{"gitId":"janald99"},"content":"                    list.add(new Todo(todoArr[1].trim()));","lastModifiedDate":"2022-01-21"},{"lineNumber":54,"author":{"gitId":"janald99"},"content":"                    taskAdded();","lastModifiedDate":"2022-01-20"},{"lineNumber":55,"author":{"gitId":"janald99"},"content":"                } catch (InvalidArgumentException e) {","lastModifiedDate":"2022-01-20"},{"lineNumber":56,"author":{"gitId":"janald99"},"content":"                    System.out.println(e.getMessage());","lastModifiedDate":"2022-01-20"},{"lineNumber":57,"author":{"gitId":"janald99"},"content":"                } finally {","lastModifiedDate":"2022-01-20"},{"lineNumber":58,"author":{"gitId":"janald99"},"content":"                    break;","lastModifiedDate":"2022-01-19"},{"lineNumber":59,"author":{"gitId":"janald99"},"content":"                }","lastModifiedDate":"2022-01-20"},{"lineNumber":60,"author":{"gitId":"janald99"},"content":"            case \"deadline\":","lastModifiedDate":"2022-01-19"},{"lineNumber":61,"author":{"gitId":"janald99"},"content":"                //deadline do hw /by no idea :-p","lastModifiedDate":"2022-01-19"},{"lineNumber":62,"author":{"gitId":"janald99"},"content":"                try {","lastModifiedDate":"2022-01-20"},{"lineNumber":63,"author":{"gitId":"janald99"},"content":"                    String[] deadlineArr \u003d str.split(\"/by\", 2);","lastModifiedDate":"2022-01-20"},{"lineNumber":64,"author":{"gitId":"janald99"},"content":"                    String[] deadlineSplit \u003d deadlineArr[0].split(\" \", 2);","lastModifiedDate":"2022-01-20"},{"lineNumber":65,"author":{"gitId":"janald99"},"content":"                    if (deadlineSplit.length \u003c\u003d 1) {    // no description","lastModifiedDate":"2022-01-20"},{"lineNumber":66,"author":{"gitId":"janald99"},"content":"                        throw new InvalidArgumentException(\"Sorry but.. deadline of what??\");","lastModifiedDate":"2022-01-20"},{"lineNumber":67,"author":{"gitId":"janald99"},"content":"                    }","lastModifiedDate":"2022-01-20"},{"lineNumber":68,"author":{"gitId":"janald99"},"content":"                    if (deadlineArr.length \u003c\u003d 1) { // don\u0027t have /by keyword","lastModifiedDate":"2022-01-20"},{"lineNumber":69,"author":{"gitId":"janald99"},"content":"                        throw new InvalidArgumentException(\"By when?? ..\");","lastModifiedDate":"2022-01-20"},{"lineNumber":70,"author":{"gitId":"janald99"},"content":"                    }","lastModifiedDate":"2022-01-20"},{"lineNumber":71,"author":{"gitId":"janald99"},"content":"                    String description \u003d deadlineSplit[1].trim();","lastModifiedDate":"2022-01-20"},{"lineNumber":72,"author":{"gitId":"janald99"},"content":"                    list.add(new Deadline(description, deadlineArr[1].trim()));","lastModifiedDate":"2022-01-21"},{"lineNumber":73,"author":{"gitId":"janald99"},"content":"                    taskAdded();","lastModifiedDate":"2022-01-20"},{"lineNumber":74,"author":{"gitId":"janald99"},"content":"                } catch (InvalidArgumentException e) {","lastModifiedDate":"2022-01-20"},{"lineNumber":75,"author":{"gitId":"janald99"},"content":"                    System.out.println(e.getMessage());","lastModifiedDate":"2022-01-20"},{"lineNumber":76,"author":{"gitId":"janald99"},"content":"                } finally {","lastModifiedDate":"2022-01-20"},{"lineNumber":77,"author":{"gitId":"janald99"},"content":"                    break;","lastModifiedDate":"2022-01-19"},{"lineNumber":78,"author":{"gitId":"janald99"},"content":"                }","lastModifiedDate":"2022-01-20"},{"lineNumber":79,"author":{"gitId":"janald99"},"content":"            case \"event\":","lastModifiedDate":"2022-01-19"},{"lineNumber":80,"author":{"gitId":"janald99"},"content":"                //event project meeting /at Mon 2-4pm","lastModifiedDate":"2022-01-19"},{"lineNumber":81,"author":{"gitId":"janald99"},"content":"                try {","lastModifiedDate":"2022-01-20"},{"lineNumber":82,"author":{"gitId":"janald99"},"content":"                    String[] eventArr \u003d str.split(\"/at\", 2);","lastModifiedDate":"2022-01-19"},{"lineNumber":83,"author":{"gitId":"janald99"},"content":"                    String[] eventSplit \u003d eventArr[0].split(\" \", 2);","lastModifiedDate":"2022-01-20"},{"lineNumber":84,"author":{"gitId":"janald99"},"content":"                    if (eventSplit.length \u003c\u003d 1) {","lastModifiedDate":"2022-01-20"},{"lineNumber":85,"author":{"gitId":"janald99"},"content":"                        throw new InvalidArgumentException(\"What event? No event stated.\");","lastModifiedDate":"2022-01-20"},{"lineNumber":86,"author":{"gitId":"janald99"},"content":"                    }","lastModifiedDate":"2022-01-20"},{"lineNumber":87,"author":{"gitId":"janald99"},"content":"                    if (eventArr.length \u003c\u003d 1) {","lastModifiedDate":"2022-01-20"},{"lineNumber":88,"author":{"gitId":"janald99"},"content":"                        throw new InvalidArgumentException(\"At where? Please specify again\");","lastModifiedDate":"2022-01-20"},{"lineNumber":89,"author":{"gitId":"janald99"},"content":"                    }","lastModifiedDate":"2022-01-20"},{"lineNumber":90,"author":{"gitId":"janald99"},"content":"                    String description \u003d eventSplit[1].trim();","lastModifiedDate":"2022-01-20"},{"lineNumber":91,"author":{"gitId":"janald99"},"content":"                    list.add(new Event(description, eventArr[1].trim()));","lastModifiedDate":"2022-01-21"},{"lineNumber":92,"author":{"gitId":"janald99"},"content":"                    taskAdded();","lastModifiedDate":"2022-01-20"},{"lineNumber":93,"author":{"gitId":"janald99"},"content":"                } catch (InvalidArgumentException e){","lastModifiedDate":"2022-01-20"},{"lineNumber":94,"author":{"gitId":"janald99"},"content":"                    System.out.println(e.getMessage());","lastModifiedDate":"2022-01-20"},{"lineNumber":95,"author":{"gitId":"janald99"},"content":"                } finally {","lastModifiedDate":"2022-01-20"},{"lineNumber":96,"author":{"gitId":"janald99"},"content":"                    break;","lastModifiedDate":"2022-01-19"},{"lineNumber":97,"author":{"gitId":"janald99"},"content":"                }","lastModifiedDate":"2022-01-20"},{"lineNumber":98,"author":{"gitId":"janald99"},"content":"            default:","lastModifiedDate":"2022-01-19"},{"lineNumber":99,"author":{"gitId":"janald99"},"content":"                try {","lastModifiedDate":"2022-01-20"},{"lineNumber":100,"author":{"gitId":"janald99"},"content":"                    throw new UnknownException(String.format(\"Sorry.. I don\u0027t\" +","lastModifiedDate":"2022-01-20"},{"lineNumber":101,"author":{"gitId":"janald99"},"content":"                            \" know what u talking bout bro. What does \\\"%s\\\" mean?\", str));","lastModifiedDate":"2022-01-20"},{"lineNumber":102,"author":{"gitId":"janald99"},"content":"                }","lastModifiedDate":"2022-01-20"},{"lineNumber":103,"author":{"gitId":"janald99"},"content":"                catch (UnknownException e) {","lastModifiedDate":"2022-01-20"},{"lineNumber":104,"author":{"gitId":"janald99"},"content":"                System.out.println(e.getMessage());","lastModifiedDate":"2022-01-20"},{"lineNumber":105,"author":{"gitId":"janald99"},"content":"                }","lastModifiedDate":"2022-01-20"},{"lineNumber":106,"author":{"gitId":"janald99"},"content":"        }","lastModifiedDate":"2022-01-19"},{"lineNumber":107,"author":{"gitId":"janald99"},"content":"","lastModifiedDate":"2022-01-19"},{"lineNumber":108,"author":{"gitId":"janald99"},"content":"    }","lastModifiedDate":"2022-01-18"},{"lineNumber":109,"author":{"gitId":"janald99"},"content":"","lastModifiedDate":"2022-01-19"},{"lineNumber":110,"author":{"gitId":"janald99"},"content":"    private static String getTaskStatement(int i) {","lastModifiedDate":"2022-01-21"},{"lineNumber":111,"author":{"gitId":"janald99"},"content":"        //[X] read book","lastModifiedDate":"2022-01-19"},{"lineNumber":112,"author":{"gitId":"janald99"},"content":"        return list.get(i).toString();","lastModifiedDate":"2022-01-21"},{"lineNumber":113,"author":{"gitId":"janald99"},"content":"    }","lastModifiedDate":"2022-01-18"},{"lineNumber":114,"author":{"gitId":"janald99"},"content":"    private static void printList() {","lastModifiedDate":"2022-01-21"},{"lineNumber":115,"author":{"gitId":"janald99"},"content":"        System.out.println(\"Here are the tasks in your list:\");","lastModifiedDate":"2022-01-19"},{"lineNumber":116,"author":{"gitId":"janald99"},"content":"        for (int i \u003d 0; i \u003c list.size(); i++) {","lastModifiedDate":"2022-01-21"},{"lineNumber":117,"author":{"gitId":"janald99"},"content":"            System.out.println(i + 1 + \".\" + getTaskStatement(i));","lastModifiedDate":"2022-01-21"},{"lineNumber":118,"author":{"gitId":"janald99"},"content":"        }","lastModifiedDate":"2022-01-18"},{"lineNumber":119,"author":{"gitId":"janald99"},"content":"    }","lastModifiedDate":"2022-01-18"},{"lineNumber":120,"author":{"gitId":"janald99"},"content":"","lastModifiedDate":"2022-01-21"},{"lineNumber":121,"author":{"gitId":"janald99"},"content":"    private static String[] parseInput(String input) {","lastModifiedDate":"2022-01-21"},{"lineNumber":122,"author":{"gitId":"janald99"},"content":"        return input.split(\" \");","lastModifiedDate":"2022-01-21"},{"lineNumber":123,"author":{"gitId":"janald99"},"content":"    }","lastModifiedDate":"2022-01-18"},{"lineNumber":124,"author":{"gitId":"janald99"},"content":"    private static String getFirstWord(String input) {","lastModifiedDate":"2022-01-21"},{"lineNumber":125,"author":{"gitId":"janald99"},"content":"        String[] arr \u003d parseInput(input);","lastModifiedDate":"2022-01-21"},{"lineNumber":126,"author":{"gitId":"janald99"},"content":"        return arr[0].toLowerCase();","lastModifiedDate":"2022-01-21"},{"lineNumber":127,"author":{"gitId":"janald99"},"content":"    }","lastModifiedDate":"2022-01-18"},{"lineNumber":128,"author":{"gitId":"janald99"},"content":"","lastModifiedDate":"2022-01-18"},{"lineNumber":129,"author":{"gitId":"janald99"},"content":"    private static void mark(String input) {","lastModifiedDate":"2022-01-21"},{"lineNumber":130,"author":{"gitId":"janald99"},"content":"        try {","lastModifiedDate":"2022-01-20"},{"lineNumber":131,"author":{"gitId":"janald99"},"content":"            String[] words \u003d input.split(\" \", 2);","lastModifiedDate":"2022-01-18"},{"lineNumber":132,"author":{"gitId":"janald99"},"content":"            // the second word is expected to be a number for now","lastModifiedDate":"2022-01-18"},{"lineNumber":133,"author":{"gitId":"janald99"},"content":"            if (words.length \u003c\u003d 1) {","lastModifiedDate":"2022-01-20"},{"lineNumber":134,"author":{"gitId":"janald99"},"content":"                throw new InvalidArgumentException(\"Excuse me, but mark what?\");","lastModifiedDate":"2022-01-20"},{"lineNumber":135,"author":{"gitId":"janald99"},"content":"            }","lastModifiedDate":"2022-01-20"},{"lineNumber":136,"author":{"gitId":"janald99"},"content":"            int taskNumber \u003d Integer.parseInt(words[1]);","lastModifiedDate":"2022-01-18"},{"lineNumber":137,"author":{"gitId":"janald99"},"content":"            if (taskNumber \u003e list.size() || taskNumber \u003c\u003d 0)","lastModifiedDate":"2022-01-21"},{"lineNumber":138,"author":{"gitId":"janald99"},"content":"                throw new OutOfBoundsException(String.format(\"The task %d does not exist!\", taskNumber));","lastModifiedDate":"2022-01-20"},{"lineNumber":139,"author":{"gitId":"janald99"},"content":"            list.get(taskNumber - 1).markAsDone();","lastModifiedDate":"2022-01-21"},{"lineNumber":140,"author":{"gitId":"janald99"},"content":"            System.out.println(\"Nice! I\u0027ve marked this task as done:\");","lastModifiedDate":"2022-01-20"},{"lineNumber":141,"author":{"gitId":"janald99"},"content":"            System.out.println(Duke.getTaskStatement(taskNumber - 1));","lastModifiedDate":"2022-01-21"},{"lineNumber":142,"author":{"gitId":"janald99"},"content":"        } catch (OutOfBoundsException e) {","lastModifiedDate":"2022-01-20"},{"lineNumber":143,"author":{"gitId":"janald99"},"content":"            System.out.println(e.getMessage());","lastModifiedDate":"2022-01-20"},{"lineNumber":144,"author":{"gitId":"janald99"},"content":"        } catch (InvalidArgumentException e) {","lastModifiedDate":"2022-01-20"},{"lineNumber":145,"author":{"gitId":"janald99"},"content":"            System.out.println(e.getMessage());","lastModifiedDate":"2022-01-20"},{"lineNumber":146,"author":{"gitId":"janald99"},"content":"        }","lastModifiedDate":"2022-01-20"},{"lineNumber":147,"author":{"gitId":"janald99"},"content":"    }","lastModifiedDate":"2022-01-18"},{"lineNumber":148,"author":{"gitId":"janald99"},"content":"","lastModifiedDate":"2022-01-18"},{"lineNumber":149,"author":{"gitId":"janald99"},"content":"    private static void unmark(String input) {","lastModifiedDate":"2022-01-21"},{"lineNumber":150,"author":{"gitId":"janald99"},"content":"        try {","lastModifiedDate":"2022-01-20"},{"lineNumber":151,"author":{"gitId":"janald99"},"content":"            String[] words \u003d input.split(\" \", 2);","lastModifiedDate":"2022-01-18"},{"lineNumber":152,"author":{"gitId":"janald99"},"content":"            if (words.length \u003c\u003d 1) {","lastModifiedDate":"2022-01-20"},{"lineNumber":153,"author":{"gitId":"janald99"},"content":"                throw new InvalidArgumentException(\"Excuse me, but mark what?\");","lastModifiedDate":"2022-01-20"},{"lineNumber":154,"author":{"gitId":"janald99"},"content":"            }","lastModifiedDate":"2022-01-20"},{"lineNumber":155,"author":{"gitId":"janald99"},"content":"            int taskNumber \u003d Integer.parseInt(words[1]);","lastModifiedDate":"2022-01-18"},{"lineNumber":156,"author":{"gitId":"janald99"},"content":"            if (taskNumber \u003e list.size() || taskNumber \u003c\u003d 0)","lastModifiedDate":"2022-01-21"},{"lineNumber":157,"author":{"gitId":"janald99"},"content":"                throw new OutOfBoundsException(String.format(\"The task %d does not exist!\", taskNumber));","lastModifiedDate":"2022-01-20"},{"lineNumber":158,"author":{"gitId":"janald99"},"content":"            list.get(taskNumber - 1).markAsUndone();","lastModifiedDate":"2022-01-21"},{"lineNumber":159,"author":{"gitId":"janald99"},"content":"            System.out.println(\"OK, I\u0027ve marked this task as not done yet:\");","lastModifiedDate":"2022-01-20"},{"lineNumber":160,"author":{"gitId":"janald99"},"content":"            System.out.println(getTaskStatement(taskNumber - 1));","lastModifiedDate":"2022-01-21"},{"lineNumber":161,"author":{"gitId":"janald99"},"content":"        } catch (OutOfBoundsException | InvalidArgumentException e) {","lastModifiedDate":"2022-01-21"},{"lineNumber":162,"author":{"gitId":"janald99"},"content":"            System.out.println(e.getMessage());","lastModifiedDate":"2022-01-20"},{"lineNumber":163,"author":{"gitId":"janald99"},"content":"        }","lastModifiedDate":"2022-01-20"},{"lineNumber":164,"author":{"gitId":"janald99"},"content":"    }","lastModifiedDate":"2022-01-18"},{"lineNumber":165,"author":{"gitId":"janald99"},"content":"    private static void delete(String input) {","lastModifiedDate":"2022-01-21"},{"lineNumber":166,"author":{"gitId":"janald99"},"content":"        try {","lastModifiedDate":"2022-01-20"},{"lineNumber":167,"author":{"gitId":"janald99"},"content":"            String[] words \u003d input.split(\" \", 2);","lastModifiedDate":"2022-01-20"},{"lineNumber":168,"author":{"gitId":"janald99"},"content":"            if (words.length \u003c\u003d 1) {","lastModifiedDate":"2022-01-20"},{"lineNumber":169,"author":{"gitId":"janald99"},"content":"                throw new InvalidArgumentException(\"Excuse me, but delete what?\");","lastModifiedDate":"2022-01-20"},{"lineNumber":170,"author":{"gitId":"janald99"},"content":"            }","lastModifiedDate":"2022-01-20"},{"lineNumber":171,"author":{"gitId":"janald99"},"content":"            int taskNumber \u003d Integer.parseInt(words[1]);","lastModifiedDate":"2022-01-20"},{"lineNumber":172,"author":{"gitId":"janald99"},"content":"            if (taskNumber \u003e list.size() || taskNumber \u003c\u003d 0)","lastModifiedDate":"2022-01-21"},{"lineNumber":173,"author":{"gitId":"janald99"},"content":"                throw new OutOfBoundsException(String.format(\"Cannot delete\" +","lastModifiedDate":"2022-01-20"},{"lineNumber":174,"author":{"gitId":"janald99"},"content":"                        \" as task %d does not exist!\", taskNumber));","lastModifiedDate":"2022-01-20"},{"lineNumber":175,"author":{"gitId":"janald99"},"content":"            System.out.println(\"Noted. I\u0027ve removed this task:\");","lastModifiedDate":"2022-01-20"},{"lineNumber":176,"author":{"gitId":"janald99"},"content":"            System.out.println(getTaskStatement(taskNumber - 1));","lastModifiedDate":"2022-01-20"},{"lineNumber":177,"author":{"gitId":"janald99"},"content":"            list.remove(taskNumber - 1);","lastModifiedDate":"2022-01-21"},{"lineNumber":178,"author":{"gitId":"janald99"},"content":"            printTaskCount();","lastModifiedDate":"2022-01-20"},{"lineNumber":179,"author":{"gitId":"janald99"},"content":"        } catch (OutOfBoundsException | InvalidArgumentException e) {","lastModifiedDate":"2022-01-21"},{"lineNumber":180,"author":{"gitId":"janald99"},"content":"            System.out.println(e.getMessage());","lastModifiedDate":"2022-01-20"},{"lineNumber":181,"author":{"gitId":"janald99"},"content":"        }","lastModifiedDate":"2022-01-20"},{"lineNumber":182,"author":{"gitId":"janald99"},"content":"    }","lastModifiedDate":"2022-01-20"},{"lineNumber":183,"author":{"gitId":"janald99"},"content":"","lastModifiedDate":"2022-01-20"},{"lineNumber":184,"author":{"gitId":"-"},"content":"    public static void main(String[] args) {","lastModifiedDate":"2022-01-18"},{"lineNumber":185,"author":{"gitId":"janald99"},"content":"        Duke.greet();","lastModifiedDate":"2022-01-18"},{"lineNumber":186,"author":{"gitId":"janald99"},"content":"        Scanner sc \u003d new Scanner(System.in);","lastModifiedDate":"2022-01-18"},{"lineNumber":187,"author":{"gitId":"janald99"},"content":"        String input \u003d sc.nextLine();","lastModifiedDate":"2022-01-18"},{"lineNumber":188,"author":{"gitId":"janald99"},"content":"        while (!input.equals(\"bye\")) {  //terminates system when user says bye","lastModifiedDate":"2022-01-18"},{"lineNumber":189,"author":{"gitId":"janald99"},"content":"            String action \u003d Duke.getFirstWord(input);","lastModifiedDate":"2022-01-18"},{"lineNumber":190,"author":{"gitId":"janald99"},"content":"            Duke.performAction(action, input);","lastModifiedDate":"2022-01-21"},{"lineNumber":191,"author":{"gitId":"janald99"},"content":"            System.out.println(\"\\n\");","lastModifiedDate":"2022-01-19"},{"lineNumber":192,"author":{"gitId":"janald99"},"content":"            input \u003d sc.nextLine();","lastModifiedDate":"2022-01-18"},{"lineNumber":193,"author":{"gitId":"janald99"},"content":"        }","lastModifiedDate":"2022-01-18"},{"lineNumber":194,"author":{"gitId":"janald99"},"content":"        sc.close();","lastModifiedDate":"2022-01-18"},{"lineNumber":195,"author":{"gitId":"janald99"},"content":"        Duke.farewell();","lastModifiedDate":"2022-01-18"},{"lineNumber":196,"author":{"gitId":"-"},"content":"    }","lastModifiedDate":"2019-07-29"},{"lineNumber":197,"author":{"gitId":"-"},"content":"}","lastModifiedDate":"2019-07-29"}],"authorContributionMap":{"janald99":193,"-":4}},{"path":"src/main/java/DukeException.java","fileType":"java","lines":[{"lineNumber":1,"author":{"gitId":"janald99"},"content":"public class DukeException extends Exception {","lastModifiedDate":"2022-01-20"},{"lineNumber":2,"author":{"gitId":"janald99"},"content":"","lastModifiedDate":"2022-01-20"},{"lineNumber":3,"author":{"gitId":"janald99"},"content":"    public DukeException(String message) {","lastModifiedDate":"2022-01-20"},{"lineNumber":4,"author":{"gitId":"janald99"},"content":"        super(message);","lastModifiedDate":"2022-01-20"},{"lineNumber":5,"author":{"gitId":"janald99"},"content":"    }","lastModifiedDate":"2022-01-20"},{"lineNumber":6,"author":{"gitId":"janald99"},"content":"","lastModifiedDate":"2022-01-20"},{"lineNumber":7,"author":{"gitId":"janald99"},"content":"}","lastModifiedDate":"2022-01-20"}],"authorContributionMap":{"janald99":7}},{"path":"src/main/java/Event.java","fileType":"java","lines":[{"lineNumber":1,"author":{"gitId":"janald99"},"content":"public class Event extends Task{","lastModifiedDate":"2022-01-19"},{"lineNumber":2,"author":{"gitId":"janald99"},"content":"    protected String at;","lastModifiedDate":"2022-01-19"},{"lineNumber":3,"author":{"gitId":"janald99"},"content":"","lastModifiedDate":"2022-01-19"},{"lineNumber":4,"author":{"gitId":"janald99"},"content":"    public Event(String description, String at) {","lastModifiedDate":"2022-01-19"},{"lineNumber":5,"author":{"gitId":"janald99"},"content":"        super(description);","lastModifiedDate":"2022-01-19"},{"lineNumber":6,"author":{"gitId":"janald99"},"content":"        this.at \u003d at;","lastModifiedDate":"2022-01-19"},{"lineNumber":7,"author":{"gitId":"janald99"},"content":"    }","lastModifiedDate":"2022-01-19"},{"lineNumber":8,"author":{"gitId":"janald99"},"content":"","lastModifiedDate":"2022-01-19"},{"lineNumber":9,"author":{"gitId":"janald99"},"content":"    @Override","lastModifiedDate":"2022-01-19"},{"lineNumber":10,"author":{"gitId":"janald99"},"content":"    public String toString() {","lastModifiedDate":"2022-01-19"},{"lineNumber":11,"author":{"gitId":"janald99"},"content":"        return \"[E]\" + super.toString() + \" (at: \" + this.at + \")\";","lastModifiedDate":"2022-01-19"},{"lineNumber":12,"author":{"gitId":"janald99"},"content":"    }","lastModifiedDate":"2022-01-19"},{"lineNumber":13,"author":{"gitId":"janald99"},"content":"}","lastModifiedDate":"2022-01-19"}],"authorContributionMap":{"janald99":13}},{"path":"src/main/java/InvalidArgumentException.java","fileType":"java","lines":[{"lineNumber":1,"author":{"gitId":"janald99"},"content":"public class InvalidArgumentException extends DukeException {","lastModifiedDate":"2022-01-20"},{"lineNumber":2,"author":{"gitId":"janald99"},"content":"","lastModifiedDate":"2022-01-20"},{"lineNumber":3,"author":{"gitId":"janald99"},"content":"    public InvalidArgumentException(String message) {","lastModifiedDate":"2022-01-20"},{"lineNumber":4,"author":{"gitId":"janald99"},"content":"        super(message);","lastModifiedDate":"2022-01-20"},{"lineNumber":5,"author":{"gitId":"janald99"},"content":"    }","lastModifiedDate":"2022-01-20"},{"lineNumber":6,"author":{"gitId":"janald99"},"content":"","lastModifiedDate":"2022-01-20"},{"lineNumber":7,"author":{"gitId":"janald99"},"content":"}","lastModifiedDate":"2022-01-20"}],"authorContributionMap":{"janald99":7}},{"path":"src/main/java/OutOfBoundsException.java","fileType":"java","lines":[{"lineNumber":1,"author":{"gitId":"janald99"},"content":"public class OutOfBoundsException extends DukeException {","lastModifiedDate":"2022-01-20"},{"lineNumber":2,"author":{"gitId":"janald99"},"content":"","lastModifiedDate":"2022-01-20"},{"lineNumber":3,"author":{"gitId":"janald99"},"content":"    public OutOfBoundsException(String message) {","lastModifiedDate":"2022-01-20"},{"lineNumber":4,"author":{"gitId":"janald99"},"content":"        super(message);","lastModifiedDate":"2022-01-20"},{"lineNumber":5,"author":{"gitId":"janald99"},"content":"    }","lastModifiedDate":"2022-01-20"},{"lineNumber":6,"author":{"gitId":"janald99"},"content":"","lastModifiedDate":"2022-01-20"},{"lineNumber":7,"author":{"gitId":"janald99"},"content":"}","lastModifiedDate":"2022-01-20"}],"authorContributionMap":{"janald99":7}},{"path":"src/main/java/Task.java","fileType":"java","lines":[{"lineNumber":1,"author":{"gitId":"janald99"},"content":"public class Task {","lastModifiedDate":"2022-01-18"},{"lineNumber":2,"author":{"gitId":"janald99"},"content":"    protected String description;","lastModifiedDate":"2022-01-18"},{"lineNumber":3,"author":{"gitId":"janald99"},"content":"    protected boolean isDone;","lastModifiedDate":"2022-01-18"},{"lineNumber":4,"author":{"gitId":"janald99"},"content":"","lastModifiedDate":"2022-01-18"},{"lineNumber":5,"author":{"gitId":"janald99"},"content":"    public Task(String description) {","lastModifiedDate":"2022-01-18"},{"lineNumber":6,"author":{"gitId":"janald99"},"content":"        this.description \u003d description;","lastModifiedDate":"2022-01-18"},{"lineNumber":7,"author":{"gitId":"janald99"},"content":"        this.isDone \u003d false;","lastModifiedDate":"2022-01-18"},{"lineNumber":8,"author":{"gitId":"janald99"},"content":"    }","lastModifiedDate":"2022-01-18"},{"lineNumber":9,"author":{"gitId":"janald99"},"content":"","lastModifiedDate":"2022-01-18"},{"lineNumber":10,"author":{"gitId":"janald99"},"content":"    public String getStatusIcon() {","lastModifiedDate":"2022-01-18"},{"lineNumber":11,"author":{"gitId":"janald99"},"content":"        return isDone? \"X\" : \" \";","lastModifiedDate":"2022-01-18"},{"lineNumber":12,"author":{"gitId":"janald99"},"content":"    }","lastModifiedDate":"2022-01-18"},{"lineNumber":13,"author":{"gitId":"janald99"},"content":"","lastModifiedDate":"2022-01-18"},{"lineNumber":14,"author":{"gitId":"janald99"},"content":"    public void markAsDone() {","lastModifiedDate":"2022-01-18"},{"lineNumber":15,"author":{"gitId":"janald99"},"content":"        this.isDone \u003d true;","lastModifiedDate":"2022-01-18"},{"lineNumber":16,"author":{"gitId":"janald99"},"content":"    }","lastModifiedDate":"2022-01-18"},{"lineNumber":17,"author":{"gitId":"janald99"},"content":"    public void markAsUndone() {","lastModifiedDate":"2022-01-18"},{"lineNumber":18,"author":{"gitId":"janald99"},"content":"        this.isDone \u003d false;","lastModifiedDate":"2022-01-18"},{"lineNumber":19,"author":{"gitId":"janald99"},"content":"    }","lastModifiedDate":"2022-01-18"},{"lineNumber":20,"author":{"gitId":"janald99"},"content":"","lastModifiedDate":"2022-01-19"},{"lineNumber":21,"author":{"gitId":"janald99"},"content":"    @Override","lastModifiedDate":"2022-01-19"},{"lineNumber":22,"author":{"gitId":"janald99"},"content":"    public String toString() {","lastModifiedDate":"2022-01-19"},{"lineNumber":23,"author":{"gitId":"janald99"},"content":"        return \"[\" + this.getStatusIcon() + \"] \" + this.description;","lastModifiedDate":"2022-01-19"},{"lineNumber":24,"author":{"gitId":"janald99"},"content":"    }","lastModifiedDate":"2022-01-19"},{"lineNumber":25,"author":{"gitId":"janald99"},"content":"}","lastModifiedDate":"2022-01-18"}],"authorContributionMap":{"janald99":25}},{"path":"src/main/java/Todo.java","fileType":"java","lines":[{"lineNumber":1,"author":{"gitId":"janald99"},"content":"public class Todo extends Task {","lastModifiedDate":"2022-01-19"},{"lineNumber":2,"author":{"gitId":"janald99"},"content":"","lastModifiedDate":"2022-01-19"},{"lineNumber":3,"author":{"gitId":"janald99"},"content":"    public Todo(String description) {","lastModifiedDate":"2022-01-19"},{"lineNumber":4,"author":{"gitId":"janald99"},"content":"        super(description);","lastModifiedDate":"2022-01-19"},{"lineNumber":5,"author":{"gitId":"janald99"},"content":"    }","lastModifiedDate":"2022-01-19"},{"lineNumber":6,"author":{"gitId":"janald99"},"content":"","lastModifiedDate":"2022-01-19"},{"lineNumber":7,"author":{"gitId":"janald99"},"content":"    @Override","lastModifiedDate":"2022-01-19"},{"lineNumber":8,"author":{"gitId":"janald99"},"content":"    public String toString() {","lastModifiedDate":"2022-01-19"},{"lineNumber":9,"author":{"gitId":"janald99"},"content":"        return \"[T]\" + super.toString();","lastModifiedDate":"2022-01-19"},{"lineNumber":10,"author":{"gitId":"janald99"},"content":"    }","lastModifiedDate":"2022-01-19"},{"lineNumber":11,"author":{"gitId":"janald99"},"content":"}","lastModifiedDate":"2022-01-19"}],"authorContributionMap":{"janald99":11}},{"path":"src/main/java/UnknownException.java","fileType":"java","lines":[{"lineNumber":1,"author":{"gitId":"janald99"},"content":"public class UnknownException extends DukeException {","lastModifiedDate":"2022-01-20"},{"lineNumber":2,"author":{"gitId":"janald99"},"content":"","lastModifiedDate":"2022-01-20"},{"lineNumber":3,"author":{"gitId":"janald99"},"content":"    public UnknownException(String message) {","lastModifiedDate":"2022-01-20"},{"lineNumber":4,"author":{"gitId":"janald99"},"content":"        super(message);","lastModifiedDate":"2022-01-20"},{"lineNumber":5,"author":{"gitId":"janald99"},"content":"    }","lastModifiedDate":"2022-01-20"},{"lineNumber":6,"author":{"gitId":"janald99"},"content":"}","lastModifiedDate":"2022-01-20"}],"authorContributionMap":{"janald99":6}},{"path":"text-ui-test/input.txt","fileType":"txt","lines":[{"lineNumber":1,"author":{"gitId":"janald99"},"content":"drink coffee","lastModifiedDate":"2022-01-19"},{"lineNumber":2,"author":{"gitId":"janald99"},"content":"todo borrow book","lastModifiedDate":"2022-01-19"},{"lineNumber":3,"author":{"gitId":"janald99"},"content":"deadline return book /by Sunday","lastModifiedDate":"2022-01-19"},{"lineNumber":4,"author":{"gitId":"janald99"},"content":"event project meeting /at Mon 2-4pm","lastModifiedDate":"2022-01-19"},{"lineNumber":5,"author":{"gitId":"janald99"},"content":"mark 1","lastModifiedDate":"2022-01-20"},{"lineNumber":6,"author":{"gitId":"janald99"},"content":"mark 5","lastModifiedDate":"2022-01-20"},{"lineNumber":7,"author":{"gitId":"janald99"},"content":"mark 3","lastModifiedDate":"2022-01-20"},{"lineNumber":8,"author":{"gitId":"janald99"},"content":"list","lastModifiedDate":"2022-01-19"},{"lineNumber":9,"author":{"gitId":"janald99"},"content":"unmark 1","lastModifiedDate":"2022-01-20"},{"lineNumber":10,"author":{"gitId":"janald99"},"content":"list","lastModifiedDate":"2022-01-20"},{"lineNumber":11,"author":{"gitId":"janald99"},"content":"delete 2","lastModifiedDate":"2022-01-20"},{"lineNumber":12,"author":{"gitId":"janald99"},"content":"list","lastModifiedDate":"2022-01-19"},{"lineNumber":13,"author":{"gitId":"janald99"},"content":"bye","lastModifiedDate":"2022-01-19"}],"authorContributionMap":{"janald99":13}}]
