{"authorDailyContributionsMap":{"janald99":[{"date":"2022-01-18","commitResults":[{"hash":"16f598140c6444b51d33f4abd36ef42b16d619c7","messageTitle":"Level 1. Greet, Echo, Exit.","messageBody":"","tags":["Level-1"],"fileTypesAndContributionMap":{"java":{"insertions":19,"deletions":6}}},{"hash":"a9ef810458f1a2a3edfbdbe5f01f5a6b961118e7","messageTitle":"Introduced OOP principles, progress on lvl 2","messageBody":"","fileTypesAndContributionMap":{"java":{"insertions":17,"deletions":9}}},{"hash":"0d3318a345201c8afea8092dafe8aa9a6e7af747","messageTitle":"Level 2. Add, List","messageBody":"","tags":["Level-2"],"fileTypesAndContributionMap":{"java":{"insertions":21,"deletions":5}}},{"hash":"e40e6b7c4e5f68cf12be58729a0ba1162147746b","messageTitle":"Level 3. Mark as Done","messageBody":"","tags":["Level-3"],"fileTypesAndContributionMap":{"java":{"insertions":72,"deletions":7}}},{"hash":"ebef7863e825d9218710981ddfe28ef06488fc0a","messageTitle":"Added task file","messageBody":"","fileTypesAndContributionMap":{"java":{"insertions":19,"deletions":1}}},{"hash":"35a4f9d1976b9e30ef2d0354023d1f8435fd208d","messageTitle":"Level 3. Mark as Done","messageBody":"","fileTypesAndContributionMap":{"java":{"insertions":1,"deletions":1}}},{"hash":"97cd466bfaadd106b510c504e0193646125ab178","messageTitle":"Revert \"Level 3. Mark as Done\"","messageBody":"This reverts commit 35a4f9d1976b9e30ef2d0354023d1f8435fd208d.\n","fileTypesAndContributionMap":{"java":{"insertions":1,"deletions":1}}}]},{"date":"2022-01-19","commitResults":[{"hash":"107309e13bc9bfdd451b64d3a0772b2d0d8533ca","messageTitle":"Added task children classes: Deadline, Todo, Event, added toString() to Task","messageBody":"","fileTypesAndContributionMap":{"java":{"insertions":48,"deletions":11}}},{"hash":"6a2ea145b92a9874a0b01fba49b9f61d55523ceb","messageTitle":"Level 4. ToDos, Events, Deadlines","messageBody":"","tags":["Level-4"],"fileTypesAndContributionMap":{"java":{"insertions":31,"deletions":5}}},{"hash":"6b163a01afdd789c04743e79b04128eb21cca0c2","messageTitle":"Abstract actions into one method and clean main","messageBody":"","fileTypesAndContributionMap":{"java":{"insertions":19,"deletions":13}}},{"hash":"183750788dcb5a1ef10a41ab2331bbb50620df3f","messageTitle":"Automated Text UI Testing. Also fixed string typos in Duke","messageBody":"","tags":["A-TextUiTesting"],"fileTypesAndContributionMap":{"txt":{"insertions":9,"deletions":0},"java":{"insertions":11,"deletions":27}}}]},{"date":"2022-01-20","commitResults":[{"hash":"cc17eb9a07188b5fa32c03d852c93edb8d676231","messageTitle":"Progress on handling exceptions, yet to organize them.","messageBody":"","fileTypesAndContributionMap":{"java":{"insertions":129,"deletions":31}}},{"hash":"348b57cd68287a80ad055da31c5b002ea135ae21","messageTitle":"Level 5. Handle Errors","messageBody":"","tags":["Level-5"],"fileTypesAndContributionMap":{"java":{"insertions":8,"deletions":7}}},{"hash":"ea39eafd39e61cbe18361bfca28523db5cb754be","messageTitle":"Level 6. Delete","messageBody":"","tags":["Level-6"],"fileTypesAndContributionMap":{"txt":{"insertions":6,"deletions":2},"java":{"insertions":55,"deletions":21}}}]},{"date":"2022-01-21","commitResults":[{"hash":"d212bfa8195dbeda87d1f7b455c5d96c3b35d82c","messageTitle":"Change to static","messageBody":"","fileTypesAndContributionMap":{"java":{"insertions":34,"deletions":43}}},{"hash":"ac35c78362ade8636dbd2c411a5fe154d4979faa","messageTitle":"Edit exceptions, improve getFirstWord method","messageBody":"","fileTypesAndContributionMap":{"java":{"insertions":7,"deletions":28}}}]},{"date":"2022-01-26","commitResults":[{"hash":"165e4edcec8817b1762b4bdaa13ccaf353c2f0ef","messageTitle":"Fix switch and if statement indentations","messageBody":"","fileTypesAndContributionMap":{"java":{"insertions":14,"deletions":12}}}]},{"date":"2022-01-28","commitResults":[{"hash":"c5e2b2b9b065886b96f43d0597cea38d4166b3bb","messageTitle":"Clean up Duke class and Update Expected.txt","messageBody":"","fileTypesAndContributionMap":{"java":{"insertions":79,"deletions":87}}},{"hash":"f265d9164a35b8b898122cc58c92eb2b2cfa8493","messageTitle":"Edit String[] inputWords so that it does not only split into 2","messageBody":"","fileTypesAndContributionMap":{"java":{"insertions":1,"deletions":1}}}]},{"date":"2022-01-29","commitResults":[{"hash":"51c690988cfd83cf6bd404cb3e8c21d736beec75","messageTitle":"Level-7. Add storage class and Tasklist class to improve OOP","messageBody":"","fileTypesAndContributionMap":{"txt":{"insertions":0,"deletions":0},"java":{"insertions":337,"deletions":140}}},{"hash":"a304369c797324233aed94c462e7fc0fa986d026","messageTitle":"Handle FileNotFoundException","messageBody":"","fileTypesAndContributionMap":{"java":{"insertions":3,"deletions":3}}},{"hash":"8189377c3cb7a57274ffb0ff8b91aef34ccceda2","messageTitle":"Level-8. Utilize LocalDateTime class to recognize deadline in Deadline","messageBody":"","fileTypesAndContributionMap":{"java":{"insertions":15,"deletions":1}}},{"hash":"efdb141768cdcd6e24b940e1da8a143a8e8fddf5","messageTitle":"Change filepath","messageBody":"","fileTypesAndContributionMap":{"java":{"insertions":1,"deletions":1}}}]},{"date":"2022-01-30","commitResults":[{"hash":"9fc20e603d0685f89910b8b2b1b2be1dbf43e115","messageTitle":"Add Ui class and change Storage constructor parameter","messageBody":"","fileTypesAndContributionMap":{"java":{"insertions":67,"deletions":51}}},{"hash":"020132e5229d36c02cc13452d1fb6580370750c6","messageTitle":"Improve OOP, Fix bug at Storage filepath.","messageBody":"","fileTypesAndContributionMap":{"java":{"insertions":312,"deletions":200}}}]},{"date":"2022-01-31","commitResults":[{"hash":"f0f83538e481dc3162ba5598442dbf2e87a6d1e3","messageTitle":"Encapsulate more messages into Messages","messageBody":"","fileTypesAndContributionMap":{"java":{"insertions":62,"deletions":30}}},{"hash":"9dd62b1e583ae5313c3a54639313ca95fa8f3bcf","messageTitle":"Improve Ui and Message implementation","messageBody":"","fileTypesAndContributionMap":{"java":{"insertions":53,"deletions":23}}},{"hash":"a73a38292a83dc6b11548f1a2bbb621b3c6e0015","messageTitle":"Abstracted reading strings to Parser","messageBody":"","fileTypesAndContributionMap":{"java":{"insertions":42,"deletions":27}}},{"hash":"53e7839b63e753783a6f119e372c17ca104fec8f","messageTitle":"Organize classes into packages","messageBody":"","tags":["A-Packages"],"fileTypesAndContributionMap":{"java":{"insertions":112,"deletions":5},"bat":{"insertions":1,"deletions":1},"md":{"insertions":2,"deletions":2}}}]},{"date":"2022-02-01","commitResults":[{"hash":"210db488b373f544fe07f3d43e456a9a6c9f5291","messageTitle":"Add JUnit tests to Parser, Task, Todo classes, and remove TaskList field from Ui class","messageBody":"","fileTypesAndContributionMap":{"java":{"insertions":16,"deletions":0}}},{"hash":"42fe2b904234c39955ac44cb2077ffe6d86ff184","messageTitle":"Add JUnit tests to Parser, Task, Todo classes, and Remove TaskList field from Ui class","messageBody":"","tags":["A-JUnit"],"fileTypesAndContributionMap":{"java":{"insertions":113,"deletions":6}}},{"hash":"55e50901eefa8f38d5035bd5d6bd749b46cc565b","messageTitle":"Add JavaDocs","messageBody":"","fileTypesAndContributionMap":{"java":{"insertions":230,"deletions":2}}},{"hash":"543fd24f049f707f332278dcec3dfd07987d419e","messageTitle":"Comply to Java Coding Standards","messageBody":"","fileTypesAndContributionMap":{"java":{"insertions":110,"deletions":87}}},{"hash":"9627713700b5c0b073e5f730dddf5b53857cea81","messageTitle":"Comply to switch statement coding style","messageBody":"","tags":["A-CodingStandard"],"fileTypesAndContributionMap":{"java":{"insertions":2,"deletions":0}}}]},{"date":"2022-02-02","commitResults":[{"hash":"5a9db6b89a260228b4950d5e2034b61669d4884d","messageTitle":"Add find command for users to find a task by searching for a keyword","messageBody":"","fileTypesAndContributionMap":{"java":{"insertions":67,"deletions":10}}},{"hash":"a562a6e177923703613858333d5bce6f72dbd3b9","messageTitle":"Remove divider when there is InvalidCommand","messageBody":"","fileTypesAndContributionMap":{"java":{"insertions":1,"deletions":1}}}]},{"date":"2022-02-06","commitResults":[{"hash":"bf32772cac86f9696d5f04cbb20c7cbe0aa39618","messageTitle":"Rename test/duke to test/java to match convention","messageBody":"","fileTypesAndContributionMap":{"java":{"insertions":0,"deletions":0}}},{"hash":"1a93785cfe43ac35e16ee982532e7a8642d3784c","messageTitle":"Edited Code Style to comply to Coding Standards using CheckStyle","messageBody":"","fileTypesAndContributionMap":{"java":{"insertions":178,"deletions":127}}},{"hash":"12ec69dcb1ef4e214246f314b9f1de2f8070bc2e","messageTitle":"Edited more files to comply to Coding Standards","messageBody":"","tags":["A-CheckStyle"],"fileTypesAndContributionMap":{"java":{"insertions":65,"deletions":32}}},{"hash":"c85deda0acee955b00c444f6eb32d217b94dce51","messageTitle":"Edit javaDocs in Ui.java for showToUser method, which uses Varargs","messageBody":"","tags":["A-Varargs"],"fileTypesAndContributionMap":{"java":{"insertions":1,"deletions":1}}}]},{"date":"2022-02-09","commitResults":[{"hash":"c7a0c370378346713e061d75922c40e6a4f6e58e","messageTitle":"Add GUI to Duke","messageBody":"","fileTypesAndContributionMap":{"gradle":{"insertions":21,"deletions":0},"java":{"insertions":229,"deletions":38}}}]},{"date":"2022-02-10","commitResults":[{"hash":"47335f505610134d46f9cb577a98c34123b50f9d","messageTitle":"Add GUI to Duke","messageBody":"","tags":["Level-10"],"fileTypesAndContributionMap":{"gradle":{"insertions":6,"deletions":6},"fxml":{"insertions":35,"deletions":0},"java":{"insertions":287,"deletions":187}}},{"hash":"29c21f75d3d45a6432f0cb7c354d03222b092be8","messageTitle":"Bye command: make platform exit","messageBody":"bye command does not end the program.\n\nAdd Platform.exit in handleUserInput() when user inputs \"bye\".\n\nAdding this exit is better because the user can still input commands\nafter \"bye\" previously. Adding this function would terminate the program\nwhen \"bye\" is executed.\n","fileTypesAndContributionMap":{"java":{"insertions":4,"deletions":0}}},{"hash":"0796e20e492a7326180d28c33ccbc2848e64fb61","messageTitle":"showCommands(): make output more readable","messageBody":"showCommands()\u0027s displayed message is unsightly and not user-friendly.\n\nEdit showCommands() into for loop and change COMMANDS from type String\nto String[]\n\nExtracting COMMANDS into an array helps the showCommands() function to\nprint the list of commands to be updated when a new command is added\ninto the array, by using a for-loop.\n","tags":["A-FullCommitMessage"],"fileTypesAndContributionMap":{"java":{"insertions":14,"deletions":5}}},{"hash":"450f4627e91992846cd22c2ba1027a9cc4b342e1","messageTitle":"Add assertions to Storage.load() and AddCommand switch default cases","messageBody":"","fileTypesAndContributionMap":{"gradle":{"insertions":1,"deletions":0},"java":{"insertions":14,"deletions":31}}}]},{"date":"2022-02-11","commitResults":[{"hash":"95b44780ec9316f6e1394b1d50d6e7cf3eb97ef4","messageTitle":"Add SLAP to Parser and AddCommand","messageBody":"","fileTypesAndContributionMap":{"java":{"insertions":146,"deletions":56}}},{"hash":"100319258019212ec2f869602b126b6f121c7ac3","messageTitle":"Extract method to check if a task number isOutOfBounds, change String output to local variable instead of global for code quality, Add SLAP to Storage class","messageBody":"","fileTypesAndContributionMap":{"java":{"insertions":21,"deletions":8}}},{"hash":"206fa0e115e454368118f72e1322c777c3b6a52c","messageTitle":"Add SLAP to Storage class","messageBody":"","fileTypesAndContributionMap":{"java":{"insertions":80,"deletions":31}}},{"hash":"77133cfcfaa17965bf6abc620b76695b849bb7aa","messageTitle":"Add one more assert and add \"/\" to at and by in Parser","messageBody":"","fileTypesAndContributionMap":{"java":{"insertions":3,"deletions":3}}},{"hash":"f0d38df6653401f6fee9b4fdb4e20f4521595de8","messageTitle":"Remove image background and Change HBox minHeight to USE_PREF_SIZE","messageBody":"","fileTypesAndContributionMap":{"fxml":{"insertions":21,"deletions":7},"java":{"insertions":4,"deletions":4}}},{"hash":"008597633580972456177754ecbc789ebb25a0c1","messageTitle":"Fix bug at Storage by adding a whitespace to split(\"\\\\| \"), Improve GUI appearance","messageBody":"","fileTypesAndContributionMap":{"fxml":{"insertions":8,"deletions":5},"java":{"insertions":1,"deletions":1}}},{"hash":"eb830625c8061a37f14ab1990f00d34aa200fca1","messageTitle":"Change bot name and Images of user and duke","messageBody":"","fileTypesAndContributionMap":{"fxml":{"insertions":2,"deletions":2},"java":{"insertions":1,"deletions":1}}},{"hash":"108a923daf71b52f4567ea616d5f4c5977e9d4ef","messageTitle":"Fix bug at Parser, description can now handle more than one word","messageBody":"","fileTypesAndContributionMap":{"java":{"insertions":1,"deletions":1}}},{"hash":"1f16297f8fac3e5b0c16c26d0f4ac6d981f06339","messageTitle":"Add HelpCommand, edit invalidCommand to ask user to try \u0027help\u0027","messageBody":"","tags":["A-BetterGui"],"fileTypesAndContributionMap":{"fxml":{"insertions":1,"deletions":1},"java":{"insertions":61,"deletions":3}}},{"hash":"a0aa890be0f42e77060243689997011da2550d5a","messageTitle":"Improve CodeQuality, follow CheckStyle","messageBody":"","fileTypesAndContributionMap":{"gradle":{"insertions":4,"deletions":4},"java":{"insertions":93,"deletions":134}}},{"hash":"e145ac014412e3f15ee6cda510a1649fb6b7827e","messageTitle":"Delete unused variables","messageBody":"","fileTypesAndContributionMap":{"java":{"insertions":1,"deletions":16}}},{"hash":"5ca8082653ba7fddcce2b77905fc330cc8229f72","messageTitle":"Add Ui.png, remove Application in Duke, add Title to MainWindow","messageBody":"","fileTypesAndContributionMap":{"fxml":{"insertions":1,"deletions":3},"java":{"insertions":2,"deletions":98}}}]},{"date":"2022-02-12","commitResults":[{"hash":"c94f184e5a0cac97b9d773a31752740b5905d3aa","messageTitle":"Edit javaDoc for isOutOfBounds() method to conform to coding standard","messageBody":"","fileTypesAndContributionMap":{"java":{"insertions":1,"deletions":1}}},{"hash":"2a090d27480f63f86433827b8b2b0c77d3798fb7","messageTitle":"Fix background image zooming in by adding styles.css","messageBody":"","fileTypesAndContributionMap":{"fxml":{"insertions":2,"deletions":2},"java":{"insertions":5,"deletions":0}}},{"hash":"d670be966cc2a8ddd58410561f09edae7c755a6d","messageTitle":"Add background color to textField","messageBody":"","fileTypesAndContributionMap":{"fxml":{"insertions":12,"deletions":5},"java":{"insertions":0,"deletions":2}}},{"hash":"385e3b6f792593ff794279663bd865513cc2b33b","messageTitle":"Improve FindCommand to ignore case of keyword","messageBody":"","fileTypesAndContributionMap":{"java":{"insertions":3,"deletions":2}}},{"hash":"c76549a0fabdbfddfb7be535e44e68dbeb85dd94","messageTitle":"Add a User Guide to README.md","messageBody":"","fileTypesAndContributionMap":{"md":{"insertions":54,"deletions":12}}},{"hash":"64c079a8c5da8f18c3eb7a116ef1eecc03a6d8a4","messageTitle":"Remove comment in Storage","messageBody":"","fileTypesAndContributionMap":{"java":{"insertions":0,"deletions":1}}},{"hash":"8f09f13d22386bde4e698e9391998fa909fa1927","messageTitle":"Update README.md","messageBody":"","fileTypesAndContributionMap":{"md":{"insertions":6,"deletions":1}}},{"hash":"f7643f970355376cd85536020ac1c9f42ea53d90","messageTitle":"Update README.md","messageBody":"","fileTypesAndContributionMap":{"md":{"insertions":3,"deletions":3}}},{"hash":"0c3d0a62436cffda706f6988a18e6f3742c178d1","messageTitle":"Update README.md","messageBody":"","fileTypesAndContributionMap":{"md":{"insertions":4,"deletions":4}}},{"hash":"a152b57e3e4ec36a1ded8ad2aaa255e70d5d6abb","messageTitle":"Fix link in README.md","messageBody":"","fileTypesAndContributionMap":{"md":{"insertions":1,"deletions":1}}},{"hash":"2ae16f7c01ae8c8e29243716eec91cad839cb244","messageTitle":"Add FAQ to README.md","messageBody":"","fileTypesAndContributionMap":{"md":{"insertions":6,"deletions":8}}},{"hash":"c9efd48dc692dc36223ffddc6e17b81610fa64b9","messageTitle":"Update README.md","messageBody":"","fileTypesAndContributionMap":{"md":{"insertions":1,"deletions":1}}},{"hash":"f9ac84c4aa0db7210c3420180ec4744effdcb963","messageTitle":"Fix image in User Guide","messageBody":"","fileTypesAndContributionMap":{"md":{"insertions":1,"deletions":1}}},{"hash":"089bf94caef4f9e623efc8f523158260f36c399d","messageTitle":"Change image in User Guide","messageBody":"","tags":["A-UserGuide","A-Release"],"fileTypesAndContributionMap":{"md":{"insertions":1,"deletions":1}}},{"hash":"fff30b9256cb203a38460a53acaee6f0117e456a","messageTitle":"Fix find command bug where find 0 provides unmarked tasks","messageBody":"","tags":["BCD-Extension"],"fileTypesAndContributionMap":{"java":{"insertions":10,"deletions":1}}},{"hash":"fe75181ec707536848a7a18a15756e9052e355eb","messageTitle":"Add line separate for invalid command message","messageBody":"","fileTypesAndContributionMap":{"java":{"insertions":2,"deletions":1}}}]},{"date":"2022-02-16","commitResults":[{"hash":"ca929ba973ce1d722e46e646903a05a0a24bb187","messageTitle":"Add icon to duke","messageBody":"","fileTypesAndContributionMap":{"java":{"insertions":3,"deletions":0}}}]}]},"authorFileTypeContributionMap":{"janald99":{"java":1718,"md":56,"fxml":57,"sh":0,"bat":1,"gradle":23,"txt":13}},"authorContributionVariance":{"janald99":51387.094},"authorDisplayNameMap":{"janald99":"CS2103T-T11-2 HO Q..NALD"}}
