{"authorDailyContributionsMap":{"janald99":[{"date":"2022-01-18","commitResults":[{"hash":"16f598140c6444b51d33f4abd36ef42b16d619c7","messageTitle":"Level 1. Greet, Echo, Exit.","messageBody":"","tags":["Level-1"],"fileTypesAndContributionMap":{"java":{"insertions":19,"deletions":6}}},{"hash":"a9ef810458f1a2a3edfbdbe5f01f5a6b961118e7","messageTitle":"Introduced OOP principles, progress on lvl 2","messageBody":"","fileTypesAndContributionMap":{"java":{"insertions":17,"deletions":9}}},{"hash":"0d3318a345201c8afea8092dafe8aa9a6e7af747","messageTitle":"Level 2. Add, List","messageBody":"","tags":["Level-2"],"fileTypesAndContributionMap":{"java":{"insertions":21,"deletions":5}}},{"hash":"e40e6b7c4e5f68cf12be58729a0ba1162147746b","messageTitle":"Level 3. Mark as Done","messageBody":"","tags":["Level-3"],"fileTypesAndContributionMap":{"java":{"insertions":72,"deletions":7}}},{"hash":"ebef7863e825d9218710981ddfe28ef06488fc0a","messageTitle":"Added task file","messageBody":"","fileTypesAndContributionMap":{"java":{"insertions":19,"deletions":1}}},{"hash":"35a4f9d1976b9e30ef2d0354023d1f8435fd208d","messageTitle":"Level 3. Mark as Done","messageBody":"","fileTypesAndContributionMap":{"java":{"insertions":1,"deletions":1}}},{"hash":"97cd466bfaadd106b510c504e0193646125ab178","messageTitle":"Revert \"Level 3. Mark as Done\"","messageBody":"This reverts commit 35a4f9d1976b9e30ef2d0354023d1f8435fd208d.\n","fileTypesAndContributionMap":{"java":{"insertions":1,"deletions":1}}}]},{"date":"2022-01-19","commitResults":[{"hash":"107309e13bc9bfdd451b64d3a0772b2d0d8533ca","messageTitle":"Added task children classes: Deadline, Todo, Event, added toString() to Task","messageBody":"","fileTypesAndContributionMap":{"java":{"insertions":48,"deletions":11}}},{"hash":"6a2ea145b92a9874a0b01fba49b9f61d55523ceb","messageTitle":"Level 4. ToDos, Events, Deadlines","messageBody":"","tags":["Level-4"],"fileTypesAndContributionMap":{"java":{"insertions":31,"deletions":5}}},{"hash":"6b163a01afdd789c04743e79b04128eb21cca0c2","messageTitle":"Abstract actions into one method and clean main","messageBody":"","fileTypesAndContributionMap":{"java":{"insertions":19,"deletions":13}}}]}]},"authorFileTypeContributionMap":{"janald99":{"java":195,"md":0,"fxml":0,"sh":0,"bat":0,"gradle":0,"txt":0}},"authorContributionVariance":{"janald99":5470.1387},"authorDisplayNameMap":{"janald99":"HO Q..NALD"}}
