[{"path":"src/main/java/Deadline.java","fileType":"java","lines":[{"lineNumber":1,"author":{"gitId":"yokester98"},"content":"public class Deadline extends Task {","lastModifiedDate":"2022-01-19"},{"lineNumber":2,"author":{"gitId":"yokester98"},"content":"    // attributes","lastModifiedDate":"2022-01-19"},{"lineNumber":3,"author":{"gitId":"yokester98"},"content":"    protected String by;","lastModifiedDate":"2022-01-19"},{"lineNumber":4,"author":{"gitId":"yokester98"},"content":"","lastModifiedDate":"2022-01-19"},{"lineNumber":5,"author":{"gitId":"yokester98"},"content":"    // constructor","lastModifiedDate":"2022-01-19"},{"lineNumber":6,"author":{"gitId":"yokester98"},"content":"    public Deadline(String description, String by) {","lastModifiedDate":"2022-01-19"},{"lineNumber":7,"author":{"gitId":"yokester98"},"content":"        super(description);","lastModifiedDate":"2022-01-19"},{"lineNumber":8,"author":{"gitId":"yokester98"},"content":"        this.by \u003d by;","lastModifiedDate":"2022-01-19"},{"lineNumber":9,"author":{"gitId":"yokester98"},"content":"    }","lastModifiedDate":"2022-01-19"},{"lineNumber":10,"author":{"gitId":"yokester98"},"content":"","lastModifiedDate":"2022-01-19"},{"lineNumber":11,"author":{"gitId":"yokester98"},"content":"    @Override","lastModifiedDate":"2022-01-19"},{"lineNumber":12,"author":{"gitId":"yokester98"},"content":"    public String toString() {","lastModifiedDate":"2022-01-19"},{"lineNumber":13,"author":{"gitId":"yokester98"},"content":"        return \"[D]\" + super.toString() + \" (by:\" + by + \")\";","lastModifiedDate":"2022-01-19"},{"lineNumber":14,"author":{"gitId":"yokester98"},"content":"    }","lastModifiedDate":"2022-01-19"},{"lineNumber":15,"author":{"gitId":"yokester98"},"content":"}","lastModifiedDate":"2022-01-19"}],"authorContributionMap":{"yokester98":15}},{"path":"src/main/java/Duke.java","fileType":"java","lines":[{"lineNumber":1,"author":{"gitId":"yokester98"},"content":"import java.util.Scanner;","lastModifiedDate":"2022-01-18"},{"lineNumber":2,"author":{"gitId":"yokester98"},"content":"import java.util.ArrayList;","lastModifiedDate":"2022-01-18"},{"lineNumber":3,"author":{"gitId":"yokester98"},"content":"","lastModifiedDate":"2022-01-18"},{"lineNumber":4,"author":{"gitId":"-"},"content":"public class Duke {","lastModifiedDate":"2019-07-29"},{"lineNumber":5,"author":{"gitId":"yokester98"},"content":"    // Attributes","lastModifiedDate":"2022-01-18"},{"lineNumber":6,"author":{"gitId":"yokester98"},"content":"    public static String LINE \u003d \"____________________________________________________________\";","lastModifiedDate":"2022-01-18"},{"lineNumber":7,"author":{"gitId":"yokester98"},"content":"    public static ArrayList\u003cTask\u003e LIST \u003d new ArrayList\u003c\u003e();","lastModifiedDate":"2022-01-18"},{"lineNumber":8,"author":{"gitId":"yokester98"},"content":"","lastModifiedDate":"2022-01-18"},{"lineNumber":9,"author":{"gitId":"yokester98"},"content":"    /**","lastModifiedDate":"2022-01-25"},{"lineNumber":10,"author":{"gitId":"yokester98"},"content":"     * Prints out the greeting message","lastModifiedDate":"2022-01-25"},{"lineNumber":11,"author":{"gitId":"yokester98"},"content":"     */","lastModifiedDate":"2022-01-25"},{"lineNumber":12,"author":{"gitId":"yokester98"},"content":"    public static void greet() {","lastModifiedDate":"2022-01-18"},{"lineNumber":13,"author":{"gitId":"yokester98"},"content":"        System.out.println(LINE + \"\\n Hello! I\u0027m Duke\\n What can I do for you?\\n\" + LINE);","lastModifiedDate":"2022-01-18"},{"lineNumber":14,"author":{"gitId":"yokester98"},"content":"    }","lastModifiedDate":"2022-01-18"},{"lineNumber":15,"author":{"gitId":"yokester98"},"content":"","lastModifiedDate":"2022-01-18"},{"lineNumber":16,"author":{"gitId":"yokester98"},"content":"    /**","lastModifiedDate":"2022-01-25"},{"lineNumber":17,"author":{"gitId":"yokester98"},"content":"     * Adds a Todo task to the tasklist","lastModifiedDate":"2022-01-25"},{"lineNumber":18,"author":{"gitId":"yokester98"},"content":"     *","lastModifiedDate":"2022-01-25"},{"lineNumber":19,"author":{"gitId":"yokester98"},"content":"     * @param task  the task to be added to the list","lastModifiedDate":"2022-01-25"},{"lineNumber":20,"author":{"gitId":"yokester98"},"content":"     */","lastModifiedDate":"2022-01-25"},{"lineNumber":21,"author":{"gitId":"yokester98"},"content":"    public static void addTodo(String task) {","lastModifiedDate":"2022-01-25"},{"lineNumber":22,"author":{"gitId":"yokester98"},"content":"        LIST.add(new Todo(task));","lastModifiedDate":"2022-01-25"},{"lineNumber":23,"author":{"gitId":"yokester98"},"content":"        System.out.println(LINE);","lastModifiedDate":"2022-01-20"},{"lineNumber":24,"author":{"gitId":"yokester98"},"content":"        System.out.println(\" Got it. I\u0027ve added this task:\");","lastModifiedDate":"2022-01-20"},{"lineNumber":25,"author":{"gitId":"yokester98"},"content":"        System.out.println(\"   \" + LIST.get(LIST.size() - 1).toString());","lastModifiedDate":"2022-01-19"},{"lineNumber":26,"author":{"gitId":"yokester98"},"content":"        System.out.printf(\" Now you have %d tasks in the list.\\n\", LIST.size());","lastModifiedDate":"2022-01-19"},{"lineNumber":27,"author":{"gitId":"yokester98"},"content":"        System.out.println(LINE);","lastModifiedDate":"2022-01-19"},{"lineNumber":28,"author":{"gitId":"yokester98"},"content":"    }","lastModifiedDate":"2022-01-19"},{"lineNumber":29,"author":{"gitId":"yokester98"},"content":"","lastModifiedDate":"2022-01-19"},{"lineNumber":30,"author":{"gitId":"yokester98"},"content":"    /**","lastModifiedDate":"2022-01-25"},{"lineNumber":31,"author":{"gitId":"yokester98"},"content":"     * Adds a Deadline task to the tasklist","lastModifiedDate":"2022-01-25"},{"lineNumber":32,"author":{"gitId":"yokester98"},"content":"     *","lastModifiedDate":"2022-01-25"},{"lineNumber":33,"author":{"gitId":"yokester98"},"content":"     * @param task  the task to be added to the list","lastModifiedDate":"2022-01-25"},{"lineNumber":34,"author":{"gitId":"yokester98"},"content":"     * @param deadline  the deadline of the task","lastModifiedDate":"2022-01-25"},{"lineNumber":35,"author":{"gitId":"yokester98"},"content":"     */","lastModifiedDate":"2022-01-25"},{"lineNumber":36,"author":{"gitId":"yokester98"},"content":"    public static void addDeadline(String task, String deadline) {","lastModifiedDate":"2022-01-25"},{"lineNumber":37,"author":{"gitId":"yokester98"},"content":"        LIST.add(new Deadline(task, deadline));","lastModifiedDate":"2022-01-25"},{"lineNumber":38,"author":{"gitId":"yokester98"},"content":"        System.out.println(LINE + \"\\n Got it. I\u0027ve added this task:\");","lastModifiedDate":"2022-01-19"},{"lineNumber":39,"author":{"gitId":"yokester98"},"content":"        System.out.println(\"   \" + LIST.get(LIST.size() - 1).toString());","lastModifiedDate":"2022-01-19"},{"lineNumber":40,"author":{"gitId":"yokester98"},"content":"        System.out.printf(\" Now you have %d tasks in the list.\\n\", LIST.size());","lastModifiedDate":"2022-01-19"},{"lineNumber":41,"author":{"gitId":"yokester98"},"content":"        System.out.println(LINE);","lastModifiedDate":"2022-01-19"},{"lineNumber":42,"author":{"gitId":"yokester98"},"content":"    }","lastModifiedDate":"2022-01-19"},{"lineNumber":43,"author":{"gitId":"yokester98"},"content":"","lastModifiedDate":"2022-01-19"},{"lineNumber":44,"author":{"gitId":"yokester98"},"content":"    /**","lastModifiedDate":"2022-01-25"},{"lineNumber":45,"author":{"gitId":"yokester98"},"content":"     * Adds an Event task to the tasklist","lastModifiedDate":"2022-01-25"},{"lineNumber":46,"author":{"gitId":"yokester98"},"content":"     *","lastModifiedDate":"2022-01-25"},{"lineNumber":47,"author":{"gitId":"yokester98"},"content":"     * @param task  the task to be added to the list","lastModifiedDate":"2022-01-25"},{"lineNumber":48,"author":{"gitId":"yokester98"},"content":"     * @param deadline  the deadline of the task","lastModifiedDate":"2022-01-25"},{"lineNumber":49,"author":{"gitId":"yokester98"},"content":"     */","lastModifiedDate":"2022-01-25"},{"lineNumber":50,"author":{"gitId":"yokester98"},"content":"    public static void addEvent(String task, String deadline) {","lastModifiedDate":"2022-01-25"},{"lineNumber":51,"author":{"gitId":"yokester98"},"content":"        LIST.add(new Event(task, deadline));","lastModifiedDate":"2022-01-25"},{"lineNumber":52,"author":{"gitId":"yokester98"},"content":"        System.out.println(LINE + \"\\n Got it. I\u0027ve added this task:\");","lastModifiedDate":"2022-01-19"},{"lineNumber":53,"author":{"gitId":"yokester98"},"content":"        System.out.println(\"   \" + LIST.get(LIST.size() - 1).toString());","lastModifiedDate":"2022-01-19"},{"lineNumber":54,"author":{"gitId":"yokester98"},"content":"        System.out.printf(\" Now you have %d tasks in the list.\\n\", LIST.size());","lastModifiedDate":"2022-01-19"},{"lineNumber":55,"author":{"gitId":"yokester98"},"content":"        System.out.println(LINE);","lastModifiedDate":"2022-01-19"},{"lineNumber":56,"author":{"gitId":"yokester98"},"content":"    }","lastModifiedDate":"2022-01-18"},{"lineNumber":57,"author":{"gitId":"yokester98"},"content":"","lastModifiedDate":"2022-01-18"},{"lineNumber":58,"author":{"gitId":"yokester98"},"content":"    /**","lastModifiedDate":"2022-01-25"},{"lineNumber":59,"author":{"gitId":"yokester98"},"content":"     * Prints out a list of all tasks in the tasklist","lastModifiedDate":"2022-01-25"},{"lineNumber":60,"author":{"gitId":"yokester98"},"content":"     */","lastModifiedDate":"2022-01-25"},{"lineNumber":61,"author":{"gitId":"yokester98"},"content":"    public static void list() {","lastModifiedDate":"2022-01-18"},{"lineNumber":62,"author":{"gitId":"yokester98"},"content":"        System.out.println(LINE + \"\\n Here are the tasks in your list:\");","lastModifiedDate":"2022-01-18"},{"lineNumber":63,"author":{"gitId":"yokester98"},"content":"        for (int i \u003d 1; i \u003c\u003d LIST.size(); i++) {","lastModifiedDate":"2022-01-18"},{"lineNumber":64,"author":{"gitId":"yokester98"},"content":"            System.out.printf(\" %d.%s\\n\", i, LIST.get(i - 1).toString());","lastModifiedDate":"2022-01-19"},{"lineNumber":65,"author":{"gitId":"yokester98"},"content":"        }","lastModifiedDate":"2022-01-18"},{"lineNumber":66,"author":{"gitId":"yokester98"},"content":"        System.out.println(LINE);","lastModifiedDate":"2022-01-18"},{"lineNumber":67,"author":{"gitId":"yokester98"},"content":"    }","lastModifiedDate":"2022-01-18"},{"lineNumber":68,"author":{"gitId":"yokester98"},"content":"","lastModifiedDate":"2022-01-18"},{"lineNumber":69,"author":{"gitId":"yokester98"},"content":"    /**","lastModifiedDate":"2022-01-25"},{"lineNumber":70,"author":{"gitId":"yokester98"},"content":"     * Marks the indicated task as done","lastModifiedDate":"2022-01-25"},{"lineNumber":71,"author":{"gitId":"yokester98"},"content":"     *","lastModifiedDate":"2022-01-25"},{"lineNumber":72,"author":{"gitId":"yokester98"},"content":"     * @param taskNum   the task number which is to be marked as done","lastModifiedDate":"2022-01-25"},{"lineNumber":73,"author":{"gitId":"yokester98"},"content":"     */","lastModifiedDate":"2022-01-25"},{"lineNumber":74,"author":{"gitId":"yokester98"},"content":"    public static void mark(int taskNum) {","lastModifiedDate":"2022-01-25"},{"lineNumber":75,"author":{"gitId":"yokester98"},"content":"        System.out.println(LINE + \"\\n Nice! I\u0027ve marked this task as done:\");","lastModifiedDate":"2022-01-18"},{"lineNumber":76,"author":{"gitId":"yokester98"},"content":"        LIST.get(taskNum - 1).setDone();","lastModifiedDate":"2022-01-25"},{"lineNumber":77,"author":{"gitId":"yokester98"},"content":"        System.out.println(\"   \" + LIST.get(taskNum - 1).toString());","lastModifiedDate":"2022-01-25"},{"lineNumber":78,"author":{"gitId":"yokester98"},"content":"        System.out.println(LINE);","lastModifiedDate":"2022-01-18"},{"lineNumber":79,"author":{"gitId":"yokester98"},"content":"    }","lastModifiedDate":"2022-01-18"},{"lineNumber":80,"author":{"gitId":"yokester98"},"content":"","lastModifiedDate":"2022-01-18"},{"lineNumber":81,"author":{"gitId":"yokester98"},"content":"    /**","lastModifiedDate":"2022-01-25"},{"lineNumber":82,"author":{"gitId":"yokester98"},"content":"     * Marks the indicated task as not done","lastModifiedDate":"2022-01-25"},{"lineNumber":83,"author":{"gitId":"yokester98"},"content":"     *","lastModifiedDate":"2022-01-25"},{"lineNumber":84,"author":{"gitId":"yokester98"},"content":"     * @param taskNum   the task number which is to be marked as not done","lastModifiedDate":"2022-01-25"},{"lineNumber":85,"author":{"gitId":"yokester98"},"content":"     */","lastModifiedDate":"2022-01-25"},{"lineNumber":86,"author":{"gitId":"yokester98"},"content":"    public static void unmark(int taskNum) {","lastModifiedDate":"2022-01-25"},{"lineNumber":87,"author":{"gitId":"yokester98"},"content":"        System.out.println(LINE + \"\\n OK, I\u0027ve marked this task as not done yet:\");","lastModifiedDate":"2022-01-18"},{"lineNumber":88,"author":{"gitId":"yokester98"},"content":"        LIST.get(taskNum - 1).setNotDone();","lastModifiedDate":"2022-01-25"},{"lineNumber":89,"author":{"gitId":"yokester98"},"content":"        System.out.println(\"   \" + LIST.get(taskNum - 1).toString());","lastModifiedDate":"2022-01-25"},{"lineNumber":90,"author":{"gitId":"yokester98"},"content":"        System.out.println(LINE);","lastModifiedDate":"2022-01-18"},{"lineNumber":91,"author":{"gitId":"yokester98"},"content":"    }","lastModifiedDate":"2022-01-18"},{"lineNumber":92,"author":{"gitId":"yokester98"},"content":"","lastModifiedDate":"2022-01-18"},{"lineNumber":93,"author":{"gitId":"yokester98"},"content":"    /**","lastModifiedDate":"2022-01-25"},{"lineNumber":94,"author":{"gitId":"yokester98"},"content":"     * Delete the indicated task from the tasklist","lastModifiedDate":"2022-01-25"},{"lineNumber":95,"author":{"gitId":"yokester98"},"content":"     *","lastModifiedDate":"2022-01-25"},{"lineNumber":96,"author":{"gitId":"yokester98"},"content":"     * @param taskNum   the task number which is to be deleted","lastModifiedDate":"2022-01-25"},{"lineNumber":97,"author":{"gitId":"yokester98"},"content":"     */","lastModifiedDate":"2022-01-25"},{"lineNumber":98,"author":{"gitId":"yokester98"},"content":"    public static void delete(int taskNum) {","lastModifiedDate":"2022-01-25"},{"lineNumber":99,"author":{"gitId":"yokester98"},"content":"        System.out.println(LINE + \"\\n Noted. I\u0027ve removed this task:\");","lastModifiedDate":"2022-01-20"},{"lineNumber":100,"author":{"gitId":"yokester98"},"content":"        Task removed \u003d LIST.get(taskNum - 1);","lastModifiedDate":"2022-01-25"},{"lineNumber":101,"author":{"gitId":"yokester98"},"content":"        LIST.remove(taskNum - 1);","lastModifiedDate":"2022-01-25"},{"lineNumber":102,"author":{"gitId":"yokester98"},"content":"        System.out.println(\"   \" + removed.toString());","lastModifiedDate":"2022-01-20"},{"lineNumber":103,"author":{"gitId":"yokester98"},"content":"        System.out.printf(\" Now you have %d tasks in the list.\\n\", LIST.size());","lastModifiedDate":"2022-01-20"},{"lineNumber":104,"author":{"gitId":"yokester98"},"content":"        System.out.println(LINE);","lastModifiedDate":"2022-01-20"},{"lineNumber":105,"author":{"gitId":"yokester98"},"content":"    }","lastModifiedDate":"2022-01-20"},{"lineNumber":106,"author":{"gitId":"yokester98"},"content":"","lastModifiedDate":"2022-01-20"},{"lineNumber":107,"author":{"gitId":"yokester98"},"content":"    /**","lastModifiedDate":"2022-01-25"},{"lineNumber":108,"author":{"gitId":"yokester98"},"content":"     * Throw error depending on what kind of error it is","lastModifiedDate":"2022-01-25"},{"lineNumber":109,"author":{"gitId":"yokester98"},"content":"     *","lastModifiedDate":"2022-01-25"},{"lineNumber":110,"author":{"gitId":"yokester98"},"content":"     * @param type  The type of error to be thrown","lastModifiedDate":"2022-01-25"},{"lineNumber":111,"author":{"gitId":"yokester98"},"content":"     */","lastModifiedDate":"2022-01-25"},{"lineNumber":112,"author":{"gitId":"yokester98"},"content":"    public static void throwError(String type) {","lastModifiedDate":"2022-01-20"},{"lineNumber":113,"author":{"gitId":"yokester98"},"content":"        System.out.println(LINE);","lastModifiedDate":"2022-01-20"},{"lineNumber":114,"author":{"gitId":"yokester98"},"content":"        DukeException error;","lastModifiedDate":"2022-01-20"},{"lineNumber":115,"author":{"gitId":"yokester98"},"content":"        if (type.equals(\"\")) {","lastModifiedDate":"2022-01-20"},{"lineNumber":116,"author":{"gitId":"yokester98"},"content":"            error \u003d new DukeException();","lastModifiedDate":"2022-01-20"},{"lineNumber":117,"author":{"gitId":"yokester98"},"content":"        } else {","lastModifiedDate":"2022-01-20"},{"lineNumber":118,"author":{"gitId":"yokester98"},"content":"            error \u003d new DukeException(type);","lastModifiedDate":"2022-01-20"},{"lineNumber":119,"author":{"gitId":"yokester98"},"content":"        }","lastModifiedDate":"2022-01-20"},{"lineNumber":120,"author":{"gitId":"yokester98"},"content":"        System.out.println(error);","lastModifiedDate":"2022-01-20"},{"lineNumber":121,"author":{"gitId":"yokester98"},"content":"        System.out.println(LINE);","lastModifiedDate":"2022-01-20"},{"lineNumber":122,"author":{"gitId":"yokester98"},"content":"    }","lastModifiedDate":"2022-01-20"},{"lineNumber":123,"author":{"gitId":"yokester98"},"content":"","lastModifiedDate":"2022-01-20"},{"lineNumber":124,"author":{"gitId":"yokester98"},"content":"    /**","lastModifiedDate":"2022-01-25"},{"lineNumber":125,"author":{"gitId":"yokester98"},"content":"     * Print out a goodbye line","lastModifiedDate":"2022-01-25"},{"lineNumber":126,"author":{"gitId":"yokester98"},"content":"     */","lastModifiedDate":"2022-01-25"},{"lineNumber":127,"author":{"gitId":"yokester98"},"content":"    public static void exit() {","lastModifiedDate":"2022-01-18"},{"lineNumber":128,"author":{"gitId":"yokester98"},"content":"        System.out.println(LINE + \"\\n Bye. Hope to see you again soon!\\n\" + LINE);","lastModifiedDate":"2022-01-18"},{"lineNumber":129,"author":{"gitId":"yokester98"},"content":"    }","lastModifiedDate":"2022-01-18"},{"lineNumber":130,"author":{"gitId":"yokester98"},"content":"","lastModifiedDate":"2022-01-18"},{"lineNumber":131,"author":{"gitId":"-"},"content":"    public static void main(String[] args) {","lastModifiedDate":"2019-07-29"},{"lineNumber":132,"author":{"gitId":"yokester98"},"content":"        greet();","lastModifiedDate":"2022-01-18"},{"lineNumber":133,"author":{"gitId":"yokester98"},"content":"        Scanner sc \u003d new Scanner(System.in);","lastModifiedDate":"2022-01-18"},{"lineNumber":134,"author":{"gitId":"yokester98"},"content":"        whileLoop:","lastModifiedDate":"2022-01-18"},{"lineNumber":135,"author":{"gitId":"yokester98"},"content":"        while (sc.hasNextLine()) {","lastModifiedDate":"2022-01-20"},{"lineNumber":136,"author":{"gitId":"yokester98"},"content":"            String usrInput \u003d sc.next();","lastModifiedDate":"2022-01-18"},{"lineNumber":137,"author":{"gitId":"yokester98"},"content":"            String task;","lastModifiedDate":"2022-01-20"},{"lineNumber":138,"author":{"gitId":"yokester98"},"content":"            switch (usrInput) {","lastModifiedDate":"2022-01-18"},{"lineNumber":139,"author":{"gitId":"yokester98"},"content":"                case \"bye\":","lastModifiedDate":"2022-01-18"},{"lineNumber":140,"author":{"gitId":"yokester98"},"content":"                    exit();","lastModifiedDate":"2022-01-18"},{"lineNumber":141,"author":{"gitId":"yokester98"},"content":"                    sc.close();","lastModifiedDate":"2022-01-20"},{"lineNumber":142,"author":{"gitId":"yokester98"},"content":"                    break whileLoop;","lastModifiedDate":"2022-01-18"},{"lineNumber":143,"author":{"gitId":"yokester98"},"content":"                case \"list\":","lastModifiedDate":"2022-01-18"},{"lineNumber":144,"author":{"gitId":"yokester98"},"content":"                    list();","lastModifiedDate":"2022-01-18"},{"lineNumber":145,"author":{"gitId":"yokester98"},"content":"                    break;","lastModifiedDate":"2022-01-18"},{"lineNumber":146,"author":{"gitId":"yokester98"},"content":"                case \"mark\": {","lastModifiedDate":"2022-01-18"},{"lineNumber":147,"author":{"gitId":"yokester98"},"content":"                    int taskNum \u003d Integer.parseInt(sc.next());","lastModifiedDate":"2022-01-18"},{"lineNumber":148,"author":{"gitId":"yokester98"},"content":"                    mark(taskNum);","lastModifiedDate":"2022-01-18"},{"lineNumber":149,"author":{"gitId":"yokester98"},"content":"                    break;","lastModifiedDate":"2022-01-18"},{"lineNumber":150,"author":{"gitId":"yokester98"},"content":"                }","lastModifiedDate":"2022-01-18"},{"lineNumber":151,"author":{"gitId":"yokester98"},"content":"                case \"unmark\": {","lastModifiedDate":"2022-01-18"},{"lineNumber":152,"author":{"gitId":"yokester98"},"content":"                    int taskNum \u003d Integer.parseInt(sc.next());","lastModifiedDate":"2022-01-18"},{"lineNumber":153,"author":{"gitId":"yokester98"},"content":"                    unmark(taskNum);","lastModifiedDate":"2022-01-18"},{"lineNumber":154,"author":{"gitId":"yokester98"},"content":"                    break;","lastModifiedDate":"2022-01-18"},{"lineNumber":155,"author":{"gitId":"yokester98"},"content":"                }","lastModifiedDate":"2022-01-18"},{"lineNumber":156,"author":{"gitId":"yokester98"},"content":"                case \"delete\": {","lastModifiedDate":"2022-01-20"},{"lineNumber":157,"author":{"gitId":"yokester98"},"content":"                    int taskNum \u003d Integer.parseInt(sc.next());","lastModifiedDate":"2022-01-20"},{"lineNumber":158,"author":{"gitId":"yokester98"},"content":"                    delete(taskNum);","lastModifiedDate":"2022-01-20"},{"lineNumber":159,"author":{"gitId":"yokester98"},"content":"                    break;","lastModifiedDate":"2022-01-20"},{"lineNumber":160,"author":{"gitId":"yokester98"},"content":"                }","lastModifiedDate":"2022-01-20"},{"lineNumber":161,"author":{"gitId":"yokester98"},"content":"                case \"todo\": {","lastModifiedDate":"2022-01-19"},{"lineNumber":162,"author":{"gitId":"yokester98"},"content":"                    usrInput \u003d sc.nextLine();","lastModifiedDate":"2022-01-19"},{"lineNumber":163,"author":{"gitId":"yokester98"},"content":"                    if (usrInput.equals(\"\")) {","lastModifiedDate":"2022-01-20"},{"lineNumber":164,"author":{"gitId":"yokester98"},"content":"                        throwError(\"todo\");","lastModifiedDate":"2022-01-20"},{"lineNumber":165,"author":{"gitId":"yokester98"},"content":"                        break;","lastModifiedDate":"2022-01-20"},{"lineNumber":166,"author":{"gitId":"yokester98"},"content":"                    }","lastModifiedDate":"2022-01-20"},{"lineNumber":167,"author":{"gitId":"yokester98"},"content":"                    addTodo(usrInput.substring(1));","lastModifiedDate":"2022-01-19"},{"lineNumber":168,"author":{"gitId":"yokester98"},"content":"                    break;","lastModifiedDate":"2022-01-19"},{"lineNumber":169,"author":{"gitId":"yokester98"},"content":"                }","lastModifiedDate":"2022-01-19"},{"lineNumber":170,"author":{"gitId":"yokester98"},"content":"                case \"deadline\": {","lastModifiedDate":"2022-01-19"},{"lineNumber":171,"author":{"gitId":"yokester98"},"content":"                    task \u003d sc.next();","lastModifiedDate":"2022-01-19"},{"lineNumber":172,"author":{"gitId":"yokester98"},"content":"                    while (sc.hasNext()) {","lastModifiedDate":"2022-01-19"},{"lineNumber":173,"author":{"gitId":"yokester98"},"content":"                        String currStr \u003d sc.next();","lastModifiedDate":"2022-01-19"},{"lineNumber":174,"author":{"gitId":"yokester98"},"content":"                        if (currStr.equals(\"/by\")) {","lastModifiedDate":"2022-01-19"},{"lineNumber":175,"author":{"gitId":"yokester98"},"content":"                            String time \u003d sc.nextLine();","lastModifiedDate":"2022-01-19"},{"lineNumber":176,"author":{"gitId":"yokester98"},"content":"                            addDeadline(task, time);","lastModifiedDate":"2022-01-19"},{"lineNumber":177,"author":{"gitId":"yokester98"},"content":"                            break;","lastModifiedDate":"2022-01-19"},{"lineNumber":178,"author":{"gitId":"yokester98"},"content":"                        } else {","lastModifiedDate":"2022-01-19"},{"lineNumber":179,"author":{"gitId":"yokester98"},"content":"                            task +\u003d \" \" + currStr;","lastModifiedDate":"2022-01-19"},{"lineNumber":180,"author":{"gitId":"yokester98"},"content":"                        }","lastModifiedDate":"2022-01-19"},{"lineNumber":181,"author":{"gitId":"yokester98"},"content":"                    }","lastModifiedDate":"2022-01-19"},{"lineNumber":182,"author":{"gitId":"yokester98"},"content":"                    break;","lastModifiedDate":"2022-01-19"},{"lineNumber":183,"author":{"gitId":"yokester98"},"content":"                }","lastModifiedDate":"2022-01-19"},{"lineNumber":184,"author":{"gitId":"yokester98"},"content":"                case \"event\": {","lastModifiedDate":"2022-01-19"},{"lineNumber":185,"author":{"gitId":"yokester98"},"content":"                    task \u003d sc.next();","lastModifiedDate":"2022-01-19"},{"lineNumber":186,"author":{"gitId":"yokester98"},"content":"                    while (sc.hasNext()) {","lastModifiedDate":"2022-01-19"},{"lineNumber":187,"author":{"gitId":"yokester98"},"content":"                        String currStr \u003d sc.next();","lastModifiedDate":"2022-01-19"},{"lineNumber":188,"author":{"gitId":"yokester98"},"content":"                        if (currStr.equals(\"/at\")) {","lastModifiedDate":"2022-01-19"},{"lineNumber":189,"author":{"gitId":"yokester98"},"content":"                            String time \u003d sc.nextLine();","lastModifiedDate":"2022-01-19"},{"lineNumber":190,"author":{"gitId":"yokester98"},"content":"                            addEvent(task, time);","lastModifiedDate":"2022-01-19"},{"lineNumber":191,"author":{"gitId":"yokester98"},"content":"                            break;","lastModifiedDate":"2022-01-19"},{"lineNumber":192,"author":{"gitId":"yokester98"},"content":"                        } else {","lastModifiedDate":"2022-01-19"},{"lineNumber":193,"author":{"gitId":"yokester98"},"content":"                            task +\u003d \" \" + currStr;","lastModifiedDate":"2022-01-19"},{"lineNumber":194,"author":{"gitId":"yokester98"},"content":"                        }","lastModifiedDate":"2022-01-19"},{"lineNumber":195,"author":{"gitId":"yokester98"},"content":"                    }","lastModifiedDate":"2022-01-19"},{"lineNumber":196,"author":{"gitId":"yokester98"},"content":"                    break;","lastModifiedDate":"2022-01-19"},{"lineNumber":197,"author":{"gitId":"yokester98"},"content":"                }","lastModifiedDate":"2022-01-19"},{"lineNumber":198,"author":{"gitId":"yokester98"},"content":"                default:","lastModifiedDate":"2022-01-18"},{"lineNumber":199,"author":{"gitId":"yokester98"},"content":"                    throwError(\"\");","lastModifiedDate":"2022-01-20"},{"lineNumber":200,"author":{"gitId":"yokester98"},"content":"                    break;","lastModifiedDate":"2022-01-18"},{"lineNumber":201,"author":{"gitId":"yokester98"},"content":"            }","lastModifiedDate":"2022-01-18"},{"lineNumber":202,"author":{"gitId":"yokester98"},"content":"        }","lastModifiedDate":"2022-01-18"},{"lineNumber":203,"author":{"gitId":"-"},"content":"    }","lastModifiedDate":"2019-07-29"},{"lineNumber":204,"author":{"gitId":"-"},"content":"}","lastModifiedDate":"2019-07-29"}],"authorContributionMap":{"yokester98":200,"-":4}},{"path":"src/main/java/DukeException.java","fileType":"java","lines":[{"lineNumber":1,"author":{"gitId":"yokester98"},"content":"public class DukeException {","lastModifiedDate":"2022-01-20"},{"lineNumber":2,"author":{"gitId":"yokester98"},"content":"    protected String type;","lastModifiedDate":"2022-01-20"},{"lineNumber":3,"author":{"gitId":"yokester98"},"content":"","lastModifiedDate":"2022-01-20"},{"lineNumber":4,"author":{"gitId":"yokester98"},"content":"    public DukeException(String type) {","lastModifiedDate":"2022-01-20"},{"lineNumber":5,"author":{"gitId":"yokester98"},"content":"        this.type \u003d type;","lastModifiedDate":"2022-01-20"},{"lineNumber":6,"author":{"gitId":"yokester98"},"content":"    }","lastModifiedDate":"2022-01-20"},{"lineNumber":7,"author":{"gitId":"yokester98"},"content":"","lastModifiedDate":"2022-01-20"},{"lineNumber":8,"author":{"gitId":"yokester98"},"content":"    public DukeException() {","lastModifiedDate":"2022-01-20"},{"lineNumber":9,"author":{"gitId":"yokester98"},"content":"        this.type \u003d \"\";","lastModifiedDate":"2022-01-20"},{"lineNumber":10,"author":{"gitId":"yokester98"},"content":"    }","lastModifiedDate":"2022-01-20"},{"lineNumber":11,"author":{"gitId":"yokester98"},"content":"","lastModifiedDate":"2022-01-20"},{"lineNumber":12,"author":{"gitId":"yokester98"},"content":"    public String toString() {","lastModifiedDate":"2022-01-20"},{"lineNumber":13,"author":{"gitId":"yokester98"},"content":"        if (type.equals(\"\")) {","lastModifiedDate":"2022-01-20"},{"lineNumber":14,"author":{"gitId":"yokester98"},"content":"            return \" ☹ OOPS!!! I\u0027m sorry, but I don\u0027t know what that means :-(\";","lastModifiedDate":"2022-01-20"},{"lineNumber":15,"author":{"gitId":"yokester98"},"content":"        }","lastModifiedDate":"2022-01-20"},{"lineNumber":16,"author":{"gitId":"yokester98"},"content":"        return String.format(\" ☹ OOPS!!! The description of a %s cannot be empty.\", type);","lastModifiedDate":"2022-01-20"},{"lineNumber":17,"author":{"gitId":"yokester98"},"content":"    }","lastModifiedDate":"2022-01-20"},{"lineNumber":18,"author":{"gitId":"yokester98"},"content":"}","lastModifiedDate":"2022-01-20"}],"authorContributionMap":{"yokester98":18}},{"path":"src/main/java/Event.java","fileType":"java","lines":[{"lineNumber":1,"author":{"gitId":"yokester98"},"content":"public class Event extends Task {","lastModifiedDate":"2022-01-19"},{"lineNumber":2,"author":{"gitId":"yokester98"},"content":"    // attribute","lastModifiedDate":"2022-01-19"},{"lineNumber":3,"author":{"gitId":"yokester98"},"content":"    protected String at;","lastModifiedDate":"2022-01-19"},{"lineNumber":4,"author":{"gitId":"yokester98"},"content":"","lastModifiedDate":"2022-01-19"},{"lineNumber":5,"author":{"gitId":"yokester98"},"content":"    // constructor","lastModifiedDate":"2022-01-19"},{"lineNumber":6,"author":{"gitId":"yokester98"},"content":"    public Event(String description, String at) {","lastModifiedDate":"2022-01-19"},{"lineNumber":7,"author":{"gitId":"yokester98"},"content":"        super(description);","lastModifiedDate":"2022-01-19"},{"lineNumber":8,"author":{"gitId":"yokester98"},"content":"        this.at \u003d at;","lastModifiedDate":"2022-01-19"},{"lineNumber":9,"author":{"gitId":"yokester98"},"content":"    }","lastModifiedDate":"2022-01-19"},{"lineNumber":10,"author":{"gitId":"yokester98"},"content":"","lastModifiedDate":"2022-01-19"},{"lineNumber":11,"author":{"gitId":"yokester98"},"content":"    @Override","lastModifiedDate":"2022-01-19"},{"lineNumber":12,"author":{"gitId":"yokester98"},"content":"    public String toString() {","lastModifiedDate":"2022-01-19"},{"lineNumber":13,"author":{"gitId":"yokester98"},"content":"        return \"[E]\" + super.toString() + \" (at:\" + at + \")\";","lastModifiedDate":"2022-01-19"},{"lineNumber":14,"author":{"gitId":"yokester98"},"content":"    }","lastModifiedDate":"2022-01-19"},{"lineNumber":15,"author":{"gitId":"yokester98"},"content":"}","lastModifiedDate":"2022-01-19"}],"authorContributionMap":{"yokester98":15}},{"path":"src/main/java/Task.java","fileType":"java","lines":[{"lineNumber":1,"author":{"gitId":"yokester98"},"content":"public class Task {","lastModifiedDate":"2022-01-18"},{"lineNumber":2,"author":{"gitId":"yokester98"},"content":"    // attributes","lastModifiedDate":"2022-01-19"},{"lineNumber":3,"author":{"gitId":"yokester98"},"content":"    protected String description;","lastModifiedDate":"2022-01-18"},{"lineNumber":4,"author":{"gitId":"yokester98"},"content":"    protected boolean isDone;","lastModifiedDate":"2022-01-18"},{"lineNumber":5,"author":{"gitId":"yokester98"},"content":"","lastModifiedDate":"2022-01-18"},{"lineNumber":6,"author":{"gitId":"yokester98"},"content":"    // constructor","lastModifiedDate":"2022-01-19"},{"lineNumber":7,"author":{"gitId":"yokester98"},"content":"    public Task(String description) {","lastModifiedDate":"2022-01-18"},{"lineNumber":8,"author":{"gitId":"yokester98"},"content":"        this.description \u003d description;","lastModifiedDate":"2022-01-18"},{"lineNumber":9,"author":{"gitId":"yokester98"},"content":"        this.isDone \u003d false;","lastModifiedDate":"2022-01-18"},{"lineNumber":10,"author":{"gitId":"yokester98"},"content":"    }","lastModifiedDate":"2022-01-18"},{"lineNumber":11,"author":{"gitId":"yokester98"},"content":"","lastModifiedDate":"2022-01-18"},{"lineNumber":12,"author":{"gitId":"yokester98"},"content":"    /**","lastModifiedDate":"2022-01-25"},{"lineNumber":13,"author":{"gitId":"yokester98"},"content":"     * Returns a String to show if a task is done.","lastModifiedDate":"2022-01-25"},{"lineNumber":14,"author":{"gitId":"yokester98"},"content":"     * If the task is done, it will return X","lastModifiedDate":"2022-01-25"},{"lineNumber":15,"author":{"gitId":"yokester98"},"content":"     * Else, it will return a whitespace","lastModifiedDate":"2022-01-25"},{"lineNumber":16,"author":{"gitId":"yokester98"},"content":"     * @return  X or whitespace depending on whether the task is done","lastModifiedDate":"2022-01-25"},{"lineNumber":17,"author":{"gitId":"yokester98"},"content":"     */","lastModifiedDate":"2022-01-25"},{"lineNumber":18,"author":{"gitId":"yokester98"},"content":"    public String getStatusIcon() {","lastModifiedDate":"2022-01-18"},{"lineNumber":19,"author":{"gitId":"yokester98"},"content":"        return (isDone ? \"X\" : \" \"); // mark done task with X","lastModifiedDate":"2022-01-18"},{"lineNumber":20,"author":{"gitId":"yokester98"},"content":"    }","lastModifiedDate":"2022-01-18"},{"lineNumber":21,"author":{"gitId":"yokester98"},"content":"","lastModifiedDate":"2022-01-18"},{"lineNumber":22,"author":{"gitId":"yokester98"},"content":"    /**","lastModifiedDate":"2022-01-25"},{"lineNumber":23,"author":{"gitId":"yokester98"},"content":"     * Returns a String of the description of the task","lastModifiedDate":"2022-01-25"},{"lineNumber":24,"author":{"gitId":"yokester98"},"content":"     * @return  description of the task","lastModifiedDate":"2022-01-25"},{"lineNumber":25,"author":{"gitId":"yokester98"},"content":"     */","lastModifiedDate":"2022-01-25"},{"lineNumber":26,"author":{"gitId":"yokester98"},"content":"    public String getDescription() {","lastModifiedDate":"2022-01-18"},{"lineNumber":27,"author":{"gitId":"yokester98"},"content":"        return description;","lastModifiedDate":"2022-01-18"},{"lineNumber":28,"author":{"gitId":"yokester98"},"content":"    }","lastModifiedDate":"2022-01-18"},{"lineNumber":29,"author":{"gitId":"yokester98"},"content":"","lastModifiedDate":"2022-01-18"},{"lineNumber":30,"author":{"gitId":"yokester98"},"content":"    /**","lastModifiedDate":"2022-01-25"},{"lineNumber":31,"author":{"gitId":"yokester98"},"content":"     * Sets the isDone attribute to true","lastModifiedDate":"2022-01-25"},{"lineNumber":32,"author":{"gitId":"yokester98"},"content":"     */","lastModifiedDate":"2022-01-25"},{"lineNumber":33,"author":{"gitId":"yokester98"},"content":"    public void setDone() {","lastModifiedDate":"2022-01-18"},{"lineNumber":34,"author":{"gitId":"yokester98"},"content":"        this.isDone \u003d true;","lastModifiedDate":"2022-01-18"},{"lineNumber":35,"author":{"gitId":"yokester98"},"content":"    }","lastModifiedDate":"2022-01-18"},{"lineNumber":36,"author":{"gitId":"yokester98"},"content":"","lastModifiedDate":"2022-01-18"},{"lineNumber":37,"author":{"gitId":"yokester98"},"content":"    /**","lastModifiedDate":"2022-01-25"},{"lineNumber":38,"author":{"gitId":"yokester98"},"content":"     * Sets the isDone attribute to false","lastModifiedDate":"2022-01-25"},{"lineNumber":39,"author":{"gitId":"yokester98"},"content":"     */","lastModifiedDate":"2022-01-25"},{"lineNumber":40,"author":{"gitId":"yokester98"},"content":"    public void setNotDone() {","lastModifiedDate":"2022-01-18"},{"lineNumber":41,"author":{"gitId":"yokester98"},"content":"        this.isDone \u003d false;","lastModifiedDate":"2022-01-18"},{"lineNumber":42,"author":{"gitId":"yokester98"},"content":"    }","lastModifiedDate":"2022-01-18"},{"lineNumber":43,"author":{"gitId":"yokester98"},"content":"","lastModifiedDate":"2022-01-19"},{"lineNumber":44,"author":{"gitId":"yokester98"},"content":"    public String toString() {","lastModifiedDate":"2022-01-19"},{"lineNumber":45,"author":{"gitId":"yokester98"},"content":"        return String.format(\"[%s] %s\", this.getStatusIcon(), this.getDescription());","lastModifiedDate":"2022-01-19"},{"lineNumber":46,"author":{"gitId":"yokester98"},"content":"    }","lastModifiedDate":"2022-01-19"},{"lineNumber":47,"author":{"gitId":"yokester98"},"content":"}","lastModifiedDate":"2022-01-18"}],"authorContributionMap":{"yokester98":47}},{"path":"src/main/java/Todo.java","fileType":"java","lines":[{"lineNumber":1,"author":{"gitId":"yokester98"},"content":"public class Todo extends Task {","lastModifiedDate":"2022-01-19"},{"lineNumber":2,"author":{"gitId":"yokester98"},"content":"    // constructor","lastModifiedDate":"2022-01-19"},{"lineNumber":3,"author":{"gitId":"yokester98"},"content":"    public Todo(String description) {","lastModifiedDate":"2022-01-19"},{"lineNumber":4,"author":{"gitId":"yokester98"},"content":"        super(description);","lastModifiedDate":"2022-01-19"},{"lineNumber":5,"author":{"gitId":"yokester98"},"content":"    }","lastModifiedDate":"2022-01-19"},{"lineNumber":6,"author":{"gitId":"yokester98"},"content":"","lastModifiedDate":"2022-01-19"},{"lineNumber":7,"author":{"gitId":"yokester98"},"content":"    @Override","lastModifiedDate":"2022-01-19"},{"lineNumber":8,"author":{"gitId":"yokester98"},"content":"    public String toString() {","lastModifiedDate":"2022-01-19"},{"lineNumber":9,"author":{"gitId":"yokester98"},"content":"        return \"[T]\" + super.toString();","lastModifiedDate":"2022-01-19"},{"lineNumber":10,"author":{"gitId":"yokester98"},"content":"    }","lastModifiedDate":"2022-01-19"},{"lineNumber":11,"author":{"gitId":"yokester98"},"content":"}","lastModifiedDate":"2022-01-19"}],"authorContributionMap":{"yokester98":11}},{"path":"text-ui-test/input.txt","fileType":"txt","lines":[{"lineNumber":1,"author":{"gitId":"yokester98"},"content":"todo read book","lastModifiedDate":"2022-01-19"},{"lineNumber":2,"author":{"gitId":"yokester98"},"content":"mark 1","lastModifiedDate":"2022-01-19"},{"lineNumber":3,"author":{"gitId":"yokester98"},"content":"deadline return book /by June 6th","lastModifiedDate":"2022-01-19"},{"lineNumber":4,"author":{"gitId":"yokester98"},"content":"event project meeting /at Aug 6th 2-4pm","lastModifiedDate":"2022-01-19"},{"lineNumber":5,"author":{"gitId":"yokester98"},"content":"todo join sports club","lastModifiedDate":"2022-01-19"},{"lineNumber":6,"author":{"gitId":"yokester98"},"content":"mark 4","lastModifiedDate":"2022-01-19"},{"lineNumber":7,"author":{"gitId":"yokester98"},"content":"todo borrow book","lastModifiedDate":"2022-01-19"},{"lineNumber":8,"author":{"gitId":"yokester98"},"content":"list","lastModifiedDate":"2022-01-19"},{"lineNumber":9,"author":{"gitId":"yokester98"},"content":"deadline return book /by Sunday","lastModifiedDate":"2022-01-19"},{"lineNumber":10,"author":{"gitId":"yokester98"},"content":"event project meeting /at Mon 2-4pm","lastModifiedDate":"2022-01-19"},{"lineNumber":11,"author":{"gitId":"yokester98"},"content":"todo","lastModifiedDate":"2022-01-20"},{"lineNumber":12,"author":{"gitId":"yokester98"},"content":"blah","lastModifiedDate":"2022-01-20"},{"lineNumber":13,"author":{"gitId":"yokester98"},"content":"delete 3","lastModifiedDate":"2022-01-20"},{"lineNumber":14,"author":{"gitId":"yokester98"},"content":"list","lastModifiedDate":"2022-01-20"},{"lineNumber":15,"author":{"gitId":"yokester98"},"content":"bye","lastModifiedDate":"2022-01-19"}],"authorContributionMap":{"yokester98":15}},{"path":"text-ui-test/runtest.bat","fileType":"bat","lines":[{"lineNumber":1,"author":{"gitId":"-"},"content":"@ECHO OFF","lastModifiedDate":"2020-05-25"},{"lineNumber":2,"author":{"gitId":"-"},"content":"","lastModifiedDate":"2020-05-25"},{"lineNumber":3,"author":{"gitId":"-"},"content":"REM create bin directory if it doesn\u0027t exist","lastModifiedDate":"2020-05-25"},{"lineNumber":4,"author":{"gitId":"-"},"content":"if not exist ..\\bin mkdir ..\\bin","lastModifiedDate":"2020-05-25"},{"lineNumber":5,"author":{"gitId":"-"},"content":"","lastModifiedDate":"2020-05-25"},{"lineNumber":6,"author":{"gitId":"-"},"content":"REM delete output from previous run","lastModifiedDate":"2020-05-25"},{"lineNumber":7,"author":{"gitId":"-"},"content":"if exist ACTUAL.TXT del ACTUAL.TXT","lastModifiedDate":"2020-08-25"},{"lineNumber":8,"author":{"gitId":"-"},"content":"","lastModifiedDate":"2020-05-25"},{"lineNumber":9,"author":{"gitId":"-"},"content":"REM compile the code into the bin folder","lastModifiedDate":"2020-05-25"},{"lineNumber":10,"author":{"gitId":"-"},"content":"javac  -cp ..\\src\\main\\java -Xlint:none -d ..\\bin ..\\src\\main\\java\\*.java","lastModifiedDate":"2020-08-25"},{"lineNumber":11,"author":{"gitId":"-"},"content":"IF ERRORLEVEL 1 (","lastModifiedDate":"2020-05-25"},{"lineNumber":12,"author":{"gitId":"-"},"content":"    echo ********** BUILD FAILURE **********","lastModifiedDate":"2020-05-25"},{"lineNumber":13,"author":{"gitId":"-"},"content":"    exit /b 1","lastModifiedDate":"2020-05-25"},{"lineNumber":14,"author":{"gitId":"-"},"content":")","lastModifiedDate":"2020-05-25"},{"lineNumber":15,"author":{"gitId":"-"},"content":"REM no error here, errorlevel \u003d\u003d 0","lastModifiedDate":"2020-05-25"},{"lineNumber":16,"author":{"gitId":"-"},"content":"","lastModifiedDate":"2020-05-25"},{"lineNumber":17,"author":{"gitId":"-"},"content":"REM run the program, feed commands from input.txt file and redirect the output to the ACTUAL.TXT","lastModifiedDate":"2020-05-25"},{"lineNumber":18,"author":{"gitId":"-"},"content":"java -classpath ..\\bin Duke \u003c input.txt \u003e ACTUAL.TXT","lastModifiedDate":"2020-05-25"},{"lineNumber":19,"author":{"gitId":"-"},"content":"","lastModifiedDate":"2020-05-25"},{"lineNumber":20,"author":{"gitId":"-"},"content":"REM compare the output to the expected output","lastModifiedDate":"2020-05-25"},{"lineNumber":21,"author":{"gitId":"-"},"content":"FC ACTUAL.TXT EXPECTED.TXT","lastModifiedDate":"2020-05-25"},{"lineNumber":22,"author":{"gitId":"yokester98"},"content":"","lastModifiedDate":"2022-01-19"},{"lineNumber":23,"author":{"gitId":"yokester98"},"content":"pause","lastModifiedDate":"2022-01-19"}],"authorContributionMap":{"yokester98":2,"-":21}}]
