{"authorDailyContributionsMap":{"kaiyichen":[{"date":"2022-01-18","commitResults":[{"hash":"e33a33baccf4e911853aae2ba038c91509ae7a96","messageTitle":"Level-1","messageBody":"","tags":["Level-1"],"fileTypesAndContributionMap":{"java":{"insertions":17,"deletions":6}}},{"hash":"2a067d946512dfcdbd7ba00c8d0f2ceb3ec0bc57","messageTitle":"Level-1 corrected","messageBody":"","tags":["Level-1_corrected"],"fileTypesAndContributionMap":{"java":{"insertions":15,"deletions":12}}},{"hash":"ef2d672f9ebc177d77854e489af76c213fbe1090","messageTitle":"Level-2","messageBody":"","tags":["Level-2"],"fileTypesAndContributionMap":{"java":{"insertions":15,"deletions":5}}},{"hash":"1d8209ee147f0c87502186c28d05987fc95f3ea6","messageTitle":"Level-3","messageBody":"","tags":["Level-3"],"fileTypesAndContributionMap":{"java":{"insertions":45,"deletions":9}}},{"hash":"d6a1348fa52a5bf6d6522ea30da83dc7f128c4db","messageTitle":"Level-4(semi-done)","messageBody":"","fileTypesAndContributionMap":{"java":{"insertions":73,"deletions":8}}}]},{"date":"2022-01-19","commitResults":[{"hash":"2ee811e7acf62216a582f2e01db5e3a2b3b67d31","messageTitle":"Level-4 completed","messageBody":"","tags":["Level-4(completed)"],"fileTypesAndContributionMap":{"java":{"insertions":10,"deletions":4}}},{"hash":"c9417b75ce1e0e1d196064bfbe24339ae912b741","messageTitle":"Level-5","messageBody":"","tags":["Level-5"],"fileTypesAndContributionMap":{"java":{"insertions":70,"deletions":3},"bat":{"insertions":2,"deletions":2}}},{"hash":"b92f95c681d601de849832dc29387b0b57e6e3ca","messageTitle":"Level-6","messageBody":"","tags":["Level-6"],"fileTypesAndContributionMap":{"java":{"insertions":32,"deletions":19}}}]},{"date":"2022-01-20","commitResults":[{"hash":"586bb5ff9cd9ebcc49ddcac6d8aa1eab9020ce34","messageTitle":"A-TextUiTesting","messageBody":"","tags":["A-TextUiTesting"],"fileTypesAndContributionMap":{"txt":{"insertions":11,"deletions":0},"java":{"insertions":8,"deletions":7},"bat":{"insertions":3,"deletions":3}}}]},{"date":"2022-01-24","commitResults":[{"hash":"ca8bd98d8c3df298c34ae230e0361041fbe7ebf0","messageTitle":"Completed Level-7","messageBody":"","tags":["Level-7"],"fileTypesAndContributionMap":{"java":{"insertions":129,"deletions":14}}},{"hash":"70f7c5c50bf12c5172a4382ab1a3a0a08e986081","messageTitle":"completed Level-8","messageBody":"","tags":["Level-8"],"fileTypesAndContributionMap":{"java":{"insertions":34,"deletions":4}}},{"hash":"41def7ccd0026b4df6a899e9c8635baef7cce41d","messageTitle":"Updated Level-7","messageBody":"","fileTypesAndContributionMap":{"java":{"insertions":7,"deletions":8}}}]},{"date":"2022-01-25","commitResults":[{"hash":"dd9c59c306c34163d7767a4f6d30c0394a555e74","messageTitle":"A-MoreOOP completed (requires some checking)","messageBody":"","tags":["A-MoreOOP"],"fileTypesAndContributionMap":{"java":{"insertions":342,"deletions":151}}},{"hash":"ed36063c40795468f4edffc01324e88711f74995","messageTitle":"Add classes to package","messageBody":"","tags":["A-Packages"],"fileTypesAndContributionMap":{"java":{"insertions":13,"deletions":83}}},{"hash":"56eeff612af7609664e9e9b4dd00843fdf51a011","messageTitle":"Add A-JUnit Tests","messageBody":"","tags":["v1.0","A-JUnit"],"fileTypesAndContributionMap":{"java":{"insertions":47,"deletions":11}}}]},{"date":"2022-01-26","commitResults":[{"hash":"47a5e9c78ebba5608a9b36f279d0ed2dedc43534","messageTitle":"added Javadoc for all classes","messageBody":"","tags":["A-JavaDoc","A-Jar"],"fileTypesAndContributionMap":{"java":{"insertions":166,"deletions":11}}},{"hash":"98635a4e5ac9ca044384e66fe7f482f5419cdde1","messageTitle":"fixed coding standard","messageBody":"","tags":["A-CodingStandard"],"fileTypesAndContributionMap":{"java":{"insertions":24,"deletions":22}}},{"hash":"11ed983a9944ed9704c21992e8ca1dcf184c9cf8","messageTitle":"added find function","messageBody":"","tags":["Level-9"],"fileTypesAndContributionMap":{"java":{"insertions":17,"deletions":3}}}]},{"date":"2022-02-02","commitResults":[{"hash":"936b4deca9a0ab615bb554f2ed69166c66d58899","messageTitle":"Add Gradle","messageBody":"","tags":["A-Gradle"],"fileTypesAndContributionMap":{"gradle":{"insertions":1,"deletions":0},"java":{"insertions":5,"deletions":2}}},{"hash":"b3eace99b0ac57e256681a91054a975bc0724f61","messageTitle":"add CheckStyles","messageBody":"","tags":["A-CheckStyle"],"fileTypesAndContributionMap":{"java":{"insertions":166,"deletions":118}}}]}]},"authorFileTypeContributionMap":{"kaiyichen":{"java":742,"md":0,"fxml":0,"sh":0,"bat":0,"gradle":1,"txt":11}},"authorContributionVariance":{"kaiyichen":25509.93},"authorDisplayNameMap":{"kaiyichen":"CS2103T-T09-2 CHEN..I YI"}}
