[{"path":"src/main/java/Deadline.java","fileType":"java","lines":[{"lineNumber":1,"author":{"gitId":"lowkaiwei98"},"content":"public class Deadline extends Task {","lastModifiedDate":"2022-01-16"},{"lineNumber":2,"author":{"gitId":"lowkaiwei98"},"content":"","lastModifiedDate":"2022-01-16"},{"lineNumber":3,"author":{"gitId":"lowkaiwei98"},"content":"    protected String by;","lastModifiedDate":"2022-01-16"},{"lineNumber":4,"author":{"gitId":"lowkaiwei98"},"content":"","lastModifiedDate":"2022-01-16"},{"lineNumber":5,"author":{"gitId":"lowkaiwei98"},"content":"    public Deadline(String description, String by) {","lastModifiedDate":"2022-01-16"},{"lineNumber":6,"author":{"gitId":"lowkaiwei98"},"content":"        super(description);","lastModifiedDate":"2022-01-16"},{"lineNumber":7,"author":{"gitId":"lowkaiwei98"},"content":"        this.by \u003d by;","lastModifiedDate":"2022-01-16"},{"lineNumber":8,"author":{"gitId":"lowkaiwei98"},"content":"    }","lastModifiedDate":"2022-01-16"},{"lineNumber":9,"author":{"gitId":"lowkaiwei98"},"content":"","lastModifiedDate":"2022-01-16"},{"lineNumber":10,"author":{"gitId":"lowkaiwei98"},"content":"    @Override","lastModifiedDate":"2022-01-16"},{"lineNumber":11,"author":{"gitId":"lowkaiwei98"},"content":"    public String toString() {","lastModifiedDate":"2022-01-16"},{"lineNumber":12,"author":{"gitId":"lowkaiwei98"},"content":"        return \"[D]\" +  super.toString() + \" (by:\" + by + \")\";","lastModifiedDate":"2022-01-16"},{"lineNumber":13,"author":{"gitId":"lowkaiwei98"},"content":"    }","lastModifiedDate":"2022-01-16"},{"lineNumber":14,"author":{"gitId":"lowkaiwei98"},"content":"}","lastModifiedDate":"2022-01-16"}],"authorContributionMap":{"lowkaiwei98":14}},{"path":"src/main/java/Event.java","fileType":"java","lines":[{"lineNumber":1,"author":{"gitId":"lowkaiwei98"},"content":"public class Event extends Task {","lastModifiedDate":"2022-01-16"},{"lineNumber":2,"author":{"gitId":"lowkaiwei98"},"content":"","lastModifiedDate":"2022-01-16"},{"lineNumber":3,"author":{"gitId":"lowkaiwei98"},"content":"    protected String at;","lastModifiedDate":"2022-01-17"},{"lineNumber":4,"author":{"gitId":"lowkaiwei98"},"content":"","lastModifiedDate":"2022-01-16"},{"lineNumber":5,"author":{"gitId":"lowkaiwei98"},"content":"    public Event(String description, String at) {","lastModifiedDate":"2022-01-17"},{"lineNumber":6,"author":{"gitId":"lowkaiwei98"},"content":"        super(description);","lastModifiedDate":"2022-01-16"},{"lineNumber":7,"author":{"gitId":"lowkaiwei98"},"content":"        this.at \u003d at;","lastModifiedDate":"2022-01-17"},{"lineNumber":8,"author":{"gitId":"lowkaiwei98"},"content":"    }","lastModifiedDate":"2022-01-16"},{"lineNumber":9,"author":{"gitId":"lowkaiwei98"},"content":"","lastModifiedDate":"2022-01-16"},{"lineNumber":10,"author":{"gitId":"lowkaiwei98"},"content":"    @Override","lastModifiedDate":"2022-01-16"},{"lineNumber":11,"author":{"gitId":"lowkaiwei98"},"content":"    public String toString() {","lastModifiedDate":"2022-01-16"},{"lineNumber":12,"author":{"gitId":"lowkaiwei98"},"content":"        return \"[E]\" + super.toString() + \" (at:\" + at + \")\";","lastModifiedDate":"2022-01-17"},{"lineNumber":13,"author":{"gitId":"lowkaiwei98"},"content":"    }","lastModifiedDate":"2022-01-16"},{"lineNumber":14,"author":{"gitId":"lowkaiwei98"},"content":"}","lastModifiedDate":"2022-01-16"}],"authorContributionMap":{"lowkaiwei98":14}},{"path":"src/main/java/Task.java","fileType":"java","lines":[{"lineNumber":1,"author":{"gitId":"lowkaiwei98"},"content":"public class Task {","lastModifiedDate":"2022-01-16"},{"lineNumber":2,"author":{"gitId":"lowkaiwei98"},"content":"        protected String description;","lastModifiedDate":"2022-01-16"},{"lineNumber":3,"author":{"gitId":"lowkaiwei98"},"content":"        protected boolean isDone;","lastModifiedDate":"2022-01-16"},{"lineNumber":4,"author":{"gitId":"lowkaiwei98"},"content":"","lastModifiedDate":"2022-01-16"},{"lineNumber":5,"author":{"gitId":"lowkaiwei98"},"content":"        public Task(String description) {","lastModifiedDate":"2022-01-16"},{"lineNumber":6,"author":{"gitId":"lowkaiwei98"},"content":"            this.description \u003d description;","lastModifiedDate":"2022-01-16"},{"lineNumber":7,"author":{"gitId":"lowkaiwei98"},"content":"            this.isDone \u003d false;","lastModifiedDate":"2022-01-16"},{"lineNumber":8,"author":{"gitId":"lowkaiwei98"},"content":"        }","lastModifiedDate":"2022-01-16"},{"lineNumber":9,"author":{"gitId":"lowkaiwei98"},"content":"","lastModifiedDate":"2022-01-16"},{"lineNumber":10,"author":{"gitId":"lowkaiwei98"},"content":"        public String getStatusIcon() {","lastModifiedDate":"2022-01-16"},{"lineNumber":11,"author":{"gitId":"lowkaiwei98"},"content":"            return (isDone ? \"X\" : \" \"); // mark done task with X","lastModifiedDate":"2022-01-16"},{"lineNumber":12,"author":{"gitId":"lowkaiwei98"},"content":"        }","lastModifiedDate":"2022-01-16"},{"lineNumber":13,"author":{"gitId":"lowkaiwei98"},"content":"","lastModifiedDate":"2022-01-16"},{"lineNumber":14,"author":{"gitId":"lowkaiwei98"},"content":"        public String getDescription(){","lastModifiedDate":"2022-01-16"},{"lineNumber":15,"author":{"gitId":"lowkaiwei98"},"content":"            return description;","lastModifiedDate":"2022-01-16"},{"lineNumber":16,"author":{"gitId":"lowkaiwei98"},"content":"        }","lastModifiedDate":"2022-01-16"},{"lineNumber":17,"author":{"gitId":"lowkaiwei98"},"content":"","lastModifiedDate":"2022-01-16"},{"lineNumber":18,"author":{"gitId":"lowkaiwei98"},"content":"        public void markDone() {","lastModifiedDate":"2022-01-16"},{"lineNumber":19,"author":{"gitId":"lowkaiwei98"},"content":"            isDone \u003d true;","lastModifiedDate":"2022-01-16"},{"lineNumber":20,"author":{"gitId":"lowkaiwei98"},"content":"        }","lastModifiedDate":"2022-01-16"},{"lineNumber":21,"author":{"gitId":"lowkaiwei98"},"content":"","lastModifiedDate":"2022-01-16"},{"lineNumber":22,"author":{"gitId":"lowkaiwei98"},"content":"        public void markNotDone() {","lastModifiedDate":"2022-01-16"},{"lineNumber":23,"author":{"gitId":"lowkaiwei98"},"content":"            isDone \u003d false;","lastModifiedDate":"2022-01-16"},{"lineNumber":24,"author":{"gitId":"lowkaiwei98"},"content":"        }","lastModifiedDate":"2022-01-16"},{"lineNumber":25,"author":{"gitId":"lowkaiwei98"},"content":"","lastModifiedDate":"2022-01-16"},{"lineNumber":26,"author":{"gitId":"lowkaiwei98"},"content":"    @Override","lastModifiedDate":"2022-01-16"},{"lineNumber":27,"author":{"gitId":"lowkaiwei98"},"content":"    public String toString() {","lastModifiedDate":"2022-01-16"},{"lineNumber":28,"author":{"gitId":"lowkaiwei98"},"content":"        return \"[\" + this.getStatusIcon() + \"] \" + this.description;","lastModifiedDate":"2022-01-16"},{"lineNumber":29,"author":{"gitId":"lowkaiwei98"},"content":"    }","lastModifiedDate":"2022-01-16"},{"lineNumber":30,"author":{"gitId":"lowkaiwei98"},"content":"}","lastModifiedDate":"2022-01-16"}],"authorContributionMap":{"lowkaiwei98":30}},{"path":"src/main/java/ToDo.java","fileType":"java","lines":[{"lineNumber":1,"author":{"gitId":"lowkaiwei98"},"content":"public class ToDo extends Task {","lastModifiedDate":"2022-01-16"},{"lineNumber":2,"author":{"gitId":"lowkaiwei98"},"content":"","lastModifiedDate":"2022-01-16"},{"lineNumber":3,"author":{"gitId":"lowkaiwei98"},"content":"    public ToDo(String description) {","lastModifiedDate":"2022-01-16"},{"lineNumber":4,"author":{"gitId":"lowkaiwei98"},"content":"        super(description);","lastModifiedDate":"2022-01-16"},{"lineNumber":5,"author":{"gitId":"lowkaiwei98"},"content":"    }","lastModifiedDate":"2022-01-16"},{"lineNumber":6,"author":{"gitId":"lowkaiwei98"},"content":"","lastModifiedDate":"2022-01-16"},{"lineNumber":7,"author":{"gitId":"lowkaiwei98"},"content":"    @Override","lastModifiedDate":"2022-01-16"},{"lineNumber":8,"author":{"gitId":"lowkaiwei98"},"content":"    public String toString() {","lastModifiedDate":"2022-01-16"},{"lineNumber":9,"author":{"gitId":"lowkaiwei98"},"content":"        return \"[T]\" +  super.toString();","lastModifiedDate":"2022-01-16"},{"lineNumber":10,"author":{"gitId":"lowkaiwei98"},"content":"    }","lastModifiedDate":"2022-01-16"},{"lineNumber":11,"author":{"gitId":"lowkaiwei98"},"content":"}","lastModifiedDate":"2022-01-16"}],"authorContributionMap":{"lowkaiwei98":11}},{"path":"src/main/java/Tsundere.java","fileType":"java","lines":[{"lineNumber":1,"author":{"gitId":"lowkaiwei98"},"content":"import java.util.*;","lastModifiedDate":"2022-01-17"},{"lineNumber":2,"author":{"gitId":"lowkaiwei98"},"content":"","lastModifiedDate":"2022-01-16"},{"lineNumber":3,"author":{"gitId":"lowkaiwei98"},"content":"public class Tsundere {","lastModifiedDate":"2022-01-16"},{"lineNumber":4,"author":{"gitId":"lowkaiwei98"},"content":"","lastModifiedDate":"2022-01-16"},{"lineNumber":5,"author":{"gitId":"lowkaiwei98"},"content":"    static final private String lines \u003d \"------------------------------------------------------------------------\";","lastModifiedDate":"2022-01-17"},{"lineNumber":6,"author":{"gitId":"lowkaiwei98"},"content":"    static List\u003cTask\u003e aryLst \u003d new ArrayList\u003c\u003e();","lastModifiedDate":"2022-01-17"},{"lineNumber":7,"author":{"gitId":"lowkaiwei98"},"content":"    static int countLst \u003d 0;","lastModifiedDate":"2022-01-16"},{"lineNumber":8,"author":{"gitId":"lowkaiwei98"},"content":"","lastModifiedDate":"2022-01-16"},{"lineNumber":9,"author":{"gitId":"lowkaiwei98"},"content":"    public static void main(String[] args) {","lastModifiedDate":"2022-01-16"},{"lineNumber":10,"author":{"gitId":"lowkaiwei98"},"content":"","lastModifiedDate":"2022-01-17"},{"lineNumber":11,"author":{"gitId":"lowkaiwei98"},"content":"        System.out.println(\"Hmph, it\u0027s you again...\\n\"); //+ logo);","lastModifiedDate":"2022-01-17"},{"lineNumber":12,"author":{"gitId":"lowkaiwei98"},"content":"        greet();","lastModifiedDate":"2022-01-16"},{"lineNumber":13,"author":{"gitId":"lowkaiwei98"},"content":"        boolean isBye \u003d false;","lastModifiedDate":"2022-01-16"},{"lineNumber":14,"author":{"gitId":"lowkaiwei98"},"content":"","lastModifiedDate":"2022-01-16"},{"lineNumber":15,"author":{"gitId":"lowkaiwei98"},"content":"        Scanner sc \u003d new Scanner(System.in);","lastModifiedDate":"2022-01-16"},{"lineNumber":16,"author":{"gitId":"lowkaiwei98"},"content":"        while (!isBye) {","lastModifiedDate":"2022-01-16"},{"lineNumber":17,"author":{"gitId":"lowkaiwei98"},"content":"            String userInput \u003d  sc.nextLine();","lastModifiedDate":"2022-01-16"},{"lineNumber":18,"author":{"gitId":"lowkaiwei98"},"content":"            String comUserInput \u003d userInput.toUpperCase();","lastModifiedDate":"2022-01-16"},{"lineNumber":19,"author":{"gitId":"lowkaiwei98"},"content":"            try {","lastModifiedDate":"2022-01-17"},{"lineNumber":20,"author":{"gitId":"lowkaiwei98"},"content":"                switch (comUserInput) {","lastModifiedDate":"2022-01-16"},{"lineNumber":21,"author":{"gitId":"lowkaiwei98"},"content":"                    case \"BYE\":","lastModifiedDate":"2022-01-16"},{"lineNumber":22,"author":{"gitId":"lowkaiwei98"},"content":"                         exit();","lastModifiedDate":"2022-01-16"},{"lineNumber":23,"author":{"gitId":"lowkaiwei98"},"content":"                        isBye \u003d true;","lastModifiedDate":"2022-01-16"},{"lineNumber":24,"author":{"gitId":"lowkaiwei98"},"content":"                        break;","lastModifiedDate":"2022-01-16"},{"lineNumber":25,"author":{"gitId":"lowkaiwei98"},"content":"                    case \"LIST\":","lastModifiedDate":"2022-01-16"},{"lineNumber":26,"author":{"gitId":"lowkaiwei98"},"content":"                        list();","lastModifiedDate":"2022-01-16"},{"lineNumber":27,"author":{"gitId":"lowkaiwei98"},"content":"                        break;","lastModifiedDate":"2022-01-16"},{"lineNumber":28,"author":{"gitId":"lowkaiwei98"},"content":"                    default:","lastModifiedDate":"2022-01-16"},{"lineNumber":29,"author":{"gitId":"lowkaiwei98"},"content":"                        if (comUserInput.contains(\"UNMARK\")) {","lastModifiedDate":"2022-01-16"},{"lineNumber":30,"author":{"gitId":"lowkaiwei98"},"content":"                            String[] splitStr \u003d userInput.split(\" \");","lastModifiedDate":"2022-01-16"},{"lineNumber":31,"author":{"gitId":"lowkaiwei98"},"content":"                            if (splitStr.length \u003c 2) {","lastModifiedDate":"2022-01-17"},{"lineNumber":32,"author":{"gitId":"lowkaiwei98"},"content":"                                throw new TsundereException(\"Hmph you baka, gimme a correct format. For example: unmark 1\");","lastModifiedDate":"2022-01-17"},{"lineNumber":33,"author":{"gitId":"lowkaiwei98"},"content":"                            }","lastModifiedDate":"2022-01-17"},{"lineNumber":34,"author":{"gitId":"lowkaiwei98"},"content":"                            int num \u003d Integer.parseInt(splitStr[1]);","lastModifiedDate":"2022-01-16"},{"lineNumber":35,"author":{"gitId":"lowkaiwei98"},"content":"","lastModifiedDate":"2022-01-17"},{"lineNumber":36,"author":{"gitId":"lowkaiwei98"},"content":"                            if (num \u003e countLst) {","lastModifiedDate":"2022-01-17"},{"lineNumber":37,"author":{"gitId":"lowkaiwei98"},"content":"                                throw new TsundereException(\"Hmph you baka, you gave a invalid number!\");","lastModifiedDate":"2022-01-17"},{"lineNumber":38,"author":{"gitId":"lowkaiwei98"},"content":"                            }","lastModifiedDate":"2022-01-17"},{"lineNumber":39,"author":{"gitId":"lowkaiwei98"},"content":"                            unmark(num);","lastModifiedDate":"2022-01-16"},{"lineNumber":40,"author":{"gitId":"lowkaiwei98"},"content":"                        } else if (comUserInput.contains(\"MARK\")) {","lastModifiedDate":"2022-01-16"},{"lineNumber":41,"author":{"gitId":"lowkaiwei98"},"content":"                            String[] splitStr \u003d userInput.split(\" \");","lastModifiedDate":"2022-01-16"},{"lineNumber":42,"author":{"gitId":"lowkaiwei98"},"content":"","lastModifiedDate":"2022-01-17"},{"lineNumber":43,"author":{"gitId":"lowkaiwei98"},"content":"                            if (splitStr.length \u003c 2) {","lastModifiedDate":"2022-01-17"},{"lineNumber":44,"author":{"gitId":"lowkaiwei98"},"content":"                                throw new TsundereException(\"Hmph you baka, gimme a correct format. For example: mark 1\");","lastModifiedDate":"2022-01-17"},{"lineNumber":45,"author":{"gitId":"lowkaiwei98"},"content":"                            }","lastModifiedDate":"2022-01-17"},{"lineNumber":46,"author":{"gitId":"lowkaiwei98"},"content":"","lastModifiedDate":"2022-01-17"},{"lineNumber":47,"author":{"gitId":"lowkaiwei98"},"content":"                            int num \u003d Integer.parseInt(splitStr[1]);","lastModifiedDate":"2022-01-16"},{"lineNumber":48,"author":{"gitId":"lowkaiwei98"},"content":"","lastModifiedDate":"2022-01-17"},{"lineNumber":49,"author":{"gitId":"lowkaiwei98"},"content":"                            if (num \u003e countLst) {","lastModifiedDate":"2022-01-17"},{"lineNumber":50,"author":{"gitId":"lowkaiwei98"},"content":"                                throw new TsundereException(\"Hmph you baka, you gave a invalid number!\");","lastModifiedDate":"2022-01-17"},{"lineNumber":51,"author":{"gitId":"lowkaiwei98"},"content":"                            }","lastModifiedDate":"2022-01-17"},{"lineNumber":52,"author":{"gitId":"lowkaiwei98"},"content":"                            mark(num);","lastModifiedDate":"2022-01-16"},{"lineNumber":53,"author":{"gitId":"lowkaiwei98"},"content":"                        } else if (comUserInput.contains(\"TODO\")) {","lastModifiedDate":"2022-01-16"},{"lineNumber":54,"author":{"gitId":"lowkaiwei98"},"content":"                            String[] splitStr \u003d userInput.split(\" \", 2);","lastModifiedDate":"2022-01-16"},{"lineNumber":55,"author":{"gitId":"lowkaiwei98"},"content":"                            if (splitStr.length \u003c 2) {","lastModifiedDate":"2022-01-17"},{"lineNumber":56,"author":{"gitId":"lowkaiwei98"},"content":"                                throw new TsundereException(\"Hmph you baka, gimme a correct format. For example, todo sleep\");","lastModifiedDate":"2022-01-17"},{"lineNumber":57,"author":{"gitId":"lowkaiwei98"},"content":"                            }","lastModifiedDate":"2022-01-17"},{"lineNumber":58,"author":{"gitId":"lowkaiwei98"},"content":"                            todo(splitStr[1]);","lastModifiedDate":"2022-01-16"},{"lineNumber":59,"author":{"gitId":"lowkaiwei98"},"content":"                        } else if (comUserInput.contains(\"DEADLINE\")) {","lastModifiedDate":"2022-01-16"},{"lineNumber":60,"author":{"gitId":"lowkaiwei98"},"content":"                            String[] splitStr \u003d userInput.split(\"/by\");","lastModifiedDate":"2022-01-17"},{"lineNumber":61,"author":{"gitId":"lowkaiwei98"},"content":"                            if (splitStr.length \u003c 2) {","lastModifiedDate":"2022-01-17"},{"lineNumber":62,"author":{"gitId":"lowkaiwei98"},"content":"                                throw new TsundereException(\"Hmph you baka, gimme a correct format. For example, deadline sleep/by Sunday\");","lastModifiedDate":"2022-01-17"},{"lineNumber":63,"author":{"gitId":"lowkaiwei98"},"content":"                            }","lastModifiedDate":"2022-01-17"},{"lineNumber":64,"author":{"gitId":"lowkaiwei98"},"content":"                            String[] splitStr2 \u003d splitStr[0].split(\" \",2);","lastModifiedDate":"2022-01-16"},{"lineNumber":65,"author":{"gitId":"lowkaiwei98"},"content":"                            if (splitStr2.length \u003c 2) {","lastModifiedDate":"2022-01-17"},{"lineNumber":66,"author":{"gitId":"lowkaiwei98"},"content":"                                throw new TsundereException(\"Hmph you baka, gimme a correct format. For example, deadline sleep/by Sunday\");","lastModifiedDate":"2022-01-17"},{"lineNumber":67,"author":{"gitId":"lowkaiwei98"},"content":"                            }","lastModifiedDate":"2022-01-17"},{"lineNumber":68,"author":{"gitId":"lowkaiwei98"},"content":"                            deadline(splitStr2[1], splitStr[1]);","lastModifiedDate":"2022-01-16"},{"lineNumber":69,"author":{"gitId":"lowkaiwei98"},"content":"                        } else if (comUserInput.contains(\"EVENT\")) {","lastModifiedDate":"2022-01-16"},{"lineNumber":70,"author":{"gitId":"lowkaiwei98"},"content":"                            String[] splitStr \u003d userInput.split(\"/at\");","lastModifiedDate":"2022-01-17"},{"lineNumber":71,"author":{"gitId":"lowkaiwei98"},"content":"                            if (splitStr.length \u003c 2) {","lastModifiedDate":"2022-01-17"},{"lineNumber":72,"author":{"gitId":"lowkaiwei98"},"content":"                                throw new TsundereException(\"Hmph you baka, gimme a correct format. For example, event sleep/at Sunday\");","lastModifiedDate":"2022-01-17"},{"lineNumber":73,"author":{"gitId":"lowkaiwei98"},"content":"                            }","lastModifiedDate":"2022-01-17"},{"lineNumber":74,"author":{"gitId":"lowkaiwei98"},"content":"                            String[] splitStr2 \u003d splitStr[0].split(\" \",2);","lastModifiedDate":"2022-01-16"},{"lineNumber":75,"author":{"gitId":"lowkaiwei98"},"content":"                            if (splitStr2.length \u003c 2) {","lastModifiedDate":"2022-01-17"},{"lineNumber":76,"author":{"gitId":"lowkaiwei98"},"content":"                                throw new TsundereException(\"Hmph you baka, gimme a correct format. For example, event sleep/at Sunday\");","lastModifiedDate":"2022-01-17"},{"lineNumber":77,"author":{"gitId":"lowkaiwei98"},"content":"                            }","lastModifiedDate":"2022-01-17"},{"lineNumber":78,"author":{"gitId":"lowkaiwei98"},"content":"                            event(splitStr2[1], splitStr[1]);","lastModifiedDate":"2022-01-16"},{"lineNumber":79,"author":{"gitId":"lowkaiwei98"},"content":"                        } else if (comUserInput.contains(\"DELETE\")) {","lastModifiedDate":"2022-01-17"},{"lineNumber":80,"author":{"gitId":"lowkaiwei98"},"content":"                            String[] splitStr \u003d userInput.split(\" \");","lastModifiedDate":"2022-01-17"},{"lineNumber":81,"author":{"gitId":"lowkaiwei98"},"content":"","lastModifiedDate":"2022-01-17"},{"lineNumber":82,"author":{"gitId":"lowkaiwei98"},"content":"                            if (splitStr.length \u003c 2) {","lastModifiedDate":"2022-01-17"},{"lineNumber":83,"author":{"gitId":"lowkaiwei98"},"content":"                                throw new TsundereException(\"Hmph you baka, gimme a correct format. For example: delete 1\");","lastModifiedDate":"2022-01-17"},{"lineNumber":84,"author":{"gitId":"lowkaiwei98"},"content":"                            }","lastModifiedDate":"2022-01-17"},{"lineNumber":85,"author":{"gitId":"lowkaiwei98"},"content":"","lastModifiedDate":"2022-01-17"},{"lineNumber":86,"author":{"gitId":"lowkaiwei98"},"content":"                            int num \u003d Integer.parseInt(splitStr[1]);","lastModifiedDate":"2022-01-17"},{"lineNumber":87,"author":{"gitId":"lowkaiwei98"},"content":"","lastModifiedDate":"2022-01-17"},{"lineNumber":88,"author":{"gitId":"lowkaiwei98"},"content":"                            if (num \u003e countLst) {","lastModifiedDate":"2022-01-17"},{"lineNumber":89,"author":{"gitId":"lowkaiwei98"},"content":"                                throw new TsundereException(\"Hmph you baka, you gave a invalid number!\");","lastModifiedDate":"2022-01-17"},{"lineNumber":90,"author":{"gitId":"lowkaiwei98"},"content":"                            }","lastModifiedDate":"2022-01-17"},{"lineNumber":91,"author":{"gitId":"lowkaiwei98"},"content":"                            delete(num);","lastModifiedDate":"2022-01-17"},{"lineNumber":92,"author":{"gitId":"lowkaiwei98"},"content":"                        } else {","lastModifiedDate":"2022-01-16"},{"lineNumber":93,"author":{"gitId":"lowkaiwei98"},"content":"                            throw new TsundereException(\"I don\u0027t know what you want! Say something valid.\");","lastModifiedDate":"2022-01-17"},{"lineNumber":94,"author":{"gitId":"lowkaiwei98"},"content":"                        }","lastModifiedDate":"2022-01-16"},{"lineNumber":95,"author":{"gitId":"lowkaiwei98"},"content":"                }","lastModifiedDate":"2022-01-16"},{"lineNumber":96,"author":{"gitId":"lowkaiwei98"},"content":"            } catch (TsundereException te) {","lastModifiedDate":"2022-01-17"},{"lineNumber":97,"author":{"gitId":"lowkaiwei98"},"content":"                System.out.println(te.getMessage());","lastModifiedDate":"2022-01-17"},{"lineNumber":98,"author":{"gitId":"lowkaiwei98"},"content":"                System.out.println(lines);","lastModifiedDate":"2022-01-17"},{"lineNumber":99,"author":{"gitId":"lowkaiwei98"},"content":"            }","lastModifiedDate":"2022-01-17"},{"lineNumber":100,"author":{"gitId":"lowkaiwei98"},"content":"","lastModifiedDate":"2022-01-16"},{"lineNumber":101,"author":{"gitId":"lowkaiwei98"},"content":"        }","lastModifiedDate":"2022-01-16"},{"lineNumber":102,"author":{"gitId":"lowkaiwei98"},"content":"    }","lastModifiedDate":"2022-01-16"},{"lineNumber":103,"author":{"gitId":"lowkaiwei98"},"content":"","lastModifiedDate":"2022-01-16"},{"lineNumber":104,"author":{"gitId":"lowkaiwei98"},"content":"    static private void greet() {","lastModifiedDate":"2022-01-16"},{"lineNumber":105,"author":{"gitId":"lowkaiwei98"},"content":"        System.out.println(lines);","lastModifiedDate":"2022-01-16"},{"lineNumber":106,"author":{"gitId":"lowkaiwei98"},"content":"        System.out.println(\"Heyy! What do you want?!\");","lastModifiedDate":"2022-01-16"},{"lineNumber":107,"author":{"gitId":"lowkaiwei98"},"content":"        System.out.println(lines);","lastModifiedDate":"2022-01-16"},{"lineNumber":108,"author":{"gitId":"lowkaiwei98"},"content":"    }","lastModifiedDate":"2022-01-16"},{"lineNumber":109,"author":{"gitId":"lowkaiwei98"},"content":"","lastModifiedDate":"2022-01-16"},{"lineNumber":110,"author":{"gitId":"lowkaiwei98"},"content":"    static private void echo(String userInput) {","lastModifiedDate":"2022-01-16"},{"lineNumber":111,"author":{"gitId":"lowkaiwei98"},"content":"        System.out.println(lines);","lastModifiedDate":"2022-01-16"},{"lineNumber":112,"author":{"gitId":"lowkaiwei98"},"content":"        System.out.println(userInput);","lastModifiedDate":"2022-01-16"},{"lineNumber":113,"author":{"gitId":"lowkaiwei98"},"content":"        System.out.println(lines);","lastModifiedDate":"2022-01-16"},{"lineNumber":114,"author":{"gitId":"lowkaiwei98"},"content":"    }","lastModifiedDate":"2022-01-16"},{"lineNumber":115,"author":{"gitId":"lowkaiwei98"},"content":"    static private void list() {","lastModifiedDate":"2022-01-16"},{"lineNumber":116,"author":{"gitId":"lowkaiwei98"},"content":"        System.out.println(lines);","lastModifiedDate":"2022-01-16"},{"lineNumber":117,"author":{"gitId":"lowkaiwei98"},"content":"","lastModifiedDate":"2022-01-17"},{"lineNumber":118,"author":{"gitId":"lowkaiwei98"},"content":"        if (countLst \u003d\u003d 0) {","lastModifiedDate":"2022-01-17"},{"lineNumber":119,"author":{"gitId":"lowkaiwei98"},"content":"            System.out.println(\"You got no task!!\");","lastModifiedDate":"2022-01-17"},{"lineNumber":120,"author":{"gitId":"lowkaiwei98"},"content":"            return;","lastModifiedDate":"2022-01-17"},{"lineNumber":121,"author":{"gitId":"lowkaiwei98"},"content":"        }","lastModifiedDate":"2022-01-17"},{"lineNumber":122,"author":{"gitId":"lowkaiwei98"},"content":"","lastModifiedDate":"2022-01-17"},{"lineNumber":123,"author":{"gitId":"lowkaiwei98"},"content":"        System.out.println(\"You forgetful baka... here are your tasks: \");","lastModifiedDate":"2022-01-16"},{"lineNumber":124,"author":{"gitId":"lowkaiwei98"},"content":"        for (int i \u003d 0; i \u003c countLst; i++) {","lastModifiedDate":"2022-01-16"},{"lineNumber":125,"author":{"gitId":"lowkaiwei98"},"content":"            int num \u003d i + 1;","lastModifiedDate":"2022-01-16"},{"lineNumber":126,"author":{"gitId":"lowkaiwei98"},"content":"            System.out.println(num + \". \" + aryLst.get(i).toString());","lastModifiedDate":"2022-01-17"},{"lineNumber":127,"author":{"gitId":"lowkaiwei98"},"content":"        }","lastModifiedDate":"2022-01-16"},{"lineNumber":128,"author":{"gitId":"lowkaiwei98"},"content":"        System.out.println(lines);","lastModifiedDate":"2022-01-16"},{"lineNumber":129,"author":{"gitId":"lowkaiwei98"},"content":"    }","lastModifiedDate":"2022-01-16"},{"lineNumber":130,"author":{"gitId":"lowkaiwei98"},"content":"","lastModifiedDate":"2022-01-16"},{"lineNumber":131,"author":{"gitId":"lowkaiwei98"},"content":"    static private void exit() {","lastModifiedDate":"2022-01-16"},{"lineNumber":132,"author":{"gitId":"lowkaiwei98"},"content":"        System.out.println(lines);","lastModifiedDate":"2022-01-16"},{"lineNumber":133,"author":{"gitId":"lowkaiwei98"},"content":"        System.out.println(\"Finally, you\u0027re leaving!\\nIt\u0027s not like i will miss you or anything...\");","lastModifiedDate":"2022-01-16"},{"lineNumber":134,"author":{"gitId":"lowkaiwei98"},"content":"        System.out.println(lines);","lastModifiedDate":"2022-01-16"},{"lineNumber":135,"author":{"gitId":"lowkaiwei98"},"content":"    }","lastModifiedDate":"2022-01-16"},{"lineNumber":136,"author":{"gitId":"lowkaiwei98"},"content":"","lastModifiedDate":"2022-01-16"},{"lineNumber":137,"author":{"gitId":"lowkaiwei98"},"content":"    static private void mark(int num) {","lastModifiedDate":"2022-01-16"},{"lineNumber":138,"author":{"gitId":"lowkaiwei98"},"content":"        System.out.println(lines);","lastModifiedDate":"2022-01-16"},{"lineNumber":139,"author":{"gitId":"lowkaiwei98"},"content":"        System.out.println(\"Alright! Aright, i will mark it down!\");","lastModifiedDate":"2022-01-16"},{"lineNumber":140,"author":{"gitId":"lowkaiwei98"},"content":"        int realNum \u003d num - 1;","lastModifiedDate":"2022-01-16"},{"lineNumber":141,"author":{"gitId":"lowkaiwei98"},"content":"        aryLst.get(realNum).markDone();","lastModifiedDate":"2022-01-17"},{"lineNumber":142,"author":{"gitId":"lowkaiwei98"},"content":"        System.out.println(\"[\" +  aryLst.get(realNum).getStatusIcon()  +\"] \" +  aryLst.get(realNum).getDescription());","lastModifiedDate":"2022-01-17"},{"lineNumber":143,"author":{"gitId":"lowkaiwei98"},"content":"        System.out.println(lines);","lastModifiedDate":"2022-01-16"},{"lineNumber":144,"author":{"gitId":"lowkaiwei98"},"content":"    }","lastModifiedDate":"2022-01-16"},{"lineNumber":145,"author":{"gitId":"lowkaiwei98"},"content":"","lastModifiedDate":"2022-01-16"},{"lineNumber":146,"author":{"gitId":"lowkaiwei98"},"content":"    static private void unmark(int num) {","lastModifiedDate":"2022-01-16"},{"lineNumber":147,"author":{"gitId":"lowkaiwei98"},"content":"        System.out.println(lines);","lastModifiedDate":"2022-01-16"},{"lineNumber":148,"author":{"gitId":"lowkaiwei98"},"content":"        System.out.println(\"You didn\u0027t actually finish?!\");","lastModifiedDate":"2022-01-16"},{"lineNumber":149,"author":{"gitId":"lowkaiwei98"},"content":"        int realNum \u003d num - 1;","lastModifiedDate":"2022-01-16"},{"lineNumber":150,"author":{"gitId":"lowkaiwei98"},"content":"        aryLst.get(realNum).markNotDone();","lastModifiedDate":"2022-01-17"},{"lineNumber":151,"author":{"gitId":"lowkaiwei98"},"content":"        System.out.println(\"[\" +  aryLst.get(realNum).getStatusIcon()  +\"] \" +  aryLst.get(realNum).getDescription());","lastModifiedDate":"2022-01-17"},{"lineNumber":152,"author":{"gitId":"lowkaiwei98"},"content":"        System.out.println(lines);","lastModifiedDate":"2022-01-16"},{"lineNumber":153,"author":{"gitId":"lowkaiwei98"},"content":"    }","lastModifiedDate":"2022-01-16"},{"lineNumber":154,"author":{"gitId":"lowkaiwei98"},"content":"","lastModifiedDate":"2022-01-16"},{"lineNumber":155,"author":{"gitId":"lowkaiwei98"},"content":"    static private void todo(String strTask) {","lastModifiedDate":"2022-01-16"},{"lineNumber":156,"author":{"gitId":"lowkaiwei98"},"content":"        System.out.println(lines);","lastModifiedDate":"2022-01-16"},{"lineNumber":157,"author":{"gitId":"lowkaiwei98"},"content":"        System.out.println(\"New task! You better do it.\");","lastModifiedDate":"2022-01-16"},{"lineNumber":158,"author":{"gitId":"lowkaiwei98"},"content":"        aryLst.add(new ToDo(strTask));","lastModifiedDate":"2022-01-17"},{"lineNumber":159,"author":{"gitId":"lowkaiwei98"},"content":"        System.out.println(aryLst.get(countLst).toString());","lastModifiedDate":"2022-01-17"},{"lineNumber":160,"author":{"gitId":"lowkaiwei98"},"content":"        countLst++;","lastModifiedDate":"2022-01-16"},{"lineNumber":161,"author":{"gitId":"lowkaiwei98"},"content":"        System.out.println(\"You have \" + countLst + \" task(s) to do you lazy bum!\");","lastModifiedDate":"2022-01-17"},{"lineNumber":162,"author":{"gitId":"lowkaiwei98"},"content":"        System.out.println(lines);","lastModifiedDate":"2022-01-16"},{"lineNumber":163,"author":{"gitId":"lowkaiwei98"},"content":"    }","lastModifiedDate":"2022-01-16"},{"lineNumber":164,"author":{"gitId":"lowkaiwei98"},"content":"","lastModifiedDate":"2022-01-16"},{"lineNumber":165,"author":{"gitId":"lowkaiwei98"},"content":"    static private void deadline(String strTask, String by) {","lastModifiedDate":"2022-01-16"},{"lineNumber":166,"author":{"gitId":"lowkaiwei98"},"content":"        System.out.println(lines);","lastModifiedDate":"2022-01-16"},{"lineNumber":167,"author":{"gitId":"lowkaiwei98"},"content":"        System.out.println(\"New task! You better do it.\");","lastModifiedDate":"2022-01-16"},{"lineNumber":168,"author":{"gitId":"lowkaiwei98"},"content":"        aryLst.add(new Deadline(strTask, by));","lastModifiedDate":"2022-01-17"},{"lineNumber":169,"author":{"gitId":"lowkaiwei98"},"content":"        System.out.println(aryLst.get(countLst).toString());","lastModifiedDate":"2022-01-17"},{"lineNumber":170,"author":{"gitId":"lowkaiwei98"},"content":"        countLst++;","lastModifiedDate":"2022-01-16"},{"lineNumber":171,"author":{"gitId":"lowkaiwei98"},"content":"        System.out.println(\"You have \" + countLst + \" task(s) to do you lazy bum!\");","lastModifiedDate":"2022-01-17"},{"lineNumber":172,"author":{"gitId":"lowkaiwei98"},"content":"        System.out.println(lines);","lastModifiedDate":"2022-01-16"},{"lineNumber":173,"author":{"gitId":"lowkaiwei98"},"content":"    }","lastModifiedDate":"2022-01-16"},{"lineNumber":174,"author":{"gitId":"lowkaiwei98"},"content":"","lastModifiedDate":"2022-01-16"},{"lineNumber":175,"author":{"gitId":"lowkaiwei98"},"content":"    static private void event(String strTask, String at) {","lastModifiedDate":"2022-01-16"},{"lineNumber":176,"author":{"gitId":"lowkaiwei98"},"content":"        System.out.println(lines);","lastModifiedDate":"2022-01-16"},{"lineNumber":177,"author":{"gitId":"lowkaiwei98"},"content":"        System.out.println(\"New task! You better do it.\");","lastModifiedDate":"2022-01-16"},{"lineNumber":178,"author":{"gitId":"lowkaiwei98"},"content":"        aryLst.add(new Event(strTask, at));","lastModifiedDate":"2022-01-17"},{"lineNumber":179,"author":{"gitId":"lowkaiwei98"},"content":"        System.out.println(aryLst.get(countLst).toString());","lastModifiedDate":"2022-01-17"},{"lineNumber":180,"author":{"gitId":"lowkaiwei98"},"content":"        countLst++;","lastModifiedDate":"2022-01-16"},{"lineNumber":181,"author":{"gitId":"lowkaiwei98"},"content":"        System.out.println(\"You have \" + countLst + \" task(s) to do, you lazy bum!\");","lastModifiedDate":"2022-01-17"},{"lineNumber":182,"author":{"gitId":"lowkaiwei98"},"content":"        System.out.println(lines);","lastModifiedDate":"2022-01-16"},{"lineNumber":183,"author":{"gitId":"lowkaiwei98"},"content":"    }","lastModifiedDate":"2022-01-16"},{"lineNumber":184,"author":{"gitId":"lowkaiwei98"},"content":"","lastModifiedDate":"2022-01-16"},{"lineNumber":185,"author":{"gitId":"lowkaiwei98"},"content":"    static private void delete(int num) {","lastModifiedDate":"2022-01-17"},{"lineNumber":186,"author":{"gitId":"lowkaiwei98"},"content":"        System.out.println(lines);","lastModifiedDate":"2022-01-17"},{"lineNumber":187,"author":{"gitId":"lowkaiwei98"},"content":"        System.out.println(\"Deleting the task. You\u0027re not being lazy, are you?\");","lastModifiedDate":"2022-01-17"},{"lineNumber":188,"author":{"gitId":"lowkaiwei98"},"content":"        System.out.println(aryLst.get(num).toString());","lastModifiedDate":"2022-01-17"},{"lineNumber":189,"author":{"gitId":"lowkaiwei98"},"content":"        aryLst.remove(num - 1);","lastModifiedDate":"2022-01-17"},{"lineNumber":190,"author":{"gitId":"lowkaiwei98"},"content":"        countLst--;","lastModifiedDate":"2022-01-17"},{"lineNumber":191,"author":{"gitId":"lowkaiwei98"},"content":"        System.out.println(\"You have \" + countLst + \" task(s) to do, you lazy bum!\");","lastModifiedDate":"2022-01-17"},{"lineNumber":192,"author":{"gitId":"lowkaiwei98"},"content":"        System.out.println(lines);","lastModifiedDate":"2022-01-17"},{"lineNumber":193,"author":{"gitId":"lowkaiwei98"},"content":"    }","lastModifiedDate":"2022-01-17"},{"lineNumber":194,"author":{"gitId":"lowkaiwei98"},"content":"","lastModifiedDate":"2022-01-17"},{"lineNumber":195,"author":{"gitId":"lowkaiwei98"},"content":"","lastModifiedDate":"2022-01-17"},{"lineNumber":196,"author":{"gitId":"lowkaiwei98"},"content":"","lastModifiedDate":"2022-01-17"},{"lineNumber":197,"author":{"gitId":"lowkaiwei98"},"content":"}","lastModifiedDate":"2022-01-16"}],"authorContributionMap":{"lowkaiwei98":197}},{"path":"src/main/java/TsundereException.java","fileType":"java","lines":[{"lineNumber":1,"author":{"gitId":"lowkaiwei98"},"content":"public class TsundereException extends Exception{","lastModifiedDate":"2022-01-17"},{"lineNumber":2,"author":{"gitId":"lowkaiwei98"},"content":"    public TsundereException(String errorMsg) {","lastModifiedDate":"2022-01-17"},{"lineNumber":3,"author":{"gitId":"lowkaiwei98"},"content":"        super(errorMsg);","lastModifiedDate":"2022-01-17"},{"lineNumber":4,"author":{"gitId":"lowkaiwei98"},"content":"    }","lastModifiedDate":"2022-01-17"},{"lineNumber":5,"author":{"gitId":"lowkaiwei98"},"content":"}","lastModifiedDate":"2022-01-17"}],"authorContributionMap":{"lowkaiwei98":5}},{"path":"text-ui-test/runtest.bat","fileType":"bat","lines":[{"lineNumber":1,"author":{"gitId":"-"},"content":"@ECHO OFF","lastModifiedDate":"2020-05-25"},{"lineNumber":2,"author":{"gitId":"-"},"content":"","lastModifiedDate":"2020-05-25"},{"lineNumber":3,"author":{"gitId":"-"},"content":"REM create bin directory if it doesn\u0027t exist","lastModifiedDate":"2020-05-25"},{"lineNumber":4,"author":{"gitId":"-"},"content":"if not exist ..\\bin mkdir ..\\bin","lastModifiedDate":"2020-05-25"},{"lineNumber":5,"author":{"gitId":"-"},"content":"","lastModifiedDate":"2020-05-25"},{"lineNumber":6,"author":{"gitId":"-"},"content":"REM delete output from previous run","lastModifiedDate":"2020-05-25"},{"lineNumber":7,"author":{"gitId":"-"},"content":"if exist ACTUAL.TXT del ACTUAL.TXT","lastModifiedDate":"2020-08-25"},{"lineNumber":8,"author":{"gitId":"-"},"content":"","lastModifiedDate":"2020-05-25"},{"lineNumber":9,"author":{"gitId":"-"},"content":"REM compile the code into the bin folder","lastModifiedDate":"2020-05-25"},{"lineNumber":10,"author":{"gitId":"-"},"content":"javac  -cp ..\\src\\main\\java -Xlint:none -d ..\\bin ..\\src\\main\\java\\*.java","lastModifiedDate":"2020-08-25"},{"lineNumber":11,"author":{"gitId":"-"},"content":"IF ERRORLEVEL 1 (","lastModifiedDate":"2020-05-25"},{"lineNumber":12,"author":{"gitId":"-"},"content":"    echo ********** BUILD FAILURE **********","lastModifiedDate":"2020-05-25"},{"lineNumber":13,"author":{"gitId":"-"},"content":"    exit /b 1","lastModifiedDate":"2020-05-25"},{"lineNumber":14,"author":{"gitId":"-"},"content":")","lastModifiedDate":"2020-05-25"},{"lineNumber":15,"author":{"gitId":"-"},"content":"REM no error here, errorlevel \u003d\u003d 0","lastModifiedDate":"2020-05-25"},{"lineNumber":16,"author":{"gitId":"-"},"content":"","lastModifiedDate":"2020-05-25"},{"lineNumber":17,"author":{"gitId":"-"},"content":"REM run the program, feed commands from input.txt file and redirect the output to the ACTUAL.TXT","lastModifiedDate":"2020-05-25"},{"lineNumber":18,"author":{"gitId":"lowkaiwei98"},"content":"java -classpath ..\\bin Tsundere \u003c input.txt \u003e ACTUAL.TXT","lastModifiedDate":"2022-01-17"},{"lineNumber":19,"author":{"gitId":"-"},"content":"","lastModifiedDate":"2020-05-25"},{"lineNumber":20,"author":{"gitId":"-"},"content":"REM compare the output to the expected output","lastModifiedDate":"2020-05-25"},{"lineNumber":21,"author":{"gitId":"-"},"content":"FC ACTUAL.TXT EXPECTED.TXT","lastModifiedDate":"2020-05-25"}],"authorContributionMap":{"-":20,"lowkaiwei98":1}}]
