{"authorDailyContributionsMap":{"lowkaiwei98":[{"date":"2022-01-16","commitResults":[{"hash":"4ef39c5c582099e191e9bd8fa135ffbc4192d1a3","messageTitle":"Level-1 Greet, Echo, Exit","messageBody":"","tags":["level1","level-1"],"fileTypesAndContributionMap":{"java":{"insertions":77,"deletions":10}}},{"hash":"8279b6b6ccf2491166e021e4705cb9529a2d31e6","messageTitle":"Update for Level 2, add list","messageBody":"","tags":["level-2"],"fileTypesAndContributionMap":{"java":{"insertions":25,"deletions":8}}},{"hash":"c315f2510aa50344fb92b11c3bb8574eba5b6abc","messageTitle":"Added Task for level 3","messageBody":"","tags":["level-3"],"fileTypesAndContributionMap":{"java":{"insertions":63,"deletions":8}}},{"hash":"b37617647439388d06783c33c7eb4a3026a86552","messageTitle":"Added Todo, dealine and event for level 4","messageBody":"","tags":["level-4"],"fileTypesAndContributionMap":{"java":{"insertions":84,"deletions":3}}}]},{"date":"2022-01-17","commitResults":[{"hash":"f0c308405d2f506ee58b74a51ce50cea6f9c2acb","messageTitle":"Fixed ui test bat","messageBody":"","fileTypesAndContributionMap":{"bat":{"insertions":1,"deletions":1}}},{"hash":"78ded4b8a9aa11d6107bf25f1485c06e7bda5d83","messageTitle":"Added exception for level 5","messageBody":"","tags":["level-5"],"fileTypesAndContributionMap":{"java":{"insertions":84,"deletions":68}}},{"hash":"1dbcd90d82cbddd02f26c5f8dd632ace9559f0ad","messageTitle":"Added the ability to delete tasks for Level 6","messageBody":"","tags":["level-6"],"fileTypesAndContributionMap":{"java":{"insertions":45,"deletions":20}}}]},{"date":"2022-01-19","commitResults":[{"hash":"88f252a05e2fc7f7b2ce2670370b2cf3f1441fbc","messageTitle":"Changed part of the code to enum","messageBody":"","tags":["A-Enums"],"fileTypesAndContributionMap":{"java":{"insertions":107,"deletions":71}}},{"hash":"285d3c75b3baf2a1f4babcef33a8abfbc50a5d6e","messageTitle":"Changed input and expected for textUiTest","messageBody":"","tags":["A-TextUiTesting"],"fileTypesAndContributionMap":{"txt":{"insertions":14,"deletions":0}}}]},{"date":"2022-01-23","commitResults":[{"hash":"9fe032f75d67bc667a18dd7b827056c77ca5a131","messageTitle":"Add the save functionability","messageBody":"","tags":["level-7"],"fileTypesAndContributionMap":{"txt":{"insertions":1,"deletions":0},"java":{"insertions":147,"deletions":7}}},{"hash":"6543975aeca775e621a211a651d411f6f82d7137","messageTitle":"Add the ability to read time in the format yyyy-mm-dd","messageBody":"","tags":["level-8"],"fileTypesAndContributionMap":{"java":{"insertions":44,"deletions":8}}},{"hash":"bc4ac8c8a2f8261890768c00f953f1d78cb00fec","messageTitle":"Change code to OOP paradigm","messageBody":"","tags":["A-MoreOOP"],"fileTypesAndContributionMap":{"txt":{"insertions":0,"deletions":0},"java":{"insertions":416,"deletions":344}}}]},{"date":"2022-01-24","commitResults":[{"hash":"1e5693e19d4202f48b01b772d89aa79d6f9cdad2","messageTitle":"Add packages according to different classes","messageBody":"","tags":["A-Packages"],"fileTypesAndContributionMap":{"txt":{"insertions":3,"deletions":1},"java":{"insertions":97,"deletions":7}}}]}]},"authorFileTypeContributionMap":{"lowkaiwei98":{"java":645,"md":0,"fxml":0,"sh":0,"bat":1,"gradle":0,"txt":17}},"authorContributionVariance":{"lowkaiwei98":75089.13},"authorDisplayNameMap":{"lowkaiwei98":"CS2103T-T09-3 LOW ..IWEI"}}
