[{"path":"src/main/java/Deadline.java","fileType":"java","lines":[{"lineNumber":1,"author":{"gitId":"gigituang"},"content":"package PACKAGE_NAME;public class Deadline {","lastModifiedDate":"2022-01-21"},{"lineNumber":2,"author":{"gitId":"gigituang"},"content":"}","lastModifiedDate":"2022-01-21"}],"authorContributionMap":{"gigituang":2}},{"path":"src/main/java/Event.java","fileType":"java","lines":[{"lineNumber":1,"author":{"gitId":"gigituang"},"content":"package PACKAGE_NAME;public class Event {","lastModifiedDate":"2022-01-21"},{"lineNumber":2,"author":{"gitId":"gigituang"},"content":"}","lastModifiedDate":"2022-01-21"}],"authorContributionMap":{"gigituang":2}},{"path":"src/main/java/Level1.java","fileType":"java","lines":[{"lineNumber":1,"author":{"gitId":"gigituang"},"content":"import java.util.Scanner;","lastModifiedDate":"2022-01-20"},{"lineNumber":2,"author":{"gitId":"gigituang"},"content":"","lastModifiedDate":"2022-01-20"},{"lineNumber":3,"author":{"gitId":"gigituang"},"content":"public class Level1 {","lastModifiedDate":"2022-01-20"},{"lineNumber":4,"author":{"gitId":"gigituang"},"content":"\t","lastModifiedDate":"2022-01-20"},{"lineNumber":5,"author":{"gitId":"gigituang"},"content":"\tpublic static void main(String[] args) {","lastModifiedDate":"2022-01-20"},{"lineNumber":6,"author":{"gitId":"gigituang"},"content":"\t\tSystem.out.println(\"Hello! I\u0027m Duke\");","lastModifiedDate":"2022-01-20"},{"lineNumber":7,"author":{"gitId":"gigituang"},"content":"\t\tSystem.out.println(\"What can I do for you?\");","lastModifiedDate":"2022-01-20"},{"lineNumber":8,"author":{"gitId":"gigituang"},"content":"\t\t","lastModifiedDate":"2022-01-20"},{"lineNumber":9,"author":{"gitId":"gigituang"},"content":"\t\tScanner sc \u003d new Scanner(System.in);","lastModifiedDate":"2022-01-20"},{"lineNumber":10,"author":{"gitId":"gigituang"},"content":"\t\t","lastModifiedDate":"2022-01-20"},{"lineNumber":11,"author":{"gitId":"gigituang"},"content":"\t\twhile(sc.hasNext()) {","lastModifiedDate":"2022-01-20"},{"lineNumber":12,"author":{"gitId":"gigituang"},"content":"\t\t\tString s \u003d sc.nextLine();","lastModifiedDate":"2022-01-20"},{"lineNumber":13,"author":{"gitId":"gigituang"},"content":"\t\t\tif(s.equals(\"bye\")) {","lastModifiedDate":"2022-01-20"},{"lineNumber":14,"author":{"gitId":"gigituang"},"content":"\t\t\t\tSystem.out.println(\"Bye. Hope to see you again soon!\");","lastModifiedDate":"2022-01-20"},{"lineNumber":15,"author":{"gitId":"gigituang"},"content":"\t\t\t\tbreak;","lastModifiedDate":"2022-01-20"},{"lineNumber":16,"author":{"gitId":"gigituang"},"content":"\t\t\t}","lastModifiedDate":"2022-01-20"},{"lineNumber":17,"author":{"gitId":"gigituang"},"content":"\t\t\telse {","lastModifiedDate":"2022-01-20"},{"lineNumber":18,"author":{"gitId":"gigituang"},"content":"\t\t\t\tSystem.out.println(s);","lastModifiedDate":"2022-01-20"},{"lineNumber":19,"author":{"gitId":"gigituang"},"content":"\t\t\t}","lastModifiedDate":"2022-01-20"},{"lineNumber":20,"author":{"gitId":"gigituang"},"content":"\t\t}","lastModifiedDate":"2022-01-20"},{"lineNumber":21,"author":{"gitId":"gigituang"},"content":"\t}","lastModifiedDate":"2022-01-20"},{"lineNumber":22,"author":{"gitId":"gigituang"},"content":"}","lastModifiedDate":"2022-01-20"}],"authorContributionMap":{"gigituang":22}},{"path":"src/main/java/Level2.java","fileType":"java","lines":[{"lineNumber":1,"author":{"gitId":"gigituang"},"content":"import java.util.List;","lastModifiedDate":"2022-01-21"},{"lineNumber":2,"author":{"gitId":"gigituang"},"content":"import java.util.ArrayList;","lastModifiedDate":"2022-01-21"},{"lineNumber":3,"author":{"gitId":"gigituang"},"content":"import java.util.Scanner;","lastModifiedDate":"2022-01-21"},{"lineNumber":4,"author":{"gitId":"gigituang"},"content":"","lastModifiedDate":"2022-01-21"},{"lineNumber":5,"author":{"gitId":"gigituang"},"content":"public class Level2 {","lastModifiedDate":"2022-01-21"},{"lineNumber":6,"author":{"gitId":"gigituang"},"content":"","lastModifiedDate":"2022-01-21"},{"lineNumber":7,"author":{"gitId":"gigituang"},"content":"    public static void main(String[] args) {","lastModifiedDate":"2022-01-21"},{"lineNumber":8,"author":{"gitId":"gigituang"},"content":"        ","lastModifiedDate":"2022-01-21"},{"lineNumber":9,"author":{"gitId":"gigituang"},"content":"        System.out.println(\"Hello! I\u0027m Duke\");","lastModifiedDate":"2022-01-21"},{"lineNumber":10,"author":{"gitId":"gigituang"},"content":"        System.out.println(\"What can I do for you?\");","lastModifiedDate":"2022-01-21"},{"lineNumber":11,"author":{"gitId":"gigituang"},"content":"        Scanner sc \u003d new Scanner(System.in);","lastModifiedDate":"2022-01-21"},{"lineNumber":12,"author":{"gitId":"gigituang"},"content":"       ","lastModifiedDate":"2022-01-21"},{"lineNumber":13,"author":{"gitId":"gigituang"},"content":"        List\u003cString\u003e library \u003d new ArrayList\u003c\u003e();","lastModifiedDate":"2022-01-21"},{"lineNumber":14,"author":{"gitId":"gigituang"},"content":"        ","lastModifiedDate":"2022-01-21"},{"lineNumber":15,"author":{"gitId":"gigituang"},"content":"        while(sc.hasNext()) {","lastModifiedDate":"2022-01-21"},{"lineNumber":16,"author":{"gitId":"gigituang"},"content":"            String s \u003d sc.nextLine();","lastModifiedDate":"2022-01-21"},{"lineNumber":17,"author":{"gitId":"gigituang"},"content":"            ","lastModifiedDate":"2022-01-21"},{"lineNumber":18,"author":{"gitId":"gigituang"},"content":"            if(s.equals(\"bye\")) {","lastModifiedDate":"2022-01-21"},{"lineNumber":19,"author":{"gitId":"gigituang"},"content":"                System.out.println(\"Bye. Hope to see you again soon!\");","lastModifiedDate":"2022-01-21"},{"lineNumber":20,"author":{"gitId":"gigituang"},"content":"                break;","lastModifiedDate":"2022-01-21"},{"lineNumber":21,"author":{"gitId":"gigituang"},"content":"            }","lastModifiedDate":"2022-01-21"},{"lineNumber":22,"author":{"gitId":"gigituang"},"content":"            else if(s.equals(\"list\")) {","lastModifiedDate":"2022-01-21"},{"lineNumber":23,"author":{"gitId":"gigituang"},"content":"                int count \u003d 1;","lastModifiedDate":"2022-01-21"},{"lineNumber":24,"author":{"gitId":"gigituang"},"content":"                for (String book  : library) {","lastModifiedDate":"2022-01-21"},{"lineNumber":25,"author":{"gitId":"gigituang"},"content":"                    System.out.println(count + \". \" + book);","lastModifiedDate":"2022-01-21"},{"lineNumber":26,"author":{"gitId":"gigituang"},"content":"                    count++;","lastModifiedDate":"2022-01-21"},{"lineNumber":27,"author":{"gitId":"gigituang"},"content":"                }","lastModifiedDate":"2022-01-21"},{"lineNumber":28,"author":{"gitId":"gigituang"},"content":"            }","lastModifiedDate":"2022-01-21"},{"lineNumber":29,"author":{"gitId":"gigituang"},"content":"            else {","lastModifiedDate":"2022-01-21"},{"lineNumber":30,"author":{"gitId":"gigituang"},"content":"                System.out.println(\"added: \" + s);","lastModifiedDate":"2022-01-21"},{"lineNumber":31,"author":{"gitId":"gigituang"},"content":"                library.add(s);","lastModifiedDate":"2022-01-21"},{"lineNumber":32,"author":{"gitId":"gigituang"},"content":"            }","lastModifiedDate":"2022-01-21"},{"lineNumber":33,"author":{"gitId":"gigituang"},"content":"        }","lastModifiedDate":"2022-01-21"},{"lineNumber":34,"author":{"gitId":"gigituang"},"content":"    }","lastModifiedDate":"2022-01-21"},{"lineNumber":35,"author":{"gitId":"gigituang"},"content":"}","lastModifiedDate":"2022-01-21"}],"authorContributionMap":{"gigituang":35}},{"path":"src/main/java/Level3.java","fileType":"java","lines":[{"lineNumber":1,"author":{"gitId":"gigituang"},"content":"package PACKAGE_NAME;public class Level3 {","lastModifiedDate":"2022-01-21"},{"lineNumber":2,"author":{"gitId":"gigituang"},"content":"}","lastModifiedDate":"2022-01-21"}],"authorContributionMap":{"gigituang":2}},{"path":"src/main/java/Level3/Duke.java","fileType":"java","lines":[{"lineNumber":1,"author":{"gitId":"gigituang"},"content":"import java.util.Arrays;","lastModifiedDate":"2022-01-21"},{"lineNumber":2,"author":{"gitId":"gigituang"},"content":"import java.util.Scanner;","lastModifiedDate":"2022-01-21"},{"lineNumber":3,"author":{"gitId":"gigituang"},"content":"import java.util.List;","lastModifiedDate":"2022-01-21"},{"lineNumber":4,"author":{"gitId":"gigituang"},"content":"import java.util.ArrayList;","lastModifiedDate":"2022-01-21"},{"lineNumber":5,"author":{"gitId":"gigituang"},"content":"","lastModifiedDate":"2022-01-21"},{"lineNumber":6,"author":{"gitId":"gigituang"},"content":"public class Duke {","lastModifiedDate":"2022-01-21"},{"lineNumber":7,"author":{"gitId":"gigituang"},"content":"    public static void main(String[] args) {","lastModifiedDate":"2022-01-21"},{"lineNumber":8,"author":{"gitId":"gigituang"},"content":"        String logo \u003d \" ____        _        \\n\"","lastModifiedDate":"2022-01-21"},{"lineNumber":9,"author":{"gitId":"gigituang"},"content":"                + \"|  _ \\\\ _   _| | _____ \\n\"","lastModifiedDate":"2022-01-21"},{"lineNumber":10,"author":{"gitId":"gigituang"},"content":"                + \"| | | | | | | |/ / _ \\\\\\n\"","lastModifiedDate":"2022-01-21"},{"lineNumber":11,"author":{"gitId":"gigituang"},"content":"                + \"| |_| | |_| |   \u003c  __/\\n\"","lastModifiedDate":"2022-01-21"},{"lineNumber":12,"author":{"gitId":"gigituang"},"content":"                + \"|____/ \\\\__,_|_|\\\\_\\\\___|\\n\";","lastModifiedDate":"2022-01-21"},{"lineNumber":13,"author":{"gitId":"gigituang"},"content":"        System.out.println(\"Hello from\\n\" + logo);","lastModifiedDate":"2022-01-21"},{"lineNumber":14,"author":{"gitId":"gigituang"},"content":"        System.out.println(\"Hello! i\u0027m Duke\");","lastModifiedDate":"2022-01-21"},{"lineNumber":15,"author":{"gitId":"gigituang"},"content":"        System.out.println(\"What can I do for you?\");","lastModifiedDate":"2022-01-21"},{"lineNumber":16,"author":{"gitId":"gigituang"},"content":"        Scanner sc \u003d new Scanner(System.in);","lastModifiedDate":"2022-01-21"},{"lineNumber":17,"author":{"gitId":"gigituang"},"content":"","lastModifiedDate":"2022-01-21"},{"lineNumber":18,"author":{"gitId":"gigituang"},"content":"        List\u003cTask\u003e taskList \u003d new ArrayList\u003c\u003e();","lastModifiedDate":"2022-01-21"},{"lineNumber":19,"author":{"gitId":"gigituang"},"content":"","lastModifiedDate":"2022-01-21"},{"lineNumber":20,"author":{"gitId":"gigituang"},"content":"        while(sc.hasNext()){","lastModifiedDate":"2022-01-21"},{"lineNumber":21,"author":{"gitId":"gigituang"},"content":"            String[] s \u003d sc.nextLine().split(\" \");","lastModifiedDate":"2022-01-21"},{"lineNumber":22,"author":{"gitId":"gigituang"},"content":"","lastModifiedDate":"2022-01-21"},{"lineNumber":23,"author":{"gitId":"gigituang"},"content":"            if(s[0].equals(\"list\")){","lastModifiedDate":"2022-01-21"},{"lineNumber":24,"author":{"gitId":"gigituang"},"content":"                int count \u003d 1;","lastModifiedDate":"2022-01-21"},{"lineNumber":25,"author":{"gitId":"gigituang"},"content":"                for(Task sample:taskList) {","lastModifiedDate":"2022-01-21"},{"lineNumber":26,"author":{"gitId":"gigituang"},"content":"                    System.out.println(count + \". \" + sample);","lastModifiedDate":"2022-01-21"},{"lineNumber":27,"author":{"gitId":"gigituang"},"content":"                    count++;","lastModifiedDate":"2022-01-21"},{"lineNumber":28,"author":{"gitId":"gigituang"},"content":"                }","lastModifiedDate":"2022-01-21"},{"lineNumber":29,"author":{"gitId":"gigituang"},"content":"            }","lastModifiedDate":"2022-01-21"},{"lineNumber":30,"author":{"gitId":"gigituang"},"content":"            else if(s[0].equals(\"mark\")) {","lastModifiedDate":"2022-01-21"},{"lineNumber":31,"author":{"gitId":"gigituang"},"content":"                taskList.get(Integer.parseInt(s[1]) - 1).setDone();","lastModifiedDate":"2022-01-21"},{"lineNumber":32,"author":{"gitId":"gigituang"},"content":"                System.out.println(\"Nice! I\u0027ve marked this task as done:\");","lastModifiedDate":"2022-01-21"},{"lineNumber":33,"author":{"gitId":"gigituang"},"content":"                System.out.println(taskList.get(Integer.parseInt(s[1]) - 1));","lastModifiedDate":"2022-01-21"},{"lineNumber":34,"author":{"gitId":"gigituang"},"content":"            }","lastModifiedDate":"2022-01-21"},{"lineNumber":35,"author":{"gitId":"gigituang"},"content":"","lastModifiedDate":"2022-01-21"},{"lineNumber":36,"author":{"gitId":"gigituang"},"content":"            else if(s[0].equals(\"unmark\")) {","lastModifiedDate":"2022-01-21"},{"lineNumber":37,"author":{"gitId":"gigituang"},"content":"                taskList.get(Integer.parseInt(s[1]) - 1).setUndone();","lastModifiedDate":"2022-01-21"},{"lineNumber":38,"author":{"gitId":"gigituang"},"content":"                System.out.println(\"OK,I\u0027ve marked this task as not done yet:\");","lastModifiedDate":"2022-01-21"},{"lineNumber":39,"author":{"gitId":"gigituang"},"content":"                System.out.println(taskList.get(Integer.parseInt(s[1]) - 1));","lastModifiedDate":"2022-01-21"},{"lineNumber":40,"author":{"gitId":"gigituang"},"content":"            }","lastModifiedDate":"2022-01-21"},{"lineNumber":41,"author":{"gitId":"gigituang"},"content":"","lastModifiedDate":"2022-01-21"},{"lineNumber":42,"author":{"gitId":"gigituang"},"content":"            else if(s[0].equals(\"event\")){","lastModifiedDate":"2022-01-21"},{"lineNumber":43,"author":{"gitId":"gigituang"},"content":"                String time \u003d \"\";","lastModifiedDate":"2022-01-21"},{"lineNumber":44,"author":{"gitId":"gigituang"},"content":"                String str \u003d \"\";","lastModifiedDate":"2022-01-21"},{"lineNumber":45,"author":{"gitId":"gigituang"},"content":"                int index \u003d 0;","lastModifiedDate":"2022-01-21"},{"lineNumber":46,"author":{"gitId":"gigituang"},"content":"","lastModifiedDate":"2022-01-21"},{"lineNumber":47,"author":{"gitId":"gigituang"},"content":"                for(int i\u003d1; i\u003cs.length;i++) {","lastModifiedDate":"2022-01-21"},{"lineNumber":48,"author":{"gitId":"gigituang"},"content":"                    if(s[i].equals(\"at/\")) {","lastModifiedDate":"2022-01-21"},{"lineNumber":49,"author":{"gitId":"gigituang"},"content":"                        index \u003d i+1;","lastModifiedDate":"2022-01-21"},{"lineNumber":50,"author":{"gitId":"gigituang"},"content":"                        break;","lastModifiedDate":"2022-01-21"},{"lineNumber":51,"author":{"gitId":"gigituang"},"content":"                    } else {","lastModifiedDate":"2022-01-21"},{"lineNumber":52,"author":{"gitId":"gigituang"},"content":"                        str \u003d str + s[i] + \" \";","lastModifiedDate":"2022-01-21"},{"lineNumber":53,"author":{"gitId":"gigituang"},"content":"                    }","lastModifiedDate":"2022-01-21"},{"lineNumber":54,"author":{"gitId":"gigituang"},"content":"                }","lastModifiedDate":"2022-01-21"},{"lineNumber":55,"author":{"gitId":"gigituang"},"content":"                for(int k \u003d index; k\u003cs.length;k++){","lastModifiedDate":"2022-01-21"},{"lineNumber":56,"author":{"gitId":"gigituang"},"content":"                    time \u003d time + s[k] + \" \";","lastModifiedDate":"2022-01-21"},{"lineNumber":57,"author":{"gitId":"gigituang"},"content":"                }","lastModifiedDate":"2022-01-21"},{"lineNumber":58,"author":{"gitId":"gigituang"},"content":"                Event event \u003d new Event(str,time);","lastModifiedDate":"2022-01-21"},{"lineNumber":59,"author":{"gitId":"gigituang"},"content":"                taskList.add(event);","lastModifiedDate":"2022-01-21"},{"lineNumber":60,"author":{"gitId":"gigituang"},"content":"                System.out.println(\"Got it. I\u0027ve added this task:\");","lastModifiedDate":"2022-01-21"},{"lineNumber":61,"author":{"gitId":"gigituang"},"content":"                System.out.println(event);","lastModifiedDate":"2022-01-21"},{"lineNumber":62,"author":{"gitId":"gigituang"},"content":"                System.out.println(\"Now you have \" + taskList.size() + \" tasks in the list\");","lastModifiedDate":"2022-01-21"},{"lineNumber":63,"author":{"gitId":"gigituang"},"content":"","lastModifiedDate":"2022-01-21"},{"lineNumber":64,"author":{"gitId":"gigituang"},"content":"            }","lastModifiedDate":"2022-01-21"},{"lineNumber":65,"author":{"gitId":"gigituang"},"content":"","lastModifiedDate":"2022-01-21"},{"lineNumber":66,"author":{"gitId":"gigituang"},"content":"            else if(s[0].equals(\"deadline\")) {","lastModifiedDate":"2022-01-21"},{"lineNumber":67,"author":{"gitId":"gigituang"},"content":"                String time \u003d \"\";","lastModifiedDate":"2022-01-21"},{"lineNumber":68,"author":{"gitId":"gigituang"},"content":"                String str \u003d \"\";","lastModifiedDate":"2022-01-21"},{"lineNumber":69,"author":{"gitId":"gigituang"},"content":"                int index \u003d 0;","lastModifiedDate":"2022-01-21"},{"lineNumber":70,"author":{"gitId":"gigituang"},"content":"","lastModifiedDate":"2022-01-21"},{"lineNumber":71,"author":{"gitId":"gigituang"},"content":"                for(int i \u003d 1; i\u003cs.length;i++){","lastModifiedDate":"2022-01-21"},{"lineNumber":72,"author":{"gitId":"gigituang"},"content":"                    if(s[i].equals(\"/by\")){","lastModifiedDate":"2022-01-21"},{"lineNumber":73,"author":{"gitId":"gigituang"},"content":"                        index \u003d i+1;","lastModifiedDate":"2022-01-21"},{"lineNumber":74,"author":{"gitId":"gigituang"},"content":"                        break;","lastModifiedDate":"2022-01-21"},{"lineNumber":75,"author":{"gitId":"gigituang"},"content":"                    } else {","lastModifiedDate":"2022-01-21"},{"lineNumber":76,"author":{"gitId":"gigituang"},"content":"                        str \u003d str + s[i] + \" \";","lastModifiedDate":"2022-01-21"},{"lineNumber":77,"author":{"gitId":"gigituang"},"content":"                    }","lastModifiedDate":"2022-01-21"},{"lineNumber":78,"author":{"gitId":"gigituang"},"content":"                }","lastModifiedDate":"2022-01-21"},{"lineNumber":79,"author":{"gitId":"gigituang"},"content":"","lastModifiedDate":"2022-01-21"},{"lineNumber":80,"author":{"gitId":"gigituang"},"content":"                for(int k\u003dindex;k\u003cs.length;k++) {","lastModifiedDate":"2022-01-21"},{"lineNumber":81,"author":{"gitId":"gigituang"},"content":"                    time \u003d time + s[k] + \" \";","lastModifiedDate":"2022-01-21"},{"lineNumber":82,"author":{"gitId":"gigituang"},"content":"                }","lastModifiedDate":"2022-01-21"},{"lineNumber":83,"author":{"gitId":"gigituang"},"content":"                Deadline deadline \u003d new Deadline(str, time);","lastModifiedDate":"2022-01-21"},{"lineNumber":84,"author":{"gitId":"gigituang"},"content":"                taskList.add(deadline);","lastModifiedDate":"2022-01-21"},{"lineNumber":85,"author":{"gitId":"gigituang"},"content":"                System.out.println(\"Got it. I\u0027ve added this task: \");","lastModifiedDate":"2022-01-21"},{"lineNumber":86,"author":{"gitId":"gigituang"},"content":"                System.out.println(deadline);","lastModifiedDate":"2022-01-21"},{"lineNumber":87,"author":{"gitId":"gigituang"},"content":"                System.out.println(\"Now you have \" + taskList.size() + \" tasks in the list. \");","lastModifiedDate":"2022-01-21"},{"lineNumber":88,"author":{"gitId":"gigituang"},"content":"            }","lastModifiedDate":"2022-01-21"},{"lineNumber":89,"author":{"gitId":"gigituang"},"content":"","lastModifiedDate":"2022-01-21"},{"lineNumber":90,"author":{"gitId":"gigituang"},"content":"            else if(s[0].equals(\"todo\")) {","lastModifiedDate":"2022-01-21"},{"lineNumber":91,"author":{"gitId":"gigituang"},"content":"                String str \u003d \"\";","lastModifiedDate":"2022-01-21"},{"lineNumber":92,"author":{"gitId":"gigituang"},"content":"                for(int i\u003d1;i\u003cs.length;i++) {","lastModifiedDate":"2022-01-21"},{"lineNumber":93,"author":{"gitId":"gigituang"},"content":"                    str \u003d str + s[i] + \"\";","lastModifiedDate":"2022-01-21"},{"lineNumber":94,"author":{"gitId":"gigituang"},"content":"                }","lastModifiedDate":"2022-01-21"},{"lineNumber":95,"author":{"gitId":"gigituang"},"content":"                ToDos todoTask \u003d new ToDos(str);","lastModifiedDate":"2022-01-21"},{"lineNumber":96,"author":{"gitId":"gigituang"},"content":"                taskList.add(todoTask);","lastModifiedDate":"2022-01-21"},{"lineNumber":97,"author":{"gitId":"gigituang"},"content":"                System.out.println(\"Got it. I\u0027ve addded this task\");","lastModifiedDate":"2022-01-21"},{"lineNumber":98,"author":{"gitId":"gigituang"},"content":"                System.out.println(todoTask);","lastModifiedDate":"2022-01-21"},{"lineNumber":99,"author":{"gitId":"gigituang"},"content":"                System.out.println(\"Now you have \" + taskList.size() + \" tasks in the lists.\");","lastModifiedDate":"2022-01-21"},{"lineNumber":100,"author":{"gitId":"gigituang"},"content":"            }","lastModifiedDate":"2022-01-21"},{"lineNumber":101,"author":{"gitId":"gigituang"},"content":"","lastModifiedDate":"2022-01-21"},{"lineNumber":102,"author":{"gitId":"gigituang"},"content":"            else if(s[0].equals(\"bye\")){","lastModifiedDate":"2022-01-21"},{"lineNumber":103,"author":{"gitId":"gigituang"},"content":"                System.out.println(\"Bye. Hope to see you again soon!\");","lastModifiedDate":"2022-01-21"},{"lineNumber":104,"author":{"gitId":"gigituang"},"content":"                break;","lastModifiedDate":"2022-01-21"},{"lineNumber":105,"author":{"gitId":"gigituang"},"content":"            }","lastModifiedDate":"2022-01-21"},{"lineNumber":106,"author":{"gitId":"gigituang"},"content":"            else {","lastModifiedDate":"2022-01-21"},{"lineNumber":107,"author":{"gitId":"gigituang"},"content":"                String str \u003d Arrays.toString(s);","lastModifiedDate":"2022-01-21"},{"lineNumber":108,"author":{"gitId":"gigituang"},"content":"                str \u003d str.substring(1, str.length()-1).replaceAll(\",\",\"\");","lastModifiedDate":"2022-01-21"},{"lineNumber":109,"author":{"gitId":"gigituang"},"content":"                System.out.println(\"added: \" + String.join(\",\",str));","lastModifiedDate":"2022-01-21"},{"lineNumber":110,"author":{"gitId":"gigituang"},"content":"                taskList.add(new Task(str));","lastModifiedDate":"2022-01-21"},{"lineNumber":111,"author":{"gitId":"gigituang"},"content":"            }","lastModifiedDate":"2022-01-21"},{"lineNumber":112,"author":{"gitId":"gigituang"},"content":"        }","lastModifiedDate":"2022-01-21"},{"lineNumber":113,"author":{"gitId":"gigituang"},"content":"","lastModifiedDate":"2022-01-21"},{"lineNumber":114,"author":{"gitId":"gigituang"},"content":"    }","lastModifiedDate":"2022-01-21"},{"lineNumber":115,"author":{"gitId":"gigituang"},"content":"}","lastModifiedDate":"2022-01-21"}],"authorContributionMap":{"gigituang":115}},{"path":"src/main/java/Level3/Task.java","fileType":"java","lines":[{"lineNumber":1,"author":{"gitId":"gigituang"},"content":"import java.util.Arrays;","lastModifiedDate":"2022-01-21"},{"lineNumber":2,"author":{"gitId":"gigituang"},"content":"","lastModifiedDate":"2022-01-21"},{"lineNumber":3,"author":{"gitId":"gigituang"},"content":"public class Task {","lastModifiedDate":"2022-01-21"},{"lineNumber":4,"author":{"gitId":"gigituang"},"content":"    protected String d;","lastModifiedDate":"2022-01-21"},{"lineNumber":5,"author":{"gitId":"gigituang"},"content":"    protected boolean done;","lastModifiedDate":"2022-01-21"},{"lineNumber":6,"author":{"gitId":"gigituang"},"content":"","lastModifiedDate":"2022-01-21"},{"lineNumber":7,"author":{"gitId":"gigituang"},"content":"    public Task(String d) {","lastModifiedDate":"2022-01-21"},{"lineNumber":8,"author":{"gitId":"gigituang"},"content":"        this.d \u003d d;","lastModifiedDate":"2022-01-21"},{"lineNumber":9,"author":{"gitId":"gigituang"},"content":"        this.done \u003d false;","lastModifiedDate":"2022-01-21"},{"lineNumber":10,"author":{"gitId":"gigituang"},"content":"    }","lastModifiedDate":"2022-01-21"},{"lineNumber":11,"author":{"gitId":"gigituang"},"content":"","lastModifiedDate":"2022-01-21"},{"lineNumber":12,"author":{"gitId":"gigituang"},"content":"//    public Task(String[] arr) {","lastModifiedDate":"2022-01-21"},{"lineNumber":13,"author":{"gitId":"gigituang"},"content":"//        this.done \u003d false;","lastModifiedDate":"2022-01-21"},{"lineNumber":14,"author":{"gitId":"gigituang"},"content":"//        this.d \u003d Arrays.toString(arr);","lastModifiedDate":"2022-01-21"},{"lineNumber":15,"author":{"gitId":"gigituang"},"content":"//        this.d \u003d this.d.substring(1, this.d.length()-1).replaceAll(\",\", \"\");","lastModifiedDate":"2022-01-21"},{"lineNumber":16,"author":{"gitId":"gigituang"},"content":"//    }","lastModifiedDate":"2022-01-21"},{"lineNumber":17,"author":{"gitId":"gigituang"},"content":"","lastModifiedDate":"2022-01-21"},{"lineNumber":18,"author":{"gitId":"gigituang"},"content":"    public String markString() {","lastModifiedDate":"2022-01-21"},{"lineNumber":19,"author":{"gitId":"gigituang"},"content":"        return (done ? \"[X]\" : \"[]\");","lastModifiedDate":"2022-01-21"},{"lineNumber":20,"author":{"gitId":"gigituang"},"content":"    }","lastModifiedDate":"2022-01-21"},{"lineNumber":21,"author":{"gitId":"gigituang"},"content":"","lastModifiedDate":"2022-01-21"},{"lineNumber":22,"author":{"gitId":"gigituang"},"content":"    public void setDone() {","lastModifiedDate":"2022-01-21"},{"lineNumber":23,"author":{"gitId":"gigituang"},"content":"        this.done \u003d true;","lastModifiedDate":"2022-01-21"},{"lineNumber":24,"author":{"gitId":"gigituang"},"content":"    }","lastModifiedDate":"2022-01-21"},{"lineNumber":25,"author":{"gitId":"gigituang"},"content":"","lastModifiedDate":"2022-01-21"},{"lineNumber":26,"author":{"gitId":"gigituang"},"content":"    public void setUndone(){","lastModifiedDate":"2022-01-21"},{"lineNumber":27,"author":{"gitId":"gigituang"},"content":"        this.done \u003d false;","lastModifiedDate":"2022-01-21"},{"lineNumber":28,"author":{"gitId":"gigituang"},"content":"    }","lastModifiedDate":"2022-01-21"},{"lineNumber":29,"author":{"gitId":"gigituang"},"content":"","lastModifiedDate":"2022-01-21"},{"lineNumber":30,"author":{"gitId":"gigituang"},"content":"    @Override","lastModifiedDate":"2022-01-21"},{"lineNumber":31,"author":{"gitId":"gigituang"},"content":"    public String toString() {","lastModifiedDate":"2022-01-21"},{"lineNumber":32,"author":{"gitId":"gigituang"},"content":"        return markString() + \" \" + d;","lastModifiedDate":"2022-01-21"},{"lineNumber":33,"author":{"gitId":"gigituang"},"content":"    }","lastModifiedDate":"2022-01-21"},{"lineNumber":34,"author":{"gitId":"gigituang"},"content":"}","lastModifiedDate":"2022-01-21"}],"authorContributionMap":{"gigituang":34}},{"path":"src/main/java/Level4/Deadline.java","fileType":"java","lines":[{"lineNumber":1,"author":{"gitId":"gigituang"},"content":"public class Deadline extends Task {","lastModifiedDate":"2022-01-21"},{"lineNumber":2,"author":{"gitId":"gigituang"},"content":"    protected String due;","lastModifiedDate":"2022-01-21"},{"lineNumber":3,"author":{"gitId":"gigituang"},"content":"","lastModifiedDate":"2022-01-21"},{"lineNumber":4,"author":{"gitId":"gigituang"},"content":"    public Deadline(String d, String due){","lastModifiedDate":"2022-01-21"},{"lineNumber":5,"author":{"gitId":"gigituang"},"content":"        super(d);","lastModifiedDate":"2022-01-21"},{"lineNumber":6,"author":{"gitId":"gigituang"},"content":"        this.due \u003d due;","lastModifiedDate":"2022-01-21"},{"lineNumber":7,"author":{"gitId":"gigituang"},"content":"    }","lastModifiedDate":"2022-01-21"},{"lineNumber":8,"author":{"gitId":"gigituang"},"content":"    @Override","lastModifiedDate":"2022-01-21"},{"lineNumber":9,"author":{"gitId":"gigituang"},"content":"    public String toString() {","lastModifiedDate":"2022-01-21"},{"lineNumber":10,"author":{"gitId":"gigituang"},"content":"        return \"[D]\" + super.toString() + \" (by: \" + due +\") \";","lastModifiedDate":"2022-01-21"},{"lineNumber":11,"author":{"gitId":"gigituang"},"content":"    }","lastModifiedDate":"2022-01-21"},{"lineNumber":12,"author":{"gitId":"gigituang"},"content":"","lastModifiedDate":"2022-01-21"},{"lineNumber":13,"author":{"gitId":"gigituang"},"content":"}","lastModifiedDate":"2022-01-21"}],"authorContributionMap":{"gigituang":13}},{"path":"src/main/java/Level4/Duke.java","fileType":"java","lines":[{"lineNumber":1,"author":{"gitId":"gigituang"},"content":"import java.util.Arrays;","lastModifiedDate":"2022-01-21"},{"lineNumber":2,"author":{"gitId":"gigituang"},"content":"import java.util.Scanner;","lastModifiedDate":"2022-01-21"},{"lineNumber":3,"author":{"gitId":"gigituang"},"content":"import java.util.List;","lastModifiedDate":"2022-01-21"},{"lineNumber":4,"author":{"gitId":"gigituang"},"content":"import java.util.ArrayList;","lastModifiedDate":"2022-01-21"},{"lineNumber":5,"author":{"gitId":"gigituang"},"content":"","lastModifiedDate":"2022-01-21"},{"lineNumber":6,"author":{"gitId":"gigituang"},"content":"public class Duke {","lastModifiedDate":"2022-01-21"},{"lineNumber":7,"author":{"gitId":"gigituang"},"content":"    public static void main(String[] args) {","lastModifiedDate":"2022-01-21"},{"lineNumber":8,"author":{"gitId":"gigituang"},"content":"        String logo \u003d \" ____        _        \\n\"","lastModifiedDate":"2022-01-21"},{"lineNumber":9,"author":{"gitId":"gigituang"},"content":"                + \"|  _ \\\\ _   _| | _____ \\n\"","lastModifiedDate":"2022-01-21"},{"lineNumber":10,"author":{"gitId":"gigituang"},"content":"                + \"| | | | | | | |/ / _ \\\\\\n\"","lastModifiedDate":"2022-01-21"},{"lineNumber":11,"author":{"gitId":"gigituang"},"content":"                + \"| |_| | |_| |   \u003c  __/\\n\"","lastModifiedDate":"2022-01-21"},{"lineNumber":12,"author":{"gitId":"gigituang"},"content":"                + \"|____/ \\\\__,_|_|\\\\_\\\\___|\\n\";","lastModifiedDate":"2022-01-21"},{"lineNumber":13,"author":{"gitId":"gigituang"},"content":"        System.out.println(\"Hello from\\n\" + logo);","lastModifiedDate":"2022-01-21"},{"lineNumber":14,"author":{"gitId":"gigituang"},"content":"        System.out.println(\"Hello! i\u0027m Duke\");","lastModifiedDate":"2022-01-21"},{"lineNumber":15,"author":{"gitId":"gigituang"},"content":"        System.out.println(\"What can I do for you?\");","lastModifiedDate":"2022-01-21"},{"lineNumber":16,"author":{"gitId":"gigituang"},"content":"        Scanner sc \u003d new Scanner(System.in);","lastModifiedDate":"2022-01-21"},{"lineNumber":17,"author":{"gitId":"gigituang"},"content":"","lastModifiedDate":"2022-01-21"},{"lineNumber":18,"author":{"gitId":"gigituang"},"content":"        List\u003cTask\u003e taskList \u003d new ArrayList\u003c\u003e();","lastModifiedDate":"2022-01-21"},{"lineNumber":19,"author":{"gitId":"gigituang"},"content":"","lastModifiedDate":"2022-01-21"},{"lineNumber":20,"author":{"gitId":"gigituang"},"content":"        while(sc.hasNext()){","lastModifiedDate":"2022-01-21"},{"lineNumber":21,"author":{"gitId":"gigituang"},"content":"            String[] s \u003d sc.nextLine().split(\" \");","lastModifiedDate":"2022-01-21"},{"lineNumber":22,"author":{"gitId":"gigituang"},"content":"","lastModifiedDate":"2022-01-21"},{"lineNumber":23,"author":{"gitId":"gigituang"},"content":"            if(s[0].equals(\"list\")){","lastModifiedDate":"2022-01-21"},{"lineNumber":24,"author":{"gitId":"gigituang"},"content":"                int count \u003d 1;","lastModifiedDate":"2022-01-21"},{"lineNumber":25,"author":{"gitId":"gigituang"},"content":"                for(Task sample:taskList) {","lastModifiedDate":"2022-01-21"},{"lineNumber":26,"author":{"gitId":"gigituang"},"content":"                    System.out.println(count + \". \" + sample);","lastModifiedDate":"2022-01-21"},{"lineNumber":27,"author":{"gitId":"gigituang"},"content":"                    count++;","lastModifiedDate":"2022-01-21"},{"lineNumber":28,"author":{"gitId":"gigituang"},"content":"                }","lastModifiedDate":"2022-01-21"},{"lineNumber":29,"author":{"gitId":"gigituang"},"content":"            }","lastModifiedDate":"2022-01-21"},{"lineNumber":30,"author":{"gitId":"gigituang"},"content":"            else if(s[0].equals(\"mark\")) {","lastModifiedDate":"2022-01-21"},{"lineNumber":31,"author":{"gitId":"gigituang"},"content":"                taskList.get(Integer.parseInt(s[1]) - 1).setDone();","lastModifiedDate":"2022-01-21"},{"lineNumber":32,"author":{"gitId":"gigituang"},"content":"                System.out.println(\"Nice! I\u0027ve marked this task as done:\");","lastModifiedDate":"2022-01-21"},{"lineNumber":33,"author":{"gitId":"gigituang"},"content":"                System.out.println(taskList.get(Integer.parseInt(s[1]) - 1));","lastModifiedDate":"2022-01-21"},{"lineNumber":34,"author":{"gitId":"gigituang"},"content":"            }","lastModifiedDate":"2022-01-21"},{"lineNumber":35,"author":{"gitId":"gigituang"},"content":"","lastModifiedDate":"2022-01-21"},{"lineNumber":36,"author":{"gitId":"gigituang"},"content":"            else if(s[0].equals(\"unmark\")) {","lastModifiedDate":"2022-01-21"},{"lineNumber":37,"author":{"gitId":"gigituang"},"content":"                taskList.get(Integer.parseInt(s[1]) - 1).setUndone();","lastModifiedDate":"2022-01-21"},{"lineNumber":38,"author":{"gitId":"gigituang"},"content":"                System.out.println(\"OK,I\u0027ve marked this task as not done yet:\");","lastModifiedDate":"2022-01-21"},{"lineNumber":39,"author":{"gitId":"gigituang"},"content":"                System.out.println(taskList.get(Integer.parseInt(s[1]) - 1));","lastModifiedDate":"2022-01-21"},{"lineNumber":40,"author":{"gitId":"gigituang"},"content":"            }","lastModifiedDate":"2022-01-21"},{"lineNumber":41,"author":{"gitId":"gigituang"},"content":"","lastModifiedDate":"2022-01-21"},{"lineNumber":42,"author":{"gitId":"gigituang"},"content":"            else if(s[0].equals(\"event\")){","lastModifiedDate":"2022-01-21"},{"lineNumber":43,"author":{"gitId":"gigituang"},"content":"                String time \u003d \"\";","lastModifiedDate":"2022-01-21"},{"lineNumber":44,"author":{"gitId":"gigituang"},"content":"                String str \u003d \"\";","lastModifiedDate":"2022-01-21"},{"lineNumber":45,"author":{"gitId":"gigituang"},"content":"                int index \u003d 0;","lastModifiedDate":"2022-01-21"},{"lineNumber":46,"author":{"gitId":"gigituang"},"content":"","lastModifiedDate":"2022-01-21"},{"lineNumber":47,"author":{"gitId":"gigituang"},"content":"                for(int i\u003d1; i\u003cs.length;i++) {","lastModifiedDate":"2022-01-21"},{"lineNumber":48,"author":{"gitId":"gigituang"},"content":"                    if(s[i].equals(\"at/\")) {","lastModifiedDate":"2022-01-21"},{"lineNumber":49,"author":{"gitId":"gigituang"},"content":"                        index \u003d i+1;","lastModifiedDate":"2022-01-21"},{"lineNumber":50,"author":{"gitId":"gigituang"},"content":"                        break;","lastModifiedDate":"2022-01-21"},{"lineNumber":51,"author":{"gitId":"gigituang"},"content":"                    } else {","lastModifiedDate":"2022-01-21"},{"lineNumber":52,"author":{"gitId":"gigituang"},"content":"                        str \u003d str + s[i] + \" \";","lastModifiedDate":"2022-01-21"},{"lineNumber":53,"author":{"gitId":"gigituang"},"content":"                    }","lastModifiedDate":"2022-01-21"},{"lineNumber":54,"author":{"gitId":"gigituang"},"content":"                }","lastModifiedDate":"2022-01-21"},{"lineNumber":55,"author":{"gitId":"gigituang"},"content":"                for(int k \u003d index; k\u003cs.length;k++){","lastModifiedDate":"2022-01-21"},{"lineNumber":56,"author":{"gitId":"gigituang"},"content":"                    time \u003d time + s[k] + \" \";","lastModifiedDate":"2022-01-21"},{"lineNumber":57,"author":{"gitId":"gigituang"},"content":"                }","lastModifiedDate":"2022-01-21"},{"lineNumber":58,"author":{"gitId":"gigituang"},"content":"                Event event \u003d new Event(str,time);","lastModifiedDate":"2022-01-21"},{"lineNumber":59,"author":{"gitId":"gigituang"},"content":"                taskList.add(event);","lastModifiedDate":"2022-01-21"},{"lineNumber":60,"author":{"gitId":"gigituang"},"content":"                System.out.println(\"Got it. I\u0027ve added this task:\");","lastModifiedDate":"2022-01-21"},{"lineNumber":61,"author":{"gitId":"gigituang"},"content":"                System.out.println(event);","lastModifiedDate":"2022-01-21"},{"lineNumber":62,"author":{"gitId":"gigituang"},"content":"                System.out.println(\"Now you have \" + taskList.size() + \" tasks in the list\");","lastModifiedDate":"2022-01-21"},{"lineNumber":63,"author":{"gitId":"gigituang"},"content":"","lastModifiedDate":"2022-01-21"},{"lineNumber":64,"author":{"gitId":"gigituang"},"content":"            }","lastModifiedDate":"2022-01-21"},{"lineNumber":65,"author":{"gitId":"gigituang"},"content":"","lastModifiedDate":"2022-01-21"},{"lineNumber":66,"author":{"gitId":"gigituang"},"content":"            else if(s[0].equals(\"deadline\")) {","lastModifiedDate":"2022-01-21"},{"lineNumber":67,"author":{"gitId":"gigituang"},"content":"                String time \u003d \"\";","lastModifiedDate":"2022-01-21"},{"lineNumber":68,"author":{"gitId":"gigituang"},"content":"                String str \u003d \"\";","lastModifiedDate":"2022-01-21"},{"lineNumber":69,"author":{"gitId":"gigituang"},"content":"                int index \u003d 0;","lastModifiedDate":"2022-01-21"},{"lineNumber":70,"author":{"gitId":"gigituang"},"content":"","lastModifiedDate":"2022-01-21"},{"lineNumber":71,"author":{"gitId":"gigituang"},"content":"                for(int i \u003d 1; i\u003cs.length;i++){","lastModifiedDate":"2022-01-21"},{"lineNumber":72,"author":{"gitId":"gigituang"},"content":"                    if(s[i].equals(\"/by\")){","lastModifiedDate":"2022-01-21"},{"lineNumber":73,"author":{"gitId":"gigituang"},"content":"                        index \u003d i+1;","lastModifiedDate":"2022-01-21"},{"lineNumber":74,"author":{"gitId":"gigituang"},"content":"                        break;","lastModifiedDate":"2022-01-21"},{"lineNumber":75,"author":{"gitId":"gigituang"},"content":"                    } else {","lastModifiedDate":"2022-01-21"},{"lineNumber":76,"author":{"gitId":"gigituang"},"content":"                        str \u003d str + s[i] + \" \";","lastModifiedDate":"2022-01-21"},{"lineNumber":77,"author":{"gitId":"gigituang"},"content":"                    }","lastModifiedDate":"2022-01-21"},{"lineNumber":78,"author":{"gitId":"gigituang"},"content":"                }","lastModifiedDate":"2022-01-21"},{"lineNumber":79,"author":{"gitId":"gigituang"},"content":"","lastModifiedDate":"2022-01-21"},{"lineNumber":80,"author":{"gitId":"gigituang"},"content":"                for(int k\u003dindex;k\u003cs.length;k++) {","lastModifiedDate":"2022-01-21"},{"lineNumber":81,"author":{"gitId":"gigituang"},"content":"                    time \u003d time + s[k] + \" \";","lastModifiedDate":"2022-01-21"},{"lineNumber":82,"author":{"gitId":"gigituang"},"content":"                }","lastModifiedDate":"2022-01-21"},{"lineNumber":83,"author":{"gitId":"gigituang"},"content":"                Deadline deadline \u003d new Deadline(str, time);","lastModifiedDate":"2022-01-21"},{"lineNumber":84,"author":{"gitId":"gigituang"},"content":"                taskList.add(deadline);","lastModifiedDate":"2022-01-21"},{"lineNumber":85,"author":{"gitId":"gigituang"},"content":"                System.out.println(\"Got it. I\u0027ve added this task: \");","lastModifiedDate":"2022-01-21"},{"lineNumber":86,"author":{"gitId":"gigituang"},"content":"                System.out.println(deadline);","lastModifiedDate":"2022-01-21"},{"lineNumber":87,"author":{"gitId":"gigituang"},"content":"                System.out.println(\"Now you have \" + taskList.size() + \" tasks in the list. \");","lastModifiedDate":"2022-01-21"},{"lineNumber":88,"author":{"gitId":"gigituang"},"content":"            }","lastModifiedDate":"2022-01-21"},{"lineNumber":89,"author":{"gitId":"gigituang"},"content":"","lastModifiedDate":"2022-01-21"},{"lineNumber":90,"author":{"gitId":"gigituang"},"content":"            else if(s[0].equals(\"todo\")) {","lastModifiedDate":"2022-01-21"},{"lineNumber":91,"author":{"gitId":"gigituang"},"content":"                String str \u003d \"\";","lastModifiedDate":"2022-01-21"},{"lineNumber":92,"author":{"gitId":"gigituang"},"content":"                for(int i\u003d1;i\u003cs.length;i++) {","lastModifiedDate":"2022-01-21"},{"lineNumber":93,"author":{"gitId":"gigituang"},"content":"                    str \u003d str + s[i] + \"\";","lastModifiedDate":"2022-01-21"},{"lineNumber":94,"author":{"gitId":"gigituang"},"content":"                }","lastModifiedDate":"2022-01-21"},{"lineNumber":95,"author":{"gitId":"gigituang"},"content":"                ToDos todoTask \u003d new ToDos(str);","lastModifiedDate":"2022-01-21"},{"lineNumber":96,"author":{"gitId":"gigituang"},"content":"                taskList.add(todoTask);","lastModifiedDate":"2022-01-21"},{"lineNumber":97,"author":{"gitId":"gigituang"},"content":"                System.out.println(\"Got it. I\u0027ve addded this task\");","lastModifiedDate":"2022-01-21"},{"lineNumber":98,"author":{"gitId":"gigituang"},"content":"                System.out.println(todoTask);","lastModifiedDate":"2022-01-21"},{"lineNumber":99,"author":{"gitId":"gigituang"},"content":"                System.out.println(\"Now you have \" + taskList.size() + \" tasks in the lists.\");","lastModifiedDate":"2022-01-21"},{"lineNumber":100,"author":{"gitId":"gigituang"},"content":"            }","lastModifiedDate":"2022-01-21"},{"lineNumber":101,"author":{"gitId":"gigituang"},"content":"","lastModifiedDate":"2022-01-21"},{"lineNumber":102,"author":{"gitId":"gigituang"},"content":"            else if(s[0].equals(\"bye\")){","lastModifiedDate":"2022-01-21"},{"lineNumber":103,"author":{"gitId":"gigituang"},"content":"                System.out.println(\"Bye. Hope to see you again soon!\");","lastModifiedDate":"2022-01-21"},{"lineNumber":104,"author":{"gitId":"gigituang"},"content":"                break;","lastModifiedDate":"2022-01-21"},{"lineNumber":105,"author":{"gitId":"gigituang"},"content":"            }","lastModifiedDate":"2022-01-21"},{"lineNumber":106,"author":{"gitId":"gigituang"},"content":"            else {","lastModifiedDate":"2022-01-21"},{"lineNumber":107,"author":{"gitId":"gigituang"},"content":"                String str \u003d Arrays.toString(s);","lastModifiedDate":"2022-01-21"},{"lineNumber":108,"author":{"gitId":"gigituang"},"content":"                str \u003d str.substring(1, str.length()-1).replaceAll(\",\",\"\");","lastModifiedDate":"2022-01-21"},{"lineNumber":109,"author":{"gitId":"gigituang"},"content":"                System.out.println(\"added: \" + String.join(\",\",str));","lastModifiedDate":"2022-01-21"},{"lineNumber":110,"author":{"gitId":"gigituang"},"content":"                taskList.add(new Task(str));","lastModifiedDate":"2022-01-21"},{"lineNumber":111,"author":{"gitId":"gigituang"},"content":"            }","lastModifiedDate":"2022-01-21"},{"lineNumber":112,"author":{"gitId":"gigituang"},"content":"        }","lastModifiedDate":"2022-01-21"},{"lineNumber":113,"author":{"gitId":"gigituang"},"content":"","lastModifiedDate":"2022-01-21"},{"lineNumber":114,"author":{"gitId":"gigituang"},"content":"    }","lastModifiedDate":"2022-01-21"},{"lineNumber":115,"author":{"gitId":"gigituang"},"content":"}","lastModifiedDate":"2022-01-21"}],"authorContributionMap":{"gigituang":115}},{"path":"src/main/java/Level4/Event.java","fileType":"java","lines":[{"lineNumber":1,"author":{"gitId":"gigituang"},"content":"public class Event extends Task{","lastModifiedDate":"2022-01-21"},{"lineNumber":2,"author":{"gitId":"gigituang"},"content":"    protected String place;","lastModifiedDate":"2022-01-21"},{"lineNumber":3,"author":{"gitId":"gigituang"},"content":"","lastModifiedDate":"2022-01-21"},{"lineNumber":4,"author":{"gitId":"gigituang"},"content":"    public Event(String d, String place) {","lastModifiedDate":"2022-01-21"},{"lineNumber":5,"author":{"gitId":"gigituang"},"content":"        super(d);","lastModifiedDate":"2022-01-21"},{"lineNumber":6,"author":{"gitId":"gigituang"},"content":"        this.place \u003d place;","lastModifiedDate":"2022-01-21"},{"lineNumber":7,"author":{"gitId":"gigituang"},"content":"    }","lastModifiedDate":"2022-01-21"},{"lineNumber":8,"author":{"gitId":"gigituang"},"content":"    @Override","lastModifiedDate":"2022-01-21"},{"lineNumber":9,"author":{"gitId":"gigituang"},"content":"    public String toString(){","lastModifiedDate":"2022-01-21"},{"lineNumber":10,"author":{"gitId":"gigituang"},"content":"        return \"[E]\" + super.toString() + \" (at: \" + place + \") \";","lastModifiedDate":"2022-01-21"},{"lineNumber":11,"author":{"gitId":"gigituang"},"content":"    }","lastModifiedDate":"2022-01-21"},{"lineNumber":12,"author":{"gitId":"gigituang"},"content":"}","lastModifiedDate":"2022-01-21"}],"authorContributionMap":{"gigituang":12}},{"path":"src/main/java/Level4/Task.java","fileType":"java","lines":[{"lineNumber":1,"author":{"gitId":"gigituang"},"content":"import java.util.Arrays;","lastModifiedDate":"2022-01-21"},{"lineNumber":2,"author":{"gitId":"gigituang"},"content":"","lastModifiedDate":"2022-01-21"},{"lineNumber":3,"author":{"gitId":"gigituang"},"content":"public class Task {","lastModifiedDate":"2022-01-21"},{"lineNumber":4,"author":{"gitId":"gigituang"},"content":"    protected String d;","lastModifiedDate":"2022-01-21"},{"lineNumber":5,"author":{"gitId":"gigituang"},"content":"    protected boolean done;","lastModifiedDate":"2022-01-21"},{"lineNumber":6,"author":{"gitId":"gigituang"},"content":"","lastModifiedDate":"2022-01-21"},{"lineNumber":7,"author":{"gitId":"gigituang"},"content":"    public Task(String d) {","lastModifiedDate":"2022-01-21"},{"lineNumber":8,"author":{"gitId":"gigituang"},"content":"        this.d \u003d d;","lastModifiedDate":"2022-01-21"},{"lineNumber":9,"author":{"gitId":"gigituang"},"content":"        this.done \u003d false;","lastModifiedDate":"2022-01-21"},{"lineNumber":10,"author":{"gitId":"gigituang"},"content":"    }","lastModifiedDate":"2022-01-21"},{"lineNumber":11,"author":{"gitId":"gigituang"},"content":"","lastModifiedDate":"2022-01-21"},{"lineNumber":12,"author":{"gitId":"gigituang"},"content":"//    public Task(String[] arr) {","lastModifiedDate":"2022-01-21"},{"lineNumber":13,"author":{"gitId":"gigituang"},"content":"//        this.done \u003d false;","lastModifiedDate":"2022-01-21"},{"lineNumber":14,"author":{"gitId":"gigituang"},"content":"//        this.d \u003d Arrays.toString(arr);","lastModifiedDate":"2022-01-21"},{"lineNumber":15,"author":{"gitId":"gigituang"},"content":"//        this.d \u003d this.d.substring(1, this.d.length()-1).replaceAll(\",\", \"\");","lastModifiedDate":"2022-01-21"},{"lineNumber":16,"author":{"gitId":"gigituang"},"content":"//    }","lastModifiedDate":"2022-01-21"},{"lineNumber":17,"author":{"gitId":"gigituang"},"content":"","lastModifiedDate":"2022-01-21"},{"lineNumber":18,"author":{"gitId":"gigituang"},"content":"    public String markString() {","lastModifiedDate":"2022-01-21"},{"lineNumber":19,"author":{"gitId":"gigituang"},"content":"        return (done ? \"[X]\" : \"[]\");","lastModifiedDate":"2022-01-21"},{"lineNumber":20,"author":{"gitId":"gigituang"},"content":"    }","lastModifiedDate":"2022-01-21"},{"lineNumber":21,"author":{"gitId":"gigituang"},"content":"","lastModifiedDate":"2022-01-21"},{"lineNumber":22,"author":{"gitId":"gigituang"},"content":"    public void setDone() {","lastModifiedDate":"2022-01-21"},{"lineNumber":23,"author":{"gitId":"gigituang"},"content":"        this.done \u003d true;","lastModifiedDate":"2022-01-21"},{"lineNumber":24,"author":{"gitId":"gigituang"},"content":"    }","lastModifiedDate":"2022-01-21"},{"lineNumber":25,"author":{"gitId":"gigituang"},"content":"","lastModifiedDate":"2022-01-21"},{"lineNumber":26,"author":{"gitId":"gigituang"},"content":"    public void setUndone(){","lastModifiedDate":"2022-01-21"},{"lineNumber":27,"author":{"gitId":"gigituang"},"content":"        this.done \u003d false;","lastModifiedDate":"2022-01-21"},{"lineNumber":28,"author":{"gitId":"gigituang"},"content":"    }","lastModifiedDate":"2022-01-21"},{"lineNumber":29,"author":{"gitId":"gigituang"},"content":"","lastModifiedDate":"2022-01-21"},{"lineNumber":30,"author":{"gitId":"gigituang"},"content":"    @Override","lastModifiedDate":"2022-01-21"},{"lineNumber":31,"author":{"gitId":"gigituang"},"content":"    public String toString() {","lastModifiedDate":"2022-01-21"},{"lineNumber":32,"author":{"gitId":"gigituang"},"content":"        return markString() + \" \" + d;","lastModifiedDate":"2022-01-21"},{"lineNumber":33,"author":{"gitId":"gigituang"},"content":"    }","lastModifiedDate":"2022-01-21"},{"lineNumber":34,"author":{"gitId":"gigituang"},"content":"}","lastModifiedDate":"2022-01-21"}],"authorContributionMap":{"gigituang":34}},{"path":"src/main/java/Level4/ToDos.java","fileType":"java","lines":[{"lineNumber":1,"author":{"gitId":"gigituang"},"content":"import java.util.Arrays;","lastModifiedDate":"2022-01-21"},{"lineNumber":2,"author":{"gitId":"gigituang"},"content":"","lastModifiedDate":"2022-01-21"},{"lineNumber":3,"author":{"gitId":"gigituang"},"content":"public class ToDos extends Task {","lastModifiedDate":"2022-01-21"},{"lineNumber":4,"author":{"gitId":"gigituang"},"content":"","lastModifiedDate":"2022-01-21"},{"lineNumber":5,"author":{"gitId":"gigituang"},"content":"    public ToDos(String d) {","lastModifiedDate":"2022-01-21"},{"lineNumber":6,"author":{"gitId":"gigituang"},"content":"        super(d);","lastModifiedDate":"2022-01-21"},{"lineNumber":7,"author":{"gitId":"gigituang"},"content":"    }","lastModifiedDate":"2022-01-21"},{"lineNumber":8,"author":{"gitId":"gigituang"},"content":"","lastModifiedDate":"2022-01-21"},{"lineNumber":9,"author":{"gitId":"gigituang"},"content":"    @Override","lastModifiedDate":"2022-01-21"},{"lineNumber":10,"author":{"gitId":"gigituang"},"content":"    public String toString() {","lastModifiedDate":"2022-01-21"},{"lineNumber":11,"author":{"gitId":"gigituang"},"content":"        return \"[T]\" + super.toString();","lastModifiedDate":"2022-01-21"},{"lineNumber":12,"author":{"gitId":"gigituang"},"content":"    }","lastModifiedDate":"2022-01-21"},{"lineNumber":13,"author":{"gitId":"gigituang"},"content":"}","lastModifiedDate":"2022-01-21"}],"authorContributionMap":{"gigituang":13}},{"path":"src/main/java/Level5/Deadline.java","fileType":"java","lines":[{"lineNumber":1,"author":{"gitId":"gigituang"},"content":"public class Deadline extends Task {","lastModifiedDate":"2022-01-23"},{"lineNumber":2,"author":{"gitId":"gigituang"},"content":"    protected String due;","lastModifiedDate":"2022-01-23"},{"lineNumber":3,"author":{"gitId":"gigituang"},"content":"","lastModifiedDate":"2022-01-23"},{"lineNumber":4,"author":{"gitId":"gigituang"},"content":"    public Deadline(String d, String due){","lastModifiedDate":"2022-01-23"},{"lineNumber":5,"author":{"gitId":"gigituang"},"content":"        super(d);","lastModifiedDate":"2022-01-23"},{"lineNumber":6,"author":{"gitId":"gigituang"},"content":"        this.due \u003d due;","lastModifiedDate":"2022-01-23"},{"lineNumber":7,"author":{"gitId":"gigituang"},"content":"    }","lastModifiedDate":"2022-01-23"},{"lineNumber":8,"author":{"gitId":"gigituang"},"content":"    @Override","lastModifiedDate":"2022-01-23"},{"lineNumber":9,"author":{"gitId":"gigituang"},"content":"    public String toString() {","lastModifiedDate":"2022-01-23"},{"lineNumber":10,"author":{"gitId":"gigituang"},"content":"        return \"[D]\" + super.toString() + \" (by: \" + due +\") \";","lastModifiedDate":"2022-01-23"},{"lineNumber":11,"author":{"gitId":"gigituang"},"content":"    }","lastModifiedDate":"2022-01-23"},{"lineNumber":12,"author":{"gitId":"gigituang"},"content":"","lastModifiedDate":"2022-01-23"},{"lineNumber":13,"author":{"gitId":"gigituang"},"content":"}","lastModifiedDate":"2022-01-23"}],"authorContributionMap":{"gigituang":13}},{"path":"src/main/java/Level5/Duke.java","fileType":"java","lines":[{"lineNumber":1,"author":{"gitId":"gigituang"},"content":"import java.util.Arrays;","lastModifiedDate":"2022-01-23"},{"lineNumber":2,"author":{"gitId":"gigituang"},"content":"import java.util.Scanner;","lastModifiedDate":"2022-01-23"},{"lineNumber":3,"author":{"gitId":"gigituang"},"content":"import java.util.List;","lastModifiedDate":"2022-01-23"},{"lineNumber":4,"author":{"gitId":"gigituang"},"content":"import java.util.ArrayList;","lastModifiedDate":"2022-01-23"},{"lineNumber":5,"author":{"gitId":"gigituang"},"content":"","lastModifiedDate":"2022-01-23"},{"lineNumber":6,"author":{"gitId":"gigituang"},"content":"public class Duke {","lastModifiedDate":"2022-01-23"},{"lineNumber":7,"author":{"gitId":"gigituang"},"content":"    public static void main(String[] args) {","lastModifiedDate":"2022-01-23"},{"lineNumber":8,"author":{"gitId":"gigituang"},"content":"        String logo \u003d \" ____        _        \\n\"","lastModifiedDate":"2022-01-23"},{"lineNumber":9,"author":{"gitId":"gigituang"},"content":"                + \"|  _ \\\\ _   _| | _____ \\n\"","lastModifiedDate":"2022-01-23"},{"lineNumber":10,"author":{"gitId":"gigituang"},"content":"                + \"| | | | | | | |/ / _ \\\\\\n\"","lastModifiedDate":"2022-01-23"},{"lineNumber":11,"author":{"gitId":"gigituang"},"content":"                + \"| |_| | |_| |   \u003c  __/\\n\"","lastModifiedDate":"2022-01-23"},{"lineNumber":12,"author":{"gitId":"gigituang"},"content":"                + \"|____/ \\\\__,_|_|\\\\_\\\\___|\\n\";","lastModifiedDate":"2022-01-23"},{"lineNumber":13,"author":{"gitId":"gigituang"},"content":"        System.out.println(\"Hello from\\n\" + logo);","lastModifiedDate":"2022-01-23"},{"lineNumber":14,"author":{"gitId":"gigituang"},"content":"        System.out.println(\"Hello! i\u0027m Duke\");","lastModifiedDate":"2022-01-23"},{"lineNumber":15,"author":{"gitId":"gigituang"},"content":"        System.out.println(\"What can I do for you?\");","lastModifiedDate":"2022-01-23"},{"lineNumber":16,"author":{"gitId":"gigituang"},"content":"        Scanner sc \u003d new Scanner(System.in);","lastModifiedDate":"2022-01-23"},{"lineNumber":17,"author":{"gitId":"gigituang"},"content":"","lastModifiedDate":"2022-01-23"},{"lineNumber":18,"author":{"gitId":"gigituang"},"content":"        List\u003cTask\u003e taskList \u003d new ArrayList\u003c\u003e();","lastModifiedDate":"2022-01-23"},{"lineNumber":19,"author":{"gitId":"gigituang"},"content":"","lastModifiedDate":"2022-01-23"},{"lineNumber":20,"author":{"gitId":"gigituang"},"content":"        while (sc.hasNext()) {","lastModifiedDate":"2022-01-23"},{"lineNumber":21,"author":{"gitId":"gigituang"},"content":"            try {","lastModifiedDate":"2022-01-23"},{"lineNumber":22,"author":{"gitId":"gigituang"},"content":"                String[] s \u003d sc.nextLine().split(\" \");","lastModifiedDate":"2022-01-23"},{"lineNumber":23,"author":{"gitId":"gigituang"},"content":"                if (s[0].equals(\"bye\")) {","lastModifiedDate":"2022-01-23"},{"lineNumber":24,"author":{"gitId":"gigituang"},"content":"                    if (s.length \u003e 1) {","lastModifiedDate":"2022-01-23"},{"lineNumber":25,"author":{"gitId":"gigituang"},"content":"                        throw new Exception_handler(\"I\u0027m sorry, but I don\u0027t know what that means :-(\");","lastModifiedDate":"2022-01-23"},{"lineNumber":26,"author":{"gitId":"gigituang"},"content":"                    }","lastModifiedDate":"2022-01-23"},{"lineNumber":27,"author":{"gitId":"gigituang"},"content":"                    System.out.println(\"Bye. Hope to see you again soon!\");","lastModifiedDate":"2022-01-23"},{"lineNumber":28,"author":{"gitId":"gigituang"},"content":"                    break;","lastModifiedDate":"2022-01-23"},{"lineNumber":29,"author":{"gitId":"gigituang"},"content":"                } else if (s[0].equals(\"list\")) {","lastModifiedDate":"2022-01-23"},{"lineNumber":30,"author":{"gitId":"gigituang"},"content":"                    int count \u003d 1;","lastModifiedDate":"2022-01-23"},{"lineNumber":31,"author":{"gitId":"gigituang"},"content":"                    for (Task sample : taskList) {","lastModifiedDate":"2022-01-23"},{"lineNumber":32,"author":{"gitId":"gigituang"},"content":"                        System.out.println(count + \". \" + sample);","lastModifiedDate":"2022-01-23"},{"lineNumber":33,"author":{"gitId":"gigituang"},"content":"                        count++;","lastModifiedDate":"2022-01-23"},{"lineNumber":34,"author":{"gitId":"gigituang"},"content":"                    }","lastModifiedDate":"2022-01-23"},{"lineNumber":35,"author":{"gitId":"gigituang"},"content":"                } else if (s[0].equals(\"mark\")) {","lastModifiedDate":"2022-01-23"},{"lineNumber":36,"author":{"gitId":"gigituang"},"content":"                    if (s.length \u003c 2) {","lastModifiedDate":"2022-01-23"},{"lineNumber":37,"author":{"gitId":"gigituang"},"content":"                        throw new Exception_handler(\"☹ OOPS!!! That task doesn\u0027t exist or you failed to include a number.\");","lastModifiedDate":"2022-01-23"},{"lineNumber":38,"author":{"gitId":"gigituang"},"content":"                    }","lastModifiedDate":"2022-01-23"},{"lineNumber":39,"author":{"gitId":"gigituang"},"content":"                    int index \u003d Integer.parseInt(s[1]) - 1;","lastModifiedDate":"2022-01-23"},{"lineNumber":40,"author":{"gitId":"gigituang"},"content":"                    if (index \u003c 0 || index \u003e taskList.size() - 1) {","lastModifiedDate":"2022-01-23"},{"lineNumber":41,"author":{"gitId":"gigituang"},"content":"                        throw new Exception_handler(\"☹ OOPS!!! That task doesn\u0027t exist or you failed to include a number.\");","lastModifiedDate":"2022-01-23"},{"lineNumber":42,"author":{"gitId":"gigituang"},"content":"                    }","lastModifiedDate":"2022-01-23"},{"lineNumber":43,"author":{"gitId":"gigituang"},"content":"                    taskList.get(index).setDone();","lastModifiedDate":"2022-01-23"},{"lineNumber":44,"author":{"gitId":"gigituang"},"content":"                    System.out.println(\"Nice! I\u0027ve marked this task as done:\");","lastModifiedDate":"2022-01-23"},{"lineNumber":45,"author":{"gitId":"gigituang"},"content":"                    System.out.print(taskList.get(index));","lastModifiedDate":"2022-01-23"},{"lineNumber":46,"author":{"gitId":"gigituang"},"content":"                } else if (s[0].equals(\"todo\")) {","lastModifiedDate":"2022-01-23"},{"lineNumber":47,"author":{"gitId":"gigituang"},"content":"                    if (s.length \u003c 2) {","lastModifiedDate":"2022-01-23"},{"lineNumber":48,"author":{"gitId":"gigituang"},"content":"                        throw new Exception_handler(\"☹ OOPS!!! You\u0027re missing some descriptions for your event.\");","lastModifiedDate":"2022-01-23"},{"lineNumber":49,"author":{"gitId":"gigituang"},"content":"                    }","lastModifiedDate":"2022-01-23"},{"lineNumber":50,"author":{"gitId":"gigituang"},"content":"                    String str \u003d \"\";","lastModifiedDate":"2022-01-23"},{"lineNumber":51,"author":{"gitId":"gigituang"},"content":"                    for (int i \u003d 1; i \u003c s.length; i++) {","lastModifiedDate":"2022-01-23"},{"lineNumber":52,"author":{"gitId":"gigituang"},"content":"                        str \u003d str + s[i] + \" \";","lastModifiedDate":"2022-01-23"},{"lineNumber":53,"author":{"gitId":"gigituang"},"content":"                    }","lastModifiedDate":"2022-01-23"},{"lineNumber":54,"author":{"gitId":"gigituang"},"content":"                    ToDos task \u003d new ToDos(str);","lastModifiedDate":"2022-01-23"},{"lineNumber":55,"author":{"gitId":"gigituang"},"content":"                    taskList.add(task);","lastModifiedDate":"2022-01-23"},{"lineNumber":56,"author":{"gitId":"gigituang"},"content":"                    System.out.println(\"Got it, I\u0027ve added this task: \");","lastModifiedDate":"2022-01-23"},{"lineNumber":57,"author":{"gitId":"gigituang"},"content":"                    System.out.println(task);","lastModifiedDate":"2022-01-23"},{"lineNumber":58,"author":{"gitId":"gigituang"},"content":"                    System.out.println(\"Now you have \" + taskList.size() + \" tasks in the list.\");","lastModifiedDate":"2022-01-23"},{"lineNumber":59,"author":{"gitId":"gigituang"},"content":"                } else if (s[0].equals(\"event\")) {","lastModifiedDate":"2022-01-23"},{"lineNumber":60,"author":{"gitId":"gigituang"},"content":"                    if (s.length \u003c 2) {","lastModifiedDate":"2022-01-23"},{"lineNumber":61,"author":{"gitId":"gigituang"},"content":"                        throw new Exception_handler(\"☹ OOPS!!! The description cof a todo cannot be empty.\");","lastModifiedDate":"2022-01-23"},{"lineNumber":62,"author":{"gitId":"gigituang"},"content":"                    }","lastModifiedDate":"2022-01-23"},{"lineNumber":63,"author":{"gitId":"gigituang"},"content":"                    String str \u003d \"\";","lastModifiedDate":"2022-01-23"},{"lineNumber":64,"author":{"gitId":"gigituang"},"content":"                    String time \u003d \"\";","lastModifiedDate":"2022-01-23"},{"lineNumber":65,"author":{"gitId":"gigituang"},"content":"                    int index \u003d 0;","lastModifiedDate":"2022-01-23"},{"lineNumber":66,"author":{"gitId":"gigituang"},"content":"                    for (int i \u003d 1; i \u003c s.length; i++) {","lastModifiedDate":"2022-01-23"},{"lineNumber":67,"author":{"gitId":"gigituang"},"content":"                        if (s[i].equals(\"/at\")) {","lastModifiedDate":"2022-01-23"},{"lineNumber":68,"author":{"gitId":"gigituang"},"content":"                            index \u003d i + 1;","lastModifiedDate":"2022-01-23"},{"lineNumber":69,"author":{"gitId":"gigituang"},"content":"                            break;","lastModifiedDate":"2022-01-23"},{"lineNumber":70,"author":{"gitId":"gigituang"},"content":"                        } else {","lastModifiedDate":"2022-01-23"},{"lineNumber":71,"author":{"gitId":"gigituang"},"content":"                            str \u003d str + s[i] + \" \";","lastModifiedDate":"2022-01-23"},{"lineNumber":72,"author":{"gitId":"gigituang"},"content":"                        }","lastModifiedDate":"2022-01-23"},{"lineNumber":73,"author":{"gitId":"gigituang"},"content":"                    }","lastModifiedDate":"2022-01-23"},{"lineNumber":74,"author":{"gitId":"gigituang"},"content":"                    for (int k \u003d index; k \u003c s.length; k++) {","lastModifiedDate":"2022-01-23"},{"lineNumber":75,"author":{"gitId":"gigituang"},"content":"                        time \u003d time + s[k] + \" \";","lastModifiedDate":"2022-01-23"},{"lineNumber":76,"author":{"gitId":"gigituang"},"content":"                    }","lastModifiedDate":"2022-01-23"},{"lineNumber":77,"author":{"gitId":"gigituang"},"content":"                    Event event \u003d new Event(str, time);","lastModifiedDate":"2022-01-23"},{"lineNumber":78,"author":{"gitId":"gigituang"},"content":"                    taskList.add(event);","lastModifiedDate":"2022-01-23"},{"lineNumber":79,"author":{"gitId":"gigituang"},"content":"                    System.out.println(\"Got it. I\u0027ve added this task:\");","lastModifiedDate":"2022-01-23"},{"lineNumber":80,"author":{"gitId":"gigituang"},"content":"                    System.out.println(event);","lastModifiedDate":"2022-01-23"},{"lineNumber":81,"author":{"gitId":"gigituang"},"content":"                    System.out.println(\"Now you have \" + taskList.size() + \" tasks in the list\");","lastModifiedDate":"2022-01-23"},{"lineNumber":82,"author":{"gitId":"gigituang"},"content":"                } else if (s[0].equals(\"deadline\")) {","lastModifiedDate":"2022-01-23"},{"lineNumber":83,"author":{"gitId":"gigituang"},"content":"                    if (s.length \u003c 2) {","lastModifiedDate":"2022-01-23"},{"lineNumber":84,"author":{"gitId":"gigituang"},"content":"                        throw new Exception_handler(\"☹ OOPS!!! You\u0027re missing some descriptions for your deadline.\");","lastModifiedDate":"2022-01-23"},{"lineNumber":85,"author":{"gitId":"gigituang"},"content":"                    }","lastModifiedDate":"2022-01-23"},{"lineNumber":86,"author":{"gitId":"gigituang"},"content":"                    String time \u003d \"\";","lastModifiedDate":"2022-01-23"},{"lineNumber":87,"author":{"gitId":"gigituang"},"content":"                    String str \u003d \"\";","lastModifiedDate":"2022-01-23"},{"lineNumber":88,"author":{"gitId":"gigituang"},"content":"                    int index \u003d 0;","lastModifiedDate":"2022-01-23"},{"lineNumber":89,"author":{"gitId":"gigituang"},"content":"","lastModifiedDate":"2022-01-23"},{"lineNumber":90,"author":{"gitId":"gigituang"},"content":"                    for (int i \u003d 1; i \u003c s.length; i++) {","lastModifiedDate":"2022-01-23"},{"lineNumber":91,"author":{"gitId":"gigituang"},"content":"                        if (s[i].equals(\"/by\")) {","lastModifiedDate":"2022-01-23"},{"lineNumber":92,"author":{"gitId":"gigituang"},"content":"                            index \u003d i + 1;","lastModifiedDate":"2022-01-23"},{"lineNumber":93,"author":{"gitId":"gigituang"},"content":"                            break;","lastModifiedDate":"2022-01-23"},{"lineNumber":94,"author":{"gitId":"gigituang"},"content":"                        } else {","lastModifiedDate":"2022-01-23"},{"lineNumber":95,"author":{"gitId":"gigituang"},"content":"                            str \u003d str + s[i] + \" \";","lastModifiedDate":"2022-01-23"},{"lineNumber":96,"author":{"gitId":"gigituang"},"content":"                        }","lastModifiedDate":"2022-01-23"},{"lineNumber":97,"author":{"gitId":"gigituang"},"content":"                    }","lastModifiedDate":"2022-01-23"},{"lineNumber":98,"author":{"gitId":"gigituang"},"content":"","lastModifiedDate":"2022-01-23"},{"lineNumber":99,"author":{"gitId":"gigituang"},"content":"                    for (int k \u003d index; k \u003c s.length; k++) {","lastModifiedDate":"2022-01-23"},{"lineNumber":100,"author":{"gitId":"gigituang"},"content":"                        time \u003d time + s[k] + \" \";","lastModifiedDate":"2022-01-23"},{"lineNumber":101,"author":{"gitId":"gigituang"},"content":"                    }","lastModifiedDate":"2022-01-23"},{"lineNumber":102,"author":{"gitId":"gigituang"},"content":"                    Deadline deadline \u003d new Deadline(str, time);","lastModifiedDate":"2022-01-23"},{"lineNumber":103,"author":{"gitId":"gigituang"},"content":"                    taskList.add(deadline);","lastModifiedDate":"2022-01-23"},{"lineNumber":104,"author":{"gitId":"gigituang"},"content":"                    System.out.println(\"Got it. I\u0027ve added this task: \");","lastModifiedDate":"2022-01-23"},{"lineNumber":105,"author":{"gitId":"gigituang"},"content":"                    System.out.println(deadline);","lastModifiedDate":"2022-01-23"},{"lineNumber":106,"author":{"gitId":"gigituang"},"content":"                    System.out.println(\"Now you have \" + taskList.size() + \" tasks in the list. \");","lastModifiedDate":"2022-01-23"},{"lineNumber":107,"author":{"gitId":"gigituang"},"content":"                } else {","lastModifiedDate":"2022-01-23"},{"lineNumber":108,"author":{"gitId":"gigituang"},"content":"                    throw new Exception_handler(\"☹ OOPS!!! I\u0027m sorry, but I don\u0027t know what that means :-(\");","lastModifiedDate":"2022-01-23"},{"lineNumber":109,"author":{"gitId":"gigituang"},"content":"                }","lastModifiedDate":"2022-01-23"},{"lineNumber":110,"author":{"gitId":"gigituang"},"content":"            }","lastModifiedDate":"2022-01-23"},{"lineNumber":111,"author":{"gitId":"gigituang"},"content":"            catch(Exception_handler e){","lastModifiedDate":"2022-01-23"},{"lineNumber":112,"author":{"gitId":"gigituang"},"content":"                System.out.println(e);","lastModifiedDate":"2022-01-23"},{"lineNumber":113,"author":{"gitId":"gigituang"},"content":"            }","lastModifiedDate":"2022-01-23"},{"lineNumber":114,"author":{"gitId":"gigituang"},"content":"        }","lastModifiedDate":"2022-01-23"},{"lineNumber":115,"author":{"gitId":"gigituang"},"content":"    }","lastModifiedDate":"2022-01-23"},{"lineNumber":116,"author":{"gitId":"gigituang"},"content":"}","lastModifiedDate":"2022-01-23"}],"authorContributionMap":{"gigituang":116}},{"path":"src/main/java/Level5/Event.java","fileType":"java","lines":[{"lineNumber":1,"author":{"gitId":"gigituang"},"content":"public class Event extends Task{","lastModifiedDate":"2022-01-23"},{"lineNumber":2,"author":{"gitId":"gigituang"},"content":"    protected String place;","lastModifiedDate":"2022-01-23"},{"lineNumber":3,"author":{"gitId":"gigituang"},"content":"","lastModifiedDate":"2022-01-23"},{"lineNumber":4,"author":{"gitId":"gigituang"},"content":"    public Event(String d, String place) {","lastModifiedDate":"2022-01-23"},{"lineNumber":5,"author":{"gitId":"gigituang"},"content":"        super(d);","lastModifiedDate":"2022-01-23"},{"lineNumber":6,"author":{"gitId":"gigituang"},"content":"        this.place \u003d place;","lastModifiedDate":"2022-01-23"},{"lineNumber":7,"author":{"gitId":"gigituang"},"content":"    }","lastModifiedDate":"2022-01-23"},{"lineNumber":8,"author":{"gitId":"gigituang"},"content":"    @Override","lastModifiedDate":"2022-01-23"},{"lineNumber":9,"author":{"gitId":"gigituang"},"content":"    public String toString(){","lastModifiedDate":"2022-01-23"},{"lineNumber":10,"author":{"gitId":"gigituang"},"content":"        return \"[E]\" + super.toString() + \" (at: \" + place + \") \";","lastModifiedDate":"2022-01-23"},{"lineNumber":11,"author":{"gitId":"gigituang"},"content":"    }","lastModifiedDate":"2022-01-23"},{"lineNumber":12,"author":{"gitId":"gigituang"},"content":"}","lastModifiedDate":"2022-01-23"}],"authorContributionMap":{"gigituang":12}},{"path":"src/main/java/Level5/Exception_handler.java","fileType":"java","lines":[{"lineNumber":1,"author":{"gitId":"gigituang"},"content":"public class Exception_handler extends Exception {","lastModifiedDate":"2022-01-23"},{"lineNumber":2,"author":{"gitId":"gigituang"},"content":"    public Exception_handler(String message) {","lastModifiedDate":"2022-01-23"},{"lineNumber":3,"author":{"gitId":"gigituang"},"content":"        super(message);","lastModifiedDate":"2022-01-23"},{"lineNumber":4,"author":{"gitId":"gigituang"},"content":"    }","lastModifiedDate":"2022-01-23"},{"lineNumber":5,"author":{"gitId":"gigituang"},"content":"","lastModifiedDate":"2022-01-23"},{"lineNumber":6,"author":{"gitId":"gigituang"},"content":"    @Override","lastModifiedDate":"2022-01-23"},{"lineNumber":7,"author":{"gitId":"gigituang"},"content":"    public String toString() {","lastModifiedDate":"2022-01-23"},{"lineNumber":8,"author":{"gitId":"gigituang"},"content":"        return \" ☹ OOPS!!!\" + getMessage();","lastModifiedDate":"2022-01-23"},{"lineNumber":9,"author":{"gitId":"gigituang"},"content":"    }","lastModifiedDate":"2022-01-23"},{"lineNumber":10,"author":{"gitId":"gigituang"},"content":"}","lastModifiedDate":"2022-01-23"}],"authorContributionMap":{"gigituang":10}},{"path":"src/main/java/Level5/Task.java","fileType":"java","lines":[{"lineNumber":1,"author":{"gitId":"gigituang"},"content":"import java.util.Arrays;","lastModifiedDate":"2022-01-23"},{"lineNumber":2,"author":{"gitId":"gigituang"},"content":"","lastModifiedDate":"2022-01-23"},{"lineNumber":3,"author":{"gitId":"gigituang"},"content":"public class Task {","lastModifiedDate":"2022-01-23"},{"lineNumber":4,"author":{"gitId":"gigituang"},"content":"    protected String d;","lastModifiedDate":"2022-01-23"},{"lineNumber":5,"author":{"gitId":"gigituang"},"content":"    protected boolean done;","lastModifiedDate":"2022-01-23"},{"lineNumber":6,"author":{"gitId":"gigituang"},"content":"","lastModifiedDate":"2022-01-23"},{"lineNumber":7,"author":{"gitId":"gigituang"},"content":"    public Task(String d) {","lastModifiedDate":"2022-01-23"},{"lineNumber":8,"author":{"gitId":"gigituang"},"content":"        this.d \u003d d;","lastModifiedDate":"2022-01-23"},{"lineNumber":9,"author":{"gitId":"gigituang"},"content":"        this.done \u003d false;","lastModifiedDate":"2022-01-23"},{"lineNumber":10,"author":{"gitId":"gigituang"},"content":"    }","lastModifiedDate":"2022-01-23"},{"lineNumber":11,"author":{"gitId":"gigituang"},"content":"","lastModifiedDate":"2022-01-23"},{"lineNumber":12,"author":{"gitId":"gigituang"},"content":"//    public Task(String[] arr) {","lastModifiedDate":"2022-01-23"},{"lineNumber":13,"author":{"gitId":"gigituang"},"content":"//        this.done \u003d false;","lastModifiedDate":"2022-01-23"},{"lineNumber":14,"author":{"gitId":"gigituang"},"content":"//        this.d \u003d Arrays.toString(arr);","lastModifiedDate":"2022-01-23"},{"lineNumber":15,"author":{"gitId":"gigituang"},"content":"//        this.d \u003d this.d.substring(1, this.d.length()-1).replaceAll(\",\", \"\");","lastModifiedDate":"2022-01-23"},{"lineNumber":16,"author":{"gitId":"gigituang"},"content":"//    }","lastModifiedDate":"2022-01-23"},{"lineNumber":17,"author":{"gitId":"gigituang"},"content":"","lastModifiedDate":"2022-01-23"},{"lineNumber":18,"author":{"gitId":"gigituang"},"content":"    public String markString() {","lastModifiedDate":"2022-01-23"},{"lineNumber":19,"author":{"gitId":"gigituang"},"content":"        return (done ? \"[X]\" : \"[]\");","lastModifiedDate":"2022-01-23"},{"lineNumber":20,"author":{"gitId":"gigituang"},"content":"    }","lastModifiedDate":"2022-01-23"},{"lineNumber":21,"author":{"gitId":"gigituang"},"content":"","lastModifiedDate":"2022-01-23"},{"lineNumber":22,"author":{"gitId":"gigituang"},"content":"    public void setDone() {","lastModifiedDate":"2022-01-23"},{"lineNumber":23,"author":{"gitId":"gigituang"},"content":"        this.done \u003d true;","lastModifiedDate":"2022-01-23"},{"lineNumber":24,"author":{"gitId":"gigituang"},"content":"    }","lastModifiedDate":"2022-01-23"},{"lineNumber":25,"author":{"gitId":"gigituang"},"content":"","lastModifiedDate":"2022-01-23"},{"lineNumber":26,"author":{"gitId":"gigituang"},"content":"    public void setUndone(){","lastModifiedDate":"2022-01-23"},{"lineNumber":27,"author":{"gitId":"gigituang"},"content":"        this.done \u003d false;","lastModifiedDate":"2022-01-23"},{"lineNumber":28,"author":{"gitId":"gigituang"},"content":"    }","lastModifiedDate":"2022-01-23"},{"lineNumber":29,"author":{"gitId":"gigituang"},"content":"","lastModifiedDate":"2022-01-23"},{"lineNumber":30,"author":{"gitId":"gigituang"},"content":"    @Override","lastModifiedDate":"2022-01-23"},{"lineNumber":31,"author":{"gitId":"gigituang"},"content":"    public String toString() {","lastModifiedDate":"2022-01-23"},{"lineNumber":32,"author":{"gitId":"gigituang"},"content":"        return markString() + \" \" + d;","lastModifiedDate":"2022-01-23"},{"lineNumber":33,"author":{"gitId":"gigituang"},"content":"    }","lastModifiedDate":"2022-01-23"},{"lineNumber":34,"author":{"gitId":"gigituang"},"content":"}","lastModifiedDate":"2022-01-23"}],"authorContributionMap":{"gigituang":34}},{"path":"src/main/java/Level5/ToDos.java","fileType":"java","lines":[{"lineNumber":1,"author":{"gitId":"gigituang"},"content":"import java.util.Arrays;","lastModifiedDate":"2022-01-23"},{"lineNumber":2,"author":{"gitId":"gigituang"},"content":"","lastModifiedDate":"2022-01-23"},{"lineNumber":3,"author":{"gitId":"gigituang"},"content":"public class ToDos extends Task {","lastModifiedDate":"2022-01-23"},{"lineNumber":4,"author":{"gitId":"gigituang"},"content":"","lastModifiedDate":"2022-01-23"},{"lineNumber":5,"author":{"gitId":"gigituang"},"content":"    public ToDos(String d) {","lastModifiedDate":"2022-01-23"},{"lineNumber":6,"author":{"gitId":"gigituang"},"content":"        super(d);","lastModifiedDate":"2022-01-23"},{"lineNumber":7,"author":{"gitId":"gigituang"},"content":"    }","lastModifiedDate":"2022-01-23"},{"lineNumber":8,"author":{"gitId":"gigituang"},"content":"","lastModifiedDate":"2022-01-23"},{"lineNumber":9,"author":{"gitId":"gigituang"},"content":"    @Override","lastModifiedDate":"2022-01-23"},{"lineNumber":10,"author":{"gitId":"gigituang"},"content":"    public String toString() {","lastModifiedDate":"2022-01-23"},{"lineNumber":11,"author":{"gitId":"gigituang"},"content":"        return \"[T]\" + super.toString();","lastModifiedDate":"2022-01-23"},{"lineNumber":12,"author":{"gitId":"gigituang"},"content":"    }","lastModifiedDate":"2022-01-23"},{"lineNumber":13,"author":{"gitId":"gigituang"},"content":"}","lastModifiedDate":"2022-01-23"}],"authorContributionMap":{"gigituang":13}},{"path":"src/main/java/ToDos.java","fileType":"java","lines":[{"lineNumber":1,"author":{"gitId":"gigituang"},"content":"package PACKAGE_NAME;public class ToDos {","lastModifiedDate":"2022-01-21"},{"lineNumber":2,"author":{"gitId":"gigituang"},"content":"}","lastModifiedDate":"2022-01-21"}],"authorContributionMap":{"gigituang":2}}]
