{"authorDailyContributionsMap":{"zzkzzzz":[{"date":"2022-01-15","commitResults":[{"hash":"bc0da1374f96b3fe19b5b23f9197f8153ca1e9b0","messageTitle":"Implement Greet, Echo, Exit","messageBody":"","tags":["Level-1"],"fileTypesAndContributionMap":{"java":{"insertions":34,"deletions":10}}},{"hash":"504662d5dc15fc46a498fa29093f7b98b664d914","messageTitle":"Implement Add and List tasks","messageBody":"","tags":["Level-2"],"fileTypesAndContributionMap":{"java":{"insertions":12,"deletions":2}}},{"hash":"dbb26acfccfcb3dc53e7ada2b7bdea6bcd80234a","messageTitle":"Use a class to represent tasks","messageBody":"","fileTypesAndContributionMap":{"java":{"insertions":29,"deletions":6}}},{"hash":"c4bef955464014b3b588ef33fc4f4a2883f64e48","messageTitle":"Implement Fast input reader class","messageBody":"","fileTypesAndContributionMap":{"java":{"insertions":45,"deletions":0}}},{"hash":"51ad26aa079621d133218d40921d7907d8bcdd36","messageTitle":"Implement mark and unmark task methods","messageBody":"","tags":["Level-3"],"fileTypesAndContributionMap":{"java":{"insertions":40,"deletions":10}}},{"hash":"b23d1284e6132f86628a22986c5d24a007ccd6d0","messageTitle":"Add support for tracking ToDos, Events, Deadlines","messageBody":"As there are multiple types of tasks that have some similarity between\nthem. Todo, Deadline and Event classes can inherit from Task class.\n\nTodo, Deadline and Event classes have some common behaviors\n(e.g. mark() unmark() toString()).\n\nExtracting the common behavior into a super class Task allows us to use\npolymorphism when dealing with Task attributes.\n","tags":["Level-4"],"fileTypesAndContributionMap":{"java":{"insertions":62,"deletions":4}}},{"hash":"808aba810d2cd1695ae9cf015514e7a0107747fe","messageTitle":"Add automated testing","messageBody":"An automated test case can be run programmatically and the result of the\ntest case (pass or fail) is determined programmatically. Compared to\nmanual testing, automated testing reduces the effort required to run\ntests repeatedly and increases precision of testing\n\nStore the test input in the text file input.txt\n\nStore the output you expect in another text file EXPECTED.TXT\n\nStore the script to run the test in runtest.sh/runtest.bat\n\nRefer to this tutorial for Test using the I/O redirection technique\nhttps://se-education.org/guides/tutorials/textUiTesting.html\n","tags":["A-TextUiTesting"],"fileTypesAndContributionMap":{"txt":{"insertions":11,"deletions":0},"java":{"insertions":9,"deletions":9},"bat":{"insertions":1,"deletions":1},"sh":{"insertions":1,"deletions":1}}},{"hash":"299a65947a284c4ace7854381368eb2124f947f9","messageTitle":"Implement MeepException and handle possible errors","messageBody":"Exceptions provide the means to separate the details of what to do when\nsomething out of the ordinary happens from the main logic of a program.\n\nMeepException handles invalid command, invalid date/time format and\ninvalid task number.\n","tags":["Level-5"],"fileTypesAndContributionMap":{"java":{"insertions":87,"deletions":25}}},{"hash":"15bddd3817df27adb40433c7d6021cbfc325e518","messageTitle":"Implement delete task","messageBody":"","tags":["Level-6"],"fileTypesAndContributionMap":{"java":{"insertions":9,"deletions":4}}},{"hash":"770cb37c55a53821e3f089260411eba49aec74d5","messageTitle":"Use Enumerations to represent the user command","messageBody":"","tags":["A-Enums"],"fileTypesAndContributionMap":{"java":{"insertions":27,"deletions":10}}}]},{"date":"2022-01-20","commitResults":[{"hash":"c8c66df3e7e2ca1ebf0c217b81ce884abe0cee87","messageTitle":"Implement save and restore task from text file","messageBody":"","tags":["Level-7"],"fileTypesAndContributionMap":{"txt":{"insertions":6,"deletions":0},"java":{"insertions":132,"deletions":12}}}]},{"date":"2022-01-21","commitResults":[{"hash":"e33abfe33f8f8c1ccd6c8f454d67692e6a91b3db","messageTitle":"Implement dates/time parsing and list by date","messageBody":"Store deadline/event dates as a java.time.LocalDate in the task objects.\nAccept dates in a format dd/MM/yyyy HH:mm format (e.g., 2/12/2019 18:00)\nand print in a different format MMM d yyyy hh:mm a e.g., (Oct 15 2019 06:00 PM).\n\nAlso add new command for list. User can list task before specific date.\nFor example \"list 09/12/2019 18:00\", It will list deadline/event before this date.\n","fileTypesAndContributionMap":{"java":{"insertions":100,"deletions":26}}},{"hash":"4d8d18b108addbc5f99ae847e5c0fb49ba2090f6","messageTitle":"Extract Ui,Command,Storage,Parser,TaskList classes","messageBody":"Refactor the code to extract out closely related code as classes.\n1. Extract Ui class to deal with interactions with the user\n2. Extract Commnad class to  deal with user command\n3. Extract Storage class to deal with data file restore and save\n4. Extract Parser class to  deal with parsing user input\n5. Extract TaskList class to  deal with actions on tasklist like add/delete\n","tags":["A-MoreOOP"],"fileTypesAndContributionMap":{"txt":{"insertions":5,"deletions":5},"java":{"insertions":516,"deletions":340}}},{"hash":"7246d9abb30f6b5a5632a74d0570678d434de145","messageTitle":"Divide classes into packages","messageBody":"Use packages to avoid name conflicts, and to write a better maintainable code.\n\n1.Group all Command classes under package commands.\n2.Group all task classes under package task.\n3.Put invalidInputException class under package exception.\n4.Put Storage class under package storage.\n5.Put Parder class under package parser.\n6.Put Ui and Messages classes under package ui.\n","tags":["A-Packages"],"fileTypesAndContributionMap":{"txt":{"insertions":1,"deletions":2},"java":{"insertions":82,"deletions":12}}}]},{"date":"2022-01-23","commitResults":[{"hash":"ff81fca74a2a39360598c7fa2c2f224bb4284278","messageTitle":"Refactor Parser Class code","messageBody":"Extracting the parseUserInput() into different functions. For example,\ncheckTaskFormat() to check the task description format.\n","fileTypesAndContributionMap":{"java":{"insertions":82,"deletions":55}}},{"hash":"10c2ec70cdf6d286666d139eaaee1f4200c49299","messageTitle":"Add JUnit tests","messageBody":"Add JUnit tests to test the behavior of the code.\n1. test all commands class execute function\n2. test Parser class with different input\n3. test Storage class with vliad and invalid file path\n4. test ListTask class with add/delete/generate mehtods\n","tags":["A-JUnit"],"fileTypesAndContributionMap":{"txt":{"insertions":3,"deletions":0},"java":{"insertions":536,"deletions":9}}},{"hash":"21a0ea2e24eee9137abbd1f2863b24a3f8b511b5","messageTitle":"Add JavaDoc comments","messageBody":"Placing Human Readable Descriptions inside of program detailing what\nthe Code is doing. Proper use of commenting can make code maintenance\nmuch easier, as well as helping make finding bugs faster. Further,\ncommenting is very important when writing functions that other people\nwill use.\n","tags":["A-JavaDoc"],"fileTypesAndContributionMap":{"java":{"insertions":480,"deletions":33}}},{"hash":"74c4e1f4e2aaac0ee10a634dc034c8d4412951e9","messageTitle":"Tweak the code to comply with Java coding standard","messageBody":"The aim of a coding standard is to make the entire code\nbase look like it was written by one person.\n\nCoding standards help in the development of software programs\nthat are less complex and thereby reduce the errors.\n","tags":["A-CodingStandard"],"fileTypesAndContributionMap":{"java":{"insertions":65,"deletions":28}}},{"hash":"fde3bab4a09e54bd8ebb29845b0806e87468e266","messageTitle":"Implement find task function","messageBody":"Give users a way to find a task by searching for a keyword.\n\nAdd another command class - FindCommand.\nAdd findTasks() method to ListTask Class.\nChange Parser Class to parse find command.\n","tags":["Level-9"],"fileTypesAndContributionMap":{"java":{"insertions":83,"deletions":16}}}]},{"date":"2022-01-26","commitResults":[{"hash":"1bd03c4ce8bdc1f2b3bd3b37a67a9b9f660a2136","messageTitle":"Refactor main class structure","messageBody":"Separates the main function into different parts\n","fileTypesAndContributionMap":{"java":{"insertions":56,"deletions":22}}}]},{"date":"2022-01-28","commitResults":[{"hash":"f442913da296e3b49d471c60394a610c5779774c","messageTitle":"Set up gradle for build, run and unit tests","messageBody":"","tags":["A-Gradle"],"fileTypesAndContributionMap":{"gradle":{"insertions":46,"deletions":0},"bat":{"insertions":103,"deletions":0}}},{"hash":"3ebb70938519539833b0a315ac9dca1a69b29394","messageTitle":"Use checkStyle to detect coding style violations","messageBody":"","tags":["A-CheckStyle"],"fileTypesAndContributionMap":{"gradle":{"insertions":4,"deletions":2},"txt":{"insertions":6,"deletions":6},"java":{"insertions":411,"deletions":334}}}]},{"date":"2022-02-02","commitResults":[{"hash":"a76385c3bbf2f87c40023828ed63385857f9bb38","messageTitle":"Refactor code to follow Jaca code standards","messageBody":"","fileTypesAndContributionMap":{"java":{"insertions":109,"deletions":108}}},{"hash":"035cf80eec3f59e337f5a87b114904f555205c71","messageTitle":"Add a GUI to Meep","messageBody":"Use the JavaFX technology to implement the GUI.\n","tags":["Level-10"],"fileTypesAndContributionMap":{"gradle":{"insertions":14,"deletions":0},"txt":{"insertions":1,"deletions":1},"fxml":{"insertions":44,"deletions":0},"java":{"insertions":398,"deletions":0}}}]},{"date":"2022-02-04","commitResults":[{"hash":"2eedfe4ec1bc2d6bfdd878bacb2c30df396744e1","messageTitle":"Improve the UI and move textUi to seperate package","messageBody":"Features added:\n1. User dialog has different color with bot dialog\n2. Make command input box and send button into circle\n3. Change the color of the Windows\n4. Change the image of user and bot\n","tags":["A-BetterGui"],"fileTypesAndContributionMap":{"fxml":{"insertions":70,"deletions":22},"java":{"insertions":186,"deletions":119}}},{"hash":"07d895fe6583baed7da1f7974fb3b9fef729606c","messageTitle":"Use assert to document important assumptions","messageBody":"An assertion failure indicates a possible bug in the code because\nthe code has resulted in a program state that violates an assumption\nabout how the code should behave. An assertion failure indicates a\npossible bug and the sooner the execution stops, the safer it is.\n\nAssertions are used in following places:\n* check the string return from checkEmptyTask() to make sure it\u0027s not empty\n* check the index return from parseListIndex() to make sure it\u0027s not out of range\n* check format return from parseTaskFormat() to mark sure the format is correct\n","fileTypesAndContributionMap":{"java":{"insertions":24,"deletions":6}}}]},{"date":"2022-02-05","commitResults":[{"hash":"48b62c0cfe81f4fcc00df132d8558a77597d0cd9","messageTitle":"Improve code quality","messageBody":"Critically examines the code and refactor to improve the code quality where necessary.\n\nFollowing techniques are implemented:\n1. Avoid deep nesting\n2. Avoid complicated expressions\n3. Avoid magic numbers\n4. KISS(\"keep it simple, stupid\")\n5. SLAP hard\n6. Make the happy path prominent\n7. Delete dead cdode\n","tags":["A-FullCommitMessage"],"fileTypesAndContributionMap":{"java":{"insertions":81,"deletions":56}}},{"hash":"e44d46ef7316f44a07f0683f180b6993573a2ffb","messageTitle":"Improve code quality","messageBody":"Critically examines the code and refactor to improve the code\nquality where necessary.\n\nFollowing techniques are implemented:\n1. Avoid deep nesting\n2. Avoid complicated expressions\n3. Avoid magic numbers\n4. KISS(\"keep it simple, stupid\")\n5. SLAP hard\n6. Make the happy path prominent\n7. Delete dead code\n","fileTypesAndContributionMap":{"java":{"insertions":0,"deletions":2}}},{"hash":"f2a15b33eb0b1692b727df775b1d4727e5a3e88d","messageTitle":"Fix expected test result in Junit test","messageBody":"","fileTypesAndContributionMap":{"java":{"insertions":8,"deletions":8}}},{"hash":"6f567db49b9553372feab27d11117d80430bc9d5","messageTitle":"Add new command \u0027help\u0027 to guide user","messageBody":"This feature is under category C-Help which provide\nin-App guidance to users.\n\nUser can simply type \u0027help\u0027 then the bot will display the\nguidence. Moreover, the guidence will display when the bot start.\n","tags":["BCD-Extension"],"fileTypesAndContributionMap":{"java":{"insertions":49,"deletions":0}}},{"hash":"d8ca9dc7b71877f80ee4398a713f80a2ea46789f","messageTitle":"Extract error messages to Messages class","messageBody":"","fileTypesAndContributionMap":{"java":{"insertions":52,"deletions":40}}}]},{"date":"2022-02-08","commitResults":[{"hash":"46c9af59922b7a7b68bcf8b327e88c3354ce8583","messageTitle":"Fix import library order bug","messageBody":"","fileTypesAndContributionMap":{"java":{"insertions":1,"deletions":2}}},{"hash":"1a1a60a095eacf872dd6c93bcf952bd0ccce98f7","messageTitle":"Change main class to UI Launcher","messageBody":"","fileTypesAndContributionMap":{"gradle":{"insertions":1,"deletions":1}}},{"hash":"d5bcfbfda6081d41f0ced81c6ccf001d00985b7d","messageTitle":"Fix Junit Test error message","messageBody":"","fileTypesAndContributionMap":{"java":{"insertions":3,"deletions":3}}},{"hash":"4a8725f0ba1393319a1faf82dce42ec3174ba48d","messageTitle":"Fix package naming issue","messageBody":"","fileTypesAndContributionMap":{"java":{"insertions":3,"deletions":19}}},{"hash":"8468bca4cd4e863243ce66ffd6dd3a127b28acc7","messageTitle":"Fix StorageTest bug in CI","messageBody":"","fileTypesAndContributionMap":{"java":{"insertions":12,"deletions":5}}},{"hash":"a9340fcb838283045786419ec87177340dee008c","messageTitle":"Remove unused imports","messageBody":"","fileTypesAndContributionMap":{"java":{"insertions":0,"deletions":2}}},{"hash":"db5d4857c7eb9eba60e475b1e9542694ba63f6a1","messageTitle":"Fix Github CI on Windows date formatting","messageBody":"","fileTypesAndContributionMap":{"java":{"insertions":1,"deletions":2}}},{"hash":"b2d78dbf69c35bb254217735d32942023bfc5fa3","messageTitle":"Fix find command bug","messageBody":"","fileTypesAndContributionMap":{"java":{"insertions":25,"deletions":10}}},{"hash":"15172eb3caf6d777f015d422e7c90786c1ca3325","messageTitle":"Add a User Guide to the project","messageBody":"","tags":["A-UserGuide"],"fileTypesAndContributionMap":{"md":{"insertions":124,"deletions":15}}},{"hash":"8b504f3541ab15635674a4cdb635a666c0bfe0ef","messageTitle":"Fix user guide typo","messageBody":"","tags":["A-Release","A-Jar-2.0"],"fileTypesAndContributionMap":{"md":{"insertions":12,"deletions":4}}}]},{"date":"2022-02-14","commitResults":[{"hash":"abae5ce085e328e6b9ca4930c542420728f9bfce","messageTitle":"Refactor code to improve code quality","messageBody":"","fileTypesAndContributionMap":{"java":{"insertions":136,"deletions":105}}}]}]},"authorFileTypeContributionMap":{"zzkzzzz":{"java":2531,"md":120,"fxml":92,"sh":1,"bat":104,"gradle":62,"txt":19}},"authorContributionVariance":{"zzkzzzz":122392.31},"authorDisplayNameMap":{"zzkzzzz":"CS2103-F09-3 ZHEN..KANG"}}
