[{"path":"src/main/java/Commands.java","fileType":"java","lines":[{"lineNumber":1,"author":{"gitId":"LowJiaHao99"},"content":"public enum Commands {","lastModifiedDate":"2022-01-16"},{"lineNumber":2,"author":{"gitId":"LowJiaHao99"},"content":"    HI{","lastModifiedDate":"2022-01-16"},{"lineNumber":3,"author":{"gitId":"LowJiaHao99"},"content":"        @Override","lastModifiedDate":"2022-01-16"},{"lineNumber":4,"author":{"gitId":"LowJiaHao99"},"content":"        public String toString(){","lastModifiedDate":"2022-01-16"},{"lineNumber":5,"author":{"gitId":"LowJiaHao99"},"content":"            return \"    Hello! I\u0027m Duke\\n    What can I do for you?\";","lastModifiedDate":"2022-01-16"},{"lineNumber":6,"author":{"gitId":"LowJiaHao99"},"content":"        }","lastModifiedDate":"2022-01-16"},{"lineNumber":7,"author":{"gitId":"LowJiaHao99"},"content":"    },","lastModifiedDate":"2022-01-16"},{"lineNumber":8,"author":{"gitId":"LowJiaHao99"},"content":"    BYE{","lastModifiedDate":"2022-01-16"},{"lineNumber":9,"author":{"gitId":"LowJiaHao99"},"content":"        @Override","lastModifiedDate":"2022-01-16"},{"lineNumber":10,"author":{"gitId":"LowJiaHao99"},"content":"        public String toString(){","lastModifiedDate":"2022-01-16"},{"lineNumber":11,"author":{"gitId":"LowJiaHao99"},"content":"            return \"    Bye. Hope to see you again soon!\";","lastModifiedDate":"2022-01-16"},{"lineNumber":12,"author":{"gitId":"LowJiaHao99"},"content":"        }","lastModifiedDate":"2022-01-16"},{"lineNumber":13,"author":{"gitId":"LowJiaHao99"},"content":"    },","lastModifiedDate":"2022-01-16"},{"lineNumber":14,"author":{"gitId":"LowJiaHao99"},"content":"    LIST{","lastModifiedDate":"2022-01-16"},{"lineNumber":15,"author":{"gitId":"LowJiaHao99"},"content":"        @Override","lastModifiedDate":"2022-01-16"},{"lineNumber":16,"author":{"gitId":"LowJiaHao99"},"content":"        public String toString(){","lastModifiedDate":"2022-01-16"},{"lineNumber":17,"author":{"gitId":"LowJiaHao99"},"content":"            return \"    Here are the tasks in your list:\";","lastModifiedDate":"2022-01-16"},{"lineNumber":18,"author":{"gitId":"LowJiaHao99"},"content":"        }","lastModifiedDate":"2022-01-16"},{"lineNumber":19,"author":{"gitId":"LowJiaHao99"},"content":"    },","lastModifiedDate":"2022-01-16"},{"lineNumber":20,"author":{"gitId":"LowJiaHao99"},"content":"    MARK{","lastModifiedDate":"2022-01-16"},{"lineNumber":21,"author":{"gitId":"LowJiaHao99"},"content":"        @Override","lastModifiedDate":"2022-01-16"},{"lineNumber":22,"author":{"gitId":"LowJiaHao99"},"content":"        public String toString(){","lastModifiedDate":"2022-01-16"},{"lineNumber":23,"author":{"gitId":"LowJiaHao99"},"content":"            return \"    Nice! I\u0027ve marked this task as done:\\n\";","lastModifiedDate":"2022-01-16"},{"lineNumber":24,"author":{"gitId":"LowJiaHao99"},"content":"        }","lastModifiedDate":"2022-01-16"},{"lineNumber":25,"author":{"gitId":"LowJiaHao99"},"content":"    },","lastModifiedDate":"2022-01-16"},{"lineNumber":26,"author":{"gitId":"LowJiaHao99"},"content":"    UNMARK{","lastModifiedDate":"2022-01-16"},{"lineNumber":27,"author":{"gitId":"LowJiaHao99"},"content":"        @Override","lastModifiedDate":"2022-01-16"},{"lineNumber":28,"author":{"gitId":"LowJiaHao99"},"content":"        public String toString(){","lastModifiedDate":"2022-01-16"},{"lineNumber":29,"author":{"gitId":"LowJiaHao99"},"content":"            return \"    Ok! I\u0027ve marked this task as not done yet:\\n\";","lastModifiedDate":"2022-01-16"},{"lineNumber":30,"author":{"gitId":"LowJiaHao99"},"content":"        }","lastModifiedDate":"2022-01-16"},{"lineNumber":31,"author":{"gitId":"LowJiaHao99"},"content":"    },","lastModifiedDate":"2022-01-16"},{"lineNumber":32,"author":{"gitId":"LowJiaHao99"},"content":"    ADD{","lastModifiedDate":"2022-01-16"},{"lineNumber":33,"author":{"gitId":"LowJiaHao99"},"content":"        @Override","lastModifiedDate":"2022-01-16"},{"lineNumber":34,"author":{"gitId":"LowJiaHao99"},"content":"        public String toString(){","lastModifiedDate":"2022-01-16"},{"lineNumber":35,"author":{"gitId":"LowJiaHao99"},"content":"            return \"    Got it. I\u0027ve added this task:\\n\";","lastModifiedDate":"2022-01-16"},{"lineNumber":36,"author":{"gitId":"LowJiaHao99"},"content":"        }","lastModifiedDate":"2022-01-16"},{"lineNumber":37,"author":{"gitId":"LowJiaHao99"},"content":"    },","lastModifiedDate":"2022-01-16"},{"lineNumber":38,"author":{"gitId":"LowJiaHao99"},"content":"    DELETE{","lastModifiedDate":"2022-01-16"},{"lineNumber":39,"author":{"gitId":"LowJiaHao99"},"content":"        @Override","lastModifiedDate":"2022-01-16"},{"lineNumber":40,"author":{"gitId":"LowJiaHao99"},"content":"        public String toString(){","lastModifiedDate":"2022-01-16"},{"lineNumber":41,"author":{"gitId":"LowJiaHao99"},"content":"            return \"    Noted. I\u0027ve removed this task:\\n\";","lastModifiedDate":"2022-01-16"},{"lineNumber":42,"author":{"gitId":"LowJiaHao99"},"content":"        }","lastModifiedDate":"2022-01-16"},{"lineNumber":43,"author":{"gitId":"LowJiaHao99"},"content":"    },","lastModifiedDate":"2022-01-16"},{"lineNumber":44,"author":{"gitId":"LowJiaHao99"},"content":"}","lastModifiedDate":"2022-01-16"}],"authorContributionMap":{"LowJiaHao99":44}},{"path":"src/main/java/Deadline.java","fileType":"java","lines":[{"lineNumber":1,"author":{"gitId":"LowJiaHao99"},"content":"public class Deadline extends Task{","lastModifiedDate":"2022-01-15"},{"lineNumber":2,"author":{"gitId":"LowJiaHao99"},"content":"    private String deadline;","lastModifiedDate":"2022-01-15"},{"lineNumber":3,"author":{"gitId":"LowJiaHao99"},"content":"","lastModifiedDate":"2022-01-15"},{"lineNumber":4,"author":{"gitId":"LowJiaHao99"},"content":"    public Deadline(String description, String deadline) {","lastModifiedDate":"2022-01-15"},{"lineNumber":5,"author":{"gitId":"LowJiaHao99"},"content":"        super(description);","lastModifiedDate":"2022-01-15"},{"lineNumber":6,"author":{"gitId":"LowJiaHao99"},"content":"        this.deadline \u003d deadline;","lastModifiedDate":"2022-01-15"},{"lineNumber":7,"author":{"gitId":"LowJiaHao99"},"content":"    }","lastModifiedDate":"2022-01-15"},{"lineNumber":8,"author":{"gitId":"LowJiaHao99"},"content":"","lastModifiedDate":"2022-01-15"},{"lineNumber":9,"author":{"gitId":"LowJiaHao99"},"content":"    @Override","lastModifiedDate":"2022-01-15"},{"lineNumber":10,"author":{"gitId":"LowJiaHao99"},"content":"    public String identify(){","lastModifiedDate":"2022-01-15"},{"lineNumber":11,"author":{"gitId":"LowJiaHao99"},"content":"        String output \u003d deadline.replaceFirst(\" \", \": \");","lastModifiedDate":"2022-01-15"},{"lineNumber":12,"author":{"gitId":"LowJiaHao99"},"content":"        if (super.getIsDone()) {","lastModifiedDate":"2022-01-15"},{"lineNumber":13,"author":{"gitId":"LowJiaHao99"},"content":"            return String.format(\"[D][X] %s (%s)\", super.getDescription(), output);","lastModifiedDate":"2022-01-15"},{"lineNumber":14,"author":{"gitId":"LowJiaHao99"},"content":"        } else {","lastModifiedDate":"2022-01-15"},{"lineNumber":15,"author":{"gitId":"LowJiaHao99"},"content":"            return String.format(\"[D][ ] %s (%s)\", super.getDescription(), output);","lastModifiedDate":"2022-01-15"},{"lineNumber":16,"author":{"gitId":"LowJiaHao99"},"content":"        }","lastModifiedDate":"2022-01-15"},{"lineNumber":17,"author":{"gitId":"LowJiaHao99"},"content":"    }","lastModifiedDate":"2022-01-15"},{"lineNumber":18,"author":{"gitId":"LowJiaHao99"},"content":"}","lastModifiedDate":"2022-01-15"}],"authorContributionMap":{"LowJiaHao99":18}},{"path":"src/main/java/Duke.java","fileType":"java","lines":[{"lineNumber":1,"author":{"gitId":"LowJiaHao99"},"content":"import java.util.Scanner;","lastModifiedDate":"2022-01-14"},{"lineNumber":2,"author":{"gitId":"LowJiaHao99"},"content":"import java.util.ArrayList;","lastModifiedDate":"2022-01-16"},{"lineNumber":3,"author":{"gitId":"LowJiaHao99"},"content":"","lastModifiedDate":"2022-01-14"},{"lineNumber":4,"author":{"gitId":"-"},"content":"public class Duke {","lastModifiedDate":"2019-07-29"},{"lineNumber":5,"author":{"gitId":"-"},"content":"    public static void main(String[] args) {","lastModifiedDate":"2019-07-29"},{"lineNumber":6,"author":{"gitId":"LowJiaHao99"},"content":"        System.out.println(Commands.HI.toString());","lastModifiedDate":"2022-01-16"},{"lineNumber":7,"author":{"gitId":"LowJiaHao99"},"content":"        ArrayList\u003cTask\u003e tasks \u003d new ArrayList\u003cTask\u003e();","lastModifiedDate":"2022-01-16"},{"lineNumber":8,"author":{"gitId":"LowJiaHao99"},"content":"        //Task[] tasks \u003d new Task[100];","lastModifiedDate":"2022-01-16"},{"lineNumber":9,"author":{"gitId":"LowJiaHao99"},"content":"        Scanner sc \u003d new Scanner(System.in);","lastModifiedDate":"2022-01-14"},{"lineNumber":10,"author":{"gitId":"LowJiaHao99"},"content":"        boolean isExit \u003d false;","lastModifiedDate":"2022-01-15"},{"lineNumber":11,"author":{"gitId":"LowJiaHao99"},"content":"        while (!isExit) {","lastModifiedDate":"2022-01-15"},{"lineNumber":12,"author":{"gitId":"LowJiaHao99"},"content":"            String comm \u003d sc.nextLine();","lastModifiedDate":"2022-01-15"},{"lineNumber":13,"author":{"gitId":"LowJiaHao99"},"content":"            String[] processedCommand \u003d comm.split(\" \", 2);","lastModifiedDate":"2022-01-15"},{"lineNumber":14,"author":{"gitId":"LowJiaHao99"},"content":"            Integer taskIndex \u003d null;","lastModifiedDate":"2022-01-16"},{"lineNumber":15,"author":{"gitId":"LowJiaHao99"},"content":"            switch (processedCommand[0]) {","lastModifiedDate":"2022-01-15"},{"lineNumber":16,"author":{"gitId":"LowJiaHao99"},"content":"                case \"hi\":","lastModifiedDate":"2022-01-16"},{"lineNumber":17,"author":{"gitId":"LowJiaHao99"},"content":"                    System.out.println(Commands.HI.toString());","lastModifiedDate":"2022-01-16"},{"lineNumber":18,"author":{"gitId":"LowJiaHao99"},"content":"                    break;","lastModifiedDate":"2022-01-16"},{"lineNumber":19,"author":{"gitId":"LowJiaHao99"},"content":"                case \"bye\":","lastModifiedDate":"2022-01-15"},{"lineNumber":20,"author":{"gitId":"LowJiaHao99"},"content":"                    System.out.println(Commands.BYE.toString());","lastModifiedDate":"2022-01-16"},{"lineNumber":21,"author":{"gitId":"LowJiaHao99"},"content":"                    isExit \u003d true;","lastModifiedDate":"2022-01-15"},{"lineNumber":22,"author":{"gitId":"LowJiaHao99"},"content":"                    break;","lastModifiedDate":"2022-01-14"},{"lineNumber":23,"author":{"gitId":"LowJiaHao99"},"content":"                case \"list\":","lastModifiedDate":"2022-01-15"},{"lineNumber":24,"author":{"gitId":"LowJiaHao99"},"content":"                    System.out.println(Commands.LIST.toString());","lastModifiedDate":"2022-01-16"},{"lineNumber":25,"author":{"gitId":"LowJiaHao99"},"content":"                    for (int i \u003d 0; i \u003c tasks.size(); i++) {","lastModifiedDate":"2022-01-16"},{"lineNumber":26,"author":{"gitId":"LowJiaHao99"},"content":"                        int indexToPrint \u003d i + 1;","lastModifiedDate":"2022-01-15"},{"lineNumber":27,"author":{"gitId":"LowJiaHao99"},"content":"                        System.out.println(String.format(","lastModifiedDate":"2022-01-16"},{"lineNumber":28,"author":{"gitId":"LowJiaHao99"},"content":"                                \"    %d.%s\", indexToPrint, tasks.get(i).identify()));","lastModifiedDate":"2022-01-16"},{"lineNumber":29,"author":{"gitId":"LowJiaHao99"},"content":"                    }","lastModifiedDate":"2022-01-15"},{"lineNumber":30,"author":{"gitId":"LowJiaHao99"},"content":"                    break;","lastModifiedDate":"2022-01-15"},{"lineNumber":31,"author":{"gitId":"LowJiaHao99"},"content":"                case \"mark\":","lastModifiedDate":"2022-01-15"},{"lineNumber":32,"author":{"gitId":"LowJiaHao99"},"content":"                    //Exception catching","lastModifiedDate":"2022-01-16"},{"lineNumber":33,"author":{"gitId":"LowJiaHao99"},"content":"                    if (processedCommand.length \u003c\u003d 1) {","lastModifiedDate":"2022-01-16"},{"lineNumber":34,"author":{"gitId":"LowJiaHao99"},"content":"                        new DukeException();","lastModifiedDate":"2022-01-16"},{"lineNumber":35,"author":{"gitId":"LowJiaHao99"},"content":"                        break;","lastModifiedDate":"2022-01-16"},{"lineNumber":36,"author":{"gitId":"LowJiaHao99"},"content":"                    }","lastModifiedDate":"2022-01-16"},{"lineNumber":37,"author":{"gitId":"LowJiaHao99"},"content":"                    try {","lastModifiedDate":"2022-01-16"},{"lineNumber":38,"author":{"gitId":"LowJiaHao99"},"content":"                        taskIndex \u003d Integer.parseInt(processedCommand[1]) - 1;","lastModifiedDate":"2022-01-16"},{"lineNumber":39,"author":{"gitId":"LowJiaHao99"},"content":"                    } catch (NumberFormatException e) {","lastModifiedDate":"2022-01-16"},{"lineNumber":40,"author":{"gitId":"LowJiaHao99"},"content":"                        new DukeException();","lastModifiedDate":"2022-01-16"},{"lineNumber":41,"author":{"gitId":"LowJiaHao99"},"content":"                        break;","lastModifiedDate":"2022-01-16"},{"lineNumber":42,"author":{"gitId":"LowJiaHao99"},"content":"                    }","lastModifiedDate":"2022-01-16"},{"lineNumber":43,"author":{"gitId":"LowJiaHao99"},"content":"","lastModifiedDate":"2022-01-16"},{"lineNumber":44,"author":{"gitId":"LowJiaHao99"},"content":"                    //Mark task","lastModifiedDate":"2022-01-16"},{"lineNumber":45,"author":{"gitId":"LowJiaHao99"},"content":"                    tasks.get(taskIndex).setIsDone(true);","lastModifiedDate":"2022-01-16"},{"lineNumber":46,"author":{"gitId":"LowJiaHao99"},"content":"                    System.out.println(String.format(","lastModifiedDate":"2022-01-16"},{"lineNumber":47,"author":{"gitId":"LowJiaHao99"},"content":"                            \"%s    %s\", Commands.MARK.toString(), tasks.get(taskIndex).identify()));","lastModifiedDate":"2022-01-16"},{"lineNumber":48,"author":{"gitId":"LowJiaHao99"},"content":"                    break;","lastModifiedDate":"2022-01-15"},{"lineNumber":49,"author":{"gitId":"LowJiaHao99"},"content":"                case \"unmark\":","lastModifiedDate":"2022-01-15"},{"lineNumber":50,"author":{"gitId":"LowJiaHao99"},"content":"                    //Exception catching","lastModifiedDate":"2022-01-16"},{"lineNumber":51,"author":{"gitId":"LowJiaHao99"},"content":"                    if (processedCommand.length \u003c\u003d 1) {","lastModifiedDate":"2022-01-16"},{"lineNumber":52,"author":{"gitId":"LowJiaHao99"},"content":"                        new DukeException();","lastModifiedDate":"2022-01-16"},{"lineNumber":53,"author":{"gitId":"LowJiaHao99"},"content":"                        break;","lastModifiedDate":"2022-01-16"},{"lineNumber":54,"author":{"gitId":"LowJiaHao99"},"content":"                    }","lastModifiedDate":"2022-01-16"},{"lineNumber":55,"author":{"gitId":"LowJiaHao99"},"content":"                    try {","lastModifiedDate":"2022-01-16"},{"lineNumber":56,"author":{"gitId":"LowJiaHao99"},"content":"                        taskIndex \u003d Integer.parseInt(processedCommand[1]) - 1;","lastModifiedDate":"2022-01-15"},{"lineNumber":57,"author":{"gitId":"LowJiaHao99"},"content":"                    } catch (NumberFormatException e) {","lastModifiedDate":"2022-01-16"},{"lineNumber":58,"author":{"gitId":"LowJiaHao99"},"content":"                        new DukeException();","lastModifiedDate":"2022-01-16"},{"lineNumber":59,"author":{"gitId":"LowJiaHao99"},"content":"                        break;","lastModifiedDate":"2022-01-16"},{"lineNumber":60,"author":{"gitId":"LowJiaHao99"},"content":"                    }","lastModifiedDate":"2022-01-16"},{"lineNumber":61,"author":{"gitId":"LowJiaHao99"},"content":"","lastModifiedDate":"2022-01-16"},{"lineNumber":62,"author":{"gitId":"LowJiaHao99"},"content":"                    //Unmark task","lastModifiedDate":"2022-01-16"},{"lineNumber":63,"author":{"gitId":"LowJiaHao99"},"content":"                    tasks.get(taskIndex).setIsDone(false);","lastModifiedDate":"2022-01-16"},{"lineNumber":64,"author":{"gitId":"LowJiaHao99"},"content":"                    System.out.println(String.format(","lastModifiedDate":"2022-01-16"},{"lineNumber":65,"author":{"gitId":"LowJiaHao99"},"content":"                            \"%s      %s\",","lastModifiedDate":"2022-01-16"},{"lineNumber":66,"author":{"gitId":"LowJiaHao99"},"content":"                            Commands.UNMARK.toString(), tasks.get(taskIndex).identify()));","lastModifiedDate":"2022-01-16"},{"lineNumber":67,"author":{"gitId":"LowJiaHao99"},"content":"                    break;","lastModifiedDate":"2022-01-15"},{"lineNumber":68,"author":{"gitId":"LowJiaHao99"},"content":"                case \"deadline\":","lastModifiedDate":"2022-01-15"},{"lineNumber":69,"author":{"gitId":"LowJiaHao99"},"content":"                    //Exception catching","lastModifiedDate":"2022-01-16"},{"lineNumber":70,"author":{"gitId":"LowJiaHao99"},"content":"                    if (processedCommand.length \u003c\u003d 1) {","lastModifiedDate":"2022-01-16"},{"lineNumber":71,"author":{"gitId":"LowJiaHao99"},"content":"                        new DukeException();","lastModifiedDate":"2022-01-16"},{"lineNumber":72,"author":{"gitId":"LowJiaHao99"},"content":"                        break;","lastModifiedDate":"2022-01-16"},{"lineNumber":73,"author":{"gitId":"LowJiaHao99"},"content":"                    } else if (!processedCommand[1].contains(\"/\") || processedCommand[1].startsWith((\"/\"))) {","lastModifiedDate":"2022-01-16"},{"lineNumber":74,"author":{"gitId":"LowJiaHao99"},"content":"                        new DukeException();","lastModifiedDate":"2022-01-16"},{"lineNumber":75,"author":{"gitId":"LowJiaHao99"},"content":"                        break;","lastModifiedDate":"2022-01-16"},{"lineNumber":76,"author":{"gitId":"LowJiaHao99"},"content":"                    }","lastModifiedDate":"2022-01-16"},{"lineNumber":77,"author":{"gitId":"LowJiaHao99"},"content":"","lastModifiedDate":"2022-01-16"},{"lineNumber":78,"author":{"gitId":"LowJiaHao99"},"content":"","lastModifiedDate":"2022-01-16"},{"lineNumber":79,"author":{"gitId":"LowJiaHao99"},"content":"                    //Processing input","lastModifiedDate":"2022-01-16"},{"lineNumber":80,"author":{"gitId":"LowJiaHao99"},"content":"                    String[] inputForDeadlineConstructor \u003d processedCommand[1].split(\"/\", 2);","lastModifiedDate":"2022-01-15"},{"lineNumber":81,"author":{"gitId":"LowJiaHao99"},"content":"                    inputForDeadlineConstructor[0] \u003d inputForDeadlineConstructor[0].subSequence(0,","lastModifiedDate":"2022-01-15"},{"lineNumber":82,"author":{"gitId":"LowJiaHao99"},"content":"                            inputForDeadlineConstructor[0].length() - 1).toString();","lastModifiedDate":"2022-01-15"},{"lineNumber":83,"author":{"gitId":"LowJiaHao99"},"content":"","lastModifiedDate":"2022-01-16"},{"lineNumber":84,"author":{"gitId":"LowJiaHao99"},"content":"                    //Create deadline","lastModifiedDate":"2022-01-16"},{"lineNumber":85,"author":{"gitId":"LowJiaHao99"},"content":"                    Deadline deadline \u003d new Deadline(inputForDeadlineConstructor[0], inputForDeadlineConstructor[1]);","lastModifiedDate":"2022-01-15"},{"lineNumber":86,"author":{"gitId":"LowJiaHao99"},"content":"                    System.out.println(String.format(","lastModifiedDate":"2022-01-16"},{"lineNumber":87,"author":{"gitId":"LowJiaHao99"},"content":"                            \"%s      %s\", Commands.ADD.toString(), deadline.identify()));","lastModifiedDate":"2022-01-16"},{"lineNumber":88,"author":{"gitId":"LowJiaHao99"},"content":"                    tasks.add(deadline);","lastModifiedDate":"2022-01-16"},{"lineNumber":89,"author":{"gitId":"LowJiaHao99"},"content":"                    System.out.println(String.format(\"    Now you have %d tasks in the list.\", tasks.size()));","lastModifiedDate":"2022-01-16"},{"lineNumber":90,"author":{"gitId":"LowJiaHao99"},"content":"                    break;","lastModifiedDate":"2022-01-15"},{"lineNumber":91,"author":{"gitId":"LowJiaHao99"},"content":"                case \"todo\":","lastModifiedDate":"2022-01-15"},{"lineNumber":92,"author":{"gitId":"LowJiaHao99"},"content":"                    //Exception catching","lastModifiedDate":"2022-01-16"},{"lineNumber":93,"author":{"gitId":"LowJiaHao99"},"content":"                    if (processedCommand.length \u003c\u003d 1) {","lastModifiedDate":"2022-01-16"},{"lineNumber":94,"author":{"gitId":"LowJiaHao99"},"content":"                        new DukeException();","lastModifiedDate":"2022-01-16"},{"lineNumber":95,"author":{"gitId":"LowJiaHao99"},"content":"                        break;","lastModifiedDate":"2022-01-16"},{"lineNumber":96,"author":{"gitId":"LowJiaHao99"},"content":"                    }","lastModifiedDate":"2022-01-16"},{"lineNumber":97,"author":{"gitId":"LowJiaHao99"},"content":"","lastModifiedDate":"2022-01-16"},{"lineNumber":98,"author":{"gitId":"LowJiaHao99"},"content":"                    //Create Todo","lastModifiedDate":"2022-01-16"},{"lineNumber":99,"author":{"gitId":"LowJiaHao99"},"content":"                    ToDo todo \u003d new ToDo(processedCommand[1]);","lastModifiedDate":"2022-01-15"},{"lineNumber":100,"author":{"gitId":"LowJiaHao99"},"content":"                    System.out.println(String.format(","lastModifiedDate":"2022-01-16"},{"lineNumber":101,"author":{"gitId":"LowJiaHao99"},"content":"                            \"%s      %s\", Commands.ADD.toString(), todo.identify()));","lastModifiedDate":"2022-01-16"},{"lineNumber":102,"author":{"gitId":"LowJiaHao99"},"content":"                    tasks.add(todo);","lastModifiedDate":"2022-01-16"},{"lineNumber":103,"author":{"gitId":"LowJiaHao99"},"content":"                    System.out.println(String.format(\"    Now you have %d tasks in the list.\", tasks.size()));","lastModifiedDate":"2022-01-16"},{"lineNumber":104,"author":{"gitId":"LowJiaHao99"},"content":"                    break;","lastModifiedDate":"2022-01-15"},{"lineNumber":105,"author":{"gitId":"LowJiaHao99"},"content":"                case \"event\":","lastModifiedDate":"2022-01-15"},{"lineNumber":106,"author":{"gitId":"LowJiaHao99"},"content":"                    //Exception catching","lastModifiedDate":"2022-01-16"},{"lineNumber":107,"author":{"gitId":"LowJiaHao99"},"content":"                    if (processedCommand.length \u003c\u003d 1) {","lastModifiedDate":"2022-01-16"},{"lineNumber":108,"author":{"gitId":"LowJiaHao99"},"content":"                        new DukeException();","lastModifiedDate":"2022-01-16"},{"lineNumber":109,"author":{"gitId":"LowJiaHao99"},"content":"                        break;","lastModifiedDate":"2022-01-16"},{"lineNumber":110,"author":{"gitId":"LowJiaHao99"},"content":"                    } else if (!processedCommand[1].contains(\"/\") || processedCommand[1].startsWith((\"/\"))) {","lastModifiedDate":"2022-01-16"},{"lineNumber":111,"author":{"gitId":"LowJiaHao99"},"content":"                        new DukeException();","lastModifiedDate":"2022-01-16"},{"lineNumber":112,"author":{"gitId":"LowJiaHao99"},"content":"                        break;","lastModifiedDate":"2022-01-16"},{"lineNumber":113,"author":{"gitId":"LowJiaHao99"},"content":"                    }","lastModifiedDate":"2022-01-16"},{"lineNumber":114,"author":{"gitId":"LowJiaHao99"},"content":"","lastModifiedDate":"2022-01-16"},{"lineNumber":115,"author":{"gitId":"LowJiaHao99"},"content":"                    //Input processing","lastModifiedDate":"2022-01-16"},{"lineNumber":116,"author":{"gitId":"LowJiaHao99"},"content":"                    String[] inputForEventConstructor \u003d processedCommand[1].split(\"/\", 2);","lastModifiedDate":"2022-01-15"},{"lineNumber":117,"author":{"gitId":"LowJiaHao99"},"content":"                    inputForEventConstructor[0] \u003d inputForEventConstructor[0].subSequence(0,","lastModifiedDate":"2022-01-15"},{"lineNumber":118,"author":{"gitId":"LowJiaHao99"},"content":"                            inputForEventConstructor[0].length() - 1).toString();","lastModifiedDate":"2022-01-15"},{"lineNumber":119,"author":{"gitId":"LowJiaHao99"},"content":"","lastModifiedDate":"2022-01-16"},{"lineNumber":120,"author":{"gitId":"LowJiaHao99"},"content":"                    //Create event","lastModifiedDate":"2022-01-16"},{"lineNumber":121,"author":{"gitId":"LowJiaHao99"},"content":"                    Event event \u003d new Event(inputForEventConstructor[0], inputForEventConstructor[1]);","lastModifiedDate":"2022-01-15"},{"lineNumber":122,"author":{"gitId":"LowJiaHao99"},"content":"                    System.out.println(String.format(","lastModifiedDate":"2022-01-16"},{"lineNumber":123,"author":{"gitId":"LowJiaHao99"},"content":"                            \"%s      %s\", Commands.ADD.toString(), event.identify()));","lastModifiedDate":"2022-01-16"},{"lineNumber":124,"author":{"gitId":"LowJiaHao99"},"content":"                    tasks.add(event);","lastModifiedDate":"2022-01-16"},{"lineNumber":125,"author":{"gitId":"LowJiaHao99"},"content":"                    System.out.println(String.format(\"    Now you have %d tasks in the list.\", tasks.size()));","lastModifiedDate":"2022-01-16"},{"lineNumber":126,"author":{"gitId":"LowJiaHao99"},"content":"                    break;","lastModifiedDate":"2022-01-15"},{"lineNumber":127,"author":{"gitId":"LowJiaHao99"},"content":"                case \"delete\":","lastModifiedDate":"2022-01-16"},{"lineNumber":128,"author":{"gitId":"LowJiaHao99"},"content":"                    //Exception catching","lastModifiedDate":"2022-01-16"},{"lineNumber":129,"author":{"gitId":"LowJiaHao99"},"content":"                    if (processedCommand.length \u003c\u003d 1) {","lastModifiedDate":"2022-01-16"},{"lineNumber":130,"author":{"gitId":"LowJiaHao99"},"content":"                        new DukeException();","lastModifiedDate":"2022-01-16"},{"lineNumber":131,"author":{"gitId":"LowJiaHao99"},"content":"                        break;","lastModifiedDate":"2022-01-16"},{"lineNumber":132,"author":{"gitId":"LowJiaHao99"},"content":"                    }","lastModifiedDate":"2022-01-16"},{"lineNumber":133,"author":{"gitId":"LowJiaHao99"},"content":"                    try {","lastModifiedDate":"2022-01-16"},{"lineNumber":134,"author":{"gitId":"LowJiaHao99"},"content":"                        taskIndex \u003d Integer.parseInt(processedCommand[1]) - 1;","lastModifiedDate":"2022-01-16"},{"lineNumber":135,"author":{"gitId":"LowJiaHao99"},"content":"                    } catch (NumberFormatException e) {","lastModifiedDate":"2022-01-16"},{"lineNumber":136,"author":{"gitId":"LowJiaHao99"},"content":"                        new DukeException();","lastModifiedDate":"2022-01-16"},{"lineNumber":137,"author":{"gitId":"LowJiaHao99"},"content":"                        break;","lastModifiedDate":"2022-01-16"},{"lineNumber":138,"author":{"gitId":"LowJiaHao99"},"content":"                    }","lastModifiedDate":"2022-01-16"},{"lineNumber":139,"author":{"gitId":"LowJiaHao99"},"content":"","lastModifiedDate":"2022-01-16"},{"lineNumber":140,"author":{"gitId":"LowJiaHao99"},"content":"                    Task deletedTask \u003d tasks.remove((int)taskIndex);","lastModifiedDate":"2022-01-16"},{"lineNumber":141,"author":{"gitId":"LowJiaHao99"},"content":"                    System.out.println(String.format(","lastModifiedDate":"2022-01-16"},{"lineNumber":142,"author":{"gitId":"LowJiaHao99"},"content":"                            \"%s      %s\\n    Now you have %d tasks in the list\",","lastModifiedDate":"2022-01-16"},{"lineNumber":143,"author":{"gitId":"LowJiaHao99"},"content":"                            Commands.DELETE.toString(), deletedTask.identify(), tasks.size()));","lastModifiedDate":"2022-01-16"},{"lineNumber":144,"author":{"gitId":"LowJiaHao99"},"content":"                    break;","lastModifiedDate":"2022-01-16"},{"lineNumber":145,"author":{"gitId":"LowJiaHao99"},"content":"                default:","lastModifiedDate":"2022-01-15"},{"lineNumber":146,"author":{"gitId":"LowJiaHao99"},"content":"                    new DukeException();","lastModifiedDate":"2022-01-16"},{"lineNumber":147,"author":{"gitId":"LowJiaHao99"},"content":"            }","lastModifiedDate":"2022-01-14"},{"lineNumber":148,"author":{"gitId":"LowJiaHao99"},"content":"        }","lastModifiedDate":"2022-01-14"},{"lineNumber":149,"author":{"gitId":"LowJiaHao99"},"content":"        sc.close();","lastModifiedDate":"2022-01-16"},{"lineNumber":150,"author":{"gitId":"-"},"content":"    }","lastModifiedDate":"2019-07-29"},{"lineNumber":151,"author":{"gitId":"-"},"content":"}","lastModifiedDate":"2019-07-29"}],"authorContributionMap":{"LowJiaHao99":147,"-":4}},{"path":"src/main/java/DukeException.java","fileType":"java","lines":[{"lineNumber":1,"author":{"gitId":"LowJiaHao99"},"content":"public class DukeException {","lastModifiedDate":"2022-01-16"},{"lineNumber":2,"author":{"gitId":"LowJiaHao99"},"content":"","lastModifiedDate":"2022-01-16"},{"lineNumber":3,"author":{"gitId":"LowJiaHao99"},"content":"    public DukeException() {","lastModifiedDate":"2022-01-16"},{"lineNumber":4,"author":{"gitId":"LowJiaHao99"},"content":"        System.out.println(\"    Invalid input detected. Please check your input\");","lastModifiedDate":"2022-01-16"},{"lineNumber":5,"author":{"gitId":"LowJiaHao99"},"content":"    }","lastModifiedDate":"2022-01-16"},{"lineNumber":6,"author":{"gitId":"LowJiaHao99"},"content":"}","lastModifiedDate":"2022-01-16"}],"authorContributionMap":{"LowJiaHao99":6}},{"path":"src/main/java/Event.java","fileType":"java","lines":[{"lineNumber":1,"author":{"gitId":"LowJiaHao99"},"content":"public class Event extends Task{","lastModifiedDate":"2022-01-15"},{"lineNumber":2,"author":{"gitId":"LowJiaHao99"},"content":"    private String deadline;","lastModifiedDate":"2022-01-15"},{"lineNumber":3,"author":{"gitId":"LowJiaHao99"},"content":"","lastModifiedDate":"2022-01-15"},{"lineNumber":4,"author":{"gitId":"LowJiaHao99"},"content":"    public Event(String description, String deadline) {","lastModifiedDate":"2022-01-15"},{"lineNumber":5,"author":{"gitId":"LowJiaHao99"},"content":"        super(description);","lastModifiedDate":"2022-01-15"},{"lineNumber":6,"author":{"gitId":"LowJiaHao99"},"content":"        this.deadline \u003d deadline;","lastModifiedDate":"2022-01-15"},{"lineNumber":7,"author":{"gitId":"LowJiaHao99"},"content":"    }","lastModifiedDate":"2022-01-15"},{"lineNumber":8,"author":{"gitId":"LowJiaHao99"},"content":"","lastModifiedDate":"2022-01-15"},{"lineNumber":9,"author":{"gitId":"LowJiaHao99"},"content":"    @Override","lastModifiedDate":"2022-01-15"},{"lineNumber":10,"author":{"gitId":"LowJiaHao99"},"content":"    public String identify(){","lastModifiedDate":"2022-01-15"},{"lineNumber":11,"author":{"gitId":"LowJiaHao99"},"content":"        String output \u003d deadline.replaceFirst(\" \", \": \");","lastModifiedDate":"2022-01-15"},{"lineNumber":12,"author":{"gitId":"LowJiaHao99"},"content":"        if (super.getIsDone()) {","lastModifiedDate":"2022-01-15"},{"lineNumber":13,"author":{"gitId":"LowJiaHao99"},"content":"            return String.format(\"[E][X] %s (%s)\", super.getDescription(), output);","lastModifiedDate":"2022-01-15"},{"lineNumber":14,"author":{"gitId":"LowJiaHao99"},"content":"        } else {","lastModifiedDate":"2022-01-15"},{"lineNumber":15,"author":{"gitId":"LowJiaHao99"},"content":"            return String.format(\"[E][ ] %s (%s)\", super.getDescription(), output);","lastModifiedDate":"2022-01-15"},{"lineNumber":16,"author":{"gitId":"LowJiaHao99"},"content":"        }","lastModifiedDate":"2022-01-15"},{"lineNumber":17,"author":{"gitId":"LowJiaHao99"},"content":"    }","lastModifiedDate":"2022-01-15"},{"lineNumber":18,"author":{"gitId":"LowJiaHao99"},"content":"}","lastModifiedDate":"2022-01-15"}],"authorContributionMap":{"LowJiaHao99":18}},{"path":"src/main/java/Task.java","fileType":"java","lines":[{"lineNumber":1,"author":{"gitId":"LowJiaHao99"},"content":"public class Task {","lastModifiedDate":"2022-01-15"},{"lineNumber":2,"author":{"gitId":"LowJiaHao99"},"content":"    private String description;","lastModifiedDate":"2022-01-15"},{"lineNumber":3,"author":{"gitId":"LowJiaHao99"},"content":"    private boolean isDone;","lastModifiedDate":"2022-01-15"},{"lineNumber":4,"author":{"gitId":"LowJiaHao99"},"content":"","lastModifiedDate":"2022-01-15"},{"lineNumber":5,"author":{"gitId":"LowJiaHao99"},"content":"    public Task(String description){","lastModifiedDate":"2022-01-15"},{"lineNumber":6,"author":{"gitId":"LowJiaHao99"},"content":"        this.description \u003d description;","lastModifiedDate":"2022-01-15"},{"lineNumber":7,"author":{"gitId":"LowJiaHao99"},"content":"        isDone \u003d false;","lastModifiedDate":"2022-01-15"},{"lineNumber":8,"author":{"gitId":"LowJiaHao99"},"content":"    }","lastModifiedDate":"2022-01-15"},{"lineNumber":9,"author":{"gitId":"LowJiaHao99"},"content":"","lastModifiedDate":"2022-01-15"},{"lineNumber":10,"author":{"gitId":"LowJiaHao99"},"content":"    public void setIsDone(boolean bool) {","lastModifiedDate":"2022-01-15"},{"lineNumber":11,"author":{"gitId":"LowJiaHao99"},"content":"        isDone \u003d bool;","lastModifiedDate":"2022-01-15"},{"lineNumber":12,"author":{"gitId":"LowJiaHao99"},"content":"    }","lastModifiedDate":"2022-01-15"},{"lineNumber":13,"author":{"gitId":"LowJiaHao99"},"content":"","lastModifiedDate":"2022-01-15"},{"lineNumber":14,"author":{"gitId":"LowJiaHao99"},"content":"    public boolean getIsDone(){","lastModifiedDate":"2022-01-15"},{"lineNumber":15,"author":{"gitId":"LowJiaHao99"},"content":"        return isDone;","lastModifiedDate":"2022-01-15"},{"lineNumber":16,"author":{"gitId":"LowJiaHao99"},"content":"    }","lastModifiedDate":"2022-01-15"},{"lineNumber":17,"author":{"gitId":"LowJiaHao99"},"content":"","lastModifiedDate":"2022-01-15"},{"lineNumber":18,"author":{"gitId":"LowJiaHao99"},"content":"    public String getDescription(){","lastModifiedDate":"2022-01-15"},{"lineNumber":19,"author":{"gitId":"LowJiaHao99"},"content":"        return description;","lastModifiedDate":"2022-01-15"},{"lineNumber":20,"author":{"gitId":"LowJiaHao99"},"content":"    }","lastModifiedDate":"2022-01-15"},{"lineNumber":21,"author":{"gitId":"LowJiaHao99"},"content":"","lastModifiedDate":"2022-01-15"},{"lineNumber":22,"author":{"gitId":"LowJiaHao99"},"content":"    public String identify(){","lastModifiedDate":"2022-01-15"},{"lineNumber":23,"author":{"gitId":"LowJiaHao99"},"content":"        if (isDone) {","lastModifiedDate":"2022-01-15"},{"lineNumber":24,"author":{"gitId":"LowJiaHao99"},"content":"            return String.format(\"[X] %s\", description);","lastModifiedDate":"2022-01-15"},{"lineNumber":25,"author":{"gitId":"LowJiaHao99"},"content":"        } else {","lastModifiedDate":"2022-01-15"},{"lineNumber":26,"author":{"gitId":"LowJiaHao99"},"content":"            return String.format(\"[ ] %s\", description);","lastModifiedDate":"2022-01-15"},{"lineNumber":27,"author":{"gitId":"LowJiaHao99"},"content":"        }","lastModifiedDate":"2022-01-15"},{"lineNumber":28,"author":{"gitId":"LowJiaHao99"},"content":"    }","lastModifiedDate":"2022-01-15"},{"lineNumber":29,"author":{"gitId":"LowJiaHao99"},"content":"","lastModifiedDate":"2022-01-15"},{"lineNumber":30,"author":{"gitId":"LowJiaHao99"},"content":"}","lastModifiedDate":"2022-01-15"}],"authorContributionMap":{"LowJiaHao99":30}},{"path":"src/main/java/ToDo.java","fileType":"java","lines":[{"lineNumber":1,"author":{"gitId":"LowJiaHao99"},"content":"public class ToDo extends Task{","lastModifiedDate":"2022-01-15"},{"lineNumber":2,"author":{"gitId":"LowJiaHao99"},"content":"","lastModifiedDate":"2022-01-15"},{"lineNumber":3,"author":{"gitId":"LowJiaHao99"},"content":"    public ToDo(String description) {","lastModifiedDate":"2022-01-15"},{"lineNumber":4,"author":{"gitId":"LowJiaHao99"},"content":"        super(description);","lastModifiedDate":"2022-01-15"},{"lineNumber":5,"author":{"gitId":"LowJiaHao99"},"content":"    }","lastModifiedDate":"2022-01-15"},{"lineNumber":6,"author":{"gitId":"LowJiaHao99"},"content":"","lastModifiedDate":"2022-01-15"},{"lineNumber":7,"author":{"gitId":"LowJiaHao99"},"content":"    @Override","lastModifiedDate":"2022-01-15"},{"lineNumber":8,"author":{"gitId":"LowJiaHao99"},"content":"    public String identify(){","lastModifiedDate":"2022-01-15"},{"lineNumber":9,"author":{"gitId":"LowJiaHao99"},"content":"        if (super.getIsDone()) {","lastModifiedDate":"2022-01-15"},{"lineNumber":10,"author":{"gitId":"LowJiaHao99"},"content":"            return String.format(\"[T][X] %s\", super.getDescription());","lastModifiedDate":"2022-01-15"},{"lineNumber":11,"author":{"gitId":"LowJiaHao99"},"content":"        } else {","lastModifiedDate":"2022-01-15"},{"lineNumber":12,"author":{"gitId":"LowJiaHao99"},"content":"            return String.format(\"[T][ ] %s\", super.getDescription());","lastModifiedDate":"2022-01-15"},{"lineNumber":13,"author":{"gitId":"LowJiaHao99"},"content":"        }","lastModifiedDate":"2022-01-15"},{"lineNumber":14,"author":{"gitId":"LowJiaHao99"},"content":"    }","lastModifiedDate":"2022-01-15"},{"lineNumber":15,"author":{"gitId":"LowJiaHao99"},"content":"}","lastModifiedDate":"2022-01-15"}],"authorContributionMap":{"LowJiaHao99":15}},{"path":"text-ui-test/input.txt","fileType":"txt","lines":[{"lineNumber":1,"author":{"gitId":"LowJiaHao99"},"content":"deadline do homework /by Tmr","lastModifiedDate":"2022-01-16"},{"lineNumber":2,"author":{"gitId":"LowJiaHao99"},"content":"event project meeting /at Mon 2-4pm","lastModifiedDate":"2022-01-16"},{"lineNumber":3,"author":{"gitId":"LowJiaHao99"},"content":"todo borrow book","lastModifiedDate":"2022-01-16"},{"lineNumber":4,"author":{"gitId":"LowJiaHao99"},"content":"delete 2","lastModifiedDate":"2022-01-16"},{"lineNumber":5,"author":{"gitId":"LowJiaHao99"},"content":"list","lastModifiedDate":"2022-01-16"},{"lineNumber":6,"author":{"gitId":"LowJiaHao99"},"content":"bye","lastModifiedDate":"2022-01-16"}],"authorContributionMap":{"LowJiaHao99":6}}]
