{"authorDailyContributionsMap":{"thikhinab":[{"date":"2022-01-18","commitResults":[{"hash":"8750e07bf47a9a7f458639244e4bbf16ac1f63fc","messageTitle":"Implemented the skeletal version of Duke","messageBody":"","tags":["Level-1"],"fileTypesAndContributionMap":{"java":{"insertions":57,"deletions":6}}},{"hash":"6c3a22561b6a8bdb13645ac882fea2021a4cd29f","messageTitle":"Added the list feature","messageBody":"","tags":["Level-2"],"fileTypesAndContributionMap":{"java":{"insertions":47,"deletions":4}}}]},{"date":"2022-01-19","commitResults":[{"hash":"23ba434e100cb3eefd2e92898ad48d688f0acd6d","messageTitle":"Implemented facility to mark and unmark task as done.","messageBody":"","tags":["A-Classes"],"fileTypesAndContributionMap":{"java":{"insertions":107,"deletions":10}}},{"hash":"07b51077af01c13e1fc70e6138f0690fa46cc3a3","messageTitle":"Fixed bug in adding tasks.","messageBody":"","tags":["Level-3"],"fileTypesAndContributionMap":{"java":{"insertions":13,"deletions":10}}},{"hash":"d49110438e2754a045dbb42d67bc68ae2e7415d1","messageTitle":"Updated input test cases and expected outputs.","messageBody":"","fileTypesAndContributionMap":{"txt":{"insertions":9,"deletions":0}}},{"hash":"7cf53b9c9294451bc1e85ab429dbc68685a629f2","messageTitle":"Created ToDo, Deadline and Event Classes","messageBody":"","tags":["A-Inheritance"],"fileTypesAndContributionMap":{"java":{"insertions":101,"deletions":0}}},{"hash":"ea8130220f282a501d34afce7e15651ad8c28a99","messageTitle":"Created functionality for ToDos, Deadline and Event tasks.","messageBody":"","tags":["Level-4"],"fileTypesAndContributionMap":{"java":{"insertions":95,"deletions":21}}},{"hash":"8bf6717236cdeff4037080e4232caf9652e6aaca","messageTitle":"Updated the test cases and expected outputs.","messageBody":"","tags":["A-TextUiTesting"],"fileTypesAndContributionMap":{"txt":{"insertions":5,"deletions":4}}},{"hash":"630aecd81efc19512500786fc631ff1ec9789d41","messageTitle":"Created Exceptions classes.","messageBody":"","tags":["A-Exceptions"],"fileTypesAndContributionMap":{"java":{"insertions":43,"deletions":0}}},{"hash":"aaa06aa85482654db3b4ce816a53659eddaaf600","messageTitle":"Handled Exceptions.","messageBody":"","tags":["Level-5"],"fileTypesAndContributionMap":{"java":{"insertions":63,"deletions":16}}},{"hash":"03f7e9ae5b3ba569227a74d1aeaf79c553708a5e","messageTitle":"Use of Java Collections classes","messageBody":"","tags":["A-Collections"],"fileTypesAndContributionMap":{"java":{"insertions":2,"deletions":0}}},{"hash":"3388b07fe2a1d3e37adc06826b18655328e827a3","messageTitle":"Implemented the delete functionality.","messageBody":"","tags":["Level-6"],"fileTypesAndContributionMap":{"java":{"insertions":35,"deletions":12}}},{"hash":"d99c9b41658cd69e130baf57dc8bfb4476fd2311","messageTitle":"Introduced Enumerations for tasks.","messageBody":"","tags":["A-Enums"],"fileTypesAndContributionMap":{"java":{"insertions":28,"deletions":6}}},{"hash":"667275d213d58bc00b6a7bf8ed97bcfebdbb4515","messageTitle":"Debuged an deadline/event issue and updated formatting.","messageBody":"","fileTypesAndContributionMap":{"java":{"insertions":60,"deletions":56}}},{"hash":"e63ededcbdd41417b7da5db4de5e6f38b1053c3a","messageTitle":"Updated test cases and expected output.","messageBody":"","fileTypesAndContributionMap":{"txt":{"insertions":6,"deletions":0}}}]},{"date":"2022-01-23","commitResults":[{"hash":"d6a62654bc8534c95f2c2e6556c6aefa4b1d6c62","messageTitle":"Implement the Save functionality","messageBody":"","fileTypesAndContributionMap":{"java":{"insertions":233,"deletions":23}}},{"hash":"8ac551d8d5c6370361d67c15d369d9ccd88488ba","messageTitle":"Added Date and Time functionality","messageBody":"","fileTypesAndContributionMap":{"java":{"insertions":163,"deletions":35}}}]},{"date":"2022-01-26","commitResults":[{"hash":"0b48ac7d0f48c7906ca4087f4002c3d2efc76f14","messageTitle":"Make more OOP","messageBody":"","tags":["A-MoreOOP"],"fileTypesAndContributionMap":{"java":{"insertions":1030,"deletions":496}}},{"hash":"270ad8cf0c33d6648d03497d381c29537fc55074","messageTitle":"Update test input and expected output","messageBody":"","fileTypesAndContributionMap":{"txt":{"insertions":2,"deletions":2}}}]},{"date":"2022-01-27","commitResults":[{"hash":"abdda6ff85eb45d6fac28bd152eed27df6e01a9d","messageTitle":"Organize into packages","messageBody":"","tags":["A-Packages"],"fileTypesAndContributionMap":{"java":{"insertions":208,"deletions":69}}},{"hash":"9cf24e87a1ec804fc0960bacc7adb5a0aaa114b8","messageTitle":"Change print format of event and deadline dates","messageBody":"","fileTypesAndContributionMap":{"java":{"insertions":2,"deletions":4}}},{"hash":"2feacf197b2b63141620bd5bb1afa25b6ff391e1","messageTitle":"Add JUnit tests","messageBody":"","tags":["v0.1","A-Jar","A-JUnit"],"fileTypesAndContributionMap":{"java":{"insertions":151,"deletions":0}}}]},{"date":"2022-01-28","commitResults":[{"hash":"f2f987a0c6a5cc4eb2409e05a7969af68ff13bc2","messageTitle":"Update JavaDoc","messageBody":"","tags":["A-JavaDoc"],"fileTypesAndContributionMap":{"java":{"insertions":9,"deletions":6}}},{"hash":"f745dcb2fab9468945d71711cacd76c8935e1b4d","messageTitle":"Update code to follow coding standard","messageBody":"","tags":["A-CodingStandard"],"fileTypesAndContributionMap":{"java":{"insertions":48,"deletions":97}}},{"hash":"4d45fd3dda0309bcb958e0a7bc9abdc9edc689b5","messageTitle":"Implement find command","messageBody":"","fileTypesAndContributionMap":{"java":{"insertions":103,"deletions":21}}}]},{"date":"2022-02-01","commitResults":[{"hash":"83ed1355afbfcdcae0761e2d9d9919e3a9bbff97","messageTitle":"Correct styling","messageBody":"","fileTypesAndContributionMap":{"java":{"insertions":41,"deletions":41}}},{"hash":"431e71077ff4dc1af4e60f1dfcf512d4cf313f94","messageTitle":"Correct styling","messageBody":"","fileTypesAndContributionMap":{"java":{"insertions":70,"deletions":65}}}]},{"date":"2022-02-03","commitResults":[{"hash":"8e443b9eb9170fc30050bf5506d31f3e6a39beb1","messageTitle":"Implement GUI","messageBody":"","fileTypesAndContributionMap":{"gradle":{"insertions":15,"deletions":0},"fxml":{"insertions":35,"deletions":0},"java":{"insertions":414,"deletions":335},"bat":{"insertions":2,"deletions":2},"sh":{"insertions":1,"deletions":1},"md":{"insertions":2,"deletions":2}}}]},{"date":"2022-02-05","commitResults":[{"hash":"af4d8c29f47b12c5eb9b8d8a57c35852e73d3962","messageTitle":"Incorporated Varargs","messageBody":"","tags":["A-Varargs"],"fileTypesAndContributionMap":{"java":{"insertions":31,"deletions":1}}},{"hash":"8a452e7d69e9d5c1737e0f3c2cc5c8a2083b7832","messageTitle":"Improve styling","messageBody":"","tags":["v0.2"],"fileTypesAndContributionMap":{"java":{"insertions":20,"deletions":26},"md":{"insertions":15,"deletions":6}}},{"hash":"6ddb297b57a688d5023c392785ff56e61fe256e6","messageTitle":"Update build specifications","messageBody":"","fileTypesAndContributionMap":{"gradle":{"insertions":2,"deletions":2}}},{"hash":"8f113b342f0a53c94fd9f2fe8e852aeaca14a8aa","messageTitle":"Improve list command functionality","messageBody":"","fileTypesAndContributionMap":{"java":{"insertions":4,"deletions":0}}},{"hash":"633928722aa44243c94a127d2ce3012c354e8f6c","messageTitle":"Implement Streams","messageBody":"","fileTypesAndContributionMap":{"java":{"insertions":33,"deletions":26}}},{"hash":"c354ea1cf6fe09844950185aed85856c278eeb41","messageTitle":"Add assertions","messageBody":"Assertions are not enforced.\n\nAssertions could be used to find the correctness of any assumptions\nmade by the developer.\n\nInsert assertions to methods where assumptions have been made.\n\nHence, wrong assumptions can be caught.\n","fileTypesAndContributionMap":{"java":{"insertions":18,"deletions":7}}},{"hash":"b9c39aaa341f7fec4f74116690591d04993c473e","messageTitle":"Improve code quality","messageBody":"Quality of the code can be improved.\n\nImprovement of code quality will improve the readability of the code.\nIt will also help collaborators to understand the code easily.\n\nLet\u0027s\n* use constants for recurring literals.\n* use gaurd clauses.\n* use the KISS principle.\n","tags":["A-FullCommitMessage"],"fileTypesAndContributionMap":{"java":{"insertions":76,"deletions":29}}}]},{"date":"2022-02-08","commitResults":[{"hash":"d45acbca576d3311600891d4b2255eb7234c699b","messageTitle":"Improve styling","messageBody":"","tags":["A-CI"],"fileTypesAndContributionMap":{"java":{"insertions":2,"deletions":2}}}]},{"date":"2022-02-09","commitResults":[{"hash":"7df2d3e05b718c975e30258b8be87e2c70ee4df8","messageTitle":"Implement sort functionality","messageBody":"","fileTypesAndContributionMap":{"java":{"insertions":218,"deletions":16}}}]},{"date":"2022-02-14","commitResults":[{"hash":"eb501fc21b39fbbff95d2c72b4814d28b3ae64c4","messageTitle":"Improve readability","messageBody":"","fileTypesAndContributionMap":{"java":{"insertions":82,"deletions":73}}}]},{"date":"2022-02-16","commitResults":[{"hash":"0b2491146eb1e91596b64d7a544e05efd63b257b","messageTitle":"Improve GUI","messageBody":"","tags":["A-BetterGui"],"fileTypesAndContributionMap":{"fxml":{"insertions":2,"deletions":2},"java":{"insertions":35,"deletions":8}}},{"hash":"7630fb5edbffe0ba67a0e8bd2068ccfce79565a2","messageTitle":"Improve styling","messageBody":"","fileTypesAndContributionMap":{"java":{"insertions":0,"deletions":4}}}]},{"date":"2022-02-18","commitResults":[{"hash":"21b094657bdc2f3b0062e90d9c06729bc3e43cf1","messageTitle":"Add user guide","messageBody":"","tags":["A-UserGuide"],"fileTypesAndContributionMap":{"md":{"insertions":62,"deletions":15}}},{"hash":"c8a3cc9726349ef1c4196436cf6633f60675ae4f","messageTitle":"Fix GUI bug","messageBody":"","fileTypesAndContributionMap":{"fxml":{"insertions":2,"deletions":2}}},{"hash":"741562c178484639a1419375ec95d183a29f3621","messageTitle":"Add guard clauses","messageBody":"","fileTypesAndContributionMap":{"java":{"insertions":9,"deletions":1}}},{"hash":"b5e94a214742642b7f18b1d18255a05e8eb06cc6","messageTitle":"Fix file path bug","messageBody":"","fileTypesAndContributionMap":{"java":{"insertions":10,"deletions":2}}},{"hash":"a89400ca9650020c970e7cd86e743ff813e7b0fb","messageTitle":"Handle edge cases","messageBody":"","tags":["A-Release"],"fileTypesAndContributionMap":{"java":{"insertions":67,"deletions":10}}},{"hash":"d527e5257cbdce78effff9c7d182958d8eb80084","messageTitle":"Change formatting of user guide","messageBody":"","fileTypesAndContributionMap":{"md":{"insertions":10,"deletions":10}}}]},{"date":"2022-03-29","commitResults":[{"hash":"358b2d2f762aeea7304dd1a3371e8d4d6f686ceb","messageTitle":"Fix typos in user guide","messageBody":"","fileTypesAndContributionMap":{"md":{"insertions":5,"deletions":4}}},{"hash":"fe348d4a1ec9c8f73cdffa1260b3de4ccf5d7867","messageTitle":"Update examples in user guide","messageBody":"","fileTypesAndContributionMap":{"md":{"insertions":2,"deletions":2}}},{"hash":"4c841bf3e0719ffb2d78502521fc87bf180d40fd","messageTitle":"Update event and deadline examples in user guide","messageBody":"","fileTypesAndContributionMap":{"md":{"insertions":4,"deletions":4}}}]}]},"authorFileTypeContributionMap":{"thikhinab":{"java":2214,"md":76,"fxml":35,"sh":1,"bat":2,"gradle":17,"txt":16}},"authorContributionVariance":{"thikhinab":51050.43},"authorDisplayNameMap":{"thikhinab":"CS2103T-T09-1 A H ..NIYA"}}
