{"authorDailyContributionsMap":{"alexteo98":[{"date":"2022-01-15","commitResults":[{"hash":"5cc82de01e38be06b2bced05bb009b99dbe0d1ec","messageTitle":"Echo and Exit working. Level 1 completed.","messageBody":"","tags":["Level-1"],"fileTypesAndContributionMap":{"java":{"insertions":50,"deletions":0}}},{"hash":"f68bc3ae4bf216bf06fad6de884af9f4dcab5a3e","messageTitle":"Adding task done, list tasks done. Level 2 completed.","messageBody":"","tags":["Level-2"],"fileTypesAndContributionMap":{"java":{"insertions":20,"deletions":2}}}]},{"date":"2022-01-16","commitResults":[{"hash":"ec921d9d2cb4727571454e270d990e72f9066081","messageTitle":"Added javadocs for Duke methods","messageBody":"","fileTypesAndContributionMap":{"java":{"insertions":12,"deletions":0}}},{"hash":"955cd09217de229523481bb3fd2cb2b05de7edc9","messageTitle":"Added new TaskList Data structure. Mark working.","messageBody":"","fileTypesAndContributionMap":{"java":{"insertions":71,"deletions":37}}},{"hash":"e20efab1fe98d48b2a141209f390417ca8b50fc7","messageTitle":"unmark working. Level 3 completed.","messageBody":"","tags":["Level-3"],"fileTypesAndContributionMap":{"java":{"insertions":8,"deletions":3}}}]},{"date":"2022-01-17","commitResults":[{"hash":"7690fb0c22ea55a8968f054b558d40b320370383","messageTitle":"Removed Message interface. Added todo,events,deadlines sub classes Level 4 completed.","messageBody":"","fileTypesAndContributionMap":{"java":{"insertions":6,"deletions":3}}},{"hash":"fe08041057771268360a7ec3fef6c21f27d0c054","messageTitle":"Removed Message interface. Added todo,events,deadlines sub classes Level 4 completed.","messageBody":"","tags":["Level-4"],"fileTypesAndContributionMap":{"java":{"insertions":93,"deletions":13}}},{"hash":"44805125c5caeee9265603cfdc74660d870dd5f6","messageTitle":"Formatted output of chatbot. Verified tests. A-TextUiTesting completed.","messageBody":"","tags":["A-TextUiTesting"],"fileTypesAndContributionMap":{"txt":{"insertions":9,"deletions":0},"java":{"insertions":9,"deletions":7}}},{"hash":"e994913e34ee208dc603fefa0e50482468bdd080","messageTitle":"Created exceptions for invalid date/time,description,type","messageBody":"","fileTypesAndContributionMap":{"java":{"insertions":50,"deletions":3}}},{"hash":"934087cc675ee6697d2aa3e250132a14151b599a","messageTitle":"Marking index out of bounds error solved.","messageBody":"","fileTypesAndContributionMap":{"java":{"insertions":20,"deletions":12}}},{"hash":"9349613b55eabb3f9177183a790949806a352261","messageTitle":"Invalid Task description and date/time implemented for deadline","messageBody":"","fileTypesAndContributionMap":{"java":{"insertions":42,"deletions":16}}},{"hash":"5606a00234bc5dfc336153ea5622be7ac50facaa","messageTitle":"Fixed bug when task name includes mark/unmark Repeated marking/unmarking fixed. Marking tasks out of bounds fixed. Adding invalid task type fixed. Invalid date/time/description added for deadline,todo and event.","messageBody":"","tags":["Level-5"],"fileTypesAndContributionMap":{"java":{"insertions":88,"deletions":41}}},{"hash":"938540d298034b633a4a94a5e4050ebaf03b1265","messageTitle":"Changed tasklist to taskmanager. Changed implementation of mark/unmark in taskmanager. Added delete task functionality. Changed program flow in main function. Level 6 completed.","messageBody":"","fileTypesAndContributionMap":{"java":{"insertions":183,"deletions":128}}},{"hash":"8d59ba77e45ccdeaba50dc354facd6734445f7fa","messageTitle":"Added help menu on invalid entry","messageBody":"","fileTypesAndContributionMap":{"java":{"insertions":12,"deletions":1}}}]},{"date":"2022-01-19","commitResults":[{"hash":"152a8e7d7689e4e59e3448705c4a4ce4c2340ada","messageTitle":"Added new task function that was previously removed","messageBody":"","fileTypesAndContributionMap":{"java":{"insertions":16,"deletions":10}}},{"hash":"91c056a7afd5bfd0253b9d0e847159dbb91230fa","messageTitle":"Revert \"Added new task function that was previously removed\"","messageBody":"This reverts commit 152a8e7d7689e4e59e3448705c4a4ce4c2340ada.\n","tags":["Level-6"],"fileTypesAndContributionMap":{"java":{"insertions":10,"deletions":16}}}]}]},"authorFileTypeContributionMap":{"alexteo98":{"java":398,"md":0,"fxml":0,"sh":0,"bat":0,"gradle":0,"txt":9}},"authorContributionVariance":{"alexteo98":67177.47},"authorDisplayNameMap":{"alexteo98":"TEO ..ALEX"}}
