[{"path":"src/main/java/Deadline.java","fileType":"java","lines":[{"lineNumber":1,"author":{"gitId":"mradhyaf"},"content":"class Deadline extends Task {","lastModifiedDate":"2022-01-30"},{"lineNumber":2,"author":{"gitId":"mradhyaf"},"content":"  private String by;","lastModifiedDate":"2022-01-25"},{"lineNumber":3,"author":{"gitId":"mradhyaf"},"content":"","lastModifiedDate":"2022-01-25"},{"lineNumber":4,"author":{"gitId":"mradhyaf"},"content":"  public Deadline(String name, String by) {","lastModifiedDate":"2022-01-25"},{"lineNumber":5,"author":{"gitId":"mradhyaf"},"content":"    super(name);","lastModifiedDate":"2022-01-25"},{"lineNumber":6,"author":{"gitId":"mradhyaf"},"content":"    this.by \u003d by;","lastModifiedDate":"2022-01-25"},{"lineNumber":7,"author":{"gitId":"mradhyaf"},"content":"  }","lastModifiedDate":"2022-01-25"},{"lineNumber":8,"author":{"gitId":"mradhyaf"},"content":"","lastModifiedDate":"2022-01-25"},{"lineNumber":9,"author":{"gitId":"mradhyaf"},"content":"  @Override","lastModifiedDate":"2022-01-30"},{"lineNumber":10,"author":{"gitId":"mradhyaf"},"content":"  String toSave() {","lastModifiedDate":"2022-01-30"},{"lineNumber":11,"author":{"gitId":"mradhyaf"},"content":"    int doneBit \u003d isDone ? 1 : 0;","lastModifiedDate":"2022-01-30"},{"lineNumber":12,"author":{"gitId":"mradhyaf"},"content":"    return String.format(\"D,.,%d,.,%s,.,%s\\n\", doneBit, name, by);","lastModifiedDate":"2022-01-30"},{"lineNumber":13,"author":{"gitId":"mradhyaf"},"content":"  }","lastModifiedDate":"2022-01-30"},{"lineNumber":14,"author":{"gitId":"mradhyaf"},"content":"","lastModifiedDate":"2022-01-30"},{"lineNumber":15,"author":{"gitId":"mradhyaf"},"content":"  @Override","lastModifiedDate":"2022-01-25"},{"lineNumber":16,"author":{"gitId":"mradhyaf"},"content":"  public String toString() {","lastModifiedDate":"2022-01-25"},{"lineNumber":17,"author":{"gitId":"mradhyaf"},"content":"    return String.format(\"[D]%s (by: %s)\", super.toString(), this.by);","lastModifiedDate":"2022-01-25"},{"lineNumber":18,"author":{"gitId":"mradhyaf"},"content":"  }","lastModifiedDate":"2022-01-25"},{"lineNumber":19,"author":{"gitId":"mradhyaf"},"content":"}","lastModifiedDate":"2022-01-25"}],"authorContributionMap":{"mradhyaf":19}},{"path":"src/main/java/Duke.java","fileType":"java","lines":[{"lineNumber":1,"author":{"gitId":"mradhyaf"},"content":"import java.io.*;","lastModifiedDate":"2022-01-30"},{"lineNumber":2,"author":{"gitId":"mradhyaf"},"content":"import java.nio.file.Files;","lastModifiedDate":"2022-01-30"},{"lineNumber":3,"author":{"gitId":"mradhyaf"},"content":"import java.nio.file.NoSuchFileException;","lastModifiedDate":"2022-01-30"},{"lineNumber":4,"author":{"gitId":"mradhyaf"},"content":"import java.nio.file.Path;","lastModifiedDate":"2022-01-30"},{"lineNumber":5,"author":{"gitId":"mradhyaf"},"content":"import java.util.Scanner;","lastModifiedDate":"2022-01-20"},{"lineNumber":6,"author":{"gitId":"mradhyaf"},"content":"","lastModifiedDate":"2022-01-20"},{"lineNumber":7,"author":{"gitId":"-"},"content":"public class Duke {","lastModifiedDate":"2022-01-27"},{"lineNumber":8,"author":{"gitId":"mradhyaf"},"content":"    static TaskList taskList \u003d new TaskList();","lastModifiedDate":"2022-01-30"},{"lineNumber":9,"author":{"gitId":"mradhyaf"},"content":"    static final Path folderPath \u003d Path.of(\"..\", \"..\", \"..\", \"data\");","lastModifiedDate":"2022-01-30"},{"lineNumber":10,"author":{"gitId":"mradhyaf"},"content":"","lastModifiedDate":"2022-01-30"},{"lineNumber":11,"author":{"gitId":"mradhyaf"},"content":"    static String logo \u003d \" __   ___\\n\"","lastModifiedDate":"2022-01-25"},{"lineNumber":12,"author":{"gitId":"mradhyaf"},"content":"            + \"/  | /  / _____  _    _  _____  _____    __\\n\"","lastModifiedDate":"2022-01-21"},{"lineNumber":13,"author":{"gitId":"mradhyaf"},"content":"            + \"|  |/  / / ____// \\\\  / \\\\/  _  \\\\/  _  \\\\  \\\\__\\\\\\n\"","lastModifiedDate":"2022-01-21"},{"lineNumber":14,"author":{"gitId":"mradhyaf"},"content":"            + \"|     /  | |___ |  \\\\ | || | | || |_| /_ |  |\\n\"","lastModifiedDate":"2022-01-21"},{"lineNumber":15,"author":{"gitId":"mradhyaf"},"content":"            + \"|     \\\\  | ____|| | \\\\| || | | ||  ___  ||  |\\n\"","lastModifiedDate":"2022-01-20"},{"lineNumber":16,"author":{"gitId":"mradhyaf"},"content":"            + \"|  |\\\\  \\\\ | |___ | |\\\\ | || |_| || |___| ||  |\\n\"","lastModifiedDate":"2022-01-20"},{"lineNumber":17,"author":{"gitId":"mradhyaf"},"content":"            + \"\\\\__/ \\\\__\\\\\\\\_____\\\\\\\\_/ \\\\__/\\\\_____/\\\\_______/|__|\\n\";","lastModifiedDate":"2022-01-25"},{"lineNumber":18,"author":{"gitId":"mradhyaf"},"content":"","lastModifiedDate":"2022-01-25"},{"lineNumber":19,"author":{"gitId":"mradhyaf"},"content":"    static void say(String line) {","lastModifiedDate":"2022-01-25"},{"lineNumber":20,"author":{"gitId":"mradhyaf"},"content":"        System.out.println(\"    \" + line);","lastModifiedDate":"2022-01-25"},{"lineNumber":21,"author":{"gitId":"mradhyaf"},"content":"    }","lastModifiedDate":"2022-01-25"},{"lineNumber":22,"author":{"gitId":"mradhyaf"},"content":"","lastModifiedDate":"2022-01-25"},{"lineNumber":23,"author":{"gitId":"mradhyaf"},"content":"    static void load() throws IOException {","lastModifiedDate":"2022-01-30"},{"lineNumber":24,"author":{"gitId":"mradhyaf"},"content":"        try {","lastModifiedDate":"2022-01-30"},{"lineNumber":25,"author":{"gitId":"mradhyaf"},"content":"            Scanner fileScanner \u003d new Scanner(folderPath.resolve(\"tasks.txt\"));","lastModifiedDate":"2022-01-30"},{"lineNumber":26,"author":{"gitId":"mradhyaf"},"content":"            while (fileScanner.hasNextLine()) {","lastModifiedDate":"2022-01-30"},{"lineNumber":27,"author":{"gitId":"mradhyaf"},"content":"                String[] taskString \u003d fileScanner.nextLine().split(\",.,\");","lastModifiedDate":"2022-01-30"},{"lineNumber":28,"author":{"gitId":"mradhyaf"},"content":"","lastModifiedDate":"2022-01-30"},{"lineNumber":29,"author":{"gitId":"mradhyaf"},"content":"                Task t;","lastModifiedDate":"2022-01-30"},{"lineNumber":30,"author":{"gitId":"mradhyaf"},"content":"                if (taskString[0].equals(\"T\")) {","lastModifiedDate":"2022-01-30"},{"lineNumber":31,"author":{"gitId":"mradhyaf"},"content":"                    t \u003d new ToDo(taskString[2]);","lastModifiedDate":"2022-01-30"},{"lineNumber":32,"author":{"gitId":"mradhyaf"},"content":"                } else if (taskString[0].equals(\"D\")) {","lastModifiedDate":"2022-01-30"},{"lineNumber":33,"author":{"gitId":"mradhyaf"},"content":"                    t \u003d new Deadline(taskString[2], taskString[3]);","lastModifiedDate":"2022-01-30"},{"lineNumber":34,"author":{"gitId":"mradhyaf"},"content":"                } else {","lastModifiedDate":"2022-01-30"},{"lineNumber":35,"author":{"gitId":"mradhyaf"},"content":"                    t \u003d new Event(taskString[2], taskString[3]);","lastModifiedDate":"2022-01-30"},{"lineNumber":36,"author":{"gitId":"mradhyaf"},"content":"                }","lastModifiedDate":"2022-01-30"},{"lineNumber":37,"author":{"gitId":"mradhyaf"},"content":"","lastModifiedDate":"2022-01-30"},{"lineNumber":38,"author":{"gitId":"mradhyaf"},"content":"                if (taskString[1].equals(\"1\")) {","lastModifiedDate":"2022-01-30"},{"lineNumber":39,"author":{"gitId":"mradhyaf"},"content":"                    t.done();","lastModifiedDate":"2022-01-30"},{"lineNumber":40,"author":{"gitId":"mradhyaf"},"content":"                }","lastModifiedDate":"2022-01-30"},{"lineNumber":41,"author":{"gitId":"mradhyaf"},"content":"","lastModifiedDate":"2022-01-30"},{"lineNumber":42,"author":{"gitId":"mradhyaf"},"content":"                taskList.add(t);","lastModifiedDate":"2022-01-30"},{"lineNumber":43,"author":{"gitId":"mradhyaf"},"content":"            }","lastModifiedDate":"2022-01-30"},{"lineNumber":44,"author":{"gitId":"mradhyaf"},"content":"        } catch (NoSuchFileException e) {","lastModifiedDate":"2022-01-30"},{"lineNumber":45,"author":{"gitId":"mradhyaf"},"content":"            say(\"Starting with new list of tasks\");","lastModifiedDate":"2022-01-30"},{"lineNumber":46,"author":{"gitId":"mradhyaf"},"content":"        }","lastModifiedDate":"2022-01-30"},{"lineNumber":47,"author":{"gitId":"mradhyaf"},"content":"    }","lastModifiedDate":"2022-01-30"},{"lineNumber":48,"author":{"gitId":"mradhyaf"},"content":"","lastModifiedDate":"2022-01-30"},{"lineNumber":49,"author":{"gitId":"mradhyaf"},"content":"    static void save() throws IOException {","lastModifiedDate":"2022-01-30"},{"lineNumber":50,"author":{"gitId":"mradhyaf"},"content":"        if (!Files.exists(folderPath)) {","lastModifiedDate":"2022-01-30"},{"lineNumber":51,"author":{"gitId":"mradhyaf"},"content":"            Files.createDirectories(folderPath);","lastModifiedDate":"2022-01-30"},{"lineNumber":52,"author":{"gitId":"mradhyaf"},"content":"        }","lastModifiedDate":"2022-01-30"},{"lineNumber":53,"author":{"gitId":"mradhyaf"},"content":"","lastModifiedDate":"2022-01-30"},{"lineNumber":54,"author":{"gitId":"mradhyaf"},"content":"        Path filePath \u003d folderPath.resolve(\"tasks.txt\");","lastModifiedDate":"2022-01-30"},{"lineNumber":55,"author":{"gitId":"mradhyaf"},"content":"","lastModifiedDate":"2022-01-30"},{"lineNumber":56,"author":{"gitId":"mradhyaf"},"content":"        BufferedWriter out \u003d Files.newBufferedWriter(filePath);","lastModifiedDate":"2022-01-30"},{"lineNumber":57,"author":{"gitId":"mradhyaf"},"content":"","lastModifiedDate":"2022-01-30"},{"lineNumber":58,"author":{"gitId":"mradhyaf"},"content":"        for (Task task : taskList) {","lastModifiedDate":"2022-01-30"},{"lineNumber":59,"author":{"gitId":"mradhyaf"},"content":"            out.append(task.toSave());","lastModifiedDate":"2022-01-30"},{"lineNumber":60,"author":{"gitId":"mradhyaf"},"content":"        }","lastModifiedDate":"2022-01-30"},{"lineNumber":61,"author":{"gitId":"mradhyaf"},"content":"","lastModifiedDate":"2022-01-30"},{"lineNumber":62,"author":{"gitId":"mradhyaf"},"content":"        out.close();","lastModifiedDate":"2022-01-30"},{"lineNumber":63,"author":{"gitId":"mradhyaf"},"content":"    }","lastModifiedDate":"2022-01-30"},{"lineNumber":64,"author":{"gitId":"mradhyaf"},"content":"","lastModifiedDate":"2022-01-30"},{"lineNumber":65,"author":{"gitId":"mradhyaf"},"content":"    public static void main(String[] args) throws IOException {","lastModifiedDate":"2022-01-30"},{"lineNumber":66,"author":{"gitId":"mradhyaf"},"content":"        load();","lastModifiedDate":"2022-01-30"},{"lineNumber":67,"author":{"gitId":"mradhyaf"},"content":"","lastModifiedDate":"2022-01-30"},{"lineNumber":68,"author":{"gitId":"mradhyaf"},"content":"        System.out.println(logo);","lastModifiedDate":"2022-01-20"},{"lineNumber":69,"author":{"gitId":"mradhyaf"},"content":"        say(\"Hello there, how may I help you?\");","lastModifiedDate":"2022-01-25"},{"lineNumber":70,"author":{"gitId":"mradhyaf"},"content":"","lastModifiedDate":"2022-01-20"},{"lineNumber":71,"author":{"gitId":"mradhyaf"},"content":"        Scanner sc \u003d new Scanner(System.in);","lastModifiedDate":"2022-01-20"},{"lineNumber":72,"author":{"gitId":"mradhyaf"},"content":"","lastModifiedDate":"2022-01-20"},{"lineNumber":73,"author":{"gitId":"mradhyaf"},"content":"        MainLoop:","lastModifiedDate":"2022-01-30"},{"lineNumber":74,"author":{"gitId":"mradhyaf"},"content":"        while (true) {","lastModifiedDate":"2022-01-30"},{"lineNumber":75,"author":{"gitId":"mradhyaf"},"content":"            String[] cmd \u003d sc.nextLine().split(\"\\\\s\", 2);","lastModifiedDate":"2022-01-30"},{"lineNumber":76,"author":{"gitId":"mradhyaf"},"content":"            String[] fields;","lastModifiedDate":"2022-01-25"},{"lineNumber":77,"author":{"gitId":"mradhyaf"},"content":"            Task t;","lastModifiedDate":"2022-01-25"},{"lineNumber":78,"author":{"gitId":"mradhyaf"},"content":"","lastModifiedDate":"2022-01-20"},{"lineNumber":79,"author":{"gitId":"mradhyaf"},"content":"","lastModifiedDate":"2022-01-30"},{"lineNumber":80,"author":{"gitId":"mradhyaf"},"content":"            switch (cmd[0]) {","lastModifiedDate":"2022-01-30"},{"lineNumber":81,"author":{"gitId":"mradhyaf"},"content":"            case \"bye\":","lastModifiedDate":"2022-01-25"},{"lineNumber":82,"author":{"gitId":"mradhyaf"},"content":"                try {","lastModifiedDate":"2022-01-30"},{"lineNumber":83,"author":{"gitId":"mradhyaf"},"content":"                    save();","lastModifiedDate":"2022-01-30"},{"lineNumber":84,"author":{"gitId":"mradhyaf"},"content":"                } catch (Exception e) {","lastModifiedDate":"2022-01-30"},{"lineNumber":85,"author":{"gitId":"mradhyaf"},"content":"                    say(\"File save unsuccessful, exit anyway? [y/N]\");","lastModifiedDate":"2022-01-30"},{"lineNumber":86,"author":{"gitId":"mradhyaf"},"content":"                    String response \u003d sc.nextLine();","lastModifiedDate":"2022-01-30"},{"lineNumber":87,"author":{"gitId":"mradhyaf"},"content":"                    if (response.equals(\"y\")) {","lastModifiedDate":"2022-01-30"},{"lineNumber":88,"author":{"gitId":"mradhyaf"},"content":"                        say(\"May the force be with you\");","lastModifiedDate":"2022-01-30"},{"lineNumber":89,"author":{"gitId":"mradhyaf"},"content":"                        break MainLoop;","lastModifiedDate":"2022-01-30"},{"lineNumber":90,"author":{"gitId":"mradhyaf"},"content":"                    } else {","lastModifiedDate":"2022-01-30"},{"lineNumber":91,"author":{"gitId":"mradhyaf"},"content":"                        break;","lastModifiedDate":"2022-01-30"},{"lineNumber":92,"author":{"gitId":"mradhyaf"},"content":"                    }","lastModifiedDate":"2022-01-30"},{"lineNumber":93,"author":{"gitId":"mradhyaf"},"content":"                }","lastModifiedDate":"2022-01-30"},{"lineNumber":94,"author":{"gitId":"mradhyaf"},"content":"                say(\"Goodbye, old friend\");","lastModifiedDate":"2022-01-25"},{"lineNumber":95,"author":{"gitId":"mradhyaf"},"content":"                break MainLoop;","lastModifiedDate":"2022-01-25"},{"lineNumber":96,"author":{"gitId":"mradhyaf"},"content":"","lastModifiedDate":"2022-01-25"},{"lineNumber":97,"author":{"gitId":"mradhyaf"},"content":"            case \"list\":","lastModifiedDate":"2022-01-25"},{"lineNumber":98,"author":{"gitId":"mradhyaf"},"content":"                say(\"Here are the tasks in your list:\");","lastModifiedDate":"2022-01-25"},{"lineNumber":99,"author":{"gitId":"mradhyaf"},"content":"                say(taskList.toString());","lastModifiedDate":"2022-01-30"},{"lineNumber":100,"author":{"gitId":"mradhyaf"},"content":"                break;","lastModifiedDate":"2022-01-25"},{"lineNumber":101,"author":{"gitId":"mradhyaf"},"content":"","lastModifiedDate":"2022-01-25"},{"lineNumber":102,"author":{"gitId":"mradhyaf"},"content":"            case \"mark\":","lastModifiedDate":"2022-01-25"},{"lineNumber":103,"author":{"gitId":"mradhyaf"},"content":"                t \u003d taskList.get(Integer.parseInt(cmd[1]) - 1);","lastModifiedDate":"2022-01-30"},{"lineNumber":104,"author":{"gitId":"mradhyaf"},"content":"                t.done();","lastModifiedDate":"2022-01-21"},{"lineNumber":105,"author":{"gitId":"mradhyaf"},"content":"                say(\"I\u0027ve marked this task as done:\");","lastModifiedDate":"2022-01-25"},{"lineNumber":106,"author":{"gitId":"mradhyaf"},"content":"                say(t.toString());","lastModifiedDate":"2022-01-25"},{"lineNumber":107,"author":{"gitId":"mradhyaf"},"content":"                break;","lastModifiedDate":"2022-01-25"},{"lineNumber":108,"author":{"gitId":"mradhyaf"},"content":"","lastModifiedDate":"2022-01-25"},{"lineNumber":109,"author":{"gitId":"mradhyaf"},"content":"            case \"unmark\":","lastModifiedDate":"2022-01-25"},{"lineNumber":110,"author":{"gitId":"mradhyaf"},"content":"                t \u003d taskList.get(Integer.parseInt(cmd[1]) - 1);","lastModifiedDate":"2022-01-30"},{"lineNumber":111,"author":{"gitId":"mradhyaf"},"content":"                t.undone();","lastModifiedDate":"2022-01-21"},{"lineNumber":112,"author":{"gitId":"mradhyaf"},"content":"                say(\"I\u0027ve marked this task as undone:\");","lastModifiedDate":"2022-01-25"},{"lineNumber":113,"author":{"gitId":"mradhyaf"},"content":"                say(t.toString());","lastModifiedDate":"2022-01-25"},{"lineNumber":114,"author":{"gitId":"mradhyaf"},"content":"                break;","lastModifiedDate":"2022-01-25"},{"lineNumber":115,"author":{"gitId":"mradhyaf"},"content":"","lastModifiedDate":"2022-01-25"},{"lineNumber":116,"author":{"gitId":"mradhyaf"},"content":"            case \"todo\":","lastModifiedDate":"2022-01-25"},{"lineNumber":117,"author":{"gitId":"mradhyaf"},"content":"                String name \u003d cmd[1];","lastModifiedDate":"2022-01-30"},{"lineNumber":118,"author":{"gitId":"mradhyaf"},"content":"                if (name \u003d\u003d null) {","lastModifiedDate":"2022-01-30"},{"lineNumber":119,"author":{"gitId":"mradhyaf"},"content":"                    say(\"The description of a todo cannot be empty\");","lastModifiedDate":"2022-01-25"},{"lineNumber":120,"author":{"gitId":"mradhyaf"},"content":"                    break;","lastModifiedDate":"2022-01-25"},{"lineNumber":121,"author":{"gitId":"mradhyaf"},"content":"                }","lastModifiedDate":"2022-01-25"},{"lineNumber":122,"author":{"gitId":"mradhyaf"},"content":"                t \u003d new ToDo(name);","lastModifiedDate":"2022-01-30"},{"lineNumber":123,"author":{"gitId":"mradhyaf"},"content":"                taskList.add(t);","lastModifiedDate":"2022-01-25"},{"lineNumber":124,"author":{"gitId":"mradhyaf"},"content":"                say(\"added: \" + t);","lastModifiedDate":"2022-01-30"},{"lineNumber":125,"author":{"gitId":"mradhyaf"},"content":"                break;","lastModifiedDate":"2022-01-25"},{"lineNumber":126,"author":{"gitId":"mradhyaf"},"content":"","lastModifiedDate":"2022-01-25"},{"lineNumber":127,"author":{"gitId":"mradhyaf"},"content":"            case \"deadline\":","lastModifiedDate":"2022-01-25"},{"lineNumber":128,"author":{"gitId":"mradhyaf"},"content":"                fields \u003d cmd[1].split(\" /by \");","lastModifiedDate":"2022-01-30"},{"lineNumber":129,"author":{"gitId":"mradhyaf"},"content":"                t \u003d new Deadline(fields[0], fields[1]);","lastModifiedDate":"2022-01-25"},{"lineNumber":130,"author":{"gitId":"mradhyaf"},"content":"                taskList.add(t);","lastModifiedDate":"2022-01-25"},{"lineNumber":131,"author":{"gitId":"mradhyaf"},"content":"                say(\"added: \" + t);","lastModifiedDate":"2022-01-30"},{"lineNumber":132,"author":{"gitId":"mradhyaf"},"content":"                break;","lastModifiedDate":"2022-01-25"},{"lineNumber":133,"author":{"gitId":"mradhyaf"},"content":"","lastModifiedDate":"2022-01-25"},{"lineNumber":134,"author":{"gitId":"mradhyaf"},"content":"            case \"event\":","lastModifiedDate":"2022-01-25"},{"lineNumber":135,"author":{"gitId":"mradhyaf"},"content":"                fields \u003d cmd[1].split(\" /at \");","lastModifiedDate":"2022-01-30"},{"lineNumber":136,"author":{"gitId":"mradhyaf"},"content":"                t \u003d new Event(fields[0], fields[1]);","lastModifiedDate":"2022-01-25"},{"lineNumber":137,"author":{"gitId":"mradhyaf"},"content":"                taskList.add(t);","lastModifiedDate":"2022-01-25"},{"lineNumber":138,"author":{"gitId":"mradhyaf"},"content":"                say(\"added: \" + t);","lastModifiedDate":"2022-01-30"},{"lineNumber":139,"author":{"gitId":"mradhyaf"},"content":"                break;","lastModifiedDate":"2022-01-25"},{"lineNumber":140,"author":{"gitId":"mradhyaf"},"content":"","lastModifiedDate":"2022-01-25"},{"lineNumber":141,"author":{"gitId":"mradhyaf"},"content":"            case \"delete\":","lastModifiedDate":"2022-01-25"},{"lineNumber":142,"author":{"gitId":"mradhyaf"},"content":"                t \u003d taskList.remove(Integer.parseInt(cmd[1]) - 1);","lastModifiedDate":"2022-01-30"},{"lineNumber":143,"author":{"gitId":"mradhyaf"},"content":"                say(\"I have removed this task: \");","lastModifiedDate":"2022-01-30"},{"lineNumber":144,"author":{"gitId":"mradhyaf"},"content":"                say(t.toString());","lastModifiedDate":"2022-01-25"},{"lineNumber":145,"author":{"gitId":"mradhyaf"},"content":"                break;","lastModifiedDate":"2022-01-25"},{"lineNumber":146,"author":{"gitId":"mradhyaf"},"content":"","lastModifiedDate":"2022-01-25"},{"lineNumber":147,"author":{"gitId":"mradhyaf"},"content":"            default:","lastModifiedDate":"2022-01-25"},{"lineNumber":148,"author":{"gitId":"mradhyaf"},"content":"                say(\"The command you are using is not in the archives.\");","lastModifiedDate":"2022-01-25"},{"lineNumber":149,"author":{"gitId":"mradhyaf"},"content":"                break;","lastModifiedDate":"2022-01-25"},{"lineNumber":150,"author":{"gitId":"mradhyaf"},"content":"            }","lastModifiedDate":"2022-01-20"},{"lineNumber":151,"author":{"gitId":"mradhyaf"},"content":"        }","lastModifiedDate":"2022-01-20"},{"lineNumber":152,"author":{"gitId":"mradhyaf"},"content":"","lastModifiedDate":"2022-01-20"},{"lineNumber":153,"author":{"gitId":"mradhyaf"},"content":"        sc.close();","lastModifiedDate":"2022-01-20"},{"lineNumber":154,"author":{"gitId":"mradhyaf"},"content":"    }","lastModifiedDate":"2022-01-20"},{"lineNumber":155,"author":{"gitId":"mradhyaf"},"content":"}","lastModifiedDate":"2022-01-20"}],"authorContributionMap":{"mradhyaf":154,"-":1}},{"path":"src/main/java/Event.java","fileType":"java","lines":[{"lineNumber":1,"author":{"gitId":"mradhyaf"},"content":"public class Event extends Task {","lastModifiedDate":"2022-01-25"},{"lineNumber":2,"author":{"gitId":"mradhyaf"},"content":"  private String at;","lastModifiedDate":"2022-01-25"},{"lineNumber":3,"author":{"gitId":"mradhyaf"},"content":"","lastModifiedDate":"2022-01-25"},{"lineNumber":4,"author":{"gitId":"mradhyaf"},"content":"  public Event(String name, String at) {","lastModifiedDate":"2022-01-25"},{"lineNumber":5,"author":{"gitId":"mradhyaf"},"content":"    super(name);","lastModifiedDate":"2022-01-25"},{"lineNumber":6,"author":{"gitId":"mradhyaf"},"content":"    this.at \u003d at;","lastModifiedDate":"2022-01-25"},{"lineNumber":7,"author":{"gitId":"mradhyaf"},"content":"  }","lastModifiedDate":"2022-01-25"},{"lineNumber":8,"author":{"gitId":"mradhyaf"},"content":"","lastModifiedDate":"2022-01-25"},{"lineNumber":9,"author":{"gitId":"mradhyaf"},"content":"  @Override","lastModifiedDate":"2022-01-30"},{"lineNumber":10,"author":{"gitId":"mradhyaf"},"content":"  String toSave() {","lastModifiedDate":"2022-01-30"},{"lineNumber":11,"author":{"gitId":"mradhyaf"},"content":"    int doneBit \u003d isDone ? 1 : 0;","lastModifiedDate":"2022-01-30"},{"lineNumber":12,"author":{"gitId":"mradhyaf"},"content":"    return String.format(\"E,.,%d,.,%s,.,%s\\n\", doneBit, name, at);","lastModifiedDate":"2022-01-30"},{"lineNumber":13,"author":{"gitId":"mradhyaf"},"content":"  }","lastModifiedDate":"2022-01-30"},{"lineNumber":14,"author":{"gitId":"mradhyaf"},"content":"","lastModifiedDate":"2022-01-30"},{"lineNumber":15,"author":{"gitId":"mradhyaf"},"content":"  @Override","lastModifiedDate":"2022-01-25"},{"lineNumber":16,"author":{"gitId":"mradhyaf"},"content":"  public String toString() {","lastModifiedDate":"2022-01-25"},{"lineNumber":17,"author":{"gitId":"mradhyaf"},"content":"    return String.format(\"[E]%s (at: %s)\", super.toString(), this.at);","lastModifiedDate":"2022-01-25"},{"lineNumber":18,"author":{"gitId":"mradhyaf"},"content":"  }","lastModifiedDate":"2022-01-25"},{"lineNumber":19,"author":{"gitId":"mradhyaf"},"content":"}","lastModifiedDate":"2022-01-25"}],"authorContributionMap":{"mradhyaf":19}},{"path":"src/main/java/Task.java","fileType":"java","lines":[{"lineNumber":1,"author":{"gitId":"mradhyaf"},"content":"abstract class Task {","lastModifiedDate":"2022-01-30"},{"lineNumber":2,"author":{"gitId":"mradhyaf"},"content":"  protected final String name;","lastModifiedDate":"2022-01-30"},{"lineNumber":3,"author":{"gitId":"mradhyaf"},"content":"  protected boolean isDone;","lastModifiedDate":"2022-01-30"},{"lineNumber":4,"author":{"gitId":"mradhyaf"},"content":"","lastModifiedDate":"2022-01-21"},{"lineNumber":5,"author":{"gitId":"mradhyaf"},"content":"  public Task(String name) {","lastModifiedDate":"2022-01-25"},{"lineNumber":6,"author":{"gitId":"mradhyaf"},"content":"    this.name \u003d name;","lastModifiedDate":"2022-01-21"},{"lineNumber":7,"author":{"gitId":"mradhyaf"},"content":"    this.isDone \u003d false;","lastModifiedDate":"2022-01-30"},{"lineNumber":8,"author":{"gitId":"mradhyaf"},"content":"  }","lastModifiedDate":"2022-01-21"},{"lineNumber":9,"author":{"gitId":"mradhyaf"},"content":"","lastModifiedDate":"2022-01-21"},{"lineNumber":10,"author":{"gitId":"mradhyaf"},"content":"  public void done() {","lastModifiedDate":"2022-01-21"},{"lineNumber":11,"author":{"gitId":"mradhyaf"},"content":"    isDone \u003d true;","lastModifiedDate":"2022-01-30"},{"lineNumber":12,"author":{"gitId":"mradhyaf"},"content":"  }","lastModifiedDate":"2022-01-21"},{"lineNumber":13,"author":{"gitId":"mradhyaf"},"content":"","lastModifiedDate":"2022-01-21"},{"lineNumber":14,"author":{"gitId":"mradhyaf"},"content":"  public void undone() {","lastModifiedDate":"2022-01-21"},{"lineNumber":15,"author":{"gitId":"mradhyaf"},"content":"    isDone \u003d false;","lastModifiedDate":"2022-01-30"},{"lineNumber":16,"author":{"gitId":"mradhyaf"},"content":"  }","lastModifiedDate":"2022-01-21"},{"lineNumber":17,"author":{"gitId":"mradhyaf"},"content":"","lastModifiedDate":"2022-01-21"},{"lineNumber":18,"author":{"gitId":"mradhyaf"},"content":"  abstract String toSave();","lastModifiedDate":"2022-01-30"},{"lineNumber":19,"author":{"gitId":"mradhyaf"},"content":"","lastModifiedDate":"2022-01-30"},{"lineNumber":20,"author":{"gitId":"mradhyaf"},"content":"  @Override","lastModifiedDate":"2022-01-21"},{"lineNumber":21,"author":{"gitId":"mradhyaf"},"content":"  public String toString() {","lastModifiedDate":"2022-01-21"},{"lineNumber":22,"author":{"gitId":"mradhyaf"},"content":"    String check \u003d this.isDone ? \"X\" : \" \";","lastModifiedDate":"2022-01-30"},{"lineNumber":23,"author":{"gitId":"mradhyaf"},"content":"    return String.format(\"[%s] %s\", check, this.name);","lastModifiedDate":"2022-01-21"},{"lineNumber":24,"author":{"gitId":"mradhyaf"},"content":"  }","lastModifiedDate":"2022-01-21"},{"lineNumber":25,"author":{"gitId":"mradhyaf"},"content":"}","lastModifiedDate":"2022-01-21"}],"authorContributionMap":{"mradhyaf":25}},{"path":"src/main/java/TaskList.java","fileType":"java","lines":[{"lineNumber":1,"author":{"gitId":"mradhyaf"},"content":"import java.util.ArrayList;","lastModifiedDate":"2022-01-30"},{"lineNumber":2,"author":{"gitId":"mradhyaf"},"content":"","lastModifiedDate":"2022-01-30"},{"lineNumber":3,"author":{"gitId":"mradhyaf"},"content":"class TaskList extends ArrayList\u003cTask\u003e {","lastModifiedDate":"2022-01-30"},{"lineNumber":4,"author":{"gitId":"mradhyaf"},"content":"    public TaskList() { }","lastModifiedDate":"2022-01-30"},{"lineNumber":5,"author":{"gitId":"mradhyaf"},"content":"","lastModifiedDate":"2022-01-30"},{"lineNumber":6,"author":{"gitId":"mradhyaf"},"content":"    @Override","lastModifiedDate":"2022-01-30"},{"lineNumber":7,"author":{"gitId":"mradhyaf"},"content":"    public String toString() {","lastModifiedDate":"2022-01-30"},{"lineNumber":8,"author":{"gitId":"mradhyaf"},"content":"        StringBuilder str \u003d new StringBuilder();","lastModifiedDate":"2022-01-30"},{"lineNumber":9,"author":{"gitId":"mradhyaf"},"content":"        for (int i \u003d 0; i \u003c super.size(); i++) {","lastModifiedDate":"2022-01-30"},{"lineNumber":10,"author":{"gitId":"mradhyaf"},"content":"            str.append(String.format(\"%d. %s\\n\", i + 1, super.get(i)));","lastModifiedDate":"2022-01-30"},{"lineNumber":11,"author":{"gitId":"mradhyaf"},"content":"        }","lastModifiedDate":"2022-01-30"},{"lineNumber":12,"author":{"gitId":"mradhyaf"},"content":"","lastModifiedDate":"2022-01-30"},{"lineNumber":13,"author":{"gitId":"mradhyaf"},"content":"        return str.toString();","lastModifiedDate":"2022-01-30"},{"lineNumber":14,"author":{"gitId":"mradhyaf"},"content":"    }","lastModifiedDate":"2022-01-30"},{"lineNumber":15,"author":{"gitId":"mradhyaf"},"content":"}","lastModifiedDate":"2022-01-30"},{"lineNumber":16,"author":{"gitId":"mradhyaf"},"content":"","lastModifiedDate":"2022-01-30"}],"authorContributionMap":{"mradhyaf":16}},{"path":"src/main/java/ToDo.java","fileType":"java","lines":[{"lineNumber":1,"author":{"gitId":"mradhyaf"},"content":"class ToDo extends Task {","lastModifiedDate":"2022-01-30"},{"lineNumber":2,"author":{"gitId":"mradhyaf"},"content":"  public ToDo(String name) {","lastModifiedDate":"2022-01-25"},{"lineNumber":3,"author":{"gitId":"mradhyaf"},"content":"    super(name);","lastModifiedDate":"2022-01-25"},{"lineNumber":4,"author":{"gitId":"mradhyaf"},"content":"  }","lastModifiedDate":"2022-01-25"},{"lineNumber":5,"author":{"gitId":"mradhyaf"},"content":"","lastModifiedDate":"2022-01-25"},{"lineNumber":6,"author":{"gitId":"mradhyaf"},"content":"  @Override","lastModifiedDate":"2022-01-30"},{"lineNumber":7,"author":{"gitId":"mradhyaf"},"content":"  String toSave() {","lastModifiedDate":"2022-01-30"},{"lineNumber":8,"author":{"gitId":"mradhyaf"},"content":"    int doneBit \u003d isDone ? 1 : 0;","lastModifiedDate":"2022-01-30"},{"lineNumber":9,"author":{"gitId":"mradhyaf"},"content":"    return String.format(\"T,.,%d,.,%s\\n\", doneBit, name);","lastModifiedDate":"2022-01-30"},{"lineNumber":10,"author":{"gitId":"mradhyaf"},"content":"  }","lastModifiedDate":"2022-01-30"},{"lineNumber":11,"author":{"gitId":"mradhyaf"},"content":"","lastModifiedDate":"2022-01-30"},{"lineNumber":12,"author":{"gitId":"mradhyaf"},"content":"  @Override","lastModifiedDate":"2022-01-25"},{"lineNumber":13,"author":{"gitId":"mradhyaf"},"content":"  public String toString() {","lastModifiedDate":"2022-01-25"},{"lineNumber":14,"author":{"gitId":"mradhyaf"},"content":"    return String.format(\"[T]%s\", super.toString());","lastModifiedDate":"2022-01-25"},{"lineNumber":15,"author":{"gitId":"mradhyaf"},"content":"  }","lastModifiedDate":"2022-01-25"},{"lineNumber":16,"author":{"gitId":"mradhyaf"},"content":"}","lastModifiedDate":"2022-01-25"}],"authorContributionMap":{"mradhyaf":16}}]
