{"authorDailyContributionsMap":{"mradhyaf":[{"date":"2022-01-20","commitResults":[{"hash":"ed6cda6b854fd884cf48946a1280dd2d31d3d8b0","messageTitle":"Implement greeting, echo, and exit functionality","messageBody":"","tags":["Level-1"],"fileTypesAndContributionMap":{"java":{"insertions":31,"deletions":10}}},{"hash":"aa0a752f26d107a277c7a202186530329c5c0c4d","messageTitle":"Implement add and list commands","messageBody":"","tags":["Level-2"],"fileTypesAndContributionMap":{"java":{"insertions":32,"deletions":23}}}]},{"date":"2022-01-21","commitResults":[{"hash":"7ee12ab3c8f5a2d4d28aa0fb71409721298f5163","messageTitle":"Add ability to mark as done and implement Task class","messageBody":"","tags":["Level-3"],"fileTypesAndContributionMap":{"java":{"insertions":48,"deletions":9}}}]},{"date":"2022-01-25","commitResults":[{"hash":"6531c09a7e0e653330ece802189d722c1e777a76","messageTitle":"Replace add command with todo, deadline, and event commands","messageBody":"","tags":["Level-4"],"fileTypesAndContributionMap":{"java":{"insertions":109,"deletions":40}}},{"hash":"de251a206a71b25e884feda84dab3ff9958fcb97","messageTitle":"Add minimal error handling and delete functionality","messageBody":"","tags":["Level-6","Level-5"],"fileTypesAndContributionMap":{"java":{"insertions":12,"deletions":0}}}]},{"date":"2022-01-27","commitResults":[{"hash":"8ebc5a3c9cb6c99d35a5d37dce862d9a97f35ae0","messageTitle":"Run text-ui-test","messageBody":"","tags":["A-TextUiTesting"],"fileTypesAndContributionMap":{"java":{"insertions":1,"deletions":1},"sh":{"insertions":0,"deletions":0}}}]},{"date":"2022-01-30","commitResults":[{"hash":"1be7275ee42e9aa426d7e7cd4b288bfc6597c3e6","messageTitle":"Add TaskList class","messageBody":"","fileTypesAndContributionMap":{"java":{"insertions":33,"deletions":27}}},{"hash":"87416f92b5f6aabaee3a9854b9e5f945f6cf50bd","messageTitle":"Add save functionality","messageBody":"","tags":["Level-7"],"fileTypesAndContributionMap":{"java":{"insertions":178,"deletions":94}}},{"hash":"e6db17d5f023a2b250ab7916553354cc438f31d3","messageTitle":"Abstracted storage, parse, ui, and command functionalities","messageBody":"","tags":["A-MoreOOP"],"fileTypesAndContributionMap":{"java":{"insertions":285,"deletions":145}}}]},{"date":"2022-01-31","commitResults":[{"hash":"c52d6f2199c9874152caeb7e13cd6cbc31a2c19d","messageTitle":"Move classes into packages","messageBody":"","tags":["A-Packages"],"fileTypesAndContributionMap":{"java":{"insertions":103,"deletions":32}}},{"hash":"e3bf678cec80b3a77b7102737b8e0e059753e334","messageTitle":"Add date functionality, Refactor duke to kenobi, Move Parser into its own package and add ParseException","messageBody":"","tags":["Level-8"],"fileTypesAndContributionMap":{"java":{"insertions":176,"deletions":136}}},{"hash":"b9a28e2b9b256ad70a3f5567d1672c1f18dbf4ec","messageTitle":"Add find functionality","messageBody":"","tags":["Level-9"],"fileTypesAndContributionMap":{"java":{"insertions":41,"deletions":5}}},{"hash":"f2191efaf27102046ab4bf418e8b8716230292a2","messageTitle":"Refactor some code to conform with coding standards and Add some exception handling","messageBody":"","tags":["A-Exceptions","A-CodingStandard"],"fileTypesAndContributionMap":{"java":{"insertions":77,"deletions":39}}}]},{"date":"2022-02-01","commitResults":[{"hash":"47cf6ac21658dfcf9b1fabbac5cdbbbd5e5d43e8","messageTitle":"Move the find, mark, and unmark functionalities to TaskList and Add JavaDocs for everything except kenobi.command package","messageBody":"","fileTypesAndContributionMap":{"java":{"insertions":243,"deletions":28}}},{"hash":"695425a2c124cccb82ef2692d11d33d16b066829","messageTitle":"Add JavaDocs for classes in kenobi.command package","messageBody":"","tags":["A-JavaDoc"],"fileTypesAndContributionMap":{"java":{"insertions":108,"deletions":0}}},{"hash":"70e35d7264e8af61c6bf8b0c8272cd52db7c3bf2","messageTitle":"Improve exception handling in Parser class and Add some JUnit tests","messageBody":"","tags":["A-JUnit"],"fileTypesAndContributionMap":{"java":{"insertions":40,"deletions":12}}},{"hash":"81c16b4534a794c2d6918a2e381aac3a74629a14","messageTitle":"Add untracked files that was supposed to be in the previous commit","messageBody":"","fileTypesAndContributionMap":{"java":{"insertions":46,"deletions":0}}},{"hash":"3bce787ec8a64388242de7a5574fff3c698fbeff","messageTitle":"Fix exception message","messageBody":"","tags":["v0.1","A-Jar"],"fileTypesAndContributionMap":{"java":{"insertions":2,"deletions":1}}}]},{"date":"2022-02-05","commitResults":[{"hash":"117ce9ea5fd3b61d5292d88d2e40d39bd2bdc946","messageTitle":"Remove typo","messageBody":"","fileTypesAndContributionMap":{"java":{"insertions":0,"deletions":1}}}]},{"date":"2022-02-16","commitResults":[{"hash":"a141246f12ac886ddbb0ecfc7e99919eef9b3ba4","messageTitle":"Set up Gradle minimally to build and run Kenobi as well as checkstyle","messageBody":"","fileTypesAndContributionMap":{"gradle":{"insertions":2,"deletions":2},"java":{"insertions":213,"deletions":212}}}]},{"date":"2022-02-18","commitResults":[{"hash":"da89a970843cfb443810a8b8e34b18cbc71384ab","messageTitle":"Add graphical user interface","messageBody":"","tags":["Level-10"],"fileTypesAndContributionMap":{"gradle":{"insertions":7,"deletions":1},"fxml":{"insertions":35,"deletions":0},"java":{"insertions":166,"deletions":32}}}]},{"date":"2022-02-20","commitResults":[{"hash":"0da4534cf6254f9b3768b49f93939f6b01a896b5","messageTitle":"Remove text ui test files","messageBody":"User interface for Kenobi has changed from text ui to graphical ui.\n\nThese test files were optimal for text ui but not gui.\n\nAs an effort to declutter the codebase, let\u0027s remove these text ui\nfiles.\n","tags":["A-FullCommitMessage"],"fileTypesAndContributionMap":{"txt":{"insertions":0,"deletions":0},"bat":{"insertions":0,"deletions":21},"sh":{"insertions":0,"deletions":38}}},{"hash":"8561e15c83a849c997c5c6f7ecbe8789a3db708c","messageTitle":"Fix missing javafx runtime components on fat jar build","messageBody":"Previously javafx.Application.launch method was called inside\na class extending javafx.Application class which seems to be\nthe cause of the bug.\n\nTo go around this bug, Launcher class is added and\njavafx.Application.launch is called from here.\n","fileTypesAndContributionMap":{"gradle":{"insertions":1,"deletions":1},"java":{"insertions":9,"deletions":0}}},{"hash":"c9882263fc4f224f9e957ab58504568bf59c03b6","messageTitle":"Add non-negative assertions for some commands","messageBody":"","tags":["A-Assertions"],"fileTypesAndContributionMap":{"java":{"insertions":2,"deletions":0}}},{"hash":"b4596982412dacf46c2d9a98964fff4af7676047","messageTitle":"Replace invalid command handling with exception","messageBody":"","fileTypesAndContributionMap":{"java":{"insertions":4,"deletions":27}}},{"hash":"a2bbe78e79d4918172e2480f7b2a11d18ad75949","messageTitle":"Move load file parsing to Parser class","messageBody":"Parsing logic from save files are currently in Storage class.\n\nTo improve CodeQuality according to SLAP, let\u0027s move parsing logic to\nParser class.\n","tags":["A-CodeQuality"],"fileTypesAndContributionMap":{"java":{"insertions":9,"deletions":21}}}]},{"date":"2022-02-21","commitResults":[{"hash":"69c031122017cdf086a113356f10e242cde99d27","messageTitle":"Improve GUI","messageBody":"","tags":["A-BetterGui"],"fileTypesAndContributionMap":{"fxml":{"insertions":11,"deletions":6},"java":{"insertions":153,"deletions":66}}},{"hash":"5a85f7a0bf983b3f5282ccbecf450be478f26075","messageTitle":"Add natural date extension","messageBody":"","tags":["BCD-Extension"],"fileTypesAndContributionMap":{"java":{"insertions":21,"deletions":7}}},{"hash":"44fcdd710c333470c9d928ee22bc24dd7f9213b1","messageTitle":"Add exit handling on GUI","messageBody":"","fileTypesAndContributionMap":{"fxml":{"insertions":2,"deletions":2},"java":{"insertions":54,"deletions":84}}},{"hash":"92634dd0c70cf1b2646505aa4a3f3082c34feff4","messageTitle":"Write user guide docs","messageBody":"","fileTypesAndContributionMap":{"md":{"insertions":83,"deletions":16}}},{"hash":"cba3ee43a5a11a5b434f8ca62e2d9238281d31f8","messageTitle":"Fix dependency issues","messageBody":"","tags":["A-UserGuide"],"fileTypesAndContributionMap":{"gradle":{"insertions":15,"deletions":6},"java":{"insertions":16,"deletions":5}}}]}]},"authorFileTypeContributionMap":{"mradhyaf":{"java":1165,"md":70,"fxml":40,"sh":0,"bat":0,"gradle":17,"txt":0}},"authorContributionVariance":{"mradhyaf":37487.04},"authorDisplayNameMap":{"mradhyaf":"CS2103T-W14-3 MUHA..AWZA"}}
