{"authorDailyContributionsMap":{"xMashedxTomatox":[{"date":"2022-01-18","commitResults":[{"hash":"fecc1877bbeb2681a523a983d323246520c60ba5","messageTitle":"Add function greet, echo and bye","messageBody":"","tags":["Level-1"],"fileTypesAndContributionMap":{"java":{"insertions":108,"deletions":10}}},{"hash":"b40cf81838e32f3155bd05a5acab0c34f9433d48","messageTitle":"Add function store, list","messageBody":"","fileTypesAndContributionMap":{"java":{"insertions":18,"deletions":10}}},{"hash":"137c69f7877d4a053cb3aac65778e3722aa3b591","messageTitle":"Update function list","messageBody":"","tags":["Level-2"],"fileTypesAndContributionMap":{"java":{"insertions":3,"deletions":1}}},{"hash":"3f7aeb7260024ee569507e330cf70cf38db180ba","messageTitle":"Add functionalities to mark and unmark tasks.","messageBody":"Added class Task. Added interface ICompletable. Added functions mark, unmark. Updated function list.","tags":["Level-3"],"fileTypesAndContributionMap":{"java":{"insertions":51,"deletions":6}}},{"hash":"71b112b87b5b9844c95e395f819c7d4a1e88863a","messageTitle":"Updated class hierarchy and file structure.","messageBody":"","fileTypesAndContributionMap":{"java":{"insertions":165,"deletions":138}}}]},{"date":"2022-01-19","commitResults":[{"hash":"74c9002a03a11c7d535d63feccd2450b87bee009","messageTitle":"Add inheritance hierarchy and output","messageBody":"Added sub classes Deadline, Event and Task.\nUpdated output of function list.","tags":["Level-4"],"fileTypesAndContributionMap":{"java":{"insertions":122,"deletions":14}}},{"hash":"98b9736a06f80bc74a1dce7346bff8b474e898b7","messageTitle":"Add test case and bug fixes","messageBody":"Added a test case and used it to identify a bug.\nBugfixes\n- Removed an additional echo","tags":["A-TextUiTesting"],"fileTypesAndContributionMap":{"txt":{"insertions":10,"deletions":0},"java":{"insertions":2,"deletions":3}}},{"hash":"3f3a3c1c082722b5c3957ed354c1246cc1090cde","messageTitle":"Add exceptions and error handling, Update test cases","messageBody":"Added exceptions and invalid input handling for most of the foreseeable errors. Also added additional  invalid input in test case.","tags":["Level-5"],"fileTypesAndContributionMap":{"txt":{"insertions":5,"deletions":0},"java":{"insertions":55,"deletions":17}}},{"hash":"ed8e1e919d63b3676b241f8ff9f25292b6aae367","messageTitle":"Add function delete. Update test cases.","messageBody":"Added functionalities for deleting tasks, also updated test case to include deletion of task and additional invalid input.","tags":["Level-6"],"fileTypesAndContributionMap":{"txt":{"insertions":2,"deletions":0},"java":{"insertions":28,"deletions":14}}}]},{"date":"2022-01-23","commitResults":[{"hash":"0b38e5dea36bd8eaa3278eed68ca140af3a14fb6","messageTitle":"Add Storage, Update framework","messageBody":"Added a storage class that handles the serialization/deserialization of tasks. Updated framework to use existing task list.","fileTypesAndContributionMap":{"java":{"insertions":84,"deletions":31}}}]}]},"authorFileTypeContributionMap":{"xMashedxTomatox":{"java":399,"md":0,"fxml":0,"sh":0,"bat":0,"gradle":0,"txt":17}},"authorContributionVariance":{"xMashedxTomatox":26684.809},"authorDisplayNameMap":{"xMashedxTomatox":"TAN ..IANG"}}
