{"authorDailyContributionsMap":{"honganhcs":[{"date":"2022-01-17","commitResults":[{"hash":"40d8db218cdbbd4418eb316bfe3302dc52eb35b5","messageTitle":"Added customised greeting and echo function to Duke.","messageBody":"","tags":["Level-1"],"fileTypesAndContributionMap":{"java":{"insertions":17,"deletions":6}}},{"hash":"7f2de0d4b14e4804b08220ab1b7778f995175e09","messageTitle":"Added the ability to store text entered by the user and display them back to the user when requested.","messageBody":"","tags":["Level-2"],"fileTypesAndContributionMap":{"java":{"insertions":26,"deletions":1}}}]},{"date":"2022-01-18","commitResults":[{"hash":"78cce1dc65303ba81b5d881309e2fe99e9e5166b","messageTitle":"Added the ability to mark tasks as done.","messageBody":"","tags":["Level-3","A-Classes"],"fileTypesAndContributionMap":{"java":{"insertions":35,"deletions":6}}},{"hash":"6157506f631db79fc70a1b9c92f559841ecdd884","messageTitle":"Added support for tracking three types of tasks: ToDos, Deadlines and Events.","messageBody":"","tags":["Level-4","A-Inheritance"],"fileTypesAndContributionMap":{"java":{"insertions":102,"deletions":27}}}]},{"date":"2022-01-19","commitResults":[{"hash":"b7fcb9ce590b409334b548430a02f4fb02cba17c","messageTitle":"Minor changes to Duke.java to keep the format (capitalisation) of the input. Updated the test case.","messageBody":"","tags":["A-TextUiTesting"],"fileTypesAndContributionMap":{"txt":{"insertions":9,"deletions":0},"java":{"insertions":9,"deletions":9}}},{"hash":"cd559a807b51c26154a7f97b675c2d7f0d2999dc","messageTitle":"1. Added the ability to handle errors, including invalid commands and insufficient information. 2. Updated the test case to test the ability to handle errors.","messageBody":"","tags":["Level-5"],"fileTypesAndContributionMap":{"txt":{"insertions":9,"deletions":0},"java":{"insertions":132,"deletions":43}}},{"hash":"b1c7b3949a4e2d1644a8ba8162a302f5c4f3cbcc","messageTitle":"1. Added the ability to delete tasks from the list. 2. Updated the test case to test for the delete function.","messageBody":"","tags":["Level-6","A-Collections"],"fileTypesAndContributionMap":{"txt":{"insertions":3,"deletions":0},"java":{"insertions":93,"deletions":58}}}]},{"date":"2022-01-25","commitResults":[{"hash":"c2360aa34ab571d05ff8a1b30c81a6e7c7cf08d3","messageTitle":"Added the ability to save tasks in the hard disk automatically whenever the task list changes.","messageBody":"","fileTypesAndContributionMap":{"java":{"insertions":69,"deletions":1}}},{"hash":"fc0c780eefd221bcb4eb1fb67cc4aefeaa2bceb7","messageTitle":"1. Updated the representation of date and time for deadlines and events. 2. Updated the test files to reflect this change. Assumption: the user always passes in the date and time in the right format. Improvement in the future: handle inputs in the wrong format.","messageBody":"","fileTypesAndContributionMap":{"txt":{"insertions":2,"deletions":2},"java":{"insertions":26,"deletions":10}}}]},{"date":"2022-01-27","commitResults":[{"hash":"d456140acaf75d91625c85dd9324116fbb328e32","messageTitle":"Refactored the code to extract out closely related code as classes.","messageBody":"","tags":["A-MoreOOP"],"fileTypesAndContributionMap":{"java":{"insertions":675,"deletions":336}}},{"hash":"3e46713e47d3e8c564a0994eab671612ae4d05e4","messageTitle":"Organized the classes into suitable Java packages.","messageBody":"","tags":["A-Packages"],"fileTypesAndContributionMap":{"java":{"insertions":60,"deletions":271},"bat":{"insertions":1,"deletions":1},"md":{"insertions":2,"deletions":2}}},{"hash":"41af6e05c97b75caa4ee5ec45f8485c2b6179a7b","messageTitle":"Added JUnit tests for 2 classes: Parser and Storage. To-do: add more JUnit tests for all public methods of all classes, including the UI component.","messageBody":"","tags":["A-JUnit"],"fileTypesAndContributionMap":{"java":{"insertions":136,"deletions":28}}},{"hash":"4ac4b88d2e9944176b9627284ac052569a51911e","messageTitle":"Minor changes to variable name in Ann.java.","messageBody":"","tags":["v0.1","A-Jar"],"fileTypesAndContributionMap":{"java":{"insertions":2,"deletions":2}}},{"hash":"5616f9a8e3f4917d64e25426cd95c983ef242007","messageTitle":"Added the ability to find tasks that contain certain keywords. Removed a Manifest file that was accidentally created in the previous commit.","messageBody":"","fileTypesAndContributionMap":{"java":{"insertions":25,"deletions":8}}}]},{"date":"2022-01-29","commitResults":[{"hash":"4eb1932bffb1194c7eafa56a4e214b16541da4a3","messageTitle":"Add Javadoc comments for all classes.","messageBody":"","fileTypesAndContributionMap":{"java":{"insertions":325,"deletions":12}}},{"hash":"2fa82e5f83b7df2bd4ed0b084bb57664c6ed8eb5","messageTitle":"Change some variable names to follow Java coding standards.","messageBody":"","fileTypesAndContributionMap":{"java":{"insertions":0,"deletions":2}}}]},{"date":"2022-02-03","commitResults":[{"hash":"5af36571c6cbf07bf4dd4e3be0cf7f3ad6dfbfc8","messageTitle":"Change some files to follow the coding standard.","messageBody":"","fileTypesAndContributionMap":{"java":{"insertions":46,"deletions":46}}}]},{"date":"2022-02-04","commitResults":[{"hash":"60d8a6750043fa3a9ac05340370b41875cfd780e","messageTitle":"Change the build.gradle file to match project.","messageBody":"","tags":["A-Gradle"],"fileTypesAndContributionMap":{"gradle":{"insertions":3,"deletions":2}}},{"hash":"ab44953aa8872431fa704fdbcfd06757743258ea","messageTitle":"Fix coding style violations after running checkstyle.","messageBody":"","fileTypesAndContributionMap":{"java":{"insertions":82,"deletions":67}}}]},{"date":"2022-02-05","commitResults":[{"hash":"a5574e630e7ef6740d59d035fccbbbe159176059","messageTitle":"Add a basic GUI to the app. Things to do: 1. handle exit command, 2. implement a proper UI component","messageBody":"","fileTypesAndContributionMap":{"gradle":{"insertions":15,"deletions":0},"fxml":{"insertions":35,"deletions":0},"java":{"insertions":161,"deletions":118}}}]},{"date":"2022-02-11","commitResults":[{"hash":"6f004da131e92fc543c16e8a2f5b0771dcbd26af","messageTitle":"Change the build.gradle file to update mainClassName to Launcher.","messageBody":"","fileTypesAndContributionMap":{"gradle":{"insertions":1,"deletions":1}}},{"hash":"fa10d5c3c4ba8f35772c2130f97da102b9b1b572","messageTitle":".gitignore, Storage class: fix bug to track files in the data folder","messageBody":".gitignore includes the path data/ which is supposed to refer to the local storage folder only, but is also the name of the package containing data classes such as Task.\n\nThe common name between the local storage folder and data package causes the data package to be ignored by git as the data/ path is included in .gitignore.\n\nChanging the name of the local storage folder and replacing the data/ path in .gitignore with the new path to the local storage folder allows git to ignore the local storage folder only, while the data package is included in the git repository.\n\nLet\u0027s rename the local storage folder to storageFolder, replace data/ in .gitignore with storageFolder/ and assign \"storageFolder\" to the constant DEFAULT_STORAGE_FOLDER_NAME in the Storage class.\n","fileTypesAndContributionMap":{"java":{"insertions":576,"deletions":1}}},{"hash":"fdd6ff43d13fff69b60d1b022eee74761e7d38e8","messageTitle":"Add assert statements to multiple project files","messageBody":"Possible bugs in the current code may lead to unexpected errors if not caught at the root.\n\nAdding assert statements to various places in the code (e.g. in switch statements without a default case) allows the runtime to detect an assertion failure and terminate the execution with an error message.\n\nLet\u0027s add assertion statements to places in the code which work only when certain assumptions about the program state are met.\n\nAssertions are used instead of exceptions to check the internal logic of the code and ensure that it is correct, whereas exceptions are thrown for situations outside of the programmer\u0027s control.\n","fileTypesAndContributionMap":{"java":{"insertions":12,"deletions":8}}}]},{"date":"2022-02-13","commitResults":[{"hash":"318a48b417d33e8ecfa558f5977064a92ead4b1d","messageTitle":"Fix bug: recover data package","messageBody":"The data package is missing from the repo (probably due to a bug during branching).\n\nThe data package contains essential classes such as Task which other classes depend on.\n\nLet\u0027s copy the data package from another branch (branch-A-Assertions) into current branch.\n\nbranch-A-Assertions contains the most updated version of the data package.\n","fileTypesAndContributionMap":{"txt":{"insertions":3,"deletions":0},"java":{"insertions":575,"deletions":0}}},{"hash":"626e0fb658d4a58630ffadf365541c9a1f7b47c2","messageTitle":"Fix code quality issues","messageBody":"Some method header comments are not in the recommended format, which affects the code quality.\n\nLet\u0027s change these header comments to follow the recommended format.\n\nThe comments follow the format specified by the CS2103T website.\n","tags":["A-FullCommitMessage"],"fileTypesAndContributionMap":{"java":{"insertions":1,"deletions":2}}}]},{"date":"2022-02-14","commitResults":[{"hash":"b50f7fc232e38e2a89e9ddbe98a13e8664c88f77","messageTitle":"Fix bug that causes git to track local storage folder","messageBody":"","fileTypesAndContributionMap":{"txt":{"insertions":0,"deletions":3}}},{"hash":"a5789031919972b43307681f0d8ea5ba5c9c2787","messageTitle":"Fix bug in parsing strings representing deadlines and events in local storage file","messageBody":"Assertion errors are thrown from the factory methods in Deadline and Event classes indicating that the strings representing deadlines and events in the local storage file do not have the correct date and time format. There is a mistake in the assert statement - it assumes that the strings in the local storage follow the format for user input when in fact the user input format and the file format are different. After fixing this mistake, another bug is discovered - the parsing of deadlines and events from the local storage file is incorrect and inadvertently adds an extra white space between the date and time.\n\nTo prevent the assertion error, the incorrect assert statements should first be removed. Then, to ensure that the deadlines and events are parsed correctly from the storage file, the relevant methods in the Deadline and Event classes should be fixed.\n\nLet\u0027s remove the assert statements in the factory methods of Deadline and Event. Let\u0027s also change the methods used to parse the date and time of deadlines and events in the Deadline and Event classes.\n\nThe assert statements in the factory methods of Deadline and Event are temporarily removed until a good method to check if the strings in the local storage file follow the file format is found.\n","fileTypesAndContributionMap":{"java":{"insertions":4,"deletions":8}}},{"hash":"1ffbe96b6fb999da917db7eff909978e32d0c13c","messageTitle":"TaskList class: change the find method to enable better search (partial matching of keywords)","messageBody":"The logic for executing the Find command is inside the find method of the TaskList class. The current find method only returns tasks that match all the inputted keywords. This limits the function of find as users may enter multiple keywords and the number of tasks that contain all those keywords in the inputted order may be few / none.\n\nChanging the find method in the TaskList class to return tasks that match one or more of the keywords instead of all of them increases the number of matching tasks returned.\n\nLet\u0027s change the find method in the TaskList class to add matching tasks for each inputted keyword to the returned string.\n\nReturning the tasks that match one or more keywords improves the search quality and efficiency (users do not have to enter multiple Find commands for each keyword).\n","fileTypesAndContributionMap":{"java":{"insertions":31,"deletions":22}}}]},{"date":"2022-02-16","commitResults":[{"hash":"7c84c13cb017b2e6f87fa8dd7054f3c1eb9e26d2","messageTitle":"Add OOP to code: add a UI manager class","messageBody":"The Main class is in charge of initializing the GUI when the app is launched; there is no clear separation between the logic and ui components of the app.\n\nAdding a Ui class and transferring the code from Main\u0027s start method to this new class and making AnnBot the \"Main\" class in charge of the app\u0027s logic ensures that there is a separation between the logic and ui components of the app.\n\nLet\u0027s add a Ui class which manages the GUI components of the app and convert AnnBot into the Main class by letting it extend Application and implement the start method for launching the app.\n\nIncreasing the code\u0027s OOP makes it easier to maintain the code, as changes to the implementation of the UI will not affect the logic of the app.\n","fileTypesAndContributionMap":{"java":{"insertions":82,"deletions":42}}},{"hash":"50451f3b28e72b20c130f14e7b5e300e6166a121","messageTitle":"Changes to the controllers of the GUI components: allow users to exit the app using the command line interface (CLI)","messageBody":"Currently, users cannot exit from the app using the CLI as there is no method to handle a \"bye\" command in the MainWindow class. The \"bye\" command is handled in a similar way to other commands - a DialogBox containing AnnBot\u0027s response to the command is displayed on the screen.\n\nAdding an method to handle the \"bye\" command in the MainWindow class will allow users to exit the app using the CLI.\n\nLet\u0027s change the MainWindow class to handle the \"bye\" command differently from other commands.\n","fileTypesAndContributionMap":{"java":{"insertions":37,"deletions":9}}},{"hash":"3d931d6793ad0ceabc02819b602ec9800b30d930","messageTitle":"Improve the GUI: make the DialogBox expand to display the full text","messageBody":"","fileTypesAndContributionMap":{"java":{"insertions":2,"deletions":0}}},{"hash":"7d4d810cf15152973731204b8b371f63485af3e2","messageTitle":"Fix bug in handleAdd method of Parser","messageBody":"A one-off error results in a StringIndexOutOfBoundsException being thrown when the user enters an incomplete add command e.g. (add todo).\n\nChanging the number arguments for the substring method called inside the handleAdd method ensures that no exception is thrown.\n\nFuture improvement: getting rid of the magic numbers inside the Parser class and making the code more OOP.\n","fileTypesAndContributionMap":{"java":{"insertions":5,"deletions":9}}}]},{"date":"2022-02-17","commitResults":[{"hash":"8391e2357cb7af4501e58b85075665e8111cf208","messageTitle":"Change Parser class to add more OOP and remove magic values","messageBody":"There is a lot of hard code and code repetition in the Parser class which makes it difficult to change the format of the commands in the future.\n\nRemoving the magic values (numbers and Strings) and creating constants in the Command classes and the Parser class to store these values make it easier to change these values in the future.\n\nLet\u0027s extract the arbitrary values in the code of the Parser class and assign them to constants in the Parser class and the Command classes.\n","fileTypesAndContributionMap":{"java":{"insertions":110,"deletions":67}}},{"hash":"0184b7d652e81c7b32d5ab7d1afee6fbdd2a9fc3","messageTitle":"Add attributes to authors for reused and adapted code","messageBody":"","fileTypesAndContributionMap":{"fxml":{"insertions":2,"deletions":0},"java":{"insertions":17,"deletions":4}}},{"hash":"5ea008ffcdbbfa4000c2dbfc072d368ff1e7d348","messageTitle":"Improve GUI: add welcome message, adjust DialogBox\u0027s text alignment","messageBody":"","fileTypesAndContributionMap":{"fxml":{"insertions":10,"deletions":2},"java":{"insertions":9,"deletions":4}}},{"hash":"bd857768f1f0f23e1274555cde6e7045fa741e6e","messageTitle":"Add a representative screenshot and brief User Guide","messageBody":"","tags":["A-UserGuide"],"fileTypesAndContributionMap":{"md":{"insertions":81,"deletions":16}}},{"hash":"694344f4685ecd6376b658a644b9ff34a595c03d","messageTitle":"Add hyperlinks to easily navigate to sections","messageBody":"","fileTypesAndContributionMap":{"md":{"insertions":13,"deletions":11}}},{"hash":"752c062cc89b2303a9e92074ec68c853cd681d0b","messageTitle":"Fix Checkstyle error in Event class","messageBody":"","fileTypesAndContributionMap":{"java":{"insertions":1,"deletions":1}}},{"hash":"306ef456daf5b1e86bd79bdfea30538b590517e2","messageTitle":"Minor change to file to improve code quality","messageBody":"","tags":["v0.2"],"fileTypesAndContributionMap":{"java":{"insertions":10,"deletions":9}}}]}]},"authorFileTypeContributionMap":{"honganhcs":{"java":1687,"md":82,"fxml":45,"sh":0,"bat":1,"gradle":18,"txt":21}},"authorContributionVariance":{"honganhcs":85689.11},"authorDisplayNameMap":{"honganhcs":"CS2103T-W13-2 NGUY.. ANH"}}
