{"authorDailyContributionsMap":{"fredtwt":[{"date":"2022-01-17","commitResults":[{"hash":"d0e680a371d432e29ca67ecd198ca891698768e2","messageTitle":"Implement Greet, Echo, Exit","messageBody":"","fileTypesAndContributionMap":{"java":{"insertions":62,"deletions":0}}},{"hash":"371f15781fc9c3c115e3096a76dd45f0e49d6dd1","messageTitle":"no message","messageBody":"","fileTypesAndContributionMap":{"txt":{"insertions":0,"deletions":0},"java":{"insertions":0,"deletions":10},"bat":{"insertions":0,"deletions":0},"sh":{"insertions":0,"deletions":0},"md":{"insertions":0,"deletions":0}}},{"hash":"eccdba9198f8f68a44f9a9c22f4a3f879b8ae350","messageTitle":"Revert \"no message\"","messageBody":"This reverts commit 371f15781fc9c3c115e3096a76dd45f0e49d6dd1.\n","fileTypesAndContributionMap":{"txt":{"insertions":0,"deletions":0},"java":{"insertions":10,"deletions":0},"bat":{"insertions":0,"deletions":0},"sh":{"insertions":0,"deletions":0},"md":{"insertions":0,"deletions":0}}},{"hash":"3b3c746c74dfdee3fa256dcfea729df8da71f234","messageTitle":"Level-1: Greet, Echo, Exit","messageBody":"","tags":["Level-1"],"fileTypesAndContributionMap":{"java":{"insertions":27,"deletions":0}}},{"hash":"ca0328541f50bf6ce8ddb6e7705ca31694d8bbb0","messageTitle":"Delete Duke.java","messageBody":"","fileTypesAndContributionMap":{"java":{"insertions":0,"deletions":10}}},{"hash":"12b6124c80cd50653dea985bf0514efd8c2f68e8","messageTitle":"Level-2: Add, List","messageBody":"","tags":["Level-2"],"fileTypesAndContributionMap":{"java":{"insertions":20,"deletions":2}}}]},{"date":"2022-01-18","commitResults":[{"hash":"6fb762808bb55a068a95012ed4a32a1d9116bc17","messageTitle":"A-TextUiTesting","messageBody":"","fileTypesAndContributionMap":{"txt":{"insertions":16,"deletions":0},"bat":{"insertions":21,"deletions":0}}},{"hash":"dbd2ca34a32797f5a6787751bd5b0980e942c401","messageTitle":"push updated ver to main branch","messageBody":"","fileTypesAndContributionMap":{"java":{"insertions":129,"deletions":52},"sh":{"insertions":38,"deletions":0},"md":{"insertions":62,"deletions":0}}},{"hash":"546ac1528a498555776a517abe8b1993140189dc","messageTitle":"updated version","messageBody":"","tags":["A-TextUiTesting"],"fileTypesAndContributionMap":{"txt":{"insertions":16,"deletions":16},"java":{"insertions":45,"deletions":90},"bat":{"insertions":2,"deletions":23},"sh":{"insertions":0,"deletions":38},"md":{"insertions":0,"deletions":62}}},{"hash":"552c8d3790663c363583ef2472e3fdce209e38df","messageTitle":"Level-5: Handle Errors","messageBody":"","tags":["Level-5"],"fileTypesAndContributionMap":{"java":{"insertions":144,"deletions":50}}},{"hash":"7991152f7a4d33b5f4418f10c4356136fb92b021","messageTitle":"Level-6 completed","messageBody":"","fileTypesAndContributionMap":{"java":{"insertions":93,"deletions":15}}},{"hash":"563739c60919b009270b0c77726281a5bdd7aa14","messageTitle":"Level 6 completed, test cases not updated yet","messageBody":"","fileTypesAndContributionMap":{"java":{"insertions":6,"deletions":5}}}]},{"date":"2022-01-19","commitResults":[{"hash":"13c7a577d2c3b3dc773ac007beaaa35220a18d4a","messageTitle":"Level-6 with test cases completed","messageBody":"","tags":["Level-6"],"fileTypesAndContributionMap":{"txt":{"insertions":13,"deletions":1},"java":{"insertions":7,"deletions":29}}}]},{"date":"2022-01-20","commitResults":[{"hash":"8c8629e5b0e1baea7235cf41d89813367482e3e3","messageTitle":"Enum class added","messageBody":"","fileTypesAndContributionMap":{"java":{"insertions":47,"deletions":31}}},{"hash":"2cbdca7a254ac0cfcfc49cca6d1be6f71fa53a42","messageTitle":"Enums applied","messageBody":"","tags":["A-Enums"],"fileTypesAndContributionMap":{"java":{"insertions":8,"deletions":4}}}]},{"date":"2022-01-23","commitResults":[{"hash":"c99fe6e0e95f57ea213574a55b05874119e192fa","messageTitle":"Add Enum class","messageBody":"","fileTypesAndContributionMap":{"java":{"insertions":213,"deletions":218}}},{"hash":"679164e993fcf2282791f1575ab6989a284d7719","messageTitle":"Update README.md details","messageBody":"","fileTypesAndContributionMap":{"md":{"insertions":23,"deletions":12}}}]},{"date":"2022-01-24","commitResults":[{"hash":"17438232e40e1513d70669603044d56df1cd5d70","messageTitle":"Level-7 work in progress","messageBody":"","fileTypesAndContributionMap":{"txt":{"insertions":1,"deletions":0},"java":{"insertions":110,"deletions":46},"md":{"insertions":27,"deletions":5}}},{"hash":"d8746887244a5e0dd4d2939e1d9e8d212a8c0f87","messageTitle":"Add save to hard disk feature","messageBody":"","tags":["Level-7"],"fileTypesAndContributionMap":{"txt":{"insertions":0,"deletions":1},"java":{"insertions":85,"deletions":59},"md":{"insertions":1,"deletions":11}}},{"hash":"6bd758be25557fd449db11d44f720b69427f4ef9","messageTitle":"Add dates and times features to Doge","messageBody":"","fileTypesAndContributionMap":{"txt":{"insertions":0,"deletions":1},"java":{"insertions":55,"deletions":21},"md":{"insertions":19,"deletions":17}}},{"hash":"f95963db285ef1a49b1bc3955e8de9ab48093d5e","messageTitle":"Add Dates and Times to Deadline.java and Event.java","messageBody":"","fileTypesAndContributionMap":{"java":{"insertions":2,"deletions":4}}},{"hash":"1c5459fdf4a0e0855bc262f57d0cd4c85f991664","messageTitle":"Fix task messages","messageBody":"","fileTypesAndContributionMap":{"java":{"insertions":3,"deletions":8},"md":{"insertions":0,"deletions":1}}},{"hash":"a81147c1e32b517a792d0167c9edf938158556ff","messageTitle":".","messageBody":"","fileTypesAndContributionMap":{"java":{"insertions":51,"deletions":41}}},{"hash":"6132dfc0e7784834ff73b175083ca7af05781f02","messageTitle":"Add Dates/Times exception handlers","messageBody":"","fileTypesAndContributionMap":{"txt":{"insertions":2,"deletions":0},"java":{"insertions":40,"deletions":30}}}]},{"date":"2022-01-25","commitResults":[{"hash":"24802af5a1e93d1d0e38813ef6a7c62577ca30f1","messageTitle":"Add Date/Time feature, List method can now list tasks within a specific duration","messageBody":"","fileTypesAndContributionMap":{"txt":{"insertions":3,"deletions":1},"java":{"insertions":92,"deletions":10},"md":{"insertions":6,"deletions":12}}},{"hash":"a843551a7b69bcae75bf46e51582b6f3d62958a3","messageTitle":"Add Date/Time feature, List method can now list tasks within a specific duration","messageBody":"","fileTypesAndContributionMap":{"java":{"insertions":1,"deletions":1}}},{"hash":"1c4af7df95aaafb3785eb1d52dc151ac69045038","messageTitle":"Add Date/Time feature, List method can now list tasks within a specific duration","messageBody":"","fileTypesAndContributionMap":{"md":{"insertions":19,"deletions":17}}},{"hash":"b738a3e190016eb2fa62f53e4562f772b2bcbe0a","messageTitle":"Fix numbering when listing task","messageBody":"","fileTypesAndContributionMap":{"bat":{"insertions":2,"deletions":2}}},{"hash":"15b55f5b698130f0848061bc68062061ce99993f","messageTitle":"Fix numbering when listing task","messageBody":"","fileTypesAndContributionMap":{"java":{"insertions":5,"deletions":2}}}]},{"date":"2022-01-26","commitResults":[{"hash":"0f7fef10bfcf73e3d8625196cabf4bf3f7c0e6ba","messageTitle":"Implement OOP to Doge","messageBody":"","tags":["A-MoreOOP"],"fileTypesAndContributionMap":{"txt":{"insertions":4,"deletions":3},"java":{"insertions":566,"deletions":373}}}]},{"date":"2022-01-27","commitResults":[{"hash":"65494d96082427f115d49839a2ff9c5e8bcd25e3","messageTitle":"Separate classes into packages","messageBody":"","tags":["A-Packages"],"fileTypesAndContributionMap":{"java":{"insertions":140,"deletions":40},"bat":{"insertions":2,"deletions":2},"md":{"insertions":6,"deletions":6}}},{"hash":"e48753320b948afdff70ea6a4fef81d54ab2cbcb","messageTitle":"Add DeadlineException.java EventException.java ListTaskDueException.java TodoException","messageBody":"","fileTypesAndContributionMap":{"java":{"insertions":75,"deletions":16}}},{"hash":"88a4fa26717dd9579d14c48653d2582609b5e487","messageTitle":"Add JUnit Tests for Deadline and Parser","messageBody":"","tags":["v1.0","A-JUnit"],"fileTypesAndContributionMap":{"java":{"insertions":101,"deletions":1}}},{"hash":"5f2dabc1b7ec02423c086eeb059eed7e3ee5807d","messageTitle":"Add JavaDocs","messageBody":"","fileTypesAndContributionMap":{"java":{"insertions":13,"deletions":0}}},{"hash":"1cef15e8beda4313745e1efaf821d84dc63738e0","messageTitle":"Add JavaDoc","messageBody":"","tags":["A-JavaDoc","A-CodingStandard"],"fileTypesAndContributionMap":{"java":{"insertions":247,"deletions":7}}},{"hash":"5e00b774cc9b7b2eaaf92757fdd0943aece033ea","messageTitle":"Add FindCommand.java","messageBody":"","fileTypesAndContributionMap":{"java":{"insertions":44,"deletions":3}}},{"hash":"c73eee14978c893bc526897abdb30ac528cd4547","messageTitle":"Edit README.md","messageBody":"","fileTypesAndContributionMap":{"md":{"insertions":5,"deletions":5}}}]}]},"authorFileTypeContributionMap":{"fredtwt":{"java":1254,"md":57,"fxml":0,"sh":0,"bat":2,"gradle":0,"txt":33}},"authorContributionVariance":{"fredtwt":122687.766},"authorDisplayNameMap":{"fredtwt":"CS2103T-W11-1 TANG..RICK"}}
