{"authorDailyContributionsMap":{"Ardentsoul":[{"date":"2022-01-14","commitResults":[{"hash":"6781d488b6c6388b9750d6696bd1febbce91af31","messageTitle":"Added a greet, echo, exit function.","messageBody":"","tags":["Level-1"],"fileTypesAndContributionMap":{"java":{"insertions":68,"deletions":6}}},{"hash":"321021b62ecbd68d4c70f09a4517e8ea3b56b173","messageTitle":"Added an add and list function implemented an arraylist to store the task \u0026 created a Task class","messageBody":"","tags":["Level-2"],"fileTypesAndContributionMap":{"java":{"insertions":27,"deletions":1}}},{"hash":"0e73fe8c2f36d254edd7e5ec08ac694b29eb2c62","messageTitle":"Added mark and unmark functions Format changes to Duke.java Added support for checking completion of tasks","messageBody":"","tags":["Level-3"],"fileTypesAndContributionMap":{"java":{"insertions":40,"deletions":7}}}]},{"date":"2022-01-15","commitResults":[{"hash":"6a9a37a68e0ca9488f8cdd3d3120b58544feca25","messageTitle":"Added Deadline, Event and Todo classes","messageBody":"","fileTypesAndContributionMap":{"java":{"insertions":37,"deletions":0}}},{"hash":"0e1e4954a4fc4f5e0dcea054bb06765940ecc859","messageTitle":"Added todo, deadline, event function","messageBody":"","tags":["Level-4"],"fileTypesAndContributionMap":{"java":{"insertions":45,"deletions":12}}},{"hash":"e4a2c0fa3e5084cf2e4f260ea54bddcfa916a676","messageTitle":"Removed mascot","messageBody":"","fileTypesAndContributionMap":{"java":{"insertions":0,"deletions":24}}},{"hash":"40ce9c4cd95126fdcf8030cada9980a3fa4dcc34","messageTitle":"Testing the Automated Text UI Testing","messageBody":"","tags":["A-TextUiTesting"],"fileTypesAndContributionMap":{"txt":{"insertions":2,"deletions":0}}},{"hash":"4eaa7425c2567fb71bb9e55ac9caf20aa60f4684","messageTitle":"Updated Text-ui-test","messageBody":"","fileTypesAndContributionMap":{"txt":{"insertions":2,"deletions":2}}},{"hash":"5ad7706c3675d72f1c7f78babcd1ab2930130c6f","messageTitle":"Added 4 Exception classes Updated Duke.java to catch errors","messageBody":"","tags":["Level-5"],"fileTypesAndContributionMap":{"java":{"insertions":109,"deletions":70}}},{"hash":"fed5b5f9cb4fca4e05552fba6fed781f1e47c01c","messageTitle":"test cases for Level-5","messageBody":"","fileTypesAndContributionMap":{"txt":{"insertions":9,"deletions":1}}},{"hash":"96ccc5669b9454b661ac499681ffc8da44211ca9","messageTitle":"Created several methods for encapsulation Added a delete function","messageBody":"","fileTypesAndContributionMap":{"java":{"insertions":56,"deletions":33}}},{"hash":"761c625f1ed7fa7d6590b14f3b20ebdaf5547648","messageTitle":"test cases for level-6","messageBody":"","fileTypesAndContributionMap":{"txt":{"insertions":12,"deletions":5}}},{"hash":"0a1decdf9a6480a7dc2c7e72880f39b3cb17ae7e","messageTitle":"Encapsulated the list() function","messageBody":"","fileTypesAndContributionMap":{"java":{"insertions":10,"deletions":6}}},{"hash":"aa8b092e6b4bf234b67c6fe9508b165da261288b","messageTitle":"Renamed list() to printList() Grammar changes","messageBody":"","fileTypesAndContributionMap":{"java":{"insertions":3,"deletions":3}}}]},{"date":"2022-01-17","commitResults":[{"hash":"68fe8d353f3b315029958b72c1cab98168fda1aa","messageTitle":"Handled 1 more exception \u0026 text changes","messageBody":"Deadline and Event function catches error when there is no space after by/at.\nChanged some String outputs to suit among us theme.\n","tags":["Level-6"],"fileTypesAndContributionMap":{"java":{"insertions":24,"deletions":16}}}]},{"date":"2022-01-21","commitResults":[{"hash":"fbe4325e82068031b371e11feeb0849d6fbd0cef","messageTitle":"Add Javadocs to Duke.java","messageBody":"There were no descriptions to the methods in Duke.java\n\nAdding the Javadocs allows us to better understand what the methods\nare meant to do.\n","fileTypesAndContributionMap":{"java":{"insertions":37,"deletions":2}}}]},{"date":"2022-01-22","commitResults":[{"hash":"0b5d72200bf93c559a29d4f7a94113ad344e592e","messageTitle":"Complete Level-7","messageBody":"Added a auto save function\n","fileTypesAndContributionMap":{"java":{"insertions":216,"deletions":79}}},{"hash":"6ae79fa7db71a4bf78bcdb96000f8160d7b5cdd4","messageTitle":"Update Level-7","messageBody":"Changed method name from readTxtFile() to readTextFile()\n","fileTypesAndContributionMap":{"java":{"insertions":3,"deletions":2}}},{"hash":"a9ea7cd050ca5288468f4df12ac5b1b06658d9b3","messageTitle":"Update Level-7","messageBody":"Edited message in error handling for txt not found\n","fileTypesAndContributionMap":{"java":{"insertions":1,"deletions":1}}},{"hash":"d804a9deebb19dc4a32090076f8c40b13d1d91ff","messageTitle":"Update Level-7","messageBody":"Updated the error messages if the directory or txt is not found\n","tags":["Level-7"],"fileTypesAndContributionMap":{"java":{"insertions":2,"deletions":2}}},{"hash":"ddc396160e016e94ecd4d8b04ae50ff863a5c638","messageTitle":"Complete Level-8","messageBody":"A formatDateTime method was added to take a String input, parse it,\nand output the date in a readable format. This is applicable to\ndeadline and event commands.\n","tags":["Level-8"],"fileTypesAndContributionMap":{"java":{"insertions":26,"deletions":2}}}]},{"date":"2022-01-23","commitResults":[{"hash":"3b15613cbb5fbd2476e91d0ad3be45c6df04ad94","messageTitle":"Add temporary classes","messageBody":"This is just for saving a copy\n","fileTypesAndContributionMap":{"java":{"insertions":482,"deletions":3}}},{"hash":"32efe750608ba723497a07377d32260ba12cb43e","messageTitle":"Update partially correct Duke and Fix several bugs","messageBody":"Currently updating OOP and included creation of directory and file\nif they do not exist. Also made it OS-independent.\n","fileTypesAndContributionMap":{"java":{"insertions":51,"deletions":364}}},{"hash":"33502625b15f6289839f764709c727d9064d0a9e","messageTitle":"Update A-MoreOOP","messageBody":"Restructured the original code to be more OOP. Fixed Level-7 \u0026\nLevel-8 at the same time.\n","fileTypesAndContributionMap":{"java":{"insertions":36,"deletions":35}}},{"hash":"5ea031b2ece4e75f773ed187e83897bd96a2e15a","messageTitle":"Update A-MoreOOP","messageBody":"The directory and txt file names have been changed to be\nmore specific instead of \u0027/data/tasks.txt\u0027.\n","tags":["A-MoreOOP"],"fileTypesAndContributionMap":{"java":{"insertions":8,"deletions":4}}},{"hash":"0d03657876d5a8465ad3ce1d031786158a496e8b","messageTitle":"Update A-Packages","messageBody":"Divided the classes in to 5 packages.\n","tags":["A-Packages"],"fileTypesAndContributionMap":{"java":{"insertions":97,"deletions":16},"bat":{"insertions":1,"deletions":1},"md":{"insertions":2,"deletions":2}}},{"hash":"aa8331aa5da75e8b29d132b6956a0d3861ed88a1","messageTitle":"Update Level-8 and A-MoreOOP","messageBody":"Deadline and Event classes take in LocalDate and Local Time.\nRestructured the read and write of the txt file.\n","fileTypesAndContributionMap":{"java":{"insertions":114,"deletions":33}}},{"hash":"46cb87a7a6b5714025b21d6bbaf2128ac6346a4e","messageTitle":"Add A-JUnit tests for Parser and Task","messageBody":"Applied Gradle to test own testcases.\n\nChecked for String conversion of all 3 types of tasks, isExit(),\nand exception thrown when input date/time is wrong\n","tags":["A-Jar","A-JUnit"],"fileTypesAndContributionMap":{"java":{"insertions":75,"deletions":23}}},{"hash":"442d8e4ec7368007e49fbd45ab5916f7eaec99b9","messageTitle":"Implement a find feature to Duke","messageBody":"A find function has been added. This is will search for words\nthat contain the keyword in each Task.\n","tags":["Level-9"],"fileTypesAndContributionMap":{"java":{"insertions":49,"deletions":10}}}]},{"date":"2022-01-24","commitResults":[{"hash":"e9085f604d31a1acdb3d2d34ae7f737a63696450","messageTitle":"Update A-JavaDoc partially","messageBody":"Half of the JavaDoc is complete.\n","fileTypesAndContributionMap":{"java":{"insertions":224,"deletions":13}}},{"hash":"c7556ece6a7633a4fcb2ec91f298a72b9f9d1103","messageTitle":"Update A-JavaDoc fully","messageBody":"Added all JavaDocs to all methods currently implemented.\n","tags":["A-JavaDoc"],"fileTypesAndContributionMap":{"java":{"insertions":154,"deletions":0}}},{"hash":"7619d10c076ef4ee0f9c56b983f0c3244fbf3ded","messageTitle":"Update A-CodingStandard","messageBody":"Changed some code to fit the coding standard.\n","tags":["A-CodingStandard"],"fileTypesAndContributionMap":{"java":{"insertions":15,"deletions":26}}},{"hash":"acc51fd0c0464346dfd0b1cdf60cbf60823eb582","messageTitle":"Update Javadocs for Find feature","messageBody":"Added in JavaDocs for find method and prints a message when\nnothing is keyed after \"find\".\nEdited a few comments in Parser.java.\n","fileTypesAndContributionMap":{"java":{"insertions":46,"deletions":15}}},{"hash":"720d20566a071a388def7bf954b7990bc5aded38","messageTitle":"Update A-CodingStandard","messageBody":"Updated coding standard for imports in Parser class.\n","fileTypesAndContributionMap":{"java":{"insertions":8,"deletions":1}}}]},{"date":"2022-01-27","commitResults":[{"hash":"597b0e0f9a523d9e7d3da64c8c884e1e0671d063","messageTitle":"Update A-CodingStandard","messageBody":"Changed Parse to Parses in header comments for parse method.\n","fileTypesAndContributionMap":{"java":{"insertions":1,"deletions":1}}},{"hash":"fc129ba169ac5977e91eafd9c0affa4ada981a95","messageTitle":"Update A-CodingStandards","messageBody":"Encapsulated the logic of mark, unmark, todo, deadline and event\ninto methods.\n","fileTypesAndContributionMap":{"java":{"insertions":104,"deletions":68}}}]}]},"authorFileTypeContributionMap":{"Ardentsoul":{"java":1302,"md":2,"fxml":0,"sh":0,"bat":1,"gradle":0,"txt":17}},"authorContributionVariance":{"Ardentsoul":136476.66},"authorDisplayNameMap":{"Ardentsoul":"CS2103T-T09-3 ZACH..CHAN"}}
