{"authorDailyContributionsMap":{"flairekq":[{"date":"2022-01-19","commitResults":[{"hash":"9f8f715c13ef951076b5c126b6d0389246367dd1","messageTitle":"Update Duke.java","messageBody":"Update Duke.java to greet, echo and exit when the user types bye. ","tags":["Level-1"],"fileTypesAndContributionMap":{"java":{"insertions":32,"deletions":6}}},{"hash":"619443bbbf306e31b90339c6422bc213d2b94f64","messageTitle":"Update Duke.java","messageBody":"Update Duke.java to add the texts entered by the user and display them back to the user when requested (list). ","tags":["Level-2"],"fileTypesAndContributionMap":{"java":{"insertions":16,"deletions":9}}},{"hash":"ea01b34ed5367c0473077a7f4e86f8d154214eb5","messageTitle":"Add Task.java and update Duke.java","messageBody":"Add Task.java to represent tasks.\nUpdate Duke.java to have the ability to mark tasks as done and not done. ","tags":["Level-3"],"fileTypesAndContributionMap":{"java":{"insertions":48,"deletions":6}}},{"hash":"642dfd727b3ade6e66cc4a667527f6cc71f23999","messageTitle":"Add Deadline.java, Event.java, Todo.java and update Duke.java","messageBody":"Update Duke.java to support the tracking of 3 types of tasks: ToDos, Deadlines \u0026 Events.\nAdd Deadline.java, Event.java, Todo.java to use inheritance to support multiple task types","tags":["Level-4"],"fileTypesAndContributionMap":{"java":{"insertions":74,"deletions":8}}},{"hash":"d5f332f0da1ca69eaee8c7bf10581d0aaf5a88ce","messageTitle":"Update Duke.java, EXPECTED.TXT and input.txt","messageBody":"Update Duke.java - Removed additional spacing at the printMsg of addTask()\nUpdate input.txt and EXPECTED.TXT to test with the latest features of Duke.java\n","tags":["A-TextUiTesting"],"fileTypesAndContributionMap":{"txt":{"insertions":11,"deletions":0},"java":{"insertions":1,"deletions":1}}},{"hash":"9164e9bd44a378e6d783628387934a1081aafb68","messageTitle":"Update Duke.java","messageBody":"Update Duke.java to handle input errors","tags":["Level-5"],"fileTypesAndContributionMap":{"java":{"insertions":61,"deletions":20}}}]}]},"authorFileTypeContributionMap":{"flairekq":{"java":187,"md":0,"fxml":0,"sh":0,"bat":0,"gradle":0,"txt":11}},"authorContributionVariance":{"flairekq":11923.473},"authorDisplayNameMap":{"flairekq":"YONG..I QI"}}
