{"authorDailyContributionsMap":{"flairekq":[{"date":"2022-01-19","commitResults":[{"hash":"9f8f715c13ef951076b5c126b6d0389246367dd1","messageTitle":"Update Duke.java","messageBody":"Update Duke.java to greet, echo and exit when the user types bye. ","tags":["Level-1"],"fileTypesAndContributionMap":{"java":{"insertions":32,"deletions":6}}},{"hash":"619443bbbf306e31b90339c6422bc213d2b94f64","messageTitle":"Update Duke.java","messageBody":"Update Duke.java to add the texts entered by the user and display them back to the user when requested (list). ","tags":["Level-2"],"fileTypesAndContributionMap":{"java":{"insertions":16,"deletions":9}}},{"hash":"ea01b34ed5367c0473077a7f4e86f8d154214eb5","messageTitle":"Add Task.java and update Duke.java","messageBody":"Add Task.java to represent tasks.\nUpdate Duke.java to have the ability to mark tasks as done and not done. ","tags":["Level-3"],"fileTypesAndContributionMap":{"java":{"insertions":48,"deletions":6}}},{"hash":"642dfd727b3ade6e66cc4a667527f6cc71f23999","messageTitle":"Add Deadline.java, Event.java, Todo.java and update Duke.java","messageBody":"Update Duke.java to support the tracking of 3 types of tasks: ToDos, Deadlines \u0026 Events.\nAdd Deadline.java, Event.java, Todo.java to use inheritance to support multiple task types","tags":["Level-4"],"fileTypesAndContributionMap":{"java":{"insertions":74,"deletions":8}}},{"hash":"d5f332f0da1ca69eaee8c7bf10581d0aaf5a88ce","messageTitle":"Update Duke.java, EXPECTED.TXT and input.txt","messageBody":"Update Duke.java - Removed additional spacing at the printMsg of addTask()\nUpdate input.txt and EXPECTED.TXT to test with the latest features of Duke.java\n","tags":["A-TextUiTesting"],"fileTypesAndContributionMap":{"txt":{"insertions":11,"deletions":0},"java":{"insertions":1,"deletions":1}}},{"hash":"9164e9bd44a378e6d783628387934a1081aafb68","messageTitle":"Update Duke.java","messageBody":"Update Duke.java to handle input errors","tags":["Level-5"],"fileTypesAndContributionMap":{"java":{"insertions":61,"deletions":20}}},{"hash":"cb3cce3eaae3f516873be5956eb688f4c1b43498","messageTitle":"Update Duke.java","messageBody":"Update Duke.java to delete tasks from list of tasks","tags":["Level-6"],"fileTypesAndContributionMap":{"java":{"insertions":23,"deletions":3}}}]},{"date":"2022-01-20","commitResults":[{"hash":"e9cbfcc6b5af8aa0ae0dbb377ab113fcca4dbd44","messageTitle":"Add DukeException.java and update Duke.java","messageBody":"Add DukeException.java to have a custom Exception class to handle the invalid inputs.\nUpdate Duke.java to utilize DukeException","fileTypesAndContributionMap":{"java":{"insertions":99,"deletions":64}}}]},{"date":"2022-01-23","commitResults":[{"hash":"2eac044b20525fa57626d2cf3e62440df677d78c","messageTitle":"Update bot to have save and load feature","messageBody":"- Loads the data from the hard disk (\"data/duke.txt\") when the bot starts up.\n- Update the hard disk (\"data/duke.txt\") whenever the task list changes ","fileTypesAndContributionMap":{"txt":{"insertions":4,"deletions":0},"java":{"insertions":210,"deletions":74}}}]},{"date":"2022-01-24","commitResults":[{"hash":"62a1664a08f56d4bc0214f290e61b0b132b4eb75","messageTitle":"Update bot to understand dates","messageBody":"Deadline class now stores the property by as java.time.LocalDate. It prints out the date stored in the format of MMM dd yyyy","fileTypesAndContributionMap":{"java":{"insertions":6,"deletions":3}}},{"hash":"a1f45d0e3dc24d91b52db0027cdfeaae582bb3d3","messageTitle":"Update the save format of Deadline","messageBody":"Update the save format of Deadline to print out the property by (LocalDate) in MMM dd yyyy format","fileTypesAndContributionMap":{"txt":{"insertions":1,"deletions":1},"java":{"insertions":1,"deletions":1}}},{"hash":"1515ea56001f632194fe48d7b20b5c95f71b7dc8","messageTitle":"Make the code more OOP and update the save format of Deadline","messageBody":"Extracted the following classes:\nUi: deals with interactions with the user\nStorage: deals with loading tasks from the file and saving tasks in the file\nParser: deals with making sense of the user command\nTaskList: contains the task list and operations to manipulate the list\nCommand: AddCommand, DeleteCommand, ListCommand, ExitCommand, UpdateCommand that inherit from an abstract Command class to write the main logic of the App\n\nUpdate the save format of Deadline to remove the formatting of property \"by\" ","tags":["A-MoreOOP"],"fileTypesAndContributionMap":{"txt":{"insertions":2,"deletions":0},"java":{"insertions":343,"deletions":194}}},{"hash":"6434139869a35ac8ec24fda19d60dcf8eab44f97","messageTitle":"Organize into Packages","messageBody":"Divide classes into packages\ncommand:  AddCommand, Command, DeleteCommand, ExitCommand, ListCommand, UpdateCommand\nduke: Duke, DukeException, Parser, Storage, Ui\ntask: Deadline, Event, Task, TaskList, Todo\n","tags":["A-Packages"],"fileTypesAndContributionMap":{"txt":{"insertions":1,"deletions":1},"java":{"insertions":95,"deletions":15},"bat":{"insertions":1,"deletions":1},"md":{"insertions":2,"deletions":2}}},{"hash":"4c959f62f1c98a76ad5ea2e204e5c561c8862117","messageTitle":"Add JUnit tests","messageBody":"Add Junit tests to test the behavior of the following classes\u0027 codes:\n- Deadline\n- Event\n- Todo","tags":["A-JUnit"],"fileTypesAndContributionMap":{"java":{"insertions":60,"deletions":0}}},{"hash":"a7c900c64e5f0a281207b9d53d7b907260d07a50","messageTitle":"Update Storage to create text file to save tasks if it does not exist","messageBody":"","tags":["A-Jar"],"fileTypesAndContributionMap":{"java":{"insertions":10,"deletions":1}}}]},{"date":"2022-01-25","commitResults":[{"hash":"6d1a7241d99070dec19512e56cc774516dd8e2d7","messageTitle":"Add JavaDoc comments","messageBody":"","fileTypesAndContributionMap":{"java":{"insertions":163,"deletions":22}}},{"hash":"431e146f16bb862240ab1fb083ff7a3ddf198526","messageTitle":"Follow the Coding Standard","messageBody":"","fileTypesAndContributionMap":{"java":{"insertions":9,"deletions":1}}},{"hash":"f91c4efc835522d0db5258fdf6fa25e01dada4e6","messageTitle":"Update bot to find matching tasks based on the search keyword","messageBody":"","fileTypesAndContributionMap":{"java":{"insertions":71,"deletions":10}}},{"hash":"392aa8360c1bf587f7bbe5ce228d4e1b3bbbf214","messageTitle":"Remove unused import statement","messageBody":"","fileTypesAndContributionMap":{"java":{"insertions":0,"deletions":2}}}]},{"date":"2022-02-01","commitResults":[{"hash":"7eb5cc20ca15ec3b6040ccdd5b75e6d6faaf850a","messageTitle":"Use Gradle","messageBody":"Set up gradle to build and run Duke using gradle and also run unit tests","tags":["A-Gradle"],"fileTypesAndContributionMap":{"gradle":{"insertions":9,"deletions":1}}},{"hash":"35c68a33fdd2ac2a044067984bdbe17796ba4ebf","messageTitle":"Use CheckStyle","messageBody":"Use checkStyle to detect coding style violations and corrected based on it","tags":["A-CheckStyle"],"fileTypesAndContributionMap":{"java":{"insertions":38,"deletions":27}}},{"hash":"f10ba822d4590b9febc61f28bd02c68a37c0e861","messageTitle":"Add GUI","messageBody":"Add a GUI to Ruby using JavaFX technology. ","tags":["Level-10"],"fileTypesAndContributionMap":{"gradle":{"insertions":14,"deletions":0},"txt":{"insertions":1,"deletions":1},"fxml":{"insertions":35,"deletions":0},"java":{"insertions":279,"deletions":31}}}]},{"date":"2022-02-04","commitResults":[{"hash":"4fae798af474e497fcbeb2713e7c63fb313ef8be","messageTitle":"Fix null error when loading fxml","messageBody":"","fileTypesAndContributionMap":{"txt":{"insertions":1,"deletions":1},"fxml":{"insertions":1,"deletions":1}}}]},{"date":"2022-02-06","commitResults":[{"hash":"62baad55b8adc1bc7691449bf2c136c5a8cc32da","messageTitle":"Add linespace to Duke.java","messageBody":"","fileTypesAndContributionMap":{"java":{"insertions":1,"deletions":0}}}]},{"date":"2022-02-09","commitResults":[{"hash":"a964f33ffb7ebd42ed8f3d2f18a7768c39c8a469","messageTitle":"Update gradle file and generate jar file","messageBody":"Update gradle file to change the mainClassName to duke.Launcher as it is the class that launches the program.\n\nGenerate jar file to have a new jar file that is able to run the program with the latest GUI feature ","tags":["A-FullCommitMessage"],"fileTypesAndContributionMap":{"gradle":{"insertions":1,"deletions":1},"java":{"insertions":9,"deletions":9}}},{"hash":"a59896bff466c274df896f092a6b8c009a93249d","messageTitle":"Use assertions","messageBody":"Use assert feature (not JUnit assertions) to document important assumptions that should hold at various points in the code","fileTypesAndContributionMap":{"txt":{"insertions":1,"deletions":1},"java":{"insertions":3,"deletions":1}}},{"hash":"523f9a15b1c68341c4518bf6095416ee6d1a31e6","messageTitle":"Improve Code Quality","messageBody":"Refactor codes to improve the code quality where necessary.","fileTypesAndContributionMap":{"java":{"insertions":24,"deletions":48}}},{"hash":"b55dc1b8d6eb327c9952db148951c1b03e726452","messageTitle":"Sort tasks managed by the App","messageBody":"Implement sorting of the tasks by type of tasks where Deadline comes first, followed by Event, followed by Todo. \n\nFor Deadline:\n* sort by due date \n* sort by description in ascending order\n\nFor Event \u0026 Todo: \n* sort by description in ascending order","tags":["BCD-Extension"],"fileTypesAndContributionMap":{"txt":{"insertions":1,"deletions":0},"java":{"insertions":55,"deletions":4}}}]},{"date":"2022-02-14","commitResults":[{"hash":"86254e59cefb651178b97946d1879df3fca285a4","messageTitle":"Improve the GUI","messageBody":"Tweak padding, colors and background image of the dialog container to make the GUI more pleasing to look at","tags":["A-BetterGui"],"fileTypesAndContributionMap":{"java":{"insertions":1,"deletions":0}}},{"hash":"74dbace52bd0be17125ce88d77ce46d69f0fe06f","messageTitle":"Fix Storage bug","messageBody":"Fix Storage bug of not adding a new line when storing new task.","fileTypesAndContributionMap":{"java":{"insertions":5,"deletions":5}}},{"hash":"0d9f3c2f2fdf0fee8985c47b346fd880a9fde9b1","messageTitle":"Add a User Guide","messageBody":"","tags":["A-UserGuide","A-Release"],"fileTypesAndContributionMap":{"txt":{"insertions":7,"deletions":1},"md":{"insertions":122,"deletions":10}}}]},{"date":"2022-02-15","commitResults":[{"hash":"6e066e603fe114cfec21938a6f15f85e37cecf82","messageTitle":"Update javadocs comments","messageBody":"","fileTypesAndContributionMap":{"java":{"insertions":131,"deletions":6}}}]},{"date":"2022-02-17","commitResults":[{"hash":"c60cdcd4df03a501bb376bae8b50d7feb8e4004f","messageTitle":"Fix Storage bug and add exit app","messageBody":"Fix Storage bug of adding inconsistent amount of new lines to the data.txt\n\nExits app after 3 seconds from user giving a command of \"bye\" ","fileTypesAndContributionMap":{"txt":{"insertions":3,"deletions":12},"java":{"insertions":35,"deletions":14}}}]}]},"authorFileTypeContributionMap":{"flairekq":{"java":1318,"md":124,"fxml":35,"sh":0,"bat":1,"gradle":21,"txt":15}},"authorContributionVariance":{"flairekq":25253.678},"authorDisplayNameMap":{"flairekq":"CS2103-F11-3 YONG..I QI"}}
