{"authorDailyContributionsMap":{"tiewweijian":[{"date":"2022-01-16","commitResults":[{"hash":"3e5dcc90a5ce40e2ef272580e06c78257b1c7299","messageTitle":"Level-1","messageBody":"","tags":["Level-1"],"fileTypesAndContributionMap":{"java":{"insertions":29,"deletions":0}}},{"hash":"74afdce953e276b450626dde42094f497c48559b","messageTitle":"Level-2","messageBody":"","tags":["Level-2"],"fileTypesAndContributionMap":{"java":{"insertions":16,"deletions":2}}}]},{"date":"2022-01-17","commitResults":[{"hash":"76bee5f25631c450c4a3708d1869b54516ae622a","messageTitle":"Level-3","messageBody":"","tags":["Level-3"],"fileTypesAndContributionMap":{"java":{"insertions":46,"deletions":10}}}]},{"date":"2022-01-18","commitResults":[{"hash":"d2e6d1cdf1fa14568f69c488f46ece011eb0b4a4","messageTitle":"Level-4","messageBody":"","tags":["Level-4"],"fileTypesAndContributionMap":{"java":{"insertions":95,"deletions":10}}},{"hash":"ac88f6e115e7d07e13c362ed45fa87331be466b1","messageTitle":"Level-4","messageBody":"","fileTypesAndContributionMap":{"java":{"insertions":12,"deletions":2}}},{"hash":"5d1f732fe8dde6bf1dfc5da6a2fcf45ef407c775","messageTitle":"Level-5","messageBody":"","fileTypesAndContributionMap":{"java":{"insertions":58,"deletions":35}}},{"hash":"186cb799faf03d07cd9088425a4edc8ffd0721eb","messageTitle":"A-TextUiTesting","messageBody":"","tags":["A-TextUiTesting"],"fileTypesAndContributionMap":{"txt":{"insertions":13,"deletions":0},"java":{"insertions":4,"deletions":4},"sh":{"insertions":0,"deletions":0}}},{"hash":"8a1f7e2191a7de511a888763039cd42cc6133995","messageTitle":"Level-5","messageBody":"","tags":["Level-5"],"fileTypesAndContributionMap":{"java":{"insertions":2,"deletions":1}}},{"hash":"254404324b7f03c0f67ffa97cddcb1d8e5d4c706","messageTitle":"Level-6","messageBody":"","tags":["Level-6"],"fileTypesAndContributionMap":{"java":{"insertions":60,"deletions":28}}},{"hash":"e096b9f0b518b9977d547fda984b2a3bdbe9a1f3","messageTitle":"A-Enums","messageBody":"","tags":["A-Inheritance","A-Exceptions","A-Enums","A-Collections","A-Classes"],"fileTypesAndContributionMap":{"java":{"insertions":7,"deletions":5}}}]},{"date":"2022-01-26","commitResults":[{"hash":"77a405a7a35ff6e3baa9d87d24617a95176c228e","messageTitle":"Add date and time functionalities","messageBody":"","fileTypesAndContributionMap":{"java":{"insertions":276,"deletions":135}}}]},{"date":"2022-01-28","commitResults":[{"hash":"9e71253fcb7a38c884fc3754817526dcaab30167","messageTitle":"Organise program into different objects","messageBody":"","tags":["A-MoreOOP"],"fileTypesAndContributionMap":{"java":{"insertions":459,"deletions":242}}},{"hash":"06424855a30bb2f4a991aa4868122247e45a8f7e","messageTitle":"Move classes into packages","messageBody":"","tags":["A-Packages"],"fileTypesAndContributionMap":{"java":{"insertions":33,"deletions":3}}},{"hash":"bdb0dd8e83859761d83854c3ac2ebd657bb394d2","messageTitle":"Add test case for tasks","messageBody":"","tags":["A-JUnit"],"fileTypesAndContributionMap":{"java":{"insertions":63,"deletions":9}}}]},{"date":"2022-01-29","commitResults":[{"hash":"28b8b5420fcf50ff867b044ad1301da18294abdf","messageTitle":"Add JavaDoc","messageBody":"","tags":["A-JavaDoc"],"fileTypesAndContributionMap":{"java":{"insertions":304,"deletions":38}}},{"hash":"efc7e2d15658e3830f56fa399db34a9b49dd72d9","messageTitle":"Correct coding standard","messageBody":"","tags":["A-CodingStandard"],"fileTypesAndContributionMap":{"java":{"insertions":50,"deletions":41}}}]},{"date":"2022-01-30","commitResults":[{"hash":"e755135f4041c33b99111fedaf641580f3fb7931","messageTitle":"Create find function in program","messageBody":"","tags":["Level-9"],"fileTypesAndContributionMap":{"java":{"insertions":63,"deletions":0}}},{"hash":"608eef8fa20c42db470da2eb59f80dcdf4005039","messageTitle":"Update TaskList methods","messageBody":"","fileTypesAndContributionMap":{"java":{"insertions":3,"deletions":1}}}]},{"date":"2022-01-31","commitResults":[{"hash":"747b080b4b21956c823f80bdedbb524a71d55c3e","messageTitle":"Add gradle support","messageBody":"","tags":["A-Gradle"],"fileTypesAndContributionMap":{"gradle":{"insertions":3,"deletions":1}}}]},{"date":"2022-02-01","commitResults":[{"hash":"90825a5f771f8a53544e1449e663558b7f3244df","messageTitle":"Add CheckStyle checks","messageBody":"","tags":["A-CheckStyle"],"fileTypesAndContributionMap":{"java":{"insertions":74,"deletions":70}}}]},{"date":"2022-02-03","commitResults":[{"hash":"8f7a72549e3b20d7f672570f0b6abdaa8080ec55","messageTitle":"Add user interface for Duke","messageBody":"","tags":["Level-10"],"fileTypesAndContributionMap":{"gradle":{"insertions":15,"deletions":0},"fxml":{"insertions":35,"deletions":0},"java":{"insertions":336,"deletions":18}}}]},{"date":"2022-02-07","commitResults":[{"hash":"a3a499bf85fd891f0d4ded94c3da2ae5ee940143","messageTitle":"Update start point for project","messageBody":"Project now is starting from the Launcher class.\n\nThis class is redundant as it is possible to move the application start point to another class in the existing project.\n\nLet\u0027s remove the Launcher class, and move the main method into Main class.\n\nUsing this will enable the project to be more streamlined, and the naming conventions more readable.\n","fileTypesAndContributionMap":{"gradle":{"insertions":2,"deletions":2},"java":{"insertions":5,"deletions":30}}},{"hash":"b3e4dbff3d81698c70c7f50eefdc7004a4089a92","messageTitle":"Create assertions at critical parts","messageBody":"Project currently does not have assertion points at various parts of the code. Gradle does not have assertions enabled.\n\nAt runtime, it is difficult to assert which part of the codes are causing\nrun time issue.\n\nLet\u0027s create assertion points at various parts of the code. We will create assertion points at\n* Storage - when data is unable to load up successfully.\n* Main - when window is not able to load successfully.\n* TaskList - when the new object created is not created successfully.\nThis will allow us to check critical portions of the code and understand which\npart of the codes are causing runtime error.\n","tags":["A-FullCommitMessage"],"fileTypesAndContributionMap":{"gradle":{"insertions":1,"deletions":0},"java":{"insertions":70,"deletions":36}}},{"hash":"56feea25f298386767c5a55d5418185bde0a043d","messageTitle":"Improve code quality and checkstyle violations","messageBody":"","fileTypesAndContributionMap":{"java":{"insertions":34,"deletions":78}}},{"hash":"7d513fb1414b288f5d79825bfd9ad15f17fcc60b","messageTitle":"Rectify code style violations","messageBody":"","fileTypesAndContributionMap":{"java":{"insertions":13,"deletions":3}}},{"hash":"f5d443da7bbf8b53f53730d129af94551a757a0d","messageTitle":"Rectify checkstyle violations on test classes","messageBody":"","fileTypesAndContributionMap":{"java":{"insertions":12,"deletions":11}}}]},{"date":"2022-02-08","commitResults":[{"hash":"cbac18c4ff6dd839caf07109ca5e8cafd60a6898","messageTitle":"Create priority tagging system.","messageBody":"Project currently now enables user to add tasks in chronological order.\n\nHowever, different tasks has different level of priority despite having different due\ndates.\n\nLet\u0027s create a priority tagging system to each task. It is indicate with a $ in the data file,\nand users can type $HIGH, $MEDIUM or $LOW to tag their task to the appropriate priority level.\n","tags":["C-Priority","BCD-Extension"],"fileTypesAndContributionMap":{"java":{"insertions":161,"deletions":79}}}]},{"date":"2022-02-15","commitResults":[{"hash":"ba30a6622779e03f8be1539193a9a10f1ea0bdb4","messageTitle":"Improve UI features","messageBody":"","tags":["A-BetterGui"],"fileTypesAndContributionMap":{"fxml":{"insertions":1,"deletions":1},"java":{"insertions":93,"deletions":23}}},{"hash":"5809c0de11b6b0e32139d1b87a33370d303f4dda","messageTitle":"Resolve checkstyle issues","messageBody":"","fileTypesAndContributionMap":{"fxml":{"insertions":2,"deletions":2},"java":{"insertions":15,"deletions":18}}}]},{"date":"2022-02-16","commitResults":[{"hash":"de917c703c687e2e301c124c26b68f019793f9dc","messageTitle":"Update README.md","messageBody":"","tags":["A-UserGuide"],"fileTypesAndContributionMap":{"md":{"insertions":88,"deletions":11}}}]},{"date":"2022-02-17","commitResults":[{"hash":"58a48c7f7cd6d34e2474811017699e4b2591a9a5","messageTitle":"Update acknowledgements","messageBody":"","fileTypesAndContributionMap":{"java":{"insertions":27,"deletions":9},"md":{"insertions":14,"deletions":1}}},{"hash":"7867532913463927963490d377cc53a1769fa3ec","messageTitle":"Resolve coding standard issues","messageBody":"","tags":["A-Release"],"fileTypesAndContributionMap":{"java":{"insertions":116,"deletions":62},"md":{"insertions":1,"deletions":1}}}]}]},"authorFileTypeContributionMap":{"tiewweijian":{"java":1515,"md":95,"fxml":35,"sh":0,"bat":0,"gradle":20,"txt":13}},"authorContributionVariance":{"tiewweijian":32926.684},"authorDisplayNameMap":{"tiewweijian":"CS2103-F11-2 TIEW..JIAN"}}
