[{"path":"src/main/java/Deadline.java","fileType":"java","lines":[{"lineNumber":1,"author":{"gitId":"ivorcmx"},"content":"public class Deadline extends Task {","lastModifiedDate":"2022-01-19"},{"lineNumber":2,"author":{"gitId":"ivorcmx"},"content":"    protected String by;","lastModifiedDate":"2022-01-19"},{"lineNumber":3,"author":{"gitId":"ivorcmx"},"content":"","lastModifiedDate":"2022-01-19"},{"lineNumber":4,"author":{"gitId":"ivorcmx"},"content":"    public Deadline(String description, String by) {","lastModifiedDate":"2022-01-19"},{"lineNumber":5,"author":{"gitId":"ivorcmx"},"content":"        super(description);","lastModifiedDate":"2022-01-19"},{"lineNumber":6,"author":{"gitId":"ivorcmx"},"content":"        this.by \u003d by;","lastModifiedDate":"2022-01-19"},{"lineNumber":7,"author":{"gitId":"ivorcmx"},"content":"    }","lastModifiedDate":"2022-01-19"},{"lineNumber":8,"author":{"gitId":"ivorcmx"},"content":"","lastModifiedDate":"2022-01-19"},{"lineNumber":9,"author":{"gitId":"ivorcmx"},"content":"    public String toString() {","lastModifiedDate":"2022-01-19"},{"lineNumber":10,"author":{"gitId":"ivorcmx"},"content":"        return \"[D]\" + super.toString() + \"(\" + by + \")\";","lastModifiedDate":"2022-01-19"},{"lineNumber":11,"author":{"gitId":"ivorcmx"},"content":"    }","lastModifiedDate":"2022-01-19"},{"lineNumber":12,"author":{"gitId":"ivorcmx"},"content":"}","lastModifiedDate":"2022-01-19"}],"authorContributionMap":{"ivorcmx":12}},{"path":"src/main/java/Duke.java","fileType":"java","lines":[{"lineNumber":1,"author":{"gitId":"ivorcmx"},"content":"import java.util.ArrayList;","lastModifiedDate":"2022-01-19"},{"lineNumber":2,"author":{"gitId":"ivorcmx"},"content":"import java.util.Scanner;","lastModifiedDate":"2022-01-19"},{"lineNumber":3,"author":{"gitId":"ivorcmx"},"content":"","lastModifiedDate":"2022-01-19"},{"lineNumber":4,"author":{"gitId":"-"},"content":"public class Duke {","lastModifiedDate":"2019-07-29"},{"lineNumber":5,"author":{"gitId":"-"},"content":"    public static void main(String[] args) {","lastModifiedDate":"2019-07-29"},{"lineNumber":6,"author":{"gitId":"ivorcmx"},"content":"        System.out.println(\"A very good day to you master, I\u0027m Blue the Genie\");","lastModifiedDate":"2022-01-19"},{"lineNumber":7,"author":{"gitId":"ivorcmx"},"content":"        System.out.println(\"What do you wish for today? Your wish is my command\");","lastModifiedDate":"2022-01-19"},{"lineNumber":8,"author":{"gitId":"ivorcmx"},"content":"        System.out.println(\"*-**-**-**-**-**-**-**-**-**-****-**-****-**-****-**\");","lastModifiedDate":"2022-01-19"},{"lineNumber":9,"author":{"gitId":"ivorcmx"},"content":"        Scanner sc \u003d new Scanner(System.in);","lastModifiedDate":"2022-01-19"},{"lineNumber":10,"author":{"gitId":"ivorcmx"},"content":"        ArrayList\u003cTask\u003e storeList \u003d new ArrayList\u003c\u003e();","lastModifiedDate":"2022-01-19"},{"lineNumber":11,"author":{"gitId":"ivorcmx"},"content":"        while (sc.hasNextLine()) {","lastModifiedDate":"2022-01-19"},{"lineNumber":12,"author":{"gitId":"ivorcmx"},"content":"            String command \u003d sc.nextLine();","lastModifiedDate":"2022-01-19"},{"lineNumber":13,"author":{"gitId":"ivorcmx"},"content":"            if (command.equals(\"bye\")) {","lastModifiedDate":"2022-01-19"},{"lineNumber":14,"author":{"gitId":"ivorcmx"},"content":"                System.out.println(\"Rub my lamp to summon me again\");","lastModifiedDate":"2022-01-19"},{"lineNumber":15,"author":{"gitId":"ivorcmx"},"content":"                System.out.println(\"Good bye for now master\");","lastModifiedDate":"2022-01-19"},{"lineNumber":16,"author":{"gitId":"ivorcmx"},"content":"                System.out.println(\"*-**-**-**-**-**-**-**-**-**-****-**-****-**-****-**\");","lastModifiedDate":"2022-01-19"},{"lineNumber":17,"author":{"gitId":"ivorcmx"},"content":"                break;","lastModifiedDate":"2022-01-19"},{"lineNumber":18,"author":{"gitId":"ivorcmx"},"content":"            } else if (command.equals(\"list\")) {","lastModifiedDate":"2022-01-19"},{"lineNumber":19,"author":{"gitId":"ivorcmx"},"content":"                int sizeOfList \u003d storeList.size();","lastModifiedDate":"2022-01-19"},{"lineNumber":20,"author":{"gitId":"ivorcmx"},"content":"                System.out.println(\"Everything in my blue brain now:\");","lastModifiedDate":"2022-01-19"},{"lineNumber":21,"author":{"gitId":"ivorcmx"},"content":"                for (int i \u003d 1; i \u003c\u003d sizeOfList; i++) {","lastModifiedDate":"2022-01-19"},{"lineNumber":22,"author":{"gitId":"ivorcmx"},"content":"                    Task t \u003d storeList.get(i - 1);","lastModifiedDate":"2022-01-19"},{"lineNumber":23,"author":{"gitId":"ivorcmx"},"content":"                    System.out.println(i + \".\" + t.toString());","lastModifiedDate":"2022-01-19"},{"lineNumber":24,"author":{"gitId":"ivorcmx"},"content":"                }","lastModifiedDate":"2022-01-19"},{"lineNumber":25,"author":{"gitId":"ivorcmx"},"content":"            } else if (command.startsWith(\"mark \")) {","lastModifiedDate":"2022-01-19"},{"lineNumber":26,"author":{"gitId":"ivorcmx"},"content":"                int taskNumber \u003d Integer.parseInt(command.substring(5));","lastModifiedDate":"2022-01-19"},{"lineNumber":27,"author":{"gitId":"ivorcmx"},"content":"                if (taskNumber \u003e storeList.size()) {","lastModifiedDate":"2022-01-19"},{"lineNumber":28,"author":{"gitId":"ivorcmx"},"content":"                    System.out.println(\"Master, you do not have that many tasks, you currently only have \"","lastModifiedDate":"2022-01-19"},{"lineNumber":29,"author":{"gitId":"ivorcmx"},"content":"                                                + storeList.size() + \" tasks. Please wish again\");","lastModifiedDate":"2022-01-19"},{"lineNumber":30,"author":{"gitId":"ivorcmx"},"content":"                    continue;","lastModifiedDate":"2022-01-19"},{"lineNumber":31,"author":{"gitId":"ivorcmx"},"content":"                } else if (taskNumber \u003c\u003d 0) {","lastModifiedDate":"2022-01-19"},{"lineNumber":32,"author":{"gitId":"ivorcmx"},"content":"                    System.out.println(\"Master, I am only a genie. Please choose a number between 1 and \" + storeList.size());","lastModifiedDate":"2022-01-19"},{"lineNumber":33,"author":{"gitId":"ivorcmx"},"content":"                    continue;","lastModifiedDate":"2022-01-19"},{"lineNumber":34,"author":{"gitId":"ivorcmx"},"content":"                } else {","lastModifiedDate":"2022-01-19"},{"lineNumber":35,"author":{"gitId":"ivorcmx"},"content":"                    Task tobeMark \u003d storeList.get(taskNumber - 1);","lastModifiedDate":"2022-01-19"},{"lineNumber":36,"author":{"gitId":"ivorcmx"},"content":"                    tobeMark.setMark();","lastModifiedDate":"2022-01-19"},{"lineNumber":37,"author":{"gitId":"ivorcmx"},"content":"                    System.out.println(\"You could have gotten me to help you. This task has been marked done\");","lastModifiedDate":"2022-01-19"},{"lineNumber":38,"author":{"gitId":"ivorcmx"},"content":"                    System.out.println(tobeMark.toString());","lastModifiedDate":"2022-01-19"},{"lineNumber":39,"author":{"gitId":"ivorcmx"},"content":"                }","lastModifiedDate":"2022-01-19"},{"lineNumber":40,"author":{"gitId":"ivorcmx"},"content":"            } else if (command.startsWith(\"unmark \")) {","lastModifiedDate":"2022-01-19"},{"lineNumber":41,"author":{"gitId":"ivorcmx"},"content":"                int taskNumber1 \u003d Integer.parseInt(command.substring(7));","lastModifiedDate":"2022-01-19"},{"lineNumber":42,"author":{"gitId":"ivorcmx"},"content":"                if (taskNumber1 \u003e storeList.size()) {","lastModifiedDate":"2022-01-19"},{"lineNumber":43,"author":{"gitId":"ivorcmx"},"content":"                    System.out.println(\"Master, you do not have that many tasks, you currently only have \"","lastModifiedDate":"2022-01-19"},{"lineNumber":44,"author":{"gitId":"ivorcmx"},"content":"                            + storeList.size() + \" tasks. Please wish again\");","lastModifiedDate":"2022-01-19"},{"lineNumber":45,"author":{"gitId":"ivorcmx"},"content":"                    continue;","lastModifiedDate":"2022-01-19"},{"lineNumber":46,"author":{"gitId":"ivorcmx"},"content":"                } else if (taskNumber1 \u003c\u003d 0) {","lastModifiedDate":"2022-01-19"},{"lineNumber":47,"author":{"gitId":"ivorcmx"},"content":"                    System.out.println(\"Master, I am only a genie. Please choose a number between 1 and \" + storeList.size());","lastModifiedDate":"2022-01-19"},{"lineNumber":48,"author":{"gitId":"ivorcmx"},"content":"                    continue;","lastModifiedDate":"2022-01-19"},{"lineNumber":49,"author":{"gitId":"ivorcmx"},"content":"                } else {","lastModifiedDate":"2022-01-19"},{"lineNumber":50,"author":{"gitId":"ivorcmx"},"content":"                    Task tobeUnmark \u003d storeList.get(taskNumber1 - 1);","lastModifiedDate":"2022-01-19"},{"lineNumber":51,"author":{"gitId":"ivorcmx"},"content":"                    tobeUnmark.setUnmark();","lastModifiedDate":"2022-01-19"},{"lineNumber":52,"author":{"gitId":"ivorcmx"},"content":"                    System.out.println(\"You probably need more genies to help you. This task has been marked as not done\");","lastModifiedDate":"2022-01-19"},{"lineNumber":53,"author":{"gitId":"ivorcmx"},"content":"                    System.out.println(tobeUnmark.toString());","lastModifiedDate":"2022-01-19"},{"lineNumber":54,"author":{"gitId":"ivorcmx"},"content":"                }","lastModifiedDate":"2022-01-19"},{"lineNumber":55,"author":{"gitId":"ivorcmx"},"content":"            } else if (command.startsWith(\"deadline\")) {","lastModifiedDate":"2022-01-19"},{"lineNumber":56,"author":{"gitId":"ivorcmx"},"content":"                int slash \u003d command.indexOf(\"/\");","lastModifiedDate":"2022-01-19"},{"lineNumber":57,"author":{"gitId":"ivorcmx"},"content":"                if (slash \u003d\u003d -1 || slash \u003c\u003d 9) {","lastModifiedDate":"2022-01-19"},{"lineNumber":58,"author":{"gitId":"ivorcmx"},"content":"                    System.out.println(\"Master, you wished wrongly. Remember you have to wish in this format \" +","lastModifiedDate":"2022-01-19"},{"lineNumber":59,"author":{"gitId":"ivorcmx"},"content":"                            \"deadline task /by dateofdeadline. Please wish again\");","lastModifiedDate":"2022-01-19"},{"lineNumber":60,"author":{"gitId":"ivorcmx"},"content":"                    continue;","lastModifiedDate":"2022-01-19"},{"lineNumber":61,"author":{"gitId":"ivorcmx"},"content":"                } else {","lastModifiedDate":"2022-01-19"},{"lineNumber":62,"author":{"gitId":"ivorcmx"},"content":"                    String newtask \u003d command.substring(9, slash - 1);","lastModifiedDate":"2022-01-19"},{"lineNumber":63,"author":{"gitId":"ivorcmx"},"content":"                    if (newtask.equals(\"\")) {","lastModifiedDate":"2022-01-19"},{"lineNumber":64,"author":{"gitId":"ivorcmx"},"content":"                        System.out.println(\"Master, you wished wrongly. Remember you have to wish in this format \" +","lastModifiedDate":"2022-01-19"},{"lineNumber":65,"author":{"gitId":"ivorcmx"},"content":"                                \"deadline task /by dateofdeadline. Please wish again\");","lastModifiedDate":"2022-01-19"},{"lineNumber":66,"author":{"gitId":"ivorcmx"},"content":"                        continue;","lastModifiedDate":"2022-01-19"},{"lineNumber":67,"author":{"gitId":"ivorcmx"},"content":"                    } else {","lastModifiedDate":"2022-01-19"},{"lineNumber":68,"author":{"gitId":"ivorcmx"},"content":"                        String endtime \u003d command.substring(slash + 1);","lastModifiedDate":"2022-01-19"},{"lineNumber":69,"author":{"gitId":"ivorcmx"},"content":"                        Deadline d \u003d new Deadline(newtask, endtime);","lastModifiedDate":"2022-01-19"},{"lineNumber":70,"author":{"gitId":"ivorcmx"},"content":"                        storeList.add(d);","lastModifiedDate":"2022-01-19"},{"lineNumber":71,"author":{"gitId":"ivorcmx"},"content":"                        System.out.println(\"Added to my brain master:\");","lastModifiedDate":"2022-01-19"},{"lineNumber":72,"author":{"gitId":"ivorcmx"},"content":"                        System.out.println(d.toString());","lastModifiedDate":"2022-01-19"},{"lineNumber":73,"author":{"gitId":"ivorcmx"},"content":"                        System.out.println(\"Currently I have \" + storeList.size() + \" things in my brain\");","lastModifiedDate":"2022-01-19"},{"lineNumber":74,"author":{"gitId":"ivorcmx"},"content":"                    }","lastModifiedDate":"2022-01-19"},{"lineNumber":75,"author":{"gitId":"ivorcmx"},"content":"                }","lastModifiedDate":"2022-01-19"},{"lineNumber":76,"author":{"gitId":"ivorcmx"},"content":"","lastModifiedDate":"2022-01-19"},{"lineNumber":77,"author":{"gitId":"ivorcmx"},"content":"            } else if (command.startsWith(\"todo\")) {","lastModifiedDate":"2022-01-19"},{"lineNumber":78,"author":{"gitId":"ivorcmx"},"content":"                if (command.length() \u003c 5) {","lastModifiedDate":"2022-01-19"},{"lineNumber":79,"author":{"gitId":"ivorcmx"},"content":"                    System.out.println(\"Master, I have all the knowledge in the world but I do not know what you want to do,\" +","lastModifiedDate":"2022-01-19"},{"lineNumber":80,"author":{"gitId":"ivorcmx"},"content":"                            \" Please wish again in the format todo task\");","lastModifiedDate":"2022-01-19"},{"lineNumber":81,"author":{"gitId":"ivorcmx"},"content":"                    continue;","lastModifiedDate":"2022-01-19"},{"lineNumber":82,"author":{"gitId":"ivorcmx"},"content":"                } else {","lastModifiedDate":"2022-01-19"},{"lineNumber":83,"author":{"gitId":"ivorcmx"},"content":"                    String newtask \u003d command.substring(5);","lastModifiedDate":"2022-01-19"},{"lineNumber":84,"author":{"gitId":"ivorcmx"},"content":"                    Todo t \u003d new Todo(newtask);","lastModifiedDate":"2022-01-19"},{"lineNumber":85,"author":{"gitId":"ivorcmx"},"content":"                    storeList.add(t);","lastModifiedDate":"2022-01-19"},{"lineNumber":86,"author":{"gitId":"ivorcmx"},"content":"                    System.out.println(\"Added to my brain master:\");","lastModifiedDate":"2022-01-19"},{"lineNumber":87,"author":{"gitId":"ivorcmx"},"content":"                    System.out.println(t.toString());","lastModifiedDate":"2022-01-19"},{"lineNumber":88,"author":{"gitId":"ivorcmx"},"content":"                    System.out.println(\"Currently I have \" + storeList.size() + \" things in my brain\");","lastModifiedDate":"2022-01-19"},{"lineNumber":89,"author":{"gitId":"ivorcmx"},"content":"                }","lastModifiedDate":"2022-01-19"},{"lineNumber":90,"author":{"gitId":"ivorcmx"},"content":"","lastModifiedDate":"2022-01-19"},{"lineNumber":91,"author":{"gitId":"ivorcmx"},"content":"            } else if (command.startsWith(\"event\")) {","lastModifiedDate":"2022-01-19"},{"lineNumber":92,"author":{"gitId":"ivorcmx"},"content":"                int slash \u003d command.indexOf(\"/\");","lastModifiedDate":"2022-01-19"},{"lineNumber":93,"author":{"gitId":"ivorcmx"},"content":"                if (slash \u003d\u003d -1 || slash \u003c\u003d 6) {","lastModifiedDate":"2022-01-19"},{"lineNumber":94,"author":{"gitId":"ivorcmx"},"content":"                    System.out.println(\"Master, you wished wrongly. Remember you have to wish in this format \" +","lastModifiedDate":"2022-01-19"},{"lineNumber":95,"author":{"gitId":"ivorcmx"},"content":"                            \"deadline task /by dateofevent. Please wish again\");","lastModifiedDate":"2022-01-19"},{"lineNumber":96,"author":{"gitId":"ivorcmx"},"content":"                    continue;","lastModifiedDate":"2022-01-19"},{"lineNumber":97,"author":{"gitId":"ivorcmx"},"content":"                } else {","lastModifiedDate":"2022-01-19"},{"lineNumber":98,"author":{"gitId":"ivorcmx"},"content":"                    String newtask \u003d command.substring(6, slash - 1);","lastModifiedDate":"2022-01-19"},{"lineNumber":99,"author":{"gitId":"ivorcmx"},"content":"                    String attime \u003d command.substring(slash + 1);","lastModifiedDate":"2022-01-19"},{"lineNumber":100,"author":{"gitId":"ivorcmx"},"content":"                    Event e \u003d new Event(newtask, attime);","lastModifiedDate":"2022-01-19"},{"lineNumber":101,"author":{"gitId":"ivorcmx"},"content":"                    storeList.add(e);","lastModifiedDate":"2022-01-19"},{"lineNumber":102,"author":{"gitId":"ivorcmx"},"content":"                    System.out.println(\"Added to my brain master:\");","lastModifiedDate":"2022-01-19"},{"lineNumber":103,"author":{"gitId":"ivorcmx"},"content":"                    System.out.println(e.toString());","lastModifiedDate":"2022-01-19"},{"lineNumber":104,"author":{"gitId":"ivorcmx"},"content":"                    System.out.println(\"Currently I have \" + storeList.size() + \" things in my brain\");","lastModifiedDate":"2022-01-19"},{"lineNumber":105,"author":{"gitId":"ivorcmx"},"content":"                }","lastModifiedDate":"2022-01-19"},{"lineNumber":106,"author":{"gitId":"ivorcmx"},"content":"            } else if (command.startsWith(\"delete\")) {","lastModifiedDate":"2022-01-19"},{"lineNumber":107,"author":{"gitId":"ivorcmx"},"content":"                if (command.length() \u003c\u003d 7) {","lastModifiedDate":"2022-01-19"},{"lineNumber":108,"author":{"gitId":"ivorcmx"},"content":"                    System.out.println(\"Master, you wished wrongly. Remember you have to wish in this format \" +","lastModifiedDate":"2022-01-19"},{"lineNumber":109,"author":{"gitId":"ivorcmx"},"content":"                            \"delete tasknumber. Please wish again\");","lastModifiedDate":"2022-01-19"},{"lineNumber":110,"author":{"gitId":"ivorcmx"},"content":"                    continue;","lastModifiedDate":"2022-01-19"},{"lineNumber":111,"author":{"gitId":"ivorcmx"},"content":"                } else {","lastModifiedDate":"2022-01-19"},{"lineNumber":112,"author":{"gitId":"ivorcmx"},"content":"                    try {","lastModifiedDate":"2022-01-19"},{"lineNumber":113,"author":{"gitId":"ivorcmx"},"content":"                        Task t \u003d storeList.get(Integer.parseInt(command.substring(7)));","lastModifiedDate":"2022-01-19"},{"lineNumber":114,"author":{"gitId":"ivorcmx"},"content":"                        System.out.println(\"Yes master. The task \" + t.toString() + \" has been removed\");","lastModifiedDate":"2022-01-19"},{"lineNumber":115,"author":{"gitId":"ivorcmx"},"content":"                        storeList.remove(Integer.parseInt(command.substring(7)));","lastModifiedDate":"2022-01-19"},{"lineNumber":116,"author":{"gitId":"ivorcmx"},"content":"                        System.out.println(\"Now you have \" + storeList.size() + \" tasks left master\");","lastModifiedDate":"2022-01-19"},{"lineNumber":117,"author":{"gitId":"ivorcmx"},"content":"                    } catch (IndexOutOfBoundsException e) {","lastModifiedDate":"2022-01-19"},{"lineNumber":118,"author":{"gitId":"ivorcmx"},"content":"                        System.out.println(\"Master, you only have \" + storeList.size() + \" tasks now. Please choose another task number\");","lastModifiedDate":"2022-01-19"},{"lineNumber":119,"author":{"gitId":"ivorcmx"},"content":"                    }","lastModifiedDate":"2022-01-19"},{"lineNumber":120,"author":{"gitId":"ivorcmx"},"content":"                }","lastModifiedDate":"2022-01-19"},{"lineNumber":121,"author":{"gitId":"ivorcmx"},"content":"","lastModifiedDate":"2022-01-19"},{"lineNumber":122,"author":{"gitId":"ivorcmx"},"content":"            } else {","lastModifiedDate":"2022-01-19"},{"lineNumber":123,"author":{"gitId":"ivorcmx"},"content":"                System.out.println(\"Master, I have all the knowledge in the world but I do not recognise that command,\" +","lastModifiedDate":"2022-01-19"},{"lineNumber":124,"author":{"gitId":"ivorcmx"},"content":"                        \" Please wish again\");","lastModifiedDate":"2022-01-19"},{"lineNumber":125,"author":{"gitId":"ivorcmx"},"content":"                continue;","lastModifiedDate":"2022-01-19"},{"lineNumber":126,"author":{"gitId":"ivorcmx"},"content":"            }","lastModifiedDate":"2022-01-19"},{"lineNumber":127,"author":{"gitId":"ivorcmx"},"content":"        }","lastModifiedDate":"2022-01-19"},{"lineNumber":128,"author":{"gitId":"ivorcmx"},"content":"        sc.close();","lastModifiedDate":"2022-01-19"},{"lineNumber":129,"author":{"gitId":"ivorcmx"},"content":"","lastModifiedDate":"2022-01-19"},{"lineNumber":130,"author":{"gitId":"-"},"content":"    }","lastModifiedDate":"2019-07-29"},{"lineNumber":131,"author":{"gitId":"-"},"content":"}","lastModifiedDate":"2019-07-29"}],"authorContributionMap":{"ivorcmx":127,"-":4}},{"path":"src/main/java/Event.java","fileType":"java","lines":[{"lineNumber":1,"author":{"gitId":"ivorcmx"},"content":"public class Event extends Task {","lastModifiedDate":"2022-01-19"},{"lineNumber":2,"author":{"gitId":"ivorcmx"},"content":"    protected String at;","lastModifiedDate":"2022-01-19"},{"lineNumber":3,"author":{"gitId":"ivorcmx"},"content":"","lastModifiedDate":"2022-01-19"},{"lineNumber":4,"author":{"gitId":"ivorcmx"},"content":"    public Event(String description, String at) {","lastModifiedDate":"2022-01-19"},{"lineNumber":5,"author":{"gitId":"ivorcmx"},"content":"        super(description);","lastModifiedDate":"2022-01-19"},{"lineNumber":6,"author":{"gitId":"ivorcmx"},"content":"        this.at \u003d at;","lastModifiedDate":"2022-01-19"},{"lineNumber":7,"author":{"gitId":"ivorcmx"},"content":"    }","lastModifiedDate":"2022-01-19"},{"lineNumber":8,"author":{"gitId":"ivorcmx"},"content":"","lastModifiedDate":"2022-01-19"},{"lineNumber":9,"author":{"gitId":"ivorcmx"},"content":"    public String toString() {","lastModifiedDate":"2022-01-19"},{"lineNumber":10,"author":{"gitId":"ivorcmx"},"content":"        return \"[E]\" + super.toString() + \"(\" + at + \")\";","lastModifiedDate":"2022-01-19"},{"lineNumber":11,"author":{"gitId":"ivorcmx"},"content":"    }","lastModifiedDate":"2022-01-19"},{"lineNumber":12,"author":{"gitId":"ivorcmx"},"content":"}","lastModifiedDate":"2022-01-19"}],"authorContributionMap":{"ivorcmx":12}},{"path":"src/main/java/Task.java","fileType":"java","lines":[{"lineNumber":1,"author":{"gitId":"ivorcmx"},"content":"public class Task {","lastModifiedDate":"2022-01-19"},{"lineNumber":2,"author":{"gitId":"ivorcmx"},"content":"    protected String description;","lastModifiedDate":"2022-01-19"},{"lineNumber":3,"author":{"gitId":"ivorcmx"},"content":"    protected boolean isDone;","lastModifiedDate":"2022-01-19"},{"lineNumber":4,"author":{"gitId":"ivorcmx"},"content":"","lastModifiedDate":"2022-01-19"},{"lineNumber":5,"author":{"gitId":"ivorcmx"},"content":"    public Task(String description) {","lastModifiedDate":"2022-01-19"},{"lineNumber":6,"author":{"gitId":"ivorcmx"},"content":"        this.description \u003d description;","lastModifiedDate":"2022-01-19"},{"lineNumber":7,"author":{"gitId":"ivorcmx"},"content":"        this.isDone \u003d false;","lastModifiedDate":"2022-01-19"},{"lineNumber":8,"author":{"gitId":"ivorcmx"},"content":"","lastModifiedDate":"2022-01-19"},{"lineNumber":9,"author":{"gitId":"ivorcmx"},"content":"    }","lastModifiedDate":"2022-01-19"},{"lineNumber":10,"author":{"gitId":"ivorcmx"},"content":"","lastModifiedDate":"2022-01-19"},{"lineNumber":11,"author":{"gitId":"ivorcmx"},"content":"    public void setMark() {","lastModifiedDate":"2022-01-19"},{"lineNumber":12,"author":{"gitId":"ivorcmx"},"content":"        this.isDone \u003d true;","lastModifiedDate":"2022-01-19"},{"lineNumber":13,"author":{"gitId":"ivorcmx"},"content":"    }","lastModifiedDate":"2022-01-19"},{"lineNumber":14,"author":{"gitId":"ivorcmx"},"content":"","lastModifiedDate":"2022-01-19"},{"lineNumber":15,"author":{"gitId":"ivorcmx"},"content":"    public void setUnmark() {","lastModifiedDate":"2022-01-19"},{"lineNumber":16,"author":{"gitId":"ivorcmx"},"content":"        this.isDone \u003d false;","lastModifiedDate":"2022-01-19"},{"lineNumber":17,"author":{"gitId":"ivorcmx"},"content":"    }","lastModifiedDate":"2022-01-19"},{"lineNumber":18,"author":{"gitId":"ivorcmx"},"content":"","lastModifiedDate":"2022-01-19"},{"lineNumber":19,"author":{"gitId":"ivorcmx"},"content":"    public String getStatusIcon() {","lastModifiedDate":"2022-01-19"},{"lineNumber":20,"author":{"gitId":"ivorcmx"},"content":"        return (isDone ? \"X\" : \" \");","lastModifiedDate":"2022-01-19"},{"lineNumber":21,"author":{"gitId":"ivorcmx"},"content":"    }","lastModifiedDate":"2022-01-19"},{"lineNumber":22,"author":{"gitId":"ivorcmx"},"content":"","lastModifiedDate":"2022-01-19"},{"lineNumber":23,"author":{"gitId":"ivorcmx"},"content":"    public String getDescription() {","lastModifiedDate":"2022-01-19"},{"lineNumber":24,"author":{"gitId":"ivorcmx"},"content":"        return this.description;","lastModifiedDate":"2022-01-19"},{"lineNumber":25,"author":{"gitId":"ivorcmx"},"content":"    }","lastModifiedDate":"2022-01-19"},{"lineNumber":26,"author":{"gitId":"ivorcmx"},"content":"","lastModifiedDate":"2022-01-19"},{"lineNumber":27,"author":{"gitId":"ivorcmx"},"content":"    @Override","lastModifiedDate":"2022-01-19"},{"lineNumber":28,"author":{"gitId":"ivorcmx"},"content":"    public String toString() {","lastModifiedDate":"2022-01-19"},{"lineNumber":29,"author":{"gitId":"ivorcmx"},"content":"        return \"[\" + this.getStatusIcon() + \"] \" + this.description;","lastModifiedDate":"2022-01-19"},{"lineNumber":30,"author":{"gitId":"ivorcmx"},"content":"    }","lastModifiedDate":"2022-01-19"},{"lineNumber":31,"author":{"gitId":"ivorcmx"},"content":"}","lastModifiedDate":"2022-01-19"}],"authorContributionMap":{"ivorcmx":31}},{"path":"src/main/java/Todo.java","fileType":"java","lines":[{"lineNumber":1,"author":{"gitId":"ivorcmx"},"content":"public class Todo extends Task {","lastModifiedDate":"2022-01-19"},{"lineNumber":2,"author":{"gitId":"ivorcmx"},"content":"    protected String by;","lastModifiedDate":"2022-01-19"},{"lineNumber":3,"author":{"gitId":"ivorcmx"},"content":"","lastModifiedDate":"2022-01-19"},{"lineNumber":4,"author":{"gitId":"ivorcmx"},"content":"    public Todo(String description) {","lastModifiedDate":"2022-01-19"},{"lineNumber":5,"author":{"gitId":"ivorcmx"},"content":"        super(description);","lastModifiedDate":"2022-01-19"},{"lineNumber":6,"author":{"gitId":"ivorcmx"},"content":"    }","lastModifiedDate":"2022-01-19"},{"lineNumber":7,"author":{"gitId":"ivorcmx"},"content":"","lastModifiedDate":"2022-01-19"},{"lineNumber":8,"author":{"gitId":"ivorcmx"},"content":"    public String toString() {","lastModifiedDate":"2022-01-19"},{"lineNumber":9,"author":{"gitId":"ivorcmx"},"content":"        return \"[T]\" + super.toString();","lastModifiedDate":"2022-01-19"},{"lineNumber":10,"author":{"gitId":"ivorcmx"},"content":"    }","lastModifiedDate":"2022-01-19"},{"lineNumber":11,"author":{"gitId":"ivorcmx"},"content":"}","lastModifiedDate":"2022-01-19"}],"authorContributionMap":{"ivorcmx":11}},{"path":"text-ui-test/input.txt","fileType":"txt","lines":[{"lineNumber":1,"author":{"gitId":"ivorcmx"},"content":"todo borrow book","lastModifiedDate":"2022-01-19"},{"lineNumber":2,"author":{"gitId":"ivorcmx"},"content":"deadline return book /by Sunday","lastModifiedDate":"2022-01-19"},{"lineNumber":3,"author":{"gitId":"ivorcmx"},"content":"event project meeting /at Mon 2-5pm","lastModifiedDate":"2022-01-19"},{"lineNumber":4,"author":{"gitId":"ivorcmx"},"content":"list","lastModifiedDate":"2022-01-19"},{"lineNumber":5,"author":{"gitId":"ivorcmx"},"content":"bye","lastModifiedDate":"2022-01-19"},{"lineNumber":6,"author":{"gitId":"ivorcmx"},"content":"","lastModifiedDate":"2022-01-19"}],"authorContributionMap":{"ivorcmx":6}}]
