{"authorDailyContributionsMap":{"ivorcmx":[{"date":"2022-01-19","commitResults":[{"hash":"a7d8a75f1af86abc49d3d614f9540fead16806f9","messageTitle":"Level-1","messageBody":"","tags":["Level-1"],"fileTypesAndContributionMap":{"java":{"insertions":20,"deletions":6}}},{"hash":"44ce6854243f7e5ba953e0e6339ef13b80983d67","messageTitle":"Add,List","messageBody":"","tags":["Level-2"],"fileTypesAndContributionMap":{"java":{"insertions":12,"deletions":3}}},{"hash":"01e2ce6837b97103ed90e8eec5b5d6715db38128","messageTitle":"Greet, Echo, Exit","messageBody":"","fileTypesAndContributionMap":{"java":{"insertions":20,"deletions":6}}},{"hash":"e19f843b593589e435567d84a3889a43f0bc10bf","messageTitle":"Add,List","messageBody":"","fileTypesAndContributionMap":{"java":{"insertions":12,"deletions":3}}},{"hash":"dffa98e1caef82603c61f605c505dd10728b5ea0","messageTitle":"Revert \"Add,List\"","messageBody":"This reverts commit e19f843b593589e435567d84a3889a43f0bc10bf.\n","fileTypesAndContributionMap":{"java":{"insertions":3,"deletions":12}}},{"hash":"8e720ba69d50b9ed4d8db29fda3dede983cb63d4","messageTitle":"Mark as Done","messageBody":"","tags":["Level-3"],"fileTypesAndContributionMap":{"java":{"insertions":43,"deletions":3}}},{"hash":"d3bce7cae93a362ed512eb43bb4c92931ba5ad6d","messageTitle":"ToDo, Event, Deadline","messageBody":"","tags":["Level-4"],"fileTypesAndContributionMap":{"java":{"insertions":71,"deletions":7}}},{"hash":"512380a4f9d327d63c2e24346eafc0ecfdb5fc95","messageTitle":"Automated Text UI Testing","messageBody":"","tags":["A-TextUiTesting"],"fileTypesAndContributionMap":{"txt":{"insertions":6,"deletions":0},"java":{"insertions":4,"deletions":4}}},{"hash":"878e36ae84ea116fa24afcdb33b4571308a1573f","messageTitle":"Error Handling","messageBody":"","tags":["Level-5"],"fileTypesAndContributionMap":{"java":{"insertions":77,"deletions":33}}},{"hash":"839adf25cf025a0a40c8fbcd956c5913240acdbe","messageTitle":"Delete tasks","messageBody":"","tags":["Level-6"],"fileTypesAndContributionMap":{"java":{"insertions":16,"deletions":0}}}]},{"date":"2022-01-26","commitResults":[{"hash":"27289c2cedf5a86cc5393c86f02067d2e78b6021","messageTitle":"Moved print of greetings into a method","messageBody":"","fileTypesAndContributionMap":{"txt":{"insertions":0,"deletions":0}}},{"hash":"89664f04c5120857ed07eb508c923ca2f7575e10","messageTitle":"Moved greeting messages to methods","messageBody":"","fileTypesAndContributionMap":{"java":{"insertions":32,"deletions":11}}},{"hash":"d5fdc251ef02b7ebe97a06a237db73374862d740","messageTitle":"Created class to print tasklists","messageBody":"","fileTypesAndContributionMap":{"java":{"insertions":13,"deletions":0}}},{"hash":"8530cc82a6d04ade471a558f17f67ff75424035e","messageTitle":"Added unmark and mark methods","messageBody":"","fileTypesAndContributionMap":{"java":{"insertions":45,"deletions":34}}},{"hash":"e8930268805ec0833f4a2f9d28ef9a79b59394a4","messageTitle":"Added addDeadline method","messageBody":"","fileTypesAndContributionMap":{"java":{"insertions":22,"deletions":21}}},{"hash":"d6e1d7c014cc3d2843d23c4edfc0e15922b96e02","messageTitle":"Added todo and event method","messageBody":"","fileTypesAndContributionMap":{"java":{"insertions":33,"deletions":27}}},{"hash":"ae4cd3d996e3e7c4ecc1efab6da22cff9b09b9bd","messageTitle":"Added delete method","messageBody":"","fileTypesAndContributionMap":{"java":{"insertions":17,"deletions":15}}},{"hash":"00b250b58ed60e73ce22a42843b436f3e35d1baa","messageTitle":"Added type for task","messageBody":"","fileTypesAndContributionMap":{"java":{"insertions":13,"deletions":5}}},{"hash":"f22aa2321df1aa28c29e30a10e75731beb803c9d","messageTitle":"Added eraselist","messageBody":"","fileTypesAndContributionMap":{"java":{"insertions":87,"deletions":8}}},{"hash":"2c80676f220d36ffdf0e933906e19cd9cc135402","messageTitle":"Added save function","messageBody":"","tags":["Level-7"],"fileTypesAndContributionMap":{"java":{"insertions":1,"deletions":1}}},{"hash":"efc331c85931b7549db6f8fdd01d46b3e95c6c57","messageTitle":"Add date format for deadline","messageBody":"","tags":["Level-8"],"fileTypesAndContributionMap":{"java":{"insertions":25,"deletions":4}}},{"hash":"af34ac21290bb6048f8f38365a751d347c8610f8","messageTitle":"A-MoreOOP","messageBody":"","tags":["A-MoreOOP"],"fileTypesAndContributionMap":{"java":{"insertions":256,"deletions":227}}},{"hash":"12707de2e58741b1dcc75999c211606212ad0ca0","messageTitle":"Fixed bye command","messageBody":"","fileTypesAndContributionMap":{"java":{"insertions":31,"deletions":17}}},{"hash":"d9f10311b6b36b9d1ac257c8aecaa439354ac8cd","messageTitle":"Added duke package","messageBody":"","tags":["A-Packages"],"fileTypesAndContributionMap":{"java":{"insertions":9,"deletions":7}}},{"hash":"971745bff381b87e3f1278b331e43f4ff01cec51","messageTitle":"Added JUnit Tests","messageBody":"","tags":["A-Jar","A-JUnit"],"fileTypesAndContributionMap":{"java":{"insertions":59,"deletions":1}}}]},{"date":"2022-01-27","commitResults":[{"hash":"e310a892960dd2c30dc6544fd4c9b8713f843cb7","messageTitle":"Added javadocs","messageBody":"","tags":["A-JavaDoc"],"fileTypesAndContributionMap":{"java":{"insertions":166,"deletions":1}}},{"hash":"d7a939ac37a148bbc0103b2598919038b3750a6c","messageTitle":"Fixed Coding Standards","messageBody":"","tags":["A-CodingStandard"],"fileTypesAndContributionMap":{"java":{"insertions":6,"deletions":1}}},{"hash":"35493bb7eceefdf7f9453f37bfe7c04ee85dfef2","messageTitle":"Added find function","messageBody":"","tags":["Level-9"],"fileTypesAndContributionMap":{"java":{"insertions":24,"deletions":1}}}]},{"date":"2022-02-03","commitResults":[{"hash":"74c58e570a84dec70d033689d1bb99fe7b760311","messageTitle":"Added GUI interface","messageBody":"","tags":["Level-10"],"fileTypesAndContributionMap":{"gradle":{"insertions":13,"deletions":0},"txt":{"insertions":0,"deletions":0},"java":{"insertions":282,"deletions":86},"bat":{"insertions":103,"deletions":103}}}]},{"date":"2022-02-05","commitResults":[{"hash":"3500db27fb234ad05eaf81bbf2d8c70e64485212","messageTitle":"Add FXML","messageBody":"","fileTypesAndContributionMap":{"fxml":{"insertions":35,"deletions":0},"java":{"insertions":161,"deletions":52}}},{"hash":"42cd03e347cd95a7eefea246cdd251dcbe96d52d","messageTitle":"Updated MainWindow.fxml","messageBody":"","fileTypesAndContributionMap":{"fxml":{"insertions":17,"deletions":4}}}]},{"date":"2022-02-09","commitResults":[{"hash":"4e7b34a6ecdd023b3c12ff3d866344c32169e36b","messageTitle":"Fixed code quality mistakes","messageBody":"","fileTypesAndContributionMap":{"fxml":{"insertions":13,"deletions":12},"java":{"insertions":154,"deletions":110}}},{"hash":"56f878f78b224f378bfb4abe8355021ef2ffc5fe","messageTitle":"Added Assert feature","messageBody":"There are several methods that rely on important assumptions to ensure\ncode workability.\n\nAs a step towards ensuring usability of code, let\u0027s add assert\nfunctionality towards the important methods. Doing so will ensure\nthe usability of code in certain environments\n","tags":["A-FullCommitMessage","A-Assertions"],"fileTypesAndContributionMap":{"java":{"insertions":8,"deletions":1}}},{"hash":"74506d1748893349b2aaa82fc03ba063c55af397","messageTitle":"Improved code quality","messageBody":"There were several methods which should had extracted methods to improve\non code quality as well as readability\n\nThe changes have been made to adhere to code quality conventions\n","tags":["A-CodeQuality"],"fileTypesAndContributionMap":{"java":{"insertions":45,"deletions":26}}},{"hash":"165c928e3e680c7eed57c58fadfd3aab28daec41","messageTitle":"Added Update functionality","messageBody":"It is common for users to have typos in the description. The update\nfunction helps to combat that problem by giving users the opportunity\nto update the task description to a new String easily.\n","tags":["BCD-Extension"],"fileTypesAndContributionMap":{"java":{"insertions":35,"deletions":0}}}]},{"date":"2022-02-14","commitResults":[{"hash":"e5eaf6b25362e98e761d4e00654e04597091f8ec","messageTitle":"Change GUI","messageBody":"","fileTypesAndContributionMap":{"fxml":{"insertions":23,"deletions":19},"java":{"insertions":9,"deletions":3}}}]},{"date":"2022-02-16","commitResults":[{"hash":"222878872b9a013a6065b7fc8610e7e6c30d216d","messageTitle":"Updated GUI","messageBody":"","tags":["A-BetterGui"],"fileTypesAndContributionMap":{"fxml":{"insertions":3,"deletions":3},"java":{"insertions":3,"deletions":7}}},{"hash":"3afef483d40699b8cc96582f4429a8e9eb239030","messageTitle":"Updated README.md","messageBody":"","tags":["A-UserGuide"],"fileTypesAndContributionMap":{"java":{"insertions":41,"deletions":14},"md":{"insertions":166,"deletions":9}}},{"hash":"22f59f899f44d06df40e543bcdbf32bdb6c2b253","messageTitle":"Updated build.gradle","messageBody":"","fileTypesAndContributionMap":{"gradle":{"insertions":1,"deletions":1}}},{"hash":"4dc747a212c30274d8cd50cb809338206603f2b9","messageTitle":"Updated README.md","messageBody":"","fileTypesAndContributionMap":{"java":{"insertions":1,"deletions":1},"md":{"insertions":18,"deletions":0}}}]}]},"authorFileTypeContributionMap":{"ivorcmx":{"java":1092,"md":173,"fxml":53,"sh":0,"bat":0,"gradle":14,"txt":6}},"authorContributionVariance":{"ivorcmx":46264.625},"authorDisplayNameMap":{"ivorcmx":"CS2103-F11-4 IVOR..IANG"}}
