[{"path":"data/duke.txt","fileType":"txt","lines":[{"lineNumber":1,"author":{"gitId":"prgJ"},"content":"T | 0 | run","lastModifiedDate":"2022-02-21"},{"lineNumber":2,"author":{"gitId":"prgJ"},"content":"D | 1 | clean | 21-02-2012 1200","lastModifiedDate":"2022-02-21"}],"authorContributionMap":{"prgJ":2}},{"path":"src/main/java/DeadlineTask.java","fileType":"java","lines":[{"lineNumber":1,"author":{"gitId":"prgJ"},"content":"import java.time.LocalDateTime;","lastModifiedDate":"2022-02-21"},{"lineNumber":2,"author":{"gitId":"prgJ"},"content":"import java.time.format.DateTimeFormatter;","lastModifiedDate":"2022-02-21"},{"lineNumber":3,"author":{"gitId":"prgJ"},"content":"","lastModifiedDate":"2022-02-21"},{"lineNumber":4,"author":{"gitId":"prgJ"},"content":"public class DeadlineTask extends Task{","lastModifiedDate":"2022-02-21"},{"lineNumber":5,"author":{"gitId":"prgJ"},"content":"    LocalDateTime byDate;","lastModifiedDate":"2022-02-21"},{"lineNumber":6,"author":{"gitId":"prgJ"},"content":"    private final static DateTimeFormatter fm \u003d DateTimeFormatter.ofPattern(\"MMM dd yyyy hh:mma\");","lastModifiedDate":"2022-02-21"},{"lineNumber":7,"author":{"gitId":"prgJ"},"content":"    public DeadlineTask(String description, boolean isCompleted, LocalDateTime byDate){","lastModifiedDate":"2022-02-21"},{"lineNumber":8,"author":{"gitId":"prgJ"},"content":"        super(description, isCompleted);","lastModifiedDate":"2022-02-21"},{"lineNumber":9,"author":{"gitId":"prgJ"},"content":"        this.byDate \u003d byDate;","lastModifiedDate":"2022-02-21"},{"lineNumber":10,"author":{"gitId":"prgJ"},"content":"    }","lastModifiedDate":"2022-02-21"},{"lineNumber":11,"author":{"gitId":"prgJ"},"content":"","lastModifiedDate":"2022-02-21"},{"lineNumber":12,"author":{"gitId":"prgJ"},"content":"    public LocalDateTime getByDate() {","lastModifiedDate":"2022-02-21"},{"lineNumber":13,"author":{"gitId":"prgJ"},"content":"        return byDate;","lastModifiedDate":"2022-02-21"},{"lineNumber":14,"author":{"gitId":"prgJ"},"content":"    }","lastModifiedDate":"2022-02-21"},{"lineNumber":15,"author":{"gitId":"prgJ"},"content":"","lastModifiedDate":"2022-02-21"},{"lineNumber":16,"author":{"gitId":"prgJ"},"content":"    public void setByDate(LocalDateTime byDate) {","lastModifiedDate":"2022-02-21"},{"lineNumber":17,"author":{"gitId":"prgJ"},"content":"        this.byDate \u003d byDate;","lastModifiedDate":"2022-02-21"},{"lineNumber":18,"author":{"gitId":"prgJ"},"content":"    }","lastModifiedDate":"2022-02-21"},{"lineNumber":19,"author":{"gitId":"prgJ"},"content":"","lastModifiedDate":"2022-02-21"},{"lineNumber":20,"author":{"gitId":"prgJ"},"content":"    @Override","lastModifiedDate":"2022-02-21"},{"lineNumber":21,"author":{"gitId":"prgJ"},"content":"    public String toString() {","lastModifiedDate":"2022-02-21"},{"lineNumber":22,"author":{"gitId":"prgJ"},"content":"        return \"[D]\"+super.toString() + \"(by: \" + byDate.format(fm) + \")\";","lastModifiedDate":"2022-02-21"},{"lineNumber":23,"author":{"gitId":"prgJ"},"content":"    }","lastModifiedDate":"2022-02-21"},{"lineNumber":24,"author":{"gitId":"prgJ"},"content":"","lastModifiedDate":"2022-02-21"},{"lineNumber":25,"author":{"gitId":"prgJ"},"content":"    @Override","lastModifiedDate":"2022-02-21"},{"lineNumber":26,"author":{"gitId":"prgJ"},"content":"    public String toFileString(){","lastModifiedDate":"2022-02-21"},{"lineNumber":27,"author":{"gitId":"prgJ"},"content":"        return \"D\" + super.toFileString() + \" | \" + byDate.format(Duke.DukeCommand.dtFormat);","lastModifiedDate":"2022-02-21"},{"lineNumber":28,"author":{"gitId":"prgJ"},"content":"    }","lastModifiedDate":"2022-02-21"},{"lineNumber":29,"author":{"gitId":"prgJ"},"content":"}","lastModifiedDate":"2022-02-21"}],"authorContributionMap":{"prgJ":29}},{"path":"src/main/java/Duke.java","fileType":"java","lines":[{"lineNumber":1,"author":{"gitId":"prgJ"},"content":"import java.io.*;","lastModifiedDate":"2022-02-21"},{"lineNumber":2,"author":{"gitId":"prgJ"},"content":"import java.time.LocalDateTime;","lastModifiedDate":"2022-02-21"},{"lineNumber":3,"author":{"gitId":"prgJ"},"content":"import java.time.format.DateTimeFormatter;","lastModifiedDate":"2022-02-21"},{"lineNumber":4,"author":{"gitId":"prgJ"},"content":"import java.util.ArrayList;","lastModifiedDate":"2022-02-21"},{"lineNumber":5,"author":{"gitId":"prgJ"},"content":"import java.util.Scanner;","lastModifiedDate":"2022-02-09"},{"lineNumber":6,"author":{"gitId":"prgJ"},"content":"","lastModifiedDate":"2022-02-09"},{"lineNumber":7,"author":{"gitId":"-"},"content":"public class Duke {","lastModifiedDate":"2019-07-29"},{"lineNumber":8,"author":{"gitId":"prgJ"},"content":"    public static class DukeMessage{","lastModifiedDate":"2022-02-21"},{"lineNumber":9,"author":{"gitId":"prgJ"},"content":"        public final static String welcomeMsg \u003d \"Hello! I am Duke\\nWhat can I do for you?\";","lastModifiedDate":"2022-02-21"},{"lineNumber":10,"author":{"gitId":"prgJ"},"content":"        public final static String horizontalLine \u003d \"________________________________\";","lastModifiedDate":"2022-02-21"},{"lineNumber":11,"author":{"gitId":"prgJ"},"content":"        public final static String byeMsg \u003d \"Bye! hope to see you again soon!\";","lastModifiedDate":"2022-02-21"},{"lineNumber":12,"author":{"gitId":"prgJ"},"content":"        public final static String listMsg \u003d \"Here are a list of your tasks!\";","lastModifiedDate":"2022-02-21"},{"lineNumber":13,"author":{"gitId":"prgJ"},"content":"        public final static String deleteMsg \u003d \"Alright! Let me delete this task:\\n\";","lastModifiedDate":"2022-02-21"},{"lineNumber":14,"author":{"gitId":"prgJ"},"content":"        public final static String invalidCommandMsg \u003d \"I do not understand your command!\";","lastModifiedDate":"2022-02-21"},{"lineNumber":15,"author":{"gitId":"prgJ"},"content":"        public final static String addedTaskMsg \u003d \"Got it. I\u0027ve added this task:\\n\";","lastModifiedDate":"2022-02-21"},{"lineNumber":16,"author":{"gitId":"prgJ"},"content":"        public final static String completedTaskMsg \u003d \"Task has been marked as completed.\\n\";","lastModifiedDate":"2022-02-21"},{"lineNumber":17,"author":{"gitId":"prgJ"},"content":"        public final static String notCompletedTaskMsg \u003d \"Task has been marked as not completed.\\n\";","lastModifiedDate":"2022-02-21"},{"lineNumber":18,"author":{"gitId":"prgJ"},"content":"        public final static String expectedDeadline \u003d \"Try typing it in the following format:\\n deadline \u003cdesciption\u003e /by 31-01-2022 1800\";","lastModifiedDate":"2022-02-21"},{"lineNumber":19,"author":{"gitId":"prgJ"},"content":"        public final static String expectedEvent \u003d \"Try typing it in the following format:\\n event \u003cdesciption\u003e /at 31-01-2022 1800_to_31-01-2022 2100\";","lastModifiedDate":"2022-02-21"},{"lineNumber":20,"author":{"gitId":"prgJ"},"content":"        public static String getTaskInListMsg(Task task, int numTask){","lastModifiedDate":"2022-02-21"},{"lineNumber":21,"author":{"gitId":"prgJ"},"content":"            return addedTaskMsg + \"\\t\" + task + \"\\nNow you have \" + numTask + \" tasks in the list\";","lastModifiedDate":"2022-02-21"},{"lineNumber":22,"author":{"gitId":"prgJ"},"content":"        }","lastModifiedDate":"2022-02-21"},{"lineNumber":23,"author":{"gitId":"prgJ"},"content":"","lastModifiedDate":"2022-02-21"},{"lineNumber":24,"author":{"gitId":"prgJ"},"content":"        public static String getDeleteTaskInListMsg(Task task, int numTask){","lastModifiedDate":"2022-02-21"},{"lineNumber":25,"author":{"gitId":"prgJ"},"content":"            return deleteMsg + \"\\t\" + task + \"\\nNow you have \" + numTask + \" tasks in the list\";","lastModifiedDate":"2022-02-21"},{"lineNumber":26,"author":{"gitId":"prgJ"},"content":"        }","lastModifiedDate":"2022-02-21"},{"lineNumber":27,"author":{"gitId":"prgJ"},"content":"","lastModifiedDate":"2022-02-21"},{"lineNumber":28,"author":{"gitId":"prgJ"},"content":"        public static String getCompleteMessage(boolean isCompleted){","lastModifiedDate":"2022-02-21"},{"lineNumber":29,"author":{"gitId":"prgJ"},"content":"            return (isCompleted)?completedTaskMsg:notCompletedTaskMsg;","lastModifiedDate":"2022-02-21"},{"lineNumber":30,"author":{"gitId":"prgJ"},"content":"        }","lastModifiedDate":"2022-02-21"},{"lineNumber":31,"author":{"gitId":"prgJ"},"content":"    }","lastModifiedDate":"2022-02-21"},{"lineNumber":32,"author":{"gitId":"prgJ"},"content":"","lastModifiedDate":"2022-02-21"},{"lineNumber":33,"author":{"gitId":"prgJ"},"content":"    public static class DukeCommand{","lastModifiedDate":"2022-02-21"},{"lineNumber":34,"author":{"gitId":"prgJ"},"content":"        public final static String bye \u003d \"bye\";","lastModifiedDate":"2022-02-21"},{"lineNumber":35,"author":{"gitId":"prgJ"},"content":"        public final static String list \u003d \"list\";","lastModifiedDate":"2022-02-21"},{"lineNumber":36,"author":{"gitId":"prgJ"},"content":"        public final static String todo \u003d \"todo\";","lastModifiedDate":"2022-02-21"},{"lineNumber":37,"author":{"gitId":"prgJ"},"content":"        public final static String deadline \u003d \"deadline\";","lastModifiedDate":"2022-02-21"},{"lineNumber":38,"author":{"gitId":"prgJ"},"content":"        public final static String event \u003d \"event\";","lastModifiedDate":"2022-02-21"},{"lineNumber":39,"author":{"gitId":"prgJ"},"content":"        public final static String delete \u003d \"delete\";","lastModifiedDate":"2022-02-21"},{"lineNumber":40,"author":{"gitId":"prgJ"},"content":"        public final static String mark \u003d \"mark\";","lastModifiedDate":"2022-02-21"},{"lineNumber":41,"author":{"gitId":"prgJ"},"content":"        public final static String unmark \u003d \"unmark\";","lastModifiedDate":"2022-02-21"},{"lineNumber":42,"author":{"gitId":"prgJ"},"content":"        public final static DateTimeFormatter dtFormat \u003d DateTimeFormatter.ofPattern(\"dd-MM-yyyy HHmm\");","lastModifiedDate":"2022-02-21"},{"lineNumber":43,"author":{"gitId":"prgJ"},"content":"    }","lastModifiedDate":"2022-02-21"},{"lineNumber":44,"author":{"gitId":"prgJ"},"content":"","lastModifiedDate":"2022-02-21"},{"lineNumber":45,"author":{"gitId":"prgJ"},"content":"","lastModifiedDate":"2022-02-21"},{"lineNumber":46,"author":{"gitId":"prgJ"},"content":"    public static void printMessage(String msg) {","lastModifiedDate":"2022-02-21"},{"lineNumber":47,"author":{"gitId":"prgJ"},"content":"        System.out.println(DukeMessage.horizontalLine);","lastModifiedDate":"2022-02-21"},{"lineNumber":48,"author":{"gitId":"prgJ"},"content":"        System.out.println(msg);","lastModifiedDate":"2022-02-21"},{"lineNumber":49,"author":{"gitId":"prgJ"},"content":"        System.out.println(DukeMessage.horizontalLine);","lastModifiedDate":"2022-02-21"},{"lineNumber":50,"author":{"gitId":"prgJ"},"content":"    }","lastModifiedDate":"2022-02-21"},{"lineNumber":51,"author":{"gitId":"prgJ"},"content":"","lastModifiedDate":"2022-02-21"},{"lineNumber":52,"author":{"gitId":"prgJ"},"content":"    public static void checkCommandData(String[] taskInfo, int expectedInfoNum) throws DukeInvalidCommandDataInput{","lastModifiedDate":"2022-02-21"},{"lineNumber":53,"author":{"gitId":"prgJ"},"content":"        if(taskInfo.length !\u003d expectedInfoNum){","lastModifiedDate":"2022-02-21"},{"lineNumber":54,"author":{"gitId":"prgJ"},"content":"            throw new DukeInvalidCommandDataInput();","lastModifiedDate":"2022-02-21"},{"lineNumber":55,"author":{"gitId":"prgJ"},"content":"        }","lastModifiedDate":"2022-02-21"},{"lineNumber":56,"author":{"gitId":"prgJ"},"content":"    }","lastModifiedDate":"2022-02-21"},{"lineNumber":57,"author":{"gitId":"prgJ"},"content":"","lastModifiedDate":"2022-02-21"},{"lineNumber":58,"author":{"gitId":"prgJ"},"content":"    public static Task processTodo(String command) {","lastModifiedDate":"2022-02-21"},{"lineNumber":59,"author":{"gitId":"prgJ"},"content":"        String taskStr \u003d command.substring(DukeCommand.todo.length());","lastModifiedDate":"2022-02-21"},{"lineNumber":60,"author":{"gitId":"prgJ"},"content":"        taskStr \u003d taskStr.trim();","lastModifiedDate":"2022-02-21"},{"lineNumber":61,"author":{"gitId":"prgJ"},"content":"        String description \u003d taskStr;","lastModifiedDate":"2022-02-21"},{"lineNumber":62,"author":{"gitId":"prgJ"},"content":"        //printMessage(DukeMessage.addedTaskMsg + \"\\n\" + command);","lastModifiedDate":"2022-02-21"},{"lineNumber":63,"author":{"gitId":"prgJ"},"content":"        return new ToDoTask(description, false);","lastModifiedDate":"2022-02-21"},{"lineNumber":64,"author":{"gitId":"prgJ"},"content":"    }","lastModifiedDate":"2022-02-21"},{"lineNumber":65,"author":{"gitId":"prgJ"},"content":"","lastModifiedDate":"2022-02-21"},{"lineNumber":66,"author":{"gitId":"prgJ"},"content":"    public static Task processEvent(String command) {","lastModifiedDate":"2022-02-21"},{"lineNumber":67,"author":{"gitId":"prgJ"},"content":"        String taskStr \u003d command.substring(DukeCommand.event.length());","lastModifiedDate":"2022-02-21"},{"lineNumber":68,"author":{"gitId":"prgJ"},"content":"        taskStr \u003d taskStr.trim();","lastModifiedDate":"2022-02-21"},{"lineNumber":69,"author":{"gitId":"prgJ"},"content":"        // event Ed Sheeran Concert /at 2-12-2019 1800_to_2300","lastModifiedDate":"2022-02-21"},{"lineNumber":70,"author":{"gitId":"prgJ"},"content":"        String[] taskInfo \u003d taskStr.split(\"/at\");","lastModifiedDate":"2022-02-21"},{"lineNumber":71,"author":{"gitId":"prgJ"},"content":"        try{","lastModifiedDate":"2022-02-21"},{"lineNumber":72,"author":{"gitId":"prgJ"},"content":"            checkCommandData(taskInfo, 2);","lastModifiedDate":"2022-02-21"},{"lineNumber":73,"author":{"gitId":"prgJ"},"content":"        }","lastModifiedDate":"2022-02-21"},{"lineNumber":74,"author":{"gitId":"prgJ"},"content":"        catch(DukeInvalidCommandDataInput e){","lastModifiedDate":"2022-02-21"},{"lineNumber":75,"author":{"gitId":"prgJ"},"content":"            printMessage(DukeMessage.invalidCommandMsg + \"\\n\" + command);","lastModifiedDate":"2022-02-21"},{"lineNumber":76,"author":{"gitId":"prgJ"},"content":"            return null;","lastModifiedDate":"2022-02-21"},{"lineNumber":77,"author":{"gitId":"prgJ"},"content":"        }","lastModifiedDate":"2022-02-21"},{"lineNumber":78,"author":{"gitId":"prgJ"},"content":"        String description \u003d taskInfo[0].trim();","lastModifiedDate":"2022-02-21"},{"lineNumber":79,"author":{"gitId":"prgJ"},"content":"        String[] fromToDateStr \u003d taskInfo[1].trim().split(\"_to_\"); // 2-12-2019 1800_to_2-12-2019 2300","lastModifiedDate":"2022-02-21"},{"lineNumber":80,"author":{"gitId":"prgJ"},"content":"        String fromDateStr \u003d fromToDateStr[0].trim();","lastModifiedDate":"2022-02-21"},{"lineNumber":81,"author":{"gitId":"prgJ"},"content":"        String toDateStr \u003d fromToDateStr[1].trim();","lastModifiedDate":"2022-02-21"},{"lineNumber":82,"author":{"gitId":"prgJ"},"content":"        LocalDateTime fromDt \u003d null;","lastModifiedDate":"2022-02-21"},{"lineNumber":83,"author":{"gitId":"prgJ"},"content":"        LocalDateTime toDt \u003d null;","lastModifiedDate":"2022-02-21"},{"lineNumber":84,"author":{"gitId":"prgJ"},"content":"        try{","lastModifiedDate":"2022-02-21"},{"lineNumber":85,"author":{"gitId":"prgJ"},"content":"            fromDt \u003d LocalDateTime.parse(fromDateStr, DukeCommand.dtFormat);","lastModifiedDate":"2022-02-21"},{"lineNumber":86,"author":{"gitId":"prgJ"},"content":"            toDt \u003d LocalDateTime.parse(toDateStr, DukeCommand.dtFormat);","lastModifiedDate":"2022-02-21"},{"lineNumber":87,"author":{"gitId":"prgJ"},"content":"        }","lastModifiedDate":"2022-02-21"},{"lineNumber":88,"author":{"gitId":"prgJ"},"content":"        catch(Exception e){","lastModifiedDate":"2022-02-21"},{"lineNumber":89,"author":{"gitId":"prgJ"},"content":"            printMessage(DukeMessage.invalidCommandMsg + command + \"\\n\" + DukeMessage.expectedEvent);","lastModifiedDate":"2022-02-21"},{"lineNumber":90,"author":{"gitId":"prgJ"},"content":"            return null;","lastModifiedDate":"2022-02-21"},{"lineNumber":91,"author":{"gitId":"prgJ"},"content":"        }","lastModifiedDate":"2022-02-21"},{"lineNumber":92,"author":{"gitId":"prgJ"},"content":"        return new EventTask(description, false, fromDt, toDt);","lastModifiedDate":"2022-02-21"},{"lineNumber":93,"author":{"gitId":"prgJ"},"content":"    }","lastModifiedDate":"2022-02-21"},{"lineNumber":94,"author":{"gitId":"prgJ"},"content":"","lastModifiedDate":"2022-02-21"},{"lineNumber":95,"author":{"gitId":"prgJ"},"content":"    public static Task processDeadline(String command)  {","lastModifiedDate":"2022-02-21"},{"lineNumber":96,"author":{"gitId":"prgJ"},"content":"        // deadline return book /by 2-12-2019 1800","lastModifiedDate":"2022-02-21"},{"lineNumber":97,"author":{"gitId":"prgJ"},"content":"        String taskStr \u003d command.substring(DukeCommand.deadline.length());","lastModifiedDate":"2022-02-21"},{"lineNumber":98,"author":{"gitId":"prgJ"},"content":"        taskStr \u003d taskStr.trim();","lastModifiedDate":"2022-02-21"},{"lineNumber":99,"author":{"gitId":"prgJ"},"content":"        String[] taskInfo \u003d taskStr.split(\"/by\");","lastModifiedDate":"2022-02-21"},{"lineNumber":100,"author":{"gitId":"prgJ"},"content":"        try{","lastModifiedDate":"2022-02-21"},{"lineNumber":101,"author":{"gitId":"prgJ"},"content":"            checkCommandData(taskInfo, 2);","lastModifiedDate":"2022-02-21"},{"lineNumber":102,"author":{"gitId":"prgJ"},"content":"        }","lastModifiedDate":"2022-02-21"},{"lineNumber":103,"author":{"gitId":"prgJ"},"content":"        catch(DukeInvalidCommandDataInput e){","lastModifiedDate":"2022-02-21"},{"lineNumber":104,"author":{"gitId":"prgJ"},"content":"            printMessage(DukeMessage.invalidCommandMsg + \"\\n\" +command + \"\\n\" + DukeMessage.expectedDeadline);","lastModifiedDate":"2022-02-21"},{"lineNumber":105,"author":{"gitId":"prgJ"},"content":"            return null;","lastModifiedDate":"2022-02-21"},{"lineNumber":106,"author":{"gitId":"prgJ"},"content":"        }","lastModifiedDate":"2022-02-21"},{"lineNumber":107,"author":{"gitId":"prgJ"},"content":"        String description \u003d taskInfo[0].trim();","lastModifiedDate":"2022-02-21"},{"lineNumber":108,"author":{"gitId":"prgJ"},"content":"        String dateStr \u003d taskInfo[1].trim();","lastModifiedDate":"2022-02-21"},{"lineNumber":109,"author":{"gitId":"prgJ"},"content":"        LocalDateTime dt \u003d null;","lastModifiedDate":"2022-02-21"},{"lineNumber":110,"author":{"gitId":"prgJ"},"content":"        try{","lastModifiedDate":"2022-02-21"},{"lineNumber":111,"author":{"gitId":"prgJ"},"content":"            dt \u003d LocalDateTime.parse(dateStr, DukeCommand.dtFormat);","lastModifiedDate":"2022-02-21"},{"lineNumber":112,"author":{"gitId":"prgJ"},"content":"        }","lastModifiedDate":"2022-02-21"},{"lineNumber":113,"author":{"gitId":"prgJ"},"content":"        catch(Exception e){","lastModifiedDate":"2022-02-21"},{"lineNumber":114,"author":{"gitId":"prgJ"},"content":"            printMessage(DukeMessage.invalidCommandMsg + command + \"\\n\" + DukeMessage.expectedDeadline);","lastModifiedDate":"2022-02-21"},{"lineNumber":115,"author":{"gitId":"prgJ"},"content":"            return null;","lastModifiedDate":"2022-02-21"},{"lineNumber":116,"author":{"gitId":"prgJ"},"content":"        }","lastModifiedDate":"2022-02-21"},{"lineNumber":117,"author":{"gitId":"prgJ"},"content":"","lastModifiedDate":"2022-02-21"},{"lineNumber":118,"author":{"gitId":"prgJ"},"content":"        return new DeadlineTask(description,false, dt);","lastModifiedDate":"2022-02-21"},{"lineNumber":119,"author":{"gitId":"prgJ"},"content":"    }","lastModifiedDate":"2022-02-21"},{"lineNumber":120,"author":{"gitId":"prgJ"},"content":"","lastModifiedDate":"2022-02-21"},{"lineNumber":121,"author":{"gitId":"prgJ"},"content":"    public static boolean checkIfNumber(String numStr){","lastModifiedDate":"2022-02-21"},{"lineNumber":122,"author":{"gitId":"prgJ"},"content":"        try{","lastModifiedDate":"2022-02-21"},{"lineNumber":123,"author":{"gitId":"prgJ"},"content":"            Integer.parseInt(numStr);","lastModifiedDate":"2022-02-21"},{"lineNumber":124,"author":{"gitId":"prgJ"},"content":"            return true;","lastModifiedDate":"2022-02-21"},{"lineNumber":125,"author":{"gitId":"prgJ"},"content":"        }","lastModifiedDate":"2022-02-21"},{"lineNumber":126,"author":{"gitId":"prgJ"},"content":"        catch(Exception e){","lastModifiedDate":"2022-02-21"},{"lineNumber":127,"author":{"gitId":"prgJ"},"content":"            printMessage(numStr+\" is not a number!\");","lastModifiedDate":"2022-02-21"},{"lineNumber":128,"author":{"gitId":"prgJ"},"content":"            return false;","lastModifiedDate":"2022-02-21"},{"lineNumber":129,"author":{"gitId":"prgJ"},"content":"        }","lastModifiedDate":"2022-02-21"},{"lineNumber":130,"author":{"gitId":"prgJ"},"content":"    }","lastModifiedDate":"2022-02-21"},{"lineNumber":131,"author":{"gitId":"prgJ"},"content":"    public static int getExistingIndex(String findStrIndex, ArrayList\u003cTask\u003e taskList){","lastModifiedDate":"2022-02-21"},{"lineNumber":132,"author":{"gitId":"prgJ"},"content":"        if(taskList.size() \u003d\u003d 0){","lastModifiedDate":"2022-02-21"},{"lineNumber":133,"author":{"gitId":"prgJ"},"content":"            printMessage(\"Task list is empty!\");","lastModifiedDate":"2022-02-21"},{"lineNumber":134,"author":{"gitId":"prgJ"},"content":"            return -1;","lastModifiedDate":"2022-02-21"},{"lineNumber":135,"author":{"gitId":"prgJ"},"content":"        }","lastModifiedDate":"2022-02-21"},{"lineNumber":136,"author":{"gitId":"prgJ"},"content":"","lastModifiedDate":"2022-02-21"},{"lineNumber":137,"author":{"gitId":"prgJ"},"content":"        if(!checkIfNumber(findStrIndex)){","lastModifiedDate":"2022-02-21"},{"lineNumber":138,"author":{"gitId":"prgJ"},"content":"            return -1;","lastModifiedDate":"2022-02-21"},{"lineNumber":139,"author":{"gitId":"prgJ"},"content":"        }","lastModifiedDate":"2022-02-21"},{"lineNumber":140,"author":{"gitId":"prgJ"},"content":"","lastModifiedDate":"2022-02-21"},{"lineNumber":141,"author":{"gitId":"prgJ"},"content":"        int findIndex \u003d Integer.parseInt(findStrIndex)-1;","lastModifiedDate":"2022-02-21"},{"lineNumber":142,"author":{"gitId":"prgJ"},"content":"        if(findIndex \u003e\u003d 0 \u0026\u0026 findIndex \u003c taskList.size()){","lastModifiedDate":"2022-02-21"},{"lineNumber":143,"author":{"gitId":"prgJ"},"content":"            return findIndex;","lastModifiedDate":"2022-02-21"},{"lineNumber":144,"author":{"gitId":"prgJ"},"content":"        }","lastModifiedDate":"2022-02-21"},{"lineNumber":145,"author":{"gitId":"prgJ"},"content":"        else{","lastModifiedDate":"2022-02-21"},{"lineNumber":146,"author":{"gitId":"prgJ"},"content":"            printMessage(\"Invalid task number selected!\");","lastModifiedDate":"2022-02-21"},{"lineNumber":147,"author":{"gitId":"prgJ"},"content":"            return -1;","lastModifiedDate":"2022-02-21"},{"lineNumber":148,"author":{"gitId":"prgJ"},"content":"        }","lastModifiedDate":"2022-02-21"},{"lineNumber":149,"author":{"gitId":"prgJ"},"content":"    }","lastModifiedDate":"2022-02-21"},{"lineNumber":150,"author":{"gitId":"prgJ"},"content":"","lastModifiedDate":"2022-02-21"},{"lineNumber":151,"author":{"gitId":"prgJ"},"content":"    public static boolean processDelete(String delStrIndex, ArrayList\u003cTask\u003e taskList){","lastModifiedDate":"2022-02-21"},{"lineNumber":152,"author":{"gitId":"prgJ"},"content":"        int delIndex \u003d getExistingIndex(delStrIndex, taskList);","lastModifiedDate":"2022-02-21"},{"lineNumber":153,"author":{"gitId":"prgJ"},"content":"        if(delIndex !\u003d -1) {","lastModifiedDate":"2022-02-21"},{"lineNumber":154,"author":{"gitId":"prgJ"},"content":"            Task deleteTask \u003d taskList.get(delIndex);","lastModifiedDate":"2022-02-21"},{"lineNumber":155,"author":{"gitId":"prgJ"},"content":"            taskList.remove(delIndex);","lastModifiedDate":"2022-02-21"},{"lineNumber":156,"author":{"gitId":"prgJ"},"content":"            printMessage(DukeMessage.getDeleteTaskInListMsg(deleteTask, taskList.size()));","lastModifiedDate":"2022-02-21"},{"lineNumber":157,"author":{"gitId":"prgJ"},"content":"            return true;","lastModifiedDate":"2022-02-21"},{"lineNumber":158,"author":{"gitId":"prgJ"},"content":"        }","lastModifiedDate":"2022-02-21"},{"lineNumber":159,"author":{"gitId":"prgJ"},"content":"        else{","lastModifiedDate":"2022-02-21"},{"lineNumber":160,"author":{"gitId":"prgJ"},"content":"            printMessage(\"Fail to delete Task!\");","lastModifiedDate":"2022-02-21"},{"lineNumber":161,"author":{"gitId":"prgJ"},"content":"            return false;","lastModifiedDate":"2022-02-21"},{"lineNumber":162,"author":{"gitId":"prgJ"},"content":"        }","lastModifiedDate":"2022-02-21"},{"lineNumber":163,"author":{"gitId":"prgJ"},"content":"    }","lastModifiedDate":"2022-02-21"},{"lineNumber":164,"author":{"gitId":"prgJ"},"content":"","lastModifiedDate":"2022-02-21"},{"lineNumber":165,"author":{"gitId":"prgJ"},"content":"    public static void processPrintList(ArrayList\u003cTask\u003e taskList){","lastModifiedDate":"2022-02-21"},{"lineNumber":166,"author":{"gitId":"prgJ"},"content":"        printMessage(DukeMessage.listMsg);","lastModifiedDate":"2022-02-21"},{"lineNumber":167,"author":{"gitId":"prgJ"},"content":"        for (int i \u003d 0; i \u003c taskList.size(); i++) {","lastModifiedDate":"2022-02-21"},{"lineNumber":168,"author":{"gitId":"prgJ"},"content":"            Task currentTask \u003d taskList.get(i);","lastModifiedDate":"2022-02-21"},{"lineNumber":169,"author":{"gitId":"prgJ"},"content":"            System.out.println((i + 1) +\". \" + currentTask);","lastModifiedDate":"2022-02-21"},{"lineNumber":170,"author":{"gitId":"prgJ"},"content":"        }","lastModifiedDate":"2022-02-21"},{"lineNumber":171,"author":{"gitId":"prgJ"},"content":"    }","lastModifiedDate":"2022-02-21"},{"lineNumber":172,"author":{"gitId":"prgJ"},"content":"","lastModifiedDate":"2022-02-21"},{"lineNumber":173,"author":{"gitId":"prgJ"},"content":"    public static boolean processMarkingTask(String taskIndexStr, ArrayList\u003cTask\u003e taskList, boolean isCompleted){","lastModifiedDate":"2022-02-21"},{"lineNumber":174,"author":{"gitId":"prgJ"},"content":"        int markingIndex \u003d getExistingIndex(taskIndexStr, taskList);","lastModifiedDate":"2022-02-21"},{"lineNumber":175,"author":{"gitId":"prgJ"},"content":"        if(markingIndex !\u003d -1) {","lastModifiedDate":"2022-02-21"},{"lineNumber":176,"author":{"gitId":"prgJ"},"content":"            taskList.get(markingIndex).setCompleted(isCompleted);","lastModifiedDate":"2022-02-21"},{"lineNumber":177,"author":{"gitId":"prgJ"},"content":"            printMessage(DukeMessage.getCompleteMessage(isCompleted));","lastModifiedDate":"2022-02-21"},{"lineNumber":178,"author":{"gitId":"prgJ"},"content":"            processPrintList(taskList);","lastModifiedDate":"2022-02-21"},{"lineNumber":179,"author":{"gitId":"prgJ"},"content":"            return true;","lastModifiedDate":"2022-02-21"},{"lineNumber":180,"author":{"gitId":"prgJ"},"content":"        }","lastModifiedDate":"2022-02-21"},{"lineNumber":181,"author":{"gitId":"prgJ"},"content":"        else{","lastModifiedDate":"2022-02-21"},{"lineNumber":182,"author":{"gitId":"prgJ"},"content":"            printMessage(\"Fail to set task complete status!\");","lastModifiedDate":"2022-02-21"},{"lineNumber":183,"author":{"gitId":"prgJ"},"content":"            return false;","lastModifiedDate":"2022-02-21"},{"lineNumber":184,"author":{"gitId":"prgJ"},"content":"        }","lastModifiedDate":"2022-02-21"},{"lineNumber":185,"author":{"gitId":"prgJ"},"content":"    }","lastModifiedDate":"2022-02-21"},{"lineNumber":186,"author":{"gitId":"prgJ"},"content":"","lastModifiedDate":"2022-02-21"},{"lineNumber":187,"author":{"gitId":"prgJ"},"content":"    public static void loadTaskListFromFile(ArrayList\u003cTask\u003e taskList){","lastModifiedDate":"2022-02-21"},{"lineNumber":188,"author":{"gitId":"prgJ"},"content":"        File f \u003d new File(\"data/duke.txt\");","lastModifiedDate":"2022-02-21"},{"lineNumber":189,"author":{"gitId":"prgJ"},"content":"        try {","lastModifiedDate":"2022-02-21"},{"lineNumber":190,"author":{"gitId":"prgJ"},"content":"            Scanner scanFile \u003d  new Scanner(f);","lastModifiedDate":"2022-02-21"},{"lineNumber":191,"author":{"gitId":"prgJ"},"content":"            while(scanFile.hasNext()){","lastModifiedDate":"2022-02-21"},{"lineNumber":192,"author":{"gitId":"prgJ"},"content":"                String lineData \u003d scanFile.nextLine();","lastModifiedDate":"2022-02-21"},{"lineNumber":193,"author":{"gitId":"prgJ"},"content":"                String[] taskData \u003d lineData.split(\"\\\\|\");","lastModifiedDate":"2022-02-21"},{"lineNumber":194,"author":{"gitId":"prgJ"},"content":"                String taskType \u003d taskData[0].trim();","lastModifiedDate":"2022-02-21"},{"lineNumber":195,"author":{"gitId":"prgJ"},"content":"                boolean isCompleted \u003d taskData[1].trim().equals(\"1\");","lastModifiedDate":"2022-02-21"},{"lineNumber":196,"author":{"gitId":"prgJ"},"content":"                String desc \u003d taskData[2].trim();","lastModifiedDate":"2022-02-21"},{"lineNumber":197,"author":{"gitId":"prgJ"},"content":"                Task newTask \u003d null;","lastModifiedDate":"2022-02-21"},{"lineNumber":198,"author":{"gitId":"prgJ"},"content":"                switch(taskType){","lastModifiedDate":"2022-02-21"},{"lineNumber":199,"author":{"gitId":"prgJ"},"content":"                    case \"T\":","lastModifiedDate":"2022-02-21"},{"lineNumber":200,"author":{"gitId":"prgJ"},"content":"                        newTask \u003d new ToDoTask(desc, isCompleted);","lastModifiedDate":"2022-02-21"},{"lineNumber":201,"author":{"gitId":"prgJ"},"content":"                        break;","lastModifiedDate":"2022-02-21"},{"lineNumber":202,"author":{"gitId":"prgJ"},"content":"                    case \"D\":","lastModifiedDate":"2022-02-21"},{"lineNumber":203,"author":{"gitId":"prgJ"},"content":"                        String byDateStr \u003d taskData[3].trim();","lastModifiedDate":"2022-02-21"},{"lineNumber":204,"author":{"gitId":"prgJ"},"content":"                        LocalDateTime dt \u003d LocalDateTime.parse(byDateStr, DukeCommand.dtFormat);","lastModifiedDate":"2022-02-21"},{"lineNumber":205,"author":{"gitId":"prgJ"},"content":"                        newTask \u003d new DeadlineTask(desc, isCompleted, dt);","lastModifiedDate":"2022-02-21"},{"lineNumber":206,"author":{"gitId":"prgJ"},"content":"                        break;","lastModifiedDate":"2022-02-21"},{"lineNumber":207,"author":{"gitId":"prgJ"},"content":"                    case \"E\":","lastModifiedDate":"2022-02-21"},{"lineNumber":208,"author":{"gitId":"prgJ"},"content":"                        String fromDateStr \u003d taskData[3].trim();","lastModifiedDate":"2022-02-21"},{"lineNumber":209,"author":{"gitId":"prgJ"},"content":"                        LocalDateTime fDt \u003d LocalDateTime.parse(fromDateStr, DukeCommand.dtFormat);","lastModifiedDate":"2022-02-21"},{"lineNumber":210,"author":{"gitId":"prgJ"},"content":"                        String toDateStr \u003d taskData[4].trim();","lastModifiedDate":"2022-02-21"},{"lineNumber":211,"author":{"gitId":"prgJ"},"content":"                        LocalDateTime tDt \u003d LocalDateTime.parse(toDateStr, DukeCommand.dtFormat);","lastModifiedDate":"2022-02-21"},{"lineNumber":212,"author":{"gitId":"prgJ"},"content":"                        newTask \u003d new EventTask(desc, isCompleted, fDt, tDt);","lastModifiedDate":"2022-02-21"},{"lineNumber":213,"author":{"gitId":"prgJ"},"content":"                        break;","lastModifiedDate":"2022-02-21"},{"lineNumber":214,"author":{"gitId":"prgJ"},"content":"                }","lastModifiedDate":"2022-02-21"},{"lineNumber":215,"author":{"gitId":"prgJ"},"content":"                if(newTask !\u003d null){","lastModifiedDate":"2022-02-21"},{"lineNumber":216,"author":{"gitId":"prgJ"},"content":"                    taskList.add(newTask);","lastModifiedDate":"2022-02-21"},{"lineNumber":217,"author":{"gitId":"prgJ"},"content":"                }","lastModifiedDate":"2022-02-21"},{"lineNumber":218,"author":{"gitId":"prgJ"},"content":"            }","lastModifiedDate":"2022-02-21"},{"lineNumber":219,"author":{"gitId":"prgJ"},"content":"        }","lastModifiedDate":"2022-02-21"},{"lineNumber":220,"author":{"gitId":"prgJ"},"content":"        catch(FileNotFoundException e){","lastModifiedDate":"2022-02-21"},{"lineNumber":221,"author":{"gitId":"prgJ"},"content":"            // do nothing, no file no load","lastModifiedDate":"2022-02-21"},{"lineNumber":222,"author":{"gitId":"prgJ"},"content":"        }","lastModifiedDate":"2022-02-21"},{"lineNumber":223,"author":{"gitId":"prgJ"},"content":"    }","lastModifiedDate":"2022-02-21"},{"lineNumber":224,"author":{"gitId":"prgJ"},"content":"","lastModifiedDate":"2022-02-21"},{"lineNumber":225,"author":{"gitId":"prgJ"},"content":"    public static void saveTaskToFile(ArrayList\u003cTask\u003e taskList){","lastModifiedDate":"2022-02-21"},{"lineNumber":226,"author":{"gitId":"prgJ"},"content":"        File f \u003d new File(\"data/duke.txt\");","lastModifiedDate":"2022-02-21"},{"lineNumber":227,"author":{"gitId":"prgJ"},"content":"        try{","lastModifiedDate":"2022-02-21"},{"lineNumber":228,"author":{"gitId":"prgJ"},"content":"            if(!f.exists()) {","lastModifiedDate":"2022-02-21"},{"lineNumber":229,"author":{"gitId":"prgJ"},"content":"                // create data folder if not exist","lastModifiedDate":"2022-02-21"},{"lineNumber":230,"author":{"gitId":"prgJ"},"content":"                f.getParentFile().mkdirs();","lastModifiedDate":"2022-02-21"},{"lineNumber":231,"author":{"gitId":"prgJ"},"content":"                // create duke.txt","lastModifiedDate":"2022-02-21"},{"lineNumber":232,"author":{"gitId":"prgJ"},"content":"                f.createNewFile();","lastModifiedDate":"2022-02-21"},{"lineNumber":233,"author":{"gitId":"prgJ"},"content":"            }","lastModifiedDate":"2022-02-21"},{"lineNumber":234,"author":{"gitId":"prgJ"},"content":"","lastModifiedDate":"2022-02-21"},{"lineNumber":235,"author":{"gitId":"prgJ"},"content":"            FileWriter fw \u003d new FileWriter(f);","lastModifiedDate":"2022-02-21"},{"lineNumber":236,"author":{"gitId":"prgJ"},"content":"            for(Task t: taskList){","lastModifiedDate":"2022-02-21"},{"lineNumber":237,"author":{"gitId":"prgJ"},"content":"                fw.write(t.toFileString()+\"\\n\");","lastModifiedDate":"2022-02-21"},{"lineNumber":238,"author":{"gitId":"prgJ"},"content":"            }","lastModifiedDate":"2022-02-21"},{"lineNumber":239,"author":{"gitId":"prgJ"},"content":"","lastModifiedDate":"2022-02-21"},{"lineNumber":240,"author":{"gitId":"prgJ"},"content":"            fw.close();","lastModifiedDate":"2022-02-21"},{"lineNumber":241,"author":{"gitId":"prgJ"},"content":"        }","lastModifiedDate":"2022-02-21"},{"lineNumber":242,"author":{"gitId":"prgJ"},"content":"        catch(SecurityException se){","lastModifiedDate":"2022-02-21"},{"lineNumber":243,"author":{"gitId":"prgJ"},"content":"            printMessage(se.getMessage());","lastModifiedDate":"2022-02-21"},{"lineNumber":244,"author":{"gitId":"prgJ"},"content":"        }","lastModifiedDate":"2022-02-21"},{"lineNumber":245,"author":{"gitId":"prgJ"},"content":"        catch(IOException e){","lastModifiedDate":"2022-02-21"},{"lineNumber":246,"author":{"gitId":"prgJ"},"content":"            printMessage(\"Unable to save to filepath data/duke.txt\");","lastModifiedDate":"2022-02-21"},{"lineNumber":247,"author":{"gitId":"prgJ"},"content":"        }","lastModifiedDate":"2022-02-21"},{"lineNumber":248,"author":{"gitId":"prgJ"},"content":"    }","lastModifiedDate":"2022-02-21"},{"lineNumber":249,"author":{"gitId":"prgJ"},"content":"","lastModifiedDate":"2022-02-21"},{"lineNumber":250,"author":{"gitId":"-"},"content":"    public static void main(String[] args) {","lastModifiedDate":"2022-02-21"},{"lineNumber":251,"author":{"gitId":"prgJ"},"content":"        ArrayList\u003cTask\u003e taskList \u003d new ArrayList\u003cTask\u003e();","lastModifiedDate":"2022-02-21"},{"lineNumber":252,"author":{"gitId":"prgJ"},"content":"        loadTaskListFromFile(taskList);","lastModifiedDate":"2022-02-21"},{"lineNumber":253,"author":{"gitId":"prgJ"},"content":"        // Load task List","lastModifiedDate":"2022-02-21"},{"lineNumber":254,"author":{"gitId":"prgJ"},"content":"        Scanner input \u003d new Scanner(System.in);","lastModifiedDate":"2022-02-09"},{"lineNumber":255,"author":{"gitId":"prgJ"},"content":"        String userinput \u003d \"\";","lastModifiedDate":"2022-02-09"},{"lineNumber":256,"author":{"gitId":"prgJ"},"content":"        Task newTask \u003d null;","lastModifiedDate":"2022-02-21"},{"lineNumber":257,"author":{"gitId":"prgJ"},"content":"        printMessage(DukeMessage.welcomeMsg);","lastModifiedDate":"2022-02-21"},{"lineNumber":258,"author":{"gitId":"prgJ"},"content":"        while(true) {","lastModifiedDate":"2022-02-21"},{"lineNumber":259,"author":{"gitId":"prgJ"},"content":"            userinput \u003d input.nextLine();","lastModifiedDate":"2022-02-09"},{"lineNumber":260,"author":{"gitId":"prgJ"},"content":"            newTask \u003d null;","lastModifiedDate":"2022-02-21"},{"lineNumber":261,"author":{"gitId":"prgJ"},"content":"            boolean requiredSaveToFile \u003d false;","lastModifiedDate":"2022-02-21"},{"lineNumber":262,"author":{"gitId":"prgJ"},"content":"            if (userinput.equals(DukeCommand.bye)) {","lastModifiedDate":"2022-02-21"},{"lineNumber":263,"author":{"gitId":"prgJ"},"content":"                printMessage(DukeMessage.byeMsg);","lastModifiedDate":"2022-02-21"},{"lineNumber":264,"author":{"gitId":"prgJ"},"content":"                break;","lastModifiedDate":"2022-02-09"},{"lineNumber":265,"author":{"gitId":"prgJ"},"content":"            }","lastModifiedDate":"2022-02-21"},{"lineNumber":266,"author":{"gitId":"prgJ"},"content":"            else if (userinput.startsWith(DukeCommand.todo)){","lastModifiedDate":"2022-02-21"},{"lineNumber":267,"author":{"gitId":"prgJ"},"content":"                newTask \u003d processTodo(userinput);","lastModifiedDate":"2022-02-21"},{"lineNumber":268,"author":{"gitId":"prgJ"},"content":"            }","lastModifiedDate":"2022-02-21"},{"lineNumber":269,"author":{"gitId":"prgJ"},"content":"            else if (userinput.startsWith(DukeCommand.deadline)){","lastModifiedDate":"2022-02-21"},{"lineNumber":270,"author":{"gitId":"prgJ"},"content":"                newTask \u003d processDeadline(userinput);","lastModifiedDate":"2022-02-21"},{"lineNumber":271,"author":{"gitId":"prgJ"},"content":"            }","lastModifiedDate":"2022-02-21"},{"lineNumber":272,"author":{"gitId":"prgJ"},"content":"            else if (userinput.startsWith(DukeCommand.event)){","lastModifiedDate":"2022-02-21"},{"lineNumber":273,"author":{"gitId":"prgJ"},"content":"                newTask \u003d processEvent(userinput);","lastModifiedDate":"2022-02-21"},{"lineNumber":274,"author":{"gitId":"prgJ"},"content":"            }","lastModifiedDate":"2022-02-21"},{"lineNumber":275,"author":{"gitId":"prgJ"},"content":"            else if (userinput.equals(DukeCommand.list)) {","lastModifiedDate":"2022-02-21"},{"lineNumber":276,"author":{"gitId":"prgJ"},"content":"                processPrintList(taskList);","lastModifiedDate":"2022-02-21"},{"lineNumber":277,"author":{"gitId":"prgJ"},"content":"            }","lastModifiedDate":"2022-02-21"},{"lineNumber":278,"author":{"gitId":"prgJ"},"content":"            else if (userinput.startsWith(DukeCommand.delete)){","lastModifiedDate":"2022-02-21"},{"lineNumber":279,"author":{"gitId":"prgJ"},"content":"                String taskStr \u003d userinput.substring(DukeCommand.delete.length());","lastModifiedDate":"2022-02-21"},{"lineNumber":280,"author":{"gitId":"prgJ"},"content":"                taskStr \u003d taskStr.trim();","lastModifiedDate":"2022-02-21"},{"lineNumber":281,"author":{"gitId":"prgJ"},"content":"                requiredSaveToFile \u003d processDelete(taskStr, taskList);","lastModifiedDate":"2022-02-21"},{"lineNumber":282,"author":{"gitId":"prgJ"},"content":"            }","lastModifiedDate":"2022-02-21"},{"lineNumber":283,"author":{"gitId":"prgJ"},"content":"            else if (userinput.startsWith(DukeCommand.mark)){","lastModifiedDate":"2022-02-21"},{"lineNumber":284,"author":{"gitId":"prgJ"},"content":"                String taskStr \u003d userinput.substring(DukeCommand.mark.length());","lastModifiedDate":"2022-02-21"},{"lineNumber":285,"author":{"gitId":"prgJ"},"content":"                taskStr \u003d taskStr.trim();","lastModifiedDate":"2022-02-21"},{"lineNumber":286,"author":{"gitId":"prgJ"},"content":"                requiredSaveToFile \u003d processMarkingTask(taskStr, taskList, true);","lastModifiedDate":"2022-02-21"},{"lineNumber":287,"author":{"gitId":"prgJ"},"content":"            }","lastModifiedDate":"2022-02-21"},{"lineNumber":288,"author":{"gitId":"prgJ"},"content":"            else if (userinput.startsWith(DukeCommand.unmark)) {","lastModifiedDate":"2022-02-21"},{"lineNumber":289,"author":{"gitId":"prgJ"},"content":"                String taskStr \u003d userinput.substring(DukeCommand.unmark.length());","lastModifiedDate":"2022-02-21"},{"lineNumber":290,"author":{"gitId":"prgJ"},"content":"                taskStr \u003d taskStr.trim();","lastModifiedDate":"2022-02-21"},{"lineNumber":291,"author":{"gitId":"prgJ"},"content":"                requiredSaveToFile \u003d processMarkingTask(taskStr, taskList, false);","lastModifiedDate":"2022-02-21"},{"lineNumber":292,"author":{"gitId":"prgJ"},"content":"            }","lastModifiedDate":"2022-02-21"},{"lineNumber":293,"author":{"gitId":"prgJ"},"content":"            else {","lastModifiedDate":"2022-02-21"},{"lineNumber":294,"author":{"gitId":"prgJ"},"content":"                printMessage(DukeMessage.invalidCommandMsg);","lastModifiedDate":"2022-02-21"},{"lineNumber":295,"author":{"gitId":"prgJ"},"content":"            }","lastModifiedDate":"2022-02-09"},{"lineNumber":296,"author":{"gitId":"prgJ"},"content":"","lastModifiedDate":"2022-02-21"},{"lineNumber":297,"author":{"gitId":"prgJ"},"content":"            if(newTask !\u003d null){","lastModifiedDate":"2022-02-21"},{"lineNumber":298,"author":{"gitId":"prgJ"},"content":"                taskList.add(newTask);","lastModifiedDate":"2022-02-21"},{"lineNumber":299,"author":{"gitId":"prgJ"},"content":"                printMessage(DukeMessage.getTaskInListMsg(newTask, taskList.size()));","lastModifiedDate":"2022-02-21"},{"lineNumber":300,"author":{"gitId":"prgJ"},"content":"                requiredSaveToFile \u003d true;","lastModifiedDate":"2022-02-21"},{"lineNumber":301,"author":{"gitId":"prgJ"},"content":"            }","lastModifiedDate":"2022-02-21"},{"lineNumber":302,"author":{"gitId":"prgJ"},"content":"","lastModifiedDate":"2022-02-21"},{"lineNumber":303,"author":{"gitId":"prgJ"},"content":"            if(requiredSaveToFile){","lastModifiedDate":"2022-02-21"},{"lineNumber":304,"author":{"gitId":"prgJ"},"content":"                saveTaskToFile(taskList);","lastModifiedDate":"2022-02-21"},{"lineNumber":305,"author":{"gitId":"prgJ"},"content":"            }","lastModifiedDate":"2022-02-21"},{"lineNumber":306,"author":{"gitId":"prgJ"},"content":"        }","lastModifiedDate":"2022-02-21"},{"lineNumber":307,"author":{"gitId":"prgJ"},"content":"","lastModifiedDate":"2022-02-21"},{"lineNumber":308,"author":{"gitId":"prgJ"},"content":"        input.close();","lastModifiedDate":"2022-02-09"},{"lineNumber":309,"author":{"gitId":"prgJ"},"content":"        //save task list","lastModifiedDate":"2022-02-21"},{"lineNumber":310,"author":{"gitId":"-"},"content":"    }","lastModifiedDate":"2019-07-29"},{"lineNumber":311,"author":{"gitId":"-"},"content":"}","lastModifiedDate":"2019-07-29"}],"authorContributionMap":{"prgJ":307,"-":4}},{"path":"src/main/java/DukeInvalidCommandDataInput.java","fileType":"java","lines":[{"lineNumber":1,"author":{"gitId":"prgJ"},"content":"public class DukeInvalidCommandDataInput extends Exception{","lastModifiedDate":"2022-02-21"},{"lineNumber":2,"author":{"gitId":"prgJ"},"content":"}","lastModifiedDate":"2022-02-21"}],"authorContributionMap":{"prgJ":2}},{"path":"src/main/java/EventTask.java","fileType":"java","lines":[{"lineNumber":1,"author":{"gitId":"prgJ"},"content":"import java.time.LocalDateTime;","lastModifiedDate":"2022-02-21"},{"lineNumber":2,"author":{"gitId":"prgJ"},"content":"import java.time.format.DateTimeFormatter;","lastModifiedDate":"2022-02-21"},{"lineNumber":3,"author":{"gitId":"prgJ"},"content":"","lastModifiedDate":"2022-02-21"},{"lineNumber":4,"author":{"gitId":"prgJ"},"content":"public class EventTask extends Task{","lastModifiedDate":"2022-02-21"},{"lineNumber":5,"author":{"gitId":"prgJ"},"content":"    private LocalDateTime atStartDT;","lastModifiedDate":"2022-02-21"},{"lineNumber":6,"author":{"gitId":"prgJ"},"content":"    private LocalDateTime atEndDT;","lastModifiedDate":"2022-02-21"},{"lineNumber":7,"author":{"gitId":"prgJ"},"content":"    private final static DateTimeFormatter dtFm \u003d DateTimeFormatter.ofPattern(\"MMM dd yyyy hh:mma\");","lastModifiedDate":"2022-02-21"},{"lineNumber":8,"author":{"gitId":"prgJ"},"content":"","lastModifiedDate":"2022-02-21"},{"lineNumber":9,"author":{"gitId":"prgJ"},"content":"    public EventTask(String description, boolean isCompleted, LocalDateTime atStartDT, LocalDateTime atEndDT){","lastModifiedDate":"2022-02-21"},{"lineNumber":10,"author":{"gitId":"prgJ"},"content":"        super(description, isCompleted);","lastModifiedDate":"2022-02-21"},{"lineNumber":11,"author":{"gitId":"prgJ"},"content":"        this.atStartDT \u003d atStartDT;","lastModifiedDate":"2022-02-21"},{"lineNumber":12,"author":{"gitId":"prgJ"},"content":"        this.atEndDT \u003d atEndDT;","lastModifiedDate":"2022-02-21"},{"lineNumber":13,"author":{"gitId":"prgJ"},"content":"    }","lastModifiedDate":"2022-02-21"},{"lineNumber":14,"author":{"gitId":"prgJ"},"content":"","lastModifiedDate":"2022-02-21"},{"lineNumber":15,"author":{"gitId":"prgJ"},"content":"    public LocalDateTime getStartAtDateTime() {","lastModifiedDate":"2022-02-21"},{"lineNumber":16,"author":{"gitId":"prgJ"},"content":"        return atStartDT;","lastModifiedDate":"2022-02-21"},{"lineNumber":17,"author":{"gitId":"prgJ"},"content":"    }","lastModifiedDate":"2022-02-21"},{"lineNumber":18,"author":{"gitId":"prgJ"},"content":"","lastModifiedDate":"2022-02-21"},{"lineNumber":19,"author":{"gitId":"prgJ"},"content":"    public void setStartAtDate(LocalDateTime atDate) {","lastModifiedDate":"2022-02-21"},{"lineNumber":20,"author":{"gitId":"prgJ"},"content":"        this.atStartDT \u003d atDate;","lastModifiedDate":"2022-02-21"},{"lineNumber":21,"author":{"gitId":"prgJ"},"content":"    }","lastModifiedDate":"2022-02-21"},{"lineNumber":22,"author":{"gitId":"prgJ"},"content":"","lastModifiedDate":"2022-02-21"},{"lineNumber":23,"author":{"gitId":"prgJ"},"content":"    public LocalDateTime getEndAtDateTime() {","lastModifiedDate":"2022-02-21"},{"lineNumber":24,"author":{"gitId":"prgJ"},"content":"        return atEndDT;","lastModifiedDate":"2022-02-21"},{"lineNumber":25,"author":{"gitId":"prgJ"},"content":"    }","lastModifiedDate":"2022-02-21"},{"lineNumber":26,"author":{"gitId":"prgJ"},"content":"","lastModifiedDate":"2022-02-21"},{"lineNumber":27,"author":{"gitId":"prgJ"},"content":"    public void setEndAtDate(LocalDateTime atDate) {","lastModifiedDate":"2022-02-21"},{"lineNumber":28,"author":{"gitId":"prgJ"},"content":"        this.atEndDT \u003d atDate;","lastModifiedDate":"2022-02-21"},{"lineNumber":29,"author":{"gitId":"prgJ"},"content":"    }","lastModifiedDate":"2022-02-21"},{"lineNumber":30,"author":{"gitId":"prgJ"},"content":"","lastModifiedDate":"2022-02-21"},{"lineNumber":31,"author":{"gitId":"prgJ"},"content":"    @Override","lastModifiedDate":"2022-02-21"},{"lineNumber":32,"author":{"gitId":"prgJ"},"content":"    public String toString() {","lastModifiedDate":"2022-02-21"},{"lineNumber":33,"author":{"gitId":"prgJ"},"content":"        return \"[E]\"+super.toString() + \"(at: \" + atStartDT.format(dtFm) + \" to \" + atEndDT.format(dtFm) + \")\";","lastModifiedDate":"2022-02-21"},{"lineNumber":34,"author":{"gitId":"prgJ"},"content":"    }","lastModifiedDate":"2022-02-21"},{"lineNumber":35,"author":{"gitId":"prgJ"},"content":"","lastModifiedDate":"2022-02-21"},{"lineNumber":36,"author":{"gitId":"prgJ"},"content":"    //E | 0 | project meeting | Aug 6th 2-4pm","lastModifiedDate":"2022-02-21"},{"lineNumber":37,"author":{"gitId":"prgJ"},"content":"    @Override","lastModifiedDate":"2022-02-21"},{"lineNumber":38,"author":{"gitId":"prgJ"},"content":"    public String toFileString(){","lastModifiedDate":"2022-02-21"},{"lineNumber":39,"author":{"gitId":"prgJ"},"content":"","lastModifiedDate":"2022-02-21"},{"lineNumber":40,"author":{"gitId":"prgJ"},"content":"        return \"E\" + super.toFileString() + \" | \" + atStartDT.format(Duke.DukeCommand.dtFormat) + \" | \" +","lastModifiedDate":"2022-02-21"},{"lineNumber":41,"author":{"gitId":"prgJ"},"content":"                atEndDT.format(Duke.DukeCommand.dtFormat);","lastModifiedDate":"2022-02-21"},{"lineNumber":42,"author":{"gitId":"prgJ"},"content":"    }","lastModifiedDate":"2022-02-21"},{"lineNumber":43,"author":{"gitId":"prgJ"},"content":"}","lastModifiedDate":"2022-02-21"}],"authorContributionMap":{"prgJ":43}},{"path":"src/main/java/Parser.java","fileType":"java","lines":[{"lineNumber":1,"author":{"gitId":"prgJ"},"content":"import java.util.ArrayList;","lastModifiedDate":"2022-02-23"},{"lineNumber":2,"author":{"gitId":"prgJ"},"content":"import java.util.Scanner;","lastModifiedDate":"2022-02-23"},{"lineNumber":3,"author":{"gitId":"prgJ"},"content":"","lastModifiedDate":"2022-02-23"},{"lineNumber":4,"author":{"gitId":"prgJ"},"content":"public class Parser {","lastModifiedDate":"2022-02-23"},{"lineNumber":5,"author":{"gitId":"prgJ"},"content":"","lastModifiedDate":"2022-02-23"},{"lineNumber":6,"author":{"gitId":"prgJ"},"content":"    public static void main(String[] args) {","lastModifiedDate":"2022-02-23"},{"lineNumber":7,"author":{"gitId":"prgJ"},"content":"        ArrayList\u003cTask\u003e taskList \u003d new ArrayList\u003cTask\u003e();","lastModifiedDate":"2022-02-23"},{"lineNumber":8,"author":{"gitId":"prgJ"},"content":"        loadTaskListFromFile(taskList);","lastModifiedDate":"2022-02-23"},{"lineNumber":9,"author":{"gitId":"prgJ"},"content":"        // Load task List","lastModifiedDate":"2022-02-23"},{"lineNumber":10,"author":{"gitId":"prgJ"},"content":"        Scanner input \u003d new Scanner(System.in);","lastModifiedDate":"2022-02-23"},{"lineNumber":11,"author":{"gitId":"prgJ"},"content":"        String userinput \u003d \"\";","lastModifiedDate":"2022-02-23"},{"lineNumber":12,"author":{"gitId":"prgJ"},"content":"        Task newTask \u003d null;","lastModifiedDate":"2022-02-23"},{"lineNumber":13,"author":{"gitId":"prgJ"},"content":"        printMessage(Duke.DukeMessage.welcomeMsg);","lastModifiedDate":"2022-02-23"},{"lineNumber":14,"author":{"gitId":"prgJ"},"content":"        while(true) {","lastModifiedDate":"2022-02-23"},{"lineNumber":15,"author":{"gitId":"prgJ"},"content":"            userinput \u003d input.nextLine();","lastModifiedDate":"2022-02-23"},{"lineNumber":16,"author":{"gitId":"prgJ"},"content":"            newTask \u003d null;","lastModifiedDate":"2022-02-23"},{"lineNumber":17,"author":{"gitId":"prgJ"},"content":"            boolean requiredSaveToFile \u003d false;","lastModifiedDate":"2022-02-23"},{"lineNumber":18,"author":{"gitId":"prgJ"},"content":"            if (userinput.equals(Duke.DukeCommand.bye)) {","lastModifiedDate":"2022-02-23"},{"lineNumber":19,"author":{"gitId":"prgJ"},"content":"                printMessage(Duke.DukeMessage.byeMsg);","lastModifiedDate":"2022-02-23"},{"lineNumber":20,"author":{"gitId":"prgJ"},"content":"                break;","lastModifiedDate":"2022-02-23"},{"lineNumber":21,"author":{"gitId":"prgJ"},"content":"            }","lastModifiedDate":"2022-02-23"},{"lineNumber":22,"author":{"gitId":"prgJ"},"content":"            else if (userinput.startsWith(Duke.DukeCommand.todo)){","lastModifiedDate":"2022-02-23"},{"lineNumber":23,"author":{"gitId":"prgJ"},"content":"                newTask \u003d processTodo(userinput);","lastModifiedDate":"2022-02-23"},{"lineNumber":24,"author":{"gitId":"prgJ"},"content":"            }","lastModifiedDate":"2022-02-23"},{"lineNumber":25,"author":{"gitId":"prgJ"},"content":"            else if (userinput.startsWith(Duke.DukeCommand.deadline)){","lastModifiedDate":"2022-02-23"},{"lineNumber":26,"author":{"gitId":"prgJ"},"content":"                newTask \u003d processDeadline(userinput);","lastModifiedDate":"2022-02-23"},{"lineNumber":27,"author":{"gitId":"prgJ"},"content":"            }","lastModifiedDate":"2022-02-23"},{"lineNumber":28,"author":{"gitId":"prgJ"},"content":"            else if (userinput.startsWith(Duke.DukeCommand.event)){","lastModifiedDate":"2022-02-23"},{"lineNumber":29,"author":{"gitId":"prgJ"},"content":"                newTask \u003d processEvent(userinput);","lastModifiedDate":"2022-02-23"},{"lineNumber":30,"author":{"gitId":"prgJ"},"content":"            }","lastModifiedDate":"2022-02-23"},{"lineNumber":31,"author":{"gitId":"prgJ"},"content":"            else if (userinput.equals(Duke.DukeCommand.list)) {","lastModifiedDate":"2022-02-23"},{"lineNumber":32,"author":{"gitId":"prgJ"},"content":"                processPrintList(taskList);","lastModifiedDate":"2022-02-23"},{"lineNumber":33,"author":{"gitId":"prgJ"},"content":"            }","lastModifiedDate":"2022-02-23"},{"lineNumber":34,"author":{"gitId":"prgJ"},"content":"            else if (userinput.startsWith(Duke.DukeCommand.delete)){","lastModifiedDate":"2022-02-23"},{"lineNumber":35,"author":{"gitId":"prgJ"},"content":"                String taskStr \u003d userinput.substring(Duke.DukeCommand.delete.length());","lastModifiedDate":"2022-02-23"},{"lineNumber":36,"author":{"gitId":"prgJ"},"content":"                taskStr \u003d taskStr.trim();","lastModifiedDate":"2022-02-23"},{"lineNumber":37,"author":{"gitId":"prgJ"},"content":"                requiredSaveToFile \u003d processDelete(taskStr, taskList);","lastModifiedDate":"2022-02-23"},{"lineNumber":38,"author":{"gitId":"prgJ"},"content":"            }","lastModifiedDate":"2022-02-23"},{"lineNumber":39,"author":{"gitId":"prgJ"},"content":"            else if (userinput.startsWith(Duke.DukeCommand.mark)){","lastModifiedDate":"2022-02-23"},{"lineNumber":40,"author":{"gitId":"prgJ"},"content":"                String taskStr \u003d userinput.substring(Duke.DukeCommand.mark.length());","lastModifiedDate":"2022-02-23"},{"lineNumber":41,"author":{"gitId":"prgJ"},"content":"                taskStr \u003d taskStr.trim();","lastModifiedDate":"2022-02-23"},{"lineNumber":42,"author":{"gitId":"prgJ"},"content":"                requiredSaveToFile \u003d processMarkingTask(taskStr, taskList, true);","lastModifiedDate":"2022-02-23"},{"lineNumber":43,"author":{"gitId":"prgJ"},"content":"            }","lastModifiedDate":"2022-02-23"},{"lineNumber":44,"author":{"gitId":"prgJ"},"content":"            else if (userinput.startsWith(Duke.DukeCommand.unmark)) {","lastModifiedDate":"2022-02-23"},{"lineNumber":45,"author":{"gitId":"prgJ"},"content":"                String taskStr \u003d userinput.substring(Duke.DukeCommand.unmark.length());","lastModifiedDate":"2022-02-23"},{"lineNumber":46,"author":{"gitId":"prgJ"},"content":"                taskStr \u003d taskStr.trim();","lastModifiedDate":"2022-02-23"},{"lineNumber":47,"author":{"gitId":"prgJ"},"content":"                requiredSaveToFile \u003d processMarkingTask(taskStr, taskList, false);","lastModifiedDate":"2022-02-23"},{"lineNumber":48,"author":{"gitId":"prgJ"},"content":"            }","lastModifiedDate":"2022-02-23"},{"lineNumber":49,"author":{"gitId":"prgJ"},"content":"            else {","lastModifiedDate":"2022-02-23"},{"lineNumber":50,"author":{"gitId":"prgJ"},"content":"                printMessage(Duke.DukeMessage.invalidCommandMsg);","lastModifiedDate":"2022-02-23"},{"lineNumber":51,"author":{"gitId":"prgJ"},"content":"            }","lastModifiedDate":"2022-02-23"},{"lineNumber":52,"author":{"gitId":"prgJ"},"content":"","lastModifiedDate":"2022-02-23"},{"lineNumber":53,"author":{"gitId":"prgJ"},"content":"            if(newTask !\u003d null){","lastModifiedDate":"2022-02-23"},{"lineNumber":54,"author":{"gitId":"prgJ"},"content":"                taskList.add(newTask);","lastModifiedDate":"2022-02-23"},{"lineNumber":55,"author":{"gitId":"prgJ"},"content":"                printMessage(Duke.DukeMessage.getTaskInListMsg(newTask, taskList.size()));","lastModifiedDate":"2022-02-23"},{"lineNumber":56,"author":{"gitId":"prgJ"},"content":"                requiredSaveToFile \u003d true;","lastModifiedDate":"2022-02-23"},{"lineNumber":57,"author":{"gitId":"prgJ"},"content":"            }","lastModifiedDate":"2022-02-23"},{"lineNumber":58,"author":{"gitId":"prgJ"},"content":"","lastModifiedDate":"2022-02-23"},{"lineNumber":59,"author":{"gitId":"prgJ"},"content":"            if(requiredSaveToFile){","lastModifiedDate":"2022-02-23"},{"lineNumber":60,"author":{"gitId":"prgJ"},"content":"                saveTaskToFile(taskList);","lastModifiedDate":"2022-02-23"},{"lineNumber":61,"author":{"gitId":"prgJ"},"content":"            }","lastModifiedDate":"2022-02-23"},{"lineNumber":62,"author":{"gitId":"prgJ"},"content":"        }","lastModifiedDate":"2022-02-23"},{"lineNumber":63,"author":{"gitId":"prgJ"},"content":"","lastModifiedDate":"2022-02-23"},{"lineNumber":64,"author":{"gitId":"prgJ"},"content":"        input.close();","lastModifiedDate":"2022-02-23"},{"lineNumber":65,"author":{"gitId":"prgJ"},"content":"        //save task list","lastModifiedDate":"2022-02-23"},{"lineNumber":66,"author":{"gitId":"prgJ"},"content":"    }","lastModifiedDate":"2022-02-23"},{"lineNumber":67,"author":{"gitId":"prgJ"},"content":"}","lastModifiedDate":"2022-02-23"}],"authorContributionMap":{"prgJ":67}},{"path":"src/main/java/Storage.java","fileType":"java","lines":[{"lineNumber":1,"author":{"gitId":"prgJ"},"content":"import java.io.File;","lastModifiedDate":"2022-02-23"},{"lineNumber":2,"author":{"gitId":"prgJ"},"content":"import java.io.FileNotFoundException;","lastModifiedDate":"2022-02-23"},{"lineNumber":3,"author":{"gitId":"prgJ"},"content":"import java.io.FileWriter;","lastModifiedDate":"2022-02-23"},{"lineNumber":4,"author":{"gitId":"prgJ"},"content":"import java.io.IOException;","lastModifiedDate":"2022-02-23"},{"lineNumber":5,"author":{"gitId":"prgJ"},"content":"import java.time.LocalDateTime;","lastModifiedDate":"2022-02-23"},{"lineNumber":6,"author":{"gitId":"prgJ"},"content":"import java.util.ArrayList;","lastModifiedDate":"2022-02-23"},{"lineNumber":7,"author":{"gitId":"prgJ"},"content":"import java.util.Scanner;","lastModifiedDate":"2022-02-23"},{"lineNumber":8,"author":{"gitId":"prgJ"},"content":"","lastModifiedDate":"2022-02-23"},{"lineNumber":9,"author":{"gitId":"prgJ"},"content":"public class Storage {","lastModifiedDate":"2022-02-23"},{"lineNumber":10,"author":{"gitId":"prgJ"},"content":"","lastModifiedDate":"2022-02-23"},{"lineNumber":11,"author":{"gitId":"prgJ"},"content":"    public static void loadTaskListFromFile(ArrayList\u003cTask\u003e taskList){","lastModifiedDate":"2022-02-23"},{"lineNumber":12,"author":{"gitId":"prgJ"},"content":"        File f \u003d new File(\"data/duke.txt\");","lastModifiedDate":"2022-02-23"},{"lineNumber":13,"author":{"gitId":"prgJ"},"content":"        try {","lastModifiedDate":"2022-02-23"},{"lineNumber":14,"author":{"gitId":"prgJ"},"content":"            Scanner scanFile \u003d  new Scanner(f);","lastModifiedDate":"2022-02-23"},{"lineNumber":15,"author":{"gitId":"prgJ"},"content":"            while(scanFile.hasNext()){","lastModifiedDate":"2022-02-23"},{"lineNumber":16,"author":{"gitId":"prgJ"},"content":"                String lineData \u003d scanFile.nextLine();","lastModifiedDate":"2022-02-23"},{"lineNumber":17,"author":{"gitId":"prgJ"},"content":"                String[] taskData \u003d lineData.split(\"\\\\|\");","lastModifiedDate":"2022-02-23"},{"lineNumber":18,"author":{"gitId":"prgJ"},"content":"                String taskType \u003d taskData[0].trim();","lastModifiedDate":"2022-02-23"},{"lineNumber":19,"author":{"gitId":"prgJ"},"content":"                boolean isCompleted \u003d taskData[1].trim().equals(\"1\");","lastModifiedDate":"2022-02-23"},{"lineNumber":20,"author":{"gitId":"prgJ"},"content":"                String desc \u003d taskData[2].trim();","lastModifiedDate":"2022-02-23"},{"lineNumber":21,"author":{"gitId":"prgJ"},"content":"                Task newTask \u003d null;","lastModifiedDate":"2022-02-23"},{"lineNumber":22,"author":{"gitId":"prgJ"},"content":"                switch(taskType){","lastModifiedDate":"2022-02-23"},{"lineNumber":23,"author":{"gitId":"prgJ"},"content":"                    case \"T\":","lastModifiedDate":"2022-02-23"},{"lineNumber":24,"author":{"gitId":"prgJ"},"content":"                        newTask \u003d new ToDoTask(desc, isCompleted);","lastModifiedDate":"2022-02-23"},{"lineNumber":25,"author":{"gitId":"prgJ"},"content":"                        break;","lastModifiedDate":"2022-02-23"},{"lineNumber":26,"author":{"gitId":"prgJ"},"content":"                    case \"D\":","lastModifiedDate":"2022-02-23"},{"lineNumber":27,"author":{"gitId":"prgJ"},"content":"                        String byDateStr \u003d taskData[3].trim();","lastModifiedDate":"2022-02-23"},{"lineNumber":28,"author":{"gitId":"prgJ"},"content":"                        LocalDateTime dt \u003d LocalDateTime.parse(byDateStr, Duke.DukeCommand.dtFormat);","lastModifiedDate":"2022-02-23"},{"lineNumber":29,"author":{"gitId":"prgJ"},"content":"                        newTask \u003d new DeadlineTask(desc, isCompleted, dt);","lastModifiedDate":"2022-02-23"},{"lineNumber":30,"author":{"gitId":"prgJ"},"content":"                        break;","lastModifiedDate":"2022-02-23"},{"lineNumber":31,"author":{"gitId":"prgJ"},"content":"                    case \"E\":","lastModifiedDate":"2022-02-23"},{"lineNumber":32,"author":{"gitId":"prgJ"},"content":"                        String fromDateStr \u003d taskData[3].trim();","lastModifiedDate":"2022-02-23"},{"lineNumber":33,"author":{"gitId":"prgJ"},"content":"                        LocalDateTime fDt \u003d LocalDateTime.parse(fromDateStr, Duke.DukeCommand.dtFormat);","lastModifiedDate":"2022-02-23"},{"lineNumber":34,"author":{"gitId":"prgJ"},"content":"                        String toDateStr \u003d taskData[4].trim();","lastModifiedDate":"2022-02-23"},{"lineNumber":35,"author":{"gitId":"prgJ"},"content":"                        LocalDateTime tDt \u003d LocalDateTime.parse(toDateStr, Duke.DukeCommand.dtFormat);","lastModifiedDate":"2022-02-23"},{"lineNumber":36,"author":{"gitId":"prgJ"},"content":"                        newTask \u003d new EventTask(desc, isCompleted, fDt, tDt);","lastModifiedDate":"2022-02-23"},{"lineNumber":37,"author":{"gitId":"prgJ"},"content":"                        break;","lastModifiedDate":"2022-02-23"},{"lineNumber":38,"author":{"gitId":"prgJ"},"content":"                }","lastModifiedDate":"2022-02-23"},{"lineNumber":39,"author":{"gitId":"prgJ"},"content":"                if(newTask !\u003d null){","lastModifiedDate":"2022-02-23"},{"lineNumber":40,"author":{"gitId":"prgJ"},"content":"                    taskList.add(newTask);","lastModifiedDate":"2022-02-23"},{"lineNumber":41,"author":{"gitId":"prgJ"},"content":"                }","lastModifiedDate":"2022-02-23"},{"lineNumber":42,"author":{"gitId":"prgJ"},"content":"            }","lastModifiedDate":"2022-02-23"},{"lineNumber":43,"author":{"gitId":"prgJ"},"content":"        }","lastModifiedDate":"2022-02-23"},{"lineNumber":44,"author":{"gitId":"prgJ"},"content":"        catch(FileNotFoundException e){","lastModifiedDate":"2022-02-23"},{"lineNumber":45,"author":{"gitId":"prgJ"},"content":"            // do nothing, no file no load","lastModifiedDate":"2022-02-23"},{"lineNumber":46,"author":{"gitId":"prgJ"},"content":"        }","lastModifiedDate":"2022-02-23"},{"lineNumber":47,"author":{"gitId":"prgJ"},"content":"    }","lastModifiedDate":"2022-02-23"},{"lineNumber":48,"author":{"gitId":"prgJ"},"content":"","lastModifiedDate":"2022-02-23"},{"lineNumber":49,"author":{"gitId":"prgJ"},"content":"    public static void saveTaskToFile(ArrayList\u003cTask\u003e taskList){","lastModifiedDate":"2022-02-23"},{"lineNumber":50,"author":{"gitId":"prgJ"},"content":"        File f \u003d new File(\"data/duke.txt\");","lastModifiedDate":"2022-02-23"},{"lineNumber":51,"author":{"gitId":"prgJ"},"content":"        try{","lastModifiedDate":"2022-02-23"},{"lineNumber":52,"author":{"gitId":"prgJ"},"content":"            if(!f.exists()) {","lastModifiedDate":"2022-02-23"},{"lineNumber":53,"author":{"gitId":"prgJ"},"content":"                // create data folder if not exist","lastModifiedDate":"2022-02-23"},{"lineNumber":54,"author":{"gitId":"prgJ"},"content":"                f.getParentFile().mkdirs();","lastModifiedDate":"2022-02-23"},{"lineNumber":55,"author":{"gitId":"prgJ"},"content":"                // create duke.txt","lastModifiedDate":"2022-02-23"},{"lineNumber":56,"author":{"gitId":"prgJ"},"content":"                f.createNewFile();","lastModifiedDate":"2022-02-23"},{"lineNumber":57,"author":{"gitId":"prgJ"},"content":"            }","lastModifiedDate":"2022-02-23"},{"lineNumber":58,"author":{"gitId":"prgJ"},"content":"","lastModifiedDate":"2022-02-23"},{"lineNumber":59,"author":{"gitId":"prgJ"},"content":"            FileWriter fw \u003d new FileWriter(f);","lastModifiedDate":"2022-02-23"},{"lineNumber":60,"author":{"gitId":"prgJ"},"content":"            for(Task t: taskList){","lastModifiedDate":"2022-02-23"},{"lineNumber":61,"author":{"gitId":"prgJ"},"content":"                fw.write(t.toFileString()+\"\\n\");","lastModifiedDate":"2022-02-23"},{"lineNumber":62,"author":{"gitId":"prgJ"},"content":"            }","lastModifiedDate":"2022-02-23"},{"lineNumber":63,"author":{"gitId":"prgJ"},"content":"","lastModifiedDate":"2022-02-23"},{"lineNumber":64,"author":{"gitId":"prgJ"},"content":"            fw.close();","lastModifiedDate":"2022-02-23"},{"lineNumber":65,"author":{"gitId":"prgJ"},"content":"        }","lastModifiedDate":"2022-02-23"},{"lineNumber":66,"author":{"gitId":"prgJ"},"content":"        catch(SecurityException se){","lastModifiedDate":"2022-02-23"},{"lineNumber":67,"author":{"gitId":"prgJ"},"content":"            printMessage(se.getMessage());","lastModifiedDate":"2022-02-23"},{"lineNumber":68,"author":{"gitId":"prgJ"},"content":"        }","lastModifiedDate":"2022-02-23"},{"lineNumber":69,"author":{"gitId":"prgJ"},"content":"        catch(IOException e){","lastModifiedDate":"2022-02-23"},{"lineNumber":70,"author":{"gitId":"prgJ"},"content":"            printMessage(\"Unable to save to filepath data/duke.txt\");","lastModifiedDate":"2022-02-23"},{"lineNumber":71,"author":{"gitId":"prgJ"},"content":"        }","lastModifiedDate":"2022-02-23"},{"lineNumber":72,"author":{"gitId":"prgJ"},"content":"    }","lastModifiedDate":"2022-02-23"},{"lineNumber":73,"author":{"gitId":"prgJ"},"content":"}","lastModifiedDate":"2022-02-23"}],"authorContributionMap":{"prgJ":73}},{"path":"src/main/java/Task.java","fileType":"java","lines":[{"lineNumber":1,"author":{"gitId":"prgJ"},"content":"abstract public class Task {","lastModifiedDate":"2022-02-21"},{"lineNumber":2,"author":{"gitId":"prgJ"},"content":"    private String description;","lastModifiedDate":"2022-02-21"},{"lineNumber":3,"author":{"gitId":"prgJ"},"content":"    private boolean isCompleted;","lastModifiedDate":"2022-02-21"},{"lineNumber":4,"author":{"gitId":"prgJ"},"content":"","lastModifiedDate":"2022-02-21"},{"lineNumber":5,"author":{"gitId":"prgJ"},"content":"    public Task(String description, boolean isCompleted){","lastModifiedDate":"2022-02-21"},{"lineNumber":6,"author":{"gitId":"prgJ"},"content":"        this.description \u003d description;","lastModifiedDate":"2022-02-21"},{"lineNumber":7,"author":{"gitId":"prgJ"},"content":"        this.isCompleted \u003d isCompleted;","lastModifiedDate":"2022-02-21"},{"lineNumber":8,"author":{"gitId":"prgJ"},"content":"    }","lastModifiedDate":"2022-02-21"},{"lineNumber":9,"author":{"gitId":"prgJ"},"content":"","lastModifiedDate":"2022-02-21"},{"lineNumber":10,"author":{"gitId":"prgJ"},"content":"    public boolean isCompleted() {","lastModifiedDate":"2022-02-21"},{"lineNumber":11,"author":{"gitId":"prgJ"},"content":"        return isCompleted;","lastModifiedDate":"2022-02-21"},{"lineNumber":12,"author":{"gitId":"prgJ"},"content":"    }","lastModifiedDate":"2022-02-21"},{"lineNumber":13,"author":{"gitId":"prgJ"},"content":"","lastModifiedDate":"2022-02-21"},{"lineNumber":14,"author":{"gitId":"prgJ"},"content":"    public void setCompleted(boolean completed) { isCompleted \u003d completed; }","lastModifiedDate":"2022-02-21"},{"lineNumber":15,"author":{"gitId":"prgJ"},"content":"","lastModifiedDate":"2022-02-21"},{"lineNumber":16,"author":{"gitId":"prgJ"},"content":"    //public void setCompleted() { this.isCompleted \u003d true; }","lastModifiedDate":"2022-02-21"},{"lineNumber":17,"author":{"gitId":"prgJ"},"content":"","lastModifiedDate":"2022-02-21"},{"lineNumber":18,"author":{"gitId":"prgJ"},"content":"    public String getDescription() {","lastModifiedDate":"2022-02-21"},{"lineNumber":19,"author":{"gitId":"prgJ"},"content":"        return description;","lastModifiedDate":"2022-02-21"},{"lineNumber":20,"author":{"gitId":"prgJ"},"content":"    }","lastModifiedDate":"2022-02-21"},{"lineNumber":21,"author":{"gitId":"prgJ"},"content":"","lastModifiedDate":"2022-02-21"},{"lineNumber":22,"author":{"gitId":"prgJ"},"content":"    public void setDescription(String description) {","lastModifiedDate":"2022-02-21"},{"lineNumber":23,"author":{"gitId":"prgJ"},"content":"        this.description \u003d description;","lastModifiedDate":"2022-02-21"},{"lineNumber":24,"author":{"gitId":"prgJ"},"content":"    }","lastModifiedDate":"2022-02-21"},{"lineNumber":25,"author":{"gitId":"prgJ"},"content":"","lastModifiedDate":"2022-02-21"},{"lineNumber":26,"author":{"gitId":"prgJ"},"content":"","lastModifiedDate":"2022-02-21"},{"lineNumber":27,"author":{"gitId":"prgJ"},"content":"    @Override","lastModifiedDate":"2022-02-21"},{"lineNumber":28,"author":{"gitId":"prgJ"},"content":"    public String toString() {","lastModifiedDate":"2022-02-21"},{"lineNumber":29,"author":{"gitId":"prgJ"},"content":"        // [X] study","lastModifiedDate":"2022-02-21"},{"lineNumber":30,"author":{"gitId":"prgJ"},"content":"        return \"[\" + ((isCompleted)?\"X\":\" \") + \"] \" + description;","lastModifiedDate":"2022-02-21"},{"lineNumber":31,"author":{"gitId":"prgJ"},"content":"    }","lastModifiedDate":"2022-02-21"},{"lineNumber":32,"author":{"gitId":"prgJ"},"content":"","lastModifiedDate":"2022-02-21"},{"lineNumber":33,"author":{"gitId":"prgJ"},"content":"    // T | 1 | read book","lastModifiedDate":"2022-02-21"},{"lineNumber":34,"author":{"gitId":"prgJ"},"content":"    public String toFileString(){","lastModifiedDate":"2022-02-21"},{"lineNumber":35,"author":{"gitId":"prgJ"},"content":"        return \" | \"+((isCompleted)?\"1 | \":\"0 | \") + description;","lastModifiedDate":"2022-02-21"},{"lineNumber":36,"author":{"gitId":"prgJ"},"content":"    }","lastModifiedDate":"2022-02-21"},{"lineNumber":37,"author":{"gitId":"prgJ"},"content":"}","lastModifiedDate":"2022-02-21"}],"authorContributionMap":{"prgJ":37}},{"path":"src/main/java/TaskList.java","fileType":"java","lines":[{"lineNumber":1,"author":{"gitId":"prgJ"},"content":"import java.time.LocalDateTime;","lastModifiedDate":"2022-02-23"},{"lineNumber":2,"author":{"gitId":"prgJ"},"content":"import java.util.ArrayList;","lastModifiedDate":"2022-02-23"},{"lineNumber":3,"author":{"gitId":"prgJ"},"content":"","lastModifiedDate":"2022-02-23"},{"lineNumber":4,"author":{"gitId":"prgJ"},"content":"public class TaskList {","lastModifiedDate":"2022-02-23"},{"lineNumber":5,"author":{"gitId":"prgJ"},"content":"","lastModifiedDate":"2022-02-23"},{"lineNumber":6,"author":{"gitId":"prgJ"},"content":"    public static void processPrintList(ArrayList\u003cTask\u003e taskList){","lastModifiedDate":"2022-02-23"},{"lineNumber":7,"author":{"gitId":"prgJ"},"content":"        printMessage(Duke.DukeMessage.listMsg);","lastModifiedDate":"2022-02-23"},{"lineNumber":8,"author":{"gitId":"prgJ"},"content":"        for (int i \u003d 0; i \u003c taskList.size(); i++) {","lastModifiedDate":"2022-02-23"},{"lineNumber":9,"author":{"gitId":"prgJ"},"content":"            Task currentTask \u003d taskList.get(i);","lastModifiedDate":"2022-02-23"},{"lineNumber":10,"author":{"gitId":"prgJ"},"content":"            System.out.println((i + 1) +\". \" + currentTask);","lastModifiedDate":"2022-02-23"},{"lineNumber":11,"author":{"gitId":"prgJ"},"content":"        }","lastModifiedDate":"2022-02-23"},{"lineNumber":12,"author":{"gitId":"prgJ"},"content":"    }","lastModifiedDate":"2022-02-23"},{"lineNumber":13,"author":{"gitId":"prgJ"},"content":"","lastModifiedDate":"2022-02-23"},{"lineNumber":14,"author":{"gitId":"prgJ"},"content":"    public static boolean processMarkingTask(String taskIndexStr, ArrayList\u003cTask\u003e taskList, boolean isCompleted){","lastModifiedDate":"2022-02-23"},{"lineNumber":15,"author":{"gitId":"prgJ"},"content":"        int markingIndex \u003d getExistingIndex(taskIndexStr, taskList);","lastModifiedDate":"2022-02-23"},{"lineNumber":16,"author":{"gitId":"prgJ"},"content":"        if(markingIndex !\u003d -1) {","lastModifiedDate":"2022-02-23"},{"lineNumber":17,"author":{"gitId":"prgJ"},"content":"            taskList.get(markingIndex).setCompleted(isCompleted);","lastModifiedDate":"2022-02-23"},{"lineNumber":18,"author":{"gitId":"prgJ"},"content":"            printMessage(Duke.DukeMessage.getCompleteMessage(isCompleted));","lastModifiedDate":"2022-02-23"},{"lineNumber":19,"author":{"gitId":"prgJ"},"content":"            processPrintList(taskList);","lastModifiedDate":"2022-02-23"},{"lineNumber":20,"author":{"gitId":"prgJ"},"content":"            return true;","lastModifiedDate":"2022-02-23"},{"lineNumber":21,"author":{"gitId":"prgJ"},"content":"        }","lastModifiedDate":"2022-02-23"},{"lineNumber":22,"author":{"gitId":"prgJ"},"content":"        else{","lastModifiedDate":"2022-02-23"},{"lineNumber":23,"author":{"gitId":"prgJ"},"content":"            printMessage(\"Fail to set task complete status!\");","lastModifiedDate":"2022-02-23"},{"lineNumber":24,"author":{"gitId":"prgJ"},"content":"            return false;","lastModifiedDate":"2022-02-23"},{"lineNumber":25,"author":{"gitId":"prgJ"},"content":"        }","lastModifiedDate":"2022-02-23"},{"lineNumber":26,"author":{"gitId":"prgJ"},"content":"    }","lastModifiedDate":"2022-02-23"},{"lineNumber":27,"author":{"gitId":"prgJ"},"content":"","lastModifiedDate":"2022-02-23"},{"lineNumber":28,"author":{"gitId":"prgJ"},"content":"    public static void checkCommandData(String[] taskInfo, int expectedInfoNum) throws DukeInvalidCommandDataInput{","lastModifiedDate":"2022-02-23"},{"lineNumber":29,"author":{"gitId":"prgJ"},"content":"        if(taskInfo.length !\u003d expectedInfoNum){","lastModifiedDate":"2022-02-23"},{"lineNumber":30,"author":{"gitId":"prgJ"},"content":"            throw new DukeInvalidCommandDataInput();","lastModifiedDate":"2022-02-23"},{"lineNumber":31,"author":{"gitId":"prgJ"},"content":"        }","lastModifiedDate":"2022-02-23"},{"lineNumber":32,"author":{"gitId":"prgJ"},"content":"    }","lastModifiedDate":"2022-02-23"},{"lineNumber":33,"author":{"gitId":"prgJ"},"content":"","lastModifiedDate":"2022-02-23"},{"lineNumber":34,"author":{"gitId":"prgJ"},"content":"    public static Task processTodo(String command) {","lastModifiedDate":"2022-02-23"},{"lineNumber":35,"author":{"gitId":"prgJ"},"content":"        String taskStr \u003d command.substring(Duke.DukeCommand.todo.length());","lastModifiedDate":"2022-02-23"},{"lineNumber":36,"author":{"gitId":"prgJ"},"content":"        taskStr \u003d taskStr.trim();","lastModifiedDate":"2022-02-23"},{"lineNumber":37,"author":{"gitId":"prgJ"},"content":"        String description \u003d taskStr;","lastModifiedDate":"2022-02-23"},{"lineNumber":38,"author":{"gitId":"prgJ"},"content":"        //printMessage(DukeMessage.addedTaskMsg + \"\\n\" + command);","lastModifiedDate":"2022-02-23"},{"lineNumber":39,"author":{"gitId":"prgJ"},"content":"        return new ToDoTask(description, false);","lastModifiedDate":"2022-02-23"},{"lineNumber":40,"author":{"gitId":"prgJ"},"content":"    }","lastModifiedDate":"2022-02-23"},{"lineNumber":41,"author":{"gitId":"prgJ"},"content":"","lastModifiedDate":"2022-02-23"},{"lineNumber":42,"author":{"gitId":"prgJ"},"content":"    public static boolean processDelete(String delStrIndex, ArrayList\u003cTask\u003e taskList){","lastModifiedDate":"2022-02-23"},{"lineNumber":43,"author":{"gitId":"prgJ"},"content":"        int delIndex \u003d getExistingIndex(delStrIndex, taskList);","lastModifiedDate":"2022-02-23"},{"lineNumber":44,"author":{"gitId":"prgJ"},"content":"        if(delIndex !\u003d -1) {","lastModifiedDate":"2022-02-23"},{"lineNumber":45,"author":{"gitId":"prgJ"},"content":"            Task deleteTask \u003d taskList.get(delIndex);","lastModifiedDate":"2022-02-23"},{"lineNumber":46,"author":{"gitId":"prgJ"},"content":"            taskList.remove(delIndex);","lastModifiedDate":"2022-02-23"},{"lineNumber":47,"author":{"gitId":"prgJ"},"content":"            printMessage(Duke.DukeMessage.getDeleteTaskInListMsg(deleteTask, taskList.size()));","lastModifiedDate":"2022-02-23"},{"lineNumber":48,"author":{"gitId":"prgJ"},"content":"            return true;","lastModifiedDate":"2022-02-23"},{"lineNumber":49,"author":{"gitId":"prgJ"},"content":"        }","lastModifiedDate":"2022-02-23"},{"lineNumber":50,"author":{"gitId":"prgJ"},"content":"        else{","lastModifiedDate":"2022-02-23"},{"lineNumber":51,"author":{"gitId":"prgJ"},"content":"            printMessage(\"Fail to delete Task!\");","lastModifiedDate":"2022-02-23"},{"lineNumber":52,"author":{"gitId":"prgJ"},"content":"            return false;","lastModifiedDate":"2022-02-23"},{"lineNumber":53,"author":{"gitId":"prgJ"},"content":"        }","lastModifiedDate":"2022-02-23"},{"lineNumber":54,"author":{"gitId":"prgJ"},"content":"    }","lastModifiedDate":"2022-02-23"},{"lineNumber":55,"author":{"gitId":"prgJ"},"content":"","lastModifiedDate":"2022-02-23"},{"lineNumber":56,"author":{"gitId":"prgJ"},"content":"    public static boolean checkIfNumber(String numStr){","lastModifiedDate":"2022-02-23"},{"lineNumber":57,"author":{"gitId":"prgJ"},"content":"        try{","lastModifiedDate":"2022-02-23"},{"lineNumber":58,"author":{"gitId":"prgJ"},"content":"            Integer.parseInt(numStr);","lastModifiedDate":"2022-02-23"},{"lineNumber":59,"author":{"gitId":"prgJ"},"content":"            return true;","lastModifiedDate":"2022-02-23"},{"lineNumber":60,"author":{"gitId":"prgJ"},"content":"        }","lastModifiedDate":"2022-02-23"},{"lineNumber":61,"author":{"gitId":"prgJ"},"content":"        catch(Exception e){","lastModifiedDate":"2022-02-23"},{"lineNumber":62,"author":{"gitId":"prgJ"},"content":"            printMessage(numStr+\" is not a number!\");","lastModifiedDate":"2022-02-23"},{"lineNumber":63,"author":{"gitId":"prgJ"},"content":"            return false;","lastModifiedDate":"2022-02-23"},{"lineNumber":64,"author":{"gitId":"prgJ"},"content":"        }","lastModifiedDate":"2022-02-23"},{"lineNumber":65,"author":{"gitId":"prgJ"},"content":"    }","lastModifiedDate":"2022-02-23"},{"lineNumber":66,"author":{"gitId":"prgJ"},"content":"","lastModifiedDate":"2022-02-23"},{"lineNumber":67,"author":{"gitId":"prgJ"},"content":"    public static Task processEvent(String command) {","lastModifiedDate":"2022-02-23"},{"lineNumber":68,"author":{"gitId":"prgJ"},"content":"        String taskStr \u003d command.substring(Duke.DukeCommand.event.length());","lastModifiedDate":"2022-02-23"},{"lineNumber":69,"author":{"gitId":"prgJ"},"content":"        taskStr \u003d taskStr.trim();","lastModifiedDate":"2022-02-23"},{"lineNumber":70,"author":{"gitId":"prgJ"},"content":"        // event Ed Sheeran Concert /at 2-12-2019 1800_to_2300","lastModifiedDate":"2022-02-23"},{"lineNumber":71,"author":{"gitId":"prgJ"},"content":"        String[] taskInfo \u003d taskStr.split(\"/at\");","lastModifiedDate":"2022-02-23"},{"lineNumber":72,"author":{"gitId":"prgJ"},"content":"        try{","lastModifiedDate":"2022-02-23"},{"lineNumber":73,"author":{"gitId":"prgJ"},"content":"            checkCommandData(taskInfo, 2);","lastModifiedDate":"2022-02-23"},{"lineNumber":74,"author":{"gitId":"prgJ"},"content":"        }","lastModifiedDate":"2022-02-23"},{"lineNumber":75,"author":{"gitId":"prgJ"},"content":"        catch(DukeInvalidCommandDataInput e){","lastModifiedDate":"2022-02-23"},{"lineNumber":76,"author":{"gitId":"prgJ"},"content":"            printMessage(Duke.DukeMessage.invalidCommandMsg + \"\\n\" + command);","lastModifiedDate":"2022-02-23"},{"lineNumber":77,"author":{"gitId":"prgJ"},"content":"            return null;","lastModifiedDate":"2022-02-23"},{"lineNumber":78,"author":{"gitId":"prgJ"},"content":"        }","lastModifiedDate":"2022-02-23"},{"lineNumber":79,"author":{"gitId":"prgJ"},"content":"        String description \u003d taskInfo[0].trim();","lastModifiedDate":"2022-02-23"},{"lineNumber":80,"author":{"gitId":"prgJ"},"content":"        String[] fromToDateStr \u003d taskInfo[1].trim().split(\"_to_\"); // 2-12-2019 1800_to_2-12-2019 2300","lastModifiedDate":"2022-02-23"},{"lineNumber":81,"author":{"gitId":"prgJ"},"content":"        String fromDateStr \u003d fromToDateStr[0].trim();","lastModifiedDate":"2022-02-23"},{"lineNumber":82,"author":{"gitId":"prgJ"},"content":"        String toDateStr \u003d fromToDateStr[1].trim();","lastModifiedDate":"2022-02-23"},{"lineNumber":83,"author":{"gitId":"prgJ"},"content":"        LocalDateTime fromDt \u003d null;","lastModifiedDate":"2022-02-23"},{"lineNumber":84,"author":{"gitId":"prgJ"},"content":"        LocalDateTime toDt \u003d null;","lastModifiedDate":"2022-02-23"},{"lineNumber":85,"author":{"gitId":"prgJ"},"content":"        try{","lastModifiedDate":"2022-02-23"},{"lineNumber":86,"author":{"gitId":"prgJ"},"content":"            fromDt \u003d LocalDateTime.parse(fromDateStr, Duke.DukeCommand.dtFormat);","lastModifiedDate":"2022-02-23"},{"lineNumber":87,"author":{"gitId":"prgJ"},"content":"            toDt \u003d LocalDateTime.parse(toDateStr, Duke.DukeCommand.dtFormat);","lastModifiedDate":"2022-02-23"},{"lineNumber":88,"author":{"gitId":"prgJ"},"content":"        }","lastModifiedDate":"2022-02-23"},{"lineNumber":89,"author":{"gitId":"prgJ"},"content":"        catch(Exception e){","lastModifiedDate":"2022-02-23"},{"lineNumber":90,"author":{"gitId":"prgJ"},"content":"            printMessage(Duke.DukeMessage.invalidCommandMsg + command + \"\\n\" + Duke.DukeMessage.expectedEvent);","lastModifiedDate":"2022-02-23"},{"lineNumber":91,"author":{"gitId":"prgJ"},"content":"            return null;","lastModifiedDate":"2022-02-23"},{"lineNumber":92,"author":{"gitId":"prgJ"},"content":"        }","lastModifiedDate":"2022-02-23"},{"lineNumber":93,"author":{"gitId":"prgJ"},"content":"        return new EventTask(description, false, fromDt, toDt);","lastModifiedDate":"2022-02-23"},{"lineNumber":94,"author":{"gitId":"prgJ"},"content":"    }","lastModifiedDate":"2022-02-23"},{"lineNumber":95,"author":{"gitId":"prgJ"},"content":"","lastModifiedDate":"2022-02-23"},{"lineNumber":96,"author":{"gitId":"prgJ"},"content":"    public static Task processDeadline(String command)  {","lastModifiedDate":"2022-02-23"},{"lineNumber":97,"author":{"gitId":"prgJ"},"content":"        // deadline return book /by 2-12-2019 1800","lastModifiedDate":"2022-02-23"},{"lineNumber":98,"author":{"gitId":"prgJ"},"content":"        String taskStr \u003d command.substring(Duke.DukeCommand.deadline.length());","lastModifiedDate":"2022-02-23"},{"lineNumber":99,"author":{"gitId":"prgJ"},"content":"        taskStr \u003d taskStr.trim();","lastModifiedDate":"2022-02-23"},{"lineNumber":100,"author":{"gitId":"prgJ"},"content":"        String[] taskInfo \u003d taskStr.split(\"/by\");","lastModifiedDate":"2022-02-23"},{"lineNumber":101,"author":{"gitId":"prgJ"},"content":"        try{","lastModifiedDate":"2022-02-23"},{"lineNumber":102,"author":{"gitId":"prgJ"},"content":"            checkCommandData(taskInfo, 2);","lastModifiedDate":"2022-02-23"},{"lineNumber":103,"author":{"gitId":"prgJ"},"content":"        }","lastModifiedDate":"2022-02-23"},{"lineNumber":104,"author":{"gitId":"prgJ"},"content":"        catch(DukeInvalidCommandDataInput e){","lastModifiedDate":"2022-02-23"},{"lineNumber":105,"author":{"gitId":"prgJ"},"content":"            printMessage(Duke.DukeMessage.invalidCommandMsg + \"\\n\" +command + \"\\n\" + Duke.DukeMessage.expectedDeadline);","lastModifiedDate":"2022-02-23"},{"lineNumber":106,"author":{"gitId":"prgJ"},"content":"            return null;","lastModifiedDate":"2022-02-23"},{"lineNumber":107,"author":{"gitId":"prgJ"},"content":"        }","lastModifiedDate":"2022-02-23"},{"lineNumber":108,"author":{"gitId":"prgJ"},"content":"        String description \u003d taskInfo[0].trim();","lastModifiedDate":"2022-02-23"},{"lineNumber":109,"author":{"gitId":"prgJ"},"content":"        String dateStr \u003d taskInfo[1].trim();","lastModifiedDate":"2022-02-23"},{"lineNumber":110,"author":{"gitId":"prgJ"},"content":"        LocalDateTime dt \u003d null;","lastModifiedDate":"2022-02-23"},{"lineNumber":111,"author":{"gitId":"prgJ"},"content":"        try{","lastModifiedDate":"2022-02-23"},{"lineNumber":112,"author":{"gitId":"prgJ"},"content":"            dt \u003d LocalDateTime.parse(dateStr, Duke.DukeCommand.dtFormat);","lastModifiedDate":"2022-02-23"},{"lineNumber":113,"author":{"gitId":"prgJ"},"content":"        }","lastModifiedDate":"2022-02-23"},{"lineNumber":114,"author":{"gitId":"prgJ"},"content":"        catch(Exception e){","lastModifiedDate":"2022-02-23"},{"lineNumber":115,"author":{"gitId":"prgJ"},"content":"            printMessage(Duke.DukeMessage.invalidCommandMsg + command + \"\\n\" + Duke.DukeMessage.expectedDeadline);","lastModifiedDate":"2022-02-23"},{"lineNumber":116,"author":{"gitId":"prgJ"},"content":"            return null;","lastModifiedDate":"2022-02-23"},{"lineNumber":117,"author":{"gitId":"prgJ"},"content":"        }","lastModifiedDate":"2022-02-23"},{"lineNumber":118,"author":{"gitId":"prgJ"},"content":"","lastModifiedDate":"2022-02-23"},{"lineNumber":119,"author":{"gitId":"prgJ"},"content":"        return new DeadlineTask(description,false, dt);","lastModifiedDate":"2022-02-23"},{"lineNumber":120,"author":{"gitId":"prgJ"},"content":"    }","lastModifiedDate":"2022-02-23"},{"lineNumber":121,"author":{"gitId":"prgJ"},"content":"","lastModifiedDate":"2022-02-23"},{"lineNumber":122,"author":{"gitId":"prgJ"},"content":"    public static int getExistingIndex(String findStrIndex, ArrayList\u003cTask\u003e taskList){","lastModifiedDate":"2022-02-23"},{"lineNumber":123,"author":{"gitId":"prgJ"},"content":"        if(taskList.size() \u003d\u003d 0){","lastModifiedDate":"2022-02-23"},{"lineNumber":124,"author":{"gitId":"prgJ"},"content":"            printMessage(\"Task list is empty!\");","lastModifiedDate":"2022-02-23"},{"lineNumber":125,"author":{"gitId":"prgJ"},"content":"            return -1;","lastModifiedDate":"2022-02-23"},{"lineNumber":126,"author":{"gitId":"prgJ"},"content":"        }","lastModifiedDate":"2022-02-23"},{"lineNumber":127,"author":{"gitId":"prgJ"},"content":"","lastModifiedDate":"2022-02-23"},{"lineNumber":128,"author":{"gitId":"prgJ"},"content":"        if(!checkIfNumber(findStrIndex)){","lastModifiedDate":"2022-02-23"},{"lineNumber":129,"author":{"gitId":"prgJ"},"content":"            return -1;","lastModifiedDate":"2022-02-23"},{"lineNumber":130,"author":{"gitId":"prgJ"},"content":"        }","lastModifiedDate":"2022-02-23"},{"lineNumber":131,"author":{"gitId":"prgJ"},"content":"","lastModifiedDate":"2022-02-23"},{"lineNumber":132,"author":{"gitId":"prgJ"},"content":"        int findIndex \u003d Integer.parseInt(findStrIndex)-1;","lastModifiedDate":"2022-02-23"},{"lineNumber":133,"author":{"gitId":"prgJ"},"content":"        if(findIndex \u003e\u003d 0 \u0026\u0026 findIndex \u003c taskList.size()){","lastModifiedDate":"2022-02-23"},{"lineNumber":134,"author":{"gitId":"prgJ"},"content":"            return findIndex;","lastModifiedDate":"2022-02-23"},{"lineNumber":135,"author":{"gitId":"prgJ"},"content":"        }","lastModifiedDate":"2022-02-23"},{"lineNumber":136,"author":{"gitId":"prgJ"},"content":"        else{","lastModifiedDate":"2022-02-23"},{"lineNumber":137,"author":{"gitId":"prgJ"},"content":"            printMessage(\"Invalid task number selected!\");","lastModifiedDate":"2022-02-23"},{"lineNumber":138,"author":{"gitId":"prgJ"},"content":"            return -1;","lastModifiedDate":"2022-02-23"},{"lineNumber":139,"author":{"gitId":"prgJ"},"content":"        }","lastModifiedDate":"2022-02-23"},{"lineNumber":140,"author":{"gitId":"prgJ"},"content":"    }","lastModifiedDate":"2022-02-23"},{"lineNumber":141,"author":{"gitId":"prgJ"},"content":"}","lastModifiedDate":"2022-02-23"}],"authorContributionMap":{"prgJ":141}},{"path":"src/main/java/ToDoTask.java","fileType":"java","lines":[{"lineNumber":1,"author":{"gitId":"prgJ"},"content":"public class ToDoTask extends Task{","lastModifiedDate":"2022-02-21"},{"lineNumber":2,"author":{"gitId":"prgJ"},"content":"    public ToDoTask(String description, boolean isCompleted){","lastModifiedDate":"2022-02-21"},{"lineNumber":3,"author":{"gitId":"prgJ"},"content":"        super(description, isCompleted);","lastModifiedDate":"2022-02-21"},{"lineNumber":4,"author":{"gitId":"prgJ"},"content":"    }","lastModifiedDate":"2022-02-21"},{"lineNumber":5,"author":{"gitId":"prgJ"},"content":"","lastModifiedDate":"2022-02-21"},{"lineNumber":6,"author":{"gitId":"prgJ"},"content":"    @Override","lastModifiedDate":"2022-02-21"},{"lineNumber":7,"author":{"gitId":"prgJ"},"content":"    public String toString() {","lastModifiedDate":"2022-02-21"},{"lineNumber":8,"author":{"gitId":"prgJ"},"content":"        return \"[T]\"+super.toString();","lastModifiedDate":"2022-02-21"},{"lineNumber":9,"author":{"gitId":"prgJ"},"content":"    }","lastModifiedDate":"2022-02-21"},{"lineNumber":10,"author":{"gitId":"prgJ"},"content":"","lastModifiedDate":"2022-02-21"},{"lineNumber":11,"author":{"gitId":"prgJ"},"content":"    // T | 1 | read book","lastModifiedDate":"2022-02-21"},{"lineNumber":12,"author":{"gitId":"prgJ"},"content":"    @Override","lastModifiedDate":"2022-02-21"},{"lineNumber":13,"author":{"gitId":"prgJ"},"content":"    public String toFileString(){","lastModifiedDate":"2022-02-21"},{"lineNumber":14,"author":{"gitId":"prgJ"},"content":"        return \"T\" + super.toFileString();","lastModifiedDate":"2022-02-21"},{"lineNumber":15,"author":{"gitId":"prgJ"},"content":"    }","lastModifiedDate":"2022-02-21"},{"lineNumber":16,"author":{"gitId":"prgJ"},"content":"}","lastModifiedDate":"2022-02-21"}],"authorContributionMap":{"prgJ":16}},{"path":"src/main/java/Ui.java","fileType":"java","lines":[{"lineNumber":1,"author":{"gitId":"prgJ"},"content":"import java.time.format.DateTimeFormatter;","lastModifiedDate":"2022-02-23"},{"lineNumber":2,"author":{"gitId":"prgJ"},"content":"","lastModifiedDate":"2022-02-23"},{"lineNumber":3,"author":{"gitId":"prgJ"},"content":"public class Ui {","lastModifiedDate":"2022-02-23"},{"lineNumber":4,"author":{"gitId":"prgJ"},"content":"","lastModifiedDate":"2022-02-23"},{"lineNumber":5,"author":{"gitId":"prgJ"},"content":"    public static class DukeMessage{","lastModifiedDate":"2022-02-23"},{"lineNumber":6,"author":{"gitId":"prgJ"},"content":"        public final static String welcomeMsg \u003d \"Hello! I am Duke\\nWhat can I do for you?\";","lastModifiedDate":"2022-02-23"},{"lineNumber":7,"author":{"gitId":"prgJ"},"content":"        public final static String horizontalLine \u003d \"________________________________\";","lastModifiedDate":"2022-02-23"},{"lineNumber":8,"author":{"gitId":"prgJ"},"content":"        public final static String byeMsg \u003d \"Bye! hope to see you again soon!\";","lastModifiedDate":"2022-02-23"},{"lineNumber":9,"author":{"gitId":"prgJ"},"content":"        public final static String listMsg \u003d \"Here are a list of your tasks!\";","lastModifiedDate":"2022-02-23"},{"lineNumber":10,"author":{"gitId":"prgJ"},"content":"        public final static String deleteMsg \u003d \"Alright! Let me delete this task:\\n\";","lastModifiedDate":"2022-02-23"},{"lineNumber":11,"author":{"gitId":"prgJ"},"content":"        public final static String invalidCommandMsg \u003d \"I do not understand your command!\";","lastModifiedDate":"2022-02-23"},{"lineNumber":12,"author":{"gitId":"prgJ"},"content":"        public final static String addedTaskMsg \u003d \"Got it. I\u0027ve added this task:\\n\";","lastModifiedDate":"2022-02-23"},{"lineNumber":13,"author":{"gitId":"prgJ"},"content":"        public final static String completedTaskMsg \u003d \"Task has been marked as completed.\\n\";","lastModifiedDate":"2022-02-23"},{"lineNumber":14,"author":{"gitId":"prgJ"},"content":"        public final static String notCompletedTaskMsg \u003d \"Task has been marked as not completed.\\n\";","lastModifiedDate":"2022-02-23"},{"lineNumber":15,"author":{"gitId":"prgJ"},"content":"        public final static String expectedDeadline \u003d \"Try typing it in the following format:\\n deadline \u003cdesciption\u003e /by 31-01-2022 1800\";","lastModifiedDate":"2022-02-23"},{"lineNumber":16,"author":{"gitId":"prgJ"},"content":"        public final static String expectedEvent \u003d \"Try typing it in the following format:\\n event \u003cdesciption\u003e /at 31-01-2022 1800_to_31-01-2022 2100\";","lastModifiedDate":"2022-02-23"},{"lineNumber":17,"author":{"gitId":"prgJ"},"content":"        public static String getTaskInListMsg(Task task, int numTask){","lastModifiedDate":"2022-02-23"},{"lineNumber":18,"author":{"gitId":"prgJ"},"content":"            return addedTaskMsg + \"\\t\" + task + \"\\nNow you have \" + numTask + \" tasks in the list\";","lastModifiedDate":"2022-02-23"},{"lineNumber":19,"author":{"gitId":"prgJ"},"content":"        }","lastModifiedDate":"2022-02-23"},{"lineNumber":20,"author":{"gitId":"prgJ"},"content":"","lastModifiedDate":"2022-02-23"},{"lineNumber":21,"author":{"gitId":"prgJ"},"content":"        public static String getDeleteTaskInListMsg(Task task, int numTask){","lastModifiedDate":"2022-02-23"},{"lineNumber":22,"author":{"gitId":"prgJ"},"content":"            return deleteMsg + \"\\t\" + task + \"\\nNow you have \" + numTask + \" tasks in the list\";","lastModifiedDate":"2022-02-23"},{"lineNumber":23,"author":{"gitId":"prgJ"},"content":"        }","lastModifiedDate":"2022-02-23"},{"lineNumber":24,"author":{"gitId":"prgJ"},"content":"","lastModifiedDate":"2022-02-23"},{"lineNumber":25,"author":{"gitId":"prgJ"},"content":"        public static String getCompleteMessage(boolean isCompleted){","lastModifiedDate":"2022-02-23"},{"lineNumber":26,"author":{"gitId":"prgJ"},"content":"            return (isCompleted)?completedTaskMsg:notCompletedTaskMsg;","lastModifiedDate":"2022-02-23"},{"lineNumber":27,"author":{"gitId":"prgJ"},"content":"        }","lastModifiedDate":"2022-02-23"},{"lineNumber":28,"author":{"gitId":"prgJ"},"content":"    }","lastModifiedDate":"2022-02-23"},{"lineNumber":29,"author":{"gitId":"prgJ"},"content":"","lastModifiedDate":"2022-02-23"},{"lineNumber":30,"author":{"gitId":"prgJ"},"content":"    public static class DukeCommand{","lastModifiedDate":"2022-02-23"},{"lineNumber":31,"author":{"gitId":"prgJ"},"content":"        public final static String bye \u003d \"bye\";","lastModifiedDate":"2022-02-23"},{"lineNumber":32,"author":{"gitId":"prgJ"},"content":"        public final static String list \u003d \"list\";","lastModifiedDate":"2022-02-23"},{"lineNumber":33,"author":{"gitId":"prgJ"},"content":"        public final static String todo \u003d \"todo\";","lastModifiedDate":"2022-02-23"},{"lineNumber":34,"author":{"gitId":"prgJ"},"content":"        public final static String deadline \u003d \"deadline\";","lastModifiedDate":"2022-02-23"},{"lineNumber":35,"author":{"gitId":"prgJ"},"content":"        public final static String event \u003d \"event\";","lastModifiedDate":"2022-02-23"},{"lineNumber":36,"author":{"gitId":"prgJ"},"content":"        public final static String delete \u003d \"delete\";","lastModifiedDate":"2022-02-23"},{"lineNumber":37,"author":{"gitId":"prgJ"},"content":"        public final static String mark \u003d \"mark\";","lastModifiedDate":"2022-02-23"},{"lineNumber":38,"author":{"gitId":"prgJ"},"content":"        public final static String unmark \u003d \"unmark\";","lastModifiedDate":"2022-02-23"},{"lineNumber":39,"author":{"gitId":"prgJ"},"content":"        public final static DateTimeFormatter dtFormat \u003d DateTimeFormatter.ofPattern(\"dd-MM-yyyy HHmm\");","lastModifiedDate":"2022-02-23"},{"lineNumber":40,"author":{"gitId":"prgJ"},"content":"    }","lastModifiedDate":"2022-02-23"},{"lineNumber":41,"author":{"gitId":"prgJ"},"content":"","lastModifiedDate":"2022-02-23"},{"lineNumber":42,"author":{"gitId":"prgJ"},"content":"    public static void printMessage(String msg) {","lastModifiedDate":"2022-02-23"},{"lineNumber":43,"author":{"gitId":"prgJ"},"content":"        System.out.println(Duke.DukeMessage.horizontalLine);","lastModifiedDate":"2022-02-23"},{"lineNumber":44,"author":{"gitId":"prgJ"},"content":"        System.out.println(msg);","lastModifiedDate":"2022-02-23"},{"lineNumber":45,"author":{"gitId":"prgJ"},"content":"        System.out.println(Duke.DukeMessage.horizontalLine);","lastModifiedDate":"2022-02-23"},{"lineNumber":46,"author":{"gitId":"prgJ"},"content":"    }","lastModifiedDate":"2022-02-23"},{"lineNumber":47,"author":{"gitId":"prgJ"},"content":"}","lastModifiedDate":"2022-02-23"}],"authorContributionMap":{"prgJ":47}}]
