{"authorDailyContributionsMap":{"AryanSarswat":[{"date":"2022-01-17","commitResults":[{"hash":"6e53a34d38862c3b152f8b55062a44739af4a12b","messageTitle":"Implemented Level 1","messageBody":"","tags":["Level-1"],"fileTypesAndContributionMap":{"java":{"insertions":29,"deletions":6}}},{"hash":"e05b0f00b16b36892fc4277d5157bede6780abdf","messageTitle":"Implemented Level 2","messageBody":"","tags":["Level-2"],"fileTypesAndContributionMap":{"java":{"insertions":25,"deletions":10}}},{"hash":"79a14086efdf38f50e60f5b72a1a5e1d24b3d4b5","messageTitle":"Implemented Level-3","messageBody":"","tags":["Level-3"],"fileTypesAndContributionMap":{"java":{"insertions":57,"deletions":7}}},{"hash":"db2e45db1429b5b32d4ce33920ecdec8b3163e36","messageTitle":"Implemented Level 4","messageBody":"","tags":["Level-4"],"fileTypesAndContributionMap":{"java":{"insertions":92,"deletions":15}}}]},{"date":"2022-01-18","commitResults":[{"hash":"4fef05eef907774e17307d8bd5103c081d96e3b8","messageTitle":"Implemented Automated Testing and Level 5","messageBody":"","tags":["A-TextUiTesting_Level-5"],"fileTypesAndContributionMap":{"txt":{"insertions":10,"deletions":0},"java":{"insertions":98,"deletions":70}}},{"hash":"5a08473be636659a7b90fb9dfc4dd43ea8f22d9d","messageTitle":"Implemented Level-6","messageBody":"","tags":["Level-6"],"fileTypesAndContributionMap":{"java":{"insertions":13,"deletions":1}}}]},{"date":"2022-01-19","commitResults":[{"hash":"b4dc449facbb3a9739c713cc378dc1bdb00280c8","messageTitle":"Encapsulated logic and refactored the indentation","messageBody":"","fileTypesAndContributionMap":{"txt":{"insertions":14,"deletions":1},"java":{"insertions":204,"deletions":118}}},{"hash":"e552fde0d3d1e064f13137aade4bc736fc37b1c2","messageTitle":"Minor typo fixes","messageBody":"","fileTypesAndContributionMap":{"txt":{"insertions":11,"deletions":2},"java":{"insertions":1,"deletions":1}}}]},{"date":"2022-01-25","commitResults":[{"hash":"ffa86d7c2a5085d0dce01cdf4330aaf1b178eb24","messageTitle":"Finished Level-7","messageBody":"","tags":["Level-7"],"fileTypesAndContributionMap":{"java":{"insertions":169,"deletions":22}}},{"hash":"a5a292a1b054e52bd220b5defc759d6652434975","messageTitle":"Finished Level-8","messageBody":"","tags":["Level-8"],"fileTypesAndContributionMap":{"java":{"insertions":64,"deletions":34}}},{"hash":"3a5352a67a68f377bf4713b2c453ae610984c5fe","messageTitle":"Modified Tests","messageBody":"","fileTypesAndContributionMap":{"txt":{"insertions":4,"deletions":4}}}]},{"date":"2022-01-26","commitResults":[{"hash":"ec247d30ad92f9be88d692dfad0989bafa21c143","messageTitle":"Refactors and organised everything with more OOP","messageBody":"","tags":["A-MoreOOP"],"fileTypesAndContributionMap":{"txt":{"insertions":4,"deletions":4},"java":{"insertions":339,"deletions":240}}},{"hash":"22d6723bcc9d09f5a4f51148ac8a01b94e79140c","messageTitle":"Organized into packages","messageBody":"","tags":["A-Packages"],"fileTypesAndContributionMap":{"java":{"insertions":25,"deletions":10}}},{"hash":"318f0fd8226063d8852d9efbfb78cc592b7e650f","messageTitle":"Added Junit tests for Task and Parser","messageBody":"","tags":["A-JUnit"],"fileTypesAndContributionMap":{"java":{"insertions":67,"deletions":31}}},{"hash":"7372d437fbcc8e6a820a7b980a4f9ec8d078318b","messageTitle":"Made Jar file","messageBody":"","tags":["A-Jar"],"fileTypesAndContributionMap":{"java":{"insertions":10,"deletions":7},"bat":{"insertions":1,"deletions":1},"md":{"insertions":2,"deletions":2}}}]},{"date":"2022-01-27","commitResults":[{"hash":"d6947adbca1f4abd6ea28f24dca16c55b4be1096","messageTitle":"Added JavaDocs for all Public functions","messageBody":"","tags":["A-JavaDoc"],"fileTypesAndContributionMap":{"java":{"insertions":176,"deletions":11},"bat":{"insertions":1,"deletions":1}}},{"hash":"2ef05c918f3226854749277845535199e7bab929","messageTitle":"Changed to code to be in accordance with Java coding standard","messageBody":"","tags":["A-CodingStandard"],"fileTypesAndContributionMap":{"java":{"insertions":70,"deletions":54}}},{"hash":"472d18c763d0279a57a7bfce0ed7d225df26848c","messageTitle":"Added find functionality","messageBody":"","tags":["Level-9"],"fileTypesAndContributionMap":{"java":{"insertions":55,"deletions":28}}},{"hash":"7feaba97357f4cc023daf3f3a85414e2d5f27873","messageTitle":"Bug fixes","messageBody":"","fileTypesAndContributionMap":{"java":{"insertions":1,"deletions":37}}}]},{"date":"2022-01-28","commitResults":[{"hash":"ae56f0410680c8f5207312420615167ff277af5c","messageTitle":"Corrected some formatting issues","messageBody":"","fileTypesAndContributionMap":{"java":{"insertions":97,"deletions":62}}}]},{"date":"2022-01-30","commitResults":[{"hash":"0d46e06e33f09356be1b2493bf061440d2324087","messageTitle":"Bug Fix","messageBody":"","fileTypesAndContributionMap":{"java":{"insertions":50,"deletions":40}}},{"hash":"29e51d17b16eb76bb798d2ce9f548ea38b69fb56","messageTitle":"Made project into a gradle project","messageBody":"","fileTypesAndContributionMap":{"gradle":{"insertions":68,"deletions":0},"bat":{"insertions":89,"deletions":0}}}]}]},"authorFileTypeContributionMap":{"AryanSarswat":{"java":875,"md":2,"fxml":0,"sh":0,"bat":90,"gradle":68,"txt":32}},"authorContributionVariance":{"AryanSarswat":42116.184},"authorDisplayNameMap":{"AryanSarswat":"CS2103-F09-2 ARYA..SWAT"}}
