[{"path":"data/heylo.txt","fileType":"txt","lines":[{"lineNumber":1,"author":{"gitId":"ckcherry23"},"content":"T : 0 : this","lastModifiedDate":"2022-02-01"}],"authorContributionMap":{"ckcherry23":1}},{"path":"src/main/java/heylo/Main.java","fileType":"java","lines":[{"lineNumber":1,"author":{"gitId":"ckcherry23"},"content":"package heylo;","lastModifiedDate":"2022-02-01"},{"lineNumber":2,"author":{"gitId":"ckcherry23"},"content":"","lastModifiedDate":"2022-02-01"},{"lineNumber":3,"author":{"gitId":"ckcherry23"},"content":"import heylo.commands.Command;","lastModifiedDate":"2022-02-01"},{"lineNumber":4,"author":{"gitId":"ckcherry23"},"content":"import heylo.tasks.Task;","lastModifiedDate":"2022-02-01"},{"lineNumber":5,"author":{"gitId":"ckcherry23"},"content":"","lastModifiedDate":"2022-01-29"},{"lineNumber":6,"author":{"gitId":"ckcherry23"},"content":"import java.util.Scanner;","lastModifiedDate":"2022-01-24"},{"lineNumber":7,"author":{"gitId":"ckcherry23"},"content":"","lastModifiedDate":"2022-01-17"},{"lineNumber":8,"author":{"gitId":"ckcherry23"},"content":"/**","lastModifiedDate":"2022-02-02"},{"lineNumber":9,"author":{"gitId":"ckcherry23"},"content":" * Drives the Heylo program.","lastModifiedDate":"2022-02-02"},{"lineNumber":10,"author":{"gitId":"ckcherry23"},"content":" */","lastModifiedDate":"2022-02-02"},{"lineNumber":11,"author":{"gitId":"ckcherry23"},"content":"public class Main {","lastModifiedDate":"2022-02-01"},{"lineNumber":12,"author":{"gitId":"ckcherry23"},"content":"    /**","lastModifiedDate":"2022-02-02"},{"lineNumber":13,"author":{"gitId":"ckcherry23"},"content":"     * Loads previously saved tasks, greets the user and accepts commands to run.","lastModifiedDate":"2022-02-02"},{"lineNumber":14,"author":{"gitId":"ckcherry23"},"content":"     *","lastModifiedDate":"2022-02-02"},{"lineNumber":15,"author":{"gitId":"ckcherry23"},"content":"     * @param args Input arguments.","lastModifiedDate":"2022-02-02"},{"lineNumber":16,"author":{"gitId":"ckcherry23"},"content":"     */","lastModifiedDate":"2022-02-02"},{"lineNumber":17,"author":{"gitId":"ckcherry23"},"content":"    public static void main(String[] args) {","lastModifiedDate":"2022-02-02"},{"lineNumber":18,"author":{"gitId":"ckcherry23"},"content":"        Scanner sc \u003d new Scanner(System.in);","lastModifiedDate":"2022-02-01"},{"lineNumber":19,"author":{"gitId":"ckcherry23"},"content":"","lastModifiedDate":"2022-02-01"},{"lineNumber":20,"author":{"gitId":"ckcherry23"},"content":"        Task.getSavedTasks();","lastModifiedDate":"2022-02-01"},{"lineNumber":21,"author":{"gitId":"ckcherry23"},"content":"        greet();","lastModifiedDate":"2022-02-01"},{"lineNumber":22,"author":{"gitId":"ckcherry23"},"content":"","lastModifiedDate":"2022-02-01"},{"lineNumber":23,"author":{"gitId":"ckcherry23"},"content":"        while (true) {","lastModifiedDate":"2022-02-01"},{"lineNumber":24,"author":{"gitId":"ckcherry23"},"content":"            String input \u003d sc.nextLine();","lastModifiedDate":"2022-02-01"},{"lineNumber":25,"author":{"gitId":"ckcherry23"},"content":"            Command cmd \u003d new Command(input);","lastModifiedDate":"2022-02-01"},{"lineNumber":26,"author":{"gitId":"ckcherry23"},"content":"            cmd.run(sc);","lastModifiedDate":"2022-02-01"},{"lineNumber":27,"author":{"gitId":"ckcherry23"},"content":"        }","lastModifiedDate":"2022-02-01"},{"lineNumber":28,"author":{"gitId":"ckcherry23"},"content":"    }","lastModifiedDate":"2022-02-01"},{"lineNumber":29,"author":{"gitId":"ckcherry23"},"content":"","lastModifiedDate":"2022-02-01"},{"lineNumber":30,"author":{"gitId":"ckcherry23"},"content":"    /**","lastModifiedDate":"2022-02-02"},{"lineNumber":31,"author":{"gitId":"ckcherry23"},"content":"     * Greets the user with a stylized logo.","lastModifiedDate":"2022-02-02"},{"lineNumber":32,"author":{"gitId":"ckcherry23"},"content":"     */","lastModifiedDate":"2022-02-02"},{"lineNumber":33,"author":{"gitId":"ckcherry23"},"content":"    public static void greet() {","lastModifiedDate":"2022-02-01"},{"lineNumber":34,"author":{"gitId":"ckcherry23"},"content":"        String logo \u003d","lastModifiedDate":"2022-01-17"},{"lineNumber":35,"author":{"gitId":"ckcherry23"},"content":"                \" _   _                  _\\n\" +","lastModifiedDate":"2022-01-17"},{"lineNumber":36,"author":{"gitId":"ckcherry23"},"content":"                        \"| | | |   ___   _   _  | |   ___\\n\" +","lastModifiedDate":"2022-01-17"},{"lineNumber":37,"author":{"gitId":"ckcherry23"},"content":"                        \"| |_| |  / _ \\\\ | | | | | |  / _ \\\\\\n\" +","lastModifiedDate":"2022-01-17"},{"lineNumber":38,"author":{"gitId":"ckcherry23"},"content":"                        \"|  _  | |  __/ | |_| | | | | (_) |\\n\" +","lastModifiedDate":"2022-01-17"},{"lineNumber":39,"author":{"gitId":"ckcherry23"},"content":"                        \"|_| |_|  \\\\___|  \\\\__, | |_|  \\\\___/\\n\" +","lastModifiedDate":"2022-01-17"},{"lineNumber":40,"author":{"gitId":"ckcherry23"},"content":"                        \"                |___/\\n\";","lastModifiedDate":"2022-01-17"},{"lineNumber":41,"author":{"gitId":"ckcherry23"},"content":"","lastModifiedDate":"2022-01-29"},{"lineNumber":42,"author":{"gitId":"ckcherry23"},"content":"        System.out.println(logo);","lastModifiedDate":"2022-01-17"},{"lineNumber":43,"author":{"gitId":"ckcherry23"},"content":"        System.out.println(\"Heylo! What can I do for you today? :)\\n\");","lastModifiedDate":"2022-01-17"},{"lineNumber":44,"author":{"gitId":"ckcherry23"},"content":"    }","lastModifiedDate":"2022-01-17"},{"lineNumber":45,"author":{"gitId":"ckcherry23"},"content":"}","lastModifiedDate":"2022-01-17"}],"authorContributionMap":{"ckcherry23":45}},{"path":"src/main/java/heylo/commands/Command.java","fileType":"java","lines":[{"lineNumber":1,"author":{"gitId":"ckcherry23"},"content":"package heylo.commands;","lastModifiedDate":"2022-02-01"},{"lineNumber":2,"author":{"gitId":"ckcherry23"},"content":"","lastModifiedDate":"2022-02-01"},{"lineNumber":3,"author":{"gitId":"ckcherry23"},"content":"import heylo.tasks.Deadline;","lastModifiedDate":"2022-02-01"},{"lineNumber":4,"author":{"gitId":"ckcherry23"},"content":"import heylo.tasks.Event;","lastModifiedDate":"2022-02-01"},{"lineNumber":5,"author":{"gitId":"ckcherry23"},"content":"import heylo.tasks.Task;","lastModifiedDate":"2022-02-01"},{"lineNumber":6,"author":{"gitId":"ckcherry23"},"content":"import heylo.tasks.Todo;","lastModifiedDate":"2022-02-01"},{"lineNumber":7,"author":{"gitId":"ckcherry23"},"content":"","lastModifiedDate":"2022-01-24"},{"lineNumber":8,"author":{"gitId":"ckcherry23"},"content":"import java.util.Scanner;","lastModifiedDate":"2022-02-02"},{"lineNumber":9,"author":{"gitId":"ckcherry23"},"content":"","lastModifiedDate":"2022-02-02"},{"lineNumber":10,"author":{"gitId":"ckcherry23"},"content":"/**","lastModifiedDate":"2022-02-02"},{"lineNumber":11,"author":{"gitId":"ckcherry23"},"content":" * Represents a commands input by the user in the command line.","lastModifiedDate":"2022-02-02"},{"lineNumber":12,"author":{"gitId":"ckcherry23"},"content":" */","lastModifiedDate":"2022-02-02"},{"lineNumber":13,"author":{"gitId":"ckcherry23"},"content":"public class Command {","lastModifiedDate":"2022-01-17"},{"lineNumber":14,"author":{"gitId":"ckcherry23"},"content":"    private String command;","lastModifiedDate":"2022-01-17"},{"lineNumber":15,"author":{"gitId":"ckcherry23"},"content":"    private String argument;","lastModifiedDate":"2022-01-19"},{"lineNumber":16,"author":{"gitId":"ckcherry23"},"content":"    private String extraInfo;","lastModifiedDate":"2022-01-19"},{"lineNumber":17,"author":{"gitId":"ckcherry23"},"content":"","lastModifiedDate":"2022-01-17"},{"lineNumber":18,"author":{"gitId":"ckcherry23"},"content":"    /**","lastModifiedDate":"2022-02-02"},{"lineNumber":19,"author":{"gitId":"ckcherry23"},"content":"     * Parses the command input by the user.","lastModifiedDate":"2022-02-02"},{"lineNumber":20,"author":{"gitId":"ckcherry23"},"content":"     *","lastModifiedDate":"2022-02-02"},{"lineNumber":21,"author":{"gitId":"ckcherry23"},"content":"     * @param input String input in the command line","lastModifiedDate":"2022-02-02"},{"lineNumber":22,"author":{"gitId":"ckcherry23"},"content":"     */","lastModifiedDate":"2022-02-02"},{"lineNumber":23,"author":{"gitId":"ckcherry23"},"content":"    public Command(String input) {","lastModifiedDate":"2022-01-17"},{"lineNumber":24,"author":{"gitId":"ckcherry23"},"content":"        String[] inputArgs \u003d input.trim().split(\" \", 2);","lastModifiedDate":"2022-01-19"},{"lineNumber":25,"author":{"gitId":"ckcherry23"},"content":"        String[] extraArgs \u003d input.trim().split(\"/\", 2);","lastModifiedDate":"2022-01-19"},{"lineNumber":26,"author":{"gitId":"ckcherry23"},"content":"        this.command \u003d inputArgs[0];","lastModifiedDate":"2022-01-18"},{"lineNumber":27,"author":{"gitId":"ckcherry23"},"content":"        if (inputArgs.length \u003e 1) {","lastModifiedDate":"2022-01-19"},{"lineNumber":28,"author":{"gitId":"ckcherry23"},"content":"            this.argument \u003d inputArgs[1];","lastModifiedDate":"2022-01-19"},{"lineNumber":29,"author":{"gitId":"ckcherry23"},"content":"            if (extraArgs.length \u003e 1 \u0026\u0026 extraArgs[0].length() \u003e 0) {","lastModifiedDate":"2022-02-02"},{"lineNumber":30,"author":{"gitId":"ckcherry23"},"content":"                this.argument \u003d inputArgs[1].substring(0, inputArgs[1].indexOf(\"/\"));","lastModifiedDate":"2022-01-19"},{"lineNumber":31,"author":{"gitId":"ckcherry23"},"content":"                if (extraArgs[1].trim().split(\" \", 2).length \u003e 1) {","lastModifiedDate":"2022-01-19"},{"lineNumber":32,"author":{"gitId":"ckcherry23"},"content":"                    this.extraInfo \u003d extraArgs[1].trim().split(\" \", 2)[1];","lastModifiedDate":"2022-01-19"},{"lineNumber":33,"author":{"gitId":"ckcherry23"},"content":"                }","lastModifiedDate":"2022-01-19"},{"lineNumber":34,"author":{"gitId":"ckcherry23"},"content":"            }","lastModifiedDate":"2022-01-17"},{"lineNumber":35,"author":{"gitId":"ckcherry23"},"content":"        }","lastModifiedDate":"2022-01-19"},{"lineNumber":36,"author":{"gitId":"ckcherry23"},"content":"    }","lastModifiedDate":"2022-02-02"},{"lineNumber":37,"author":{"gitId":"ckcherry23"},"content":"","lastModifiedDate":"2022-01-17"},{"lineNumber":38,"author":{"gitId":"ckcherry23"},"content":"    /**","lastModifiedDate":"2022-02-02"},{"lineNumber":39,"author":{"gitId":"ckcherry23"},"content":"     * Runs relevant function based on parsed command","lastModifiedDate":"2022-02-02"},{"lineNumber":40,"author":{"gitId":"ckcherry23"},"content":"     *","lastModifiedDate":"2022-02-02"},{"lineNumber":41,"author":{"gitId":"ckcherry23"},"content":"     * @param sc Scanner used for command input for being closed on exit","lastModifiedDate":"2022-02-02"},{"lineNumber":42,"author":{"gitId":"ckcherry23"},"content":"     */","lastModifiedDate":"2022-02-02"},{"lineNumber":43,"author":{"gitId":"ckcherry23"},"content":"    public void run(Scanner sc) {","lastModifiedDate":"2022-01-24"},{"lineNumber":44,"author":{"gitId":"ckcherry23"},"content":"        if (command.equals(\"\")) {","lastModifiedDate":"2022-01-18"},{"lineNumber":45,"author":{"gitId":"ckcherry23"},"content":"            return;","lastModifiedDate":"2022-01-18"},{"lineNumber":46,"author":{"gitId":"ckcherry23"},"content":"        }","lastModifiedDate":"2022-01-18"},{"lineNumber":47,"author":{"gitId":"ckcherry23"},"content":"","lastModifiedDate":"2022-01-18"},{"lineNumber":48,"author":{"gitId":"ckcherry23"},"content":"        switch (command) {","lastModifiedDate":"2022-01-19"},{"lineNumber":49,"author":{"gitId":"ckcherry23"},"content":"        case \"bye\":","lastModifiedDate":"2022-01-19"},{"lineNumber":50,"author":{"gitId":"ckcherry23"},"content":"            Task.saveTasks();","lastModifiedDate":"2022-01-29"},{"lineNumber":51,"author":{"gitId":"ckcherry23"},"content":"            System.out.println(\" See you again! :)\");","lastModifiedDate":"2022-01-17"},{"lineNumber":52,"author":{"gitId":"ckcherry23"},"content":"            sc.close();","lastModifiedDate":"2022-01-24"},{"lineNumber":53,"author":{"gitId":"ckcherry23"},"content":"            System.exit(0);","lastModifiedDate":"2022-01-17"},{"lineNumber":54,"author":{"gitId":"ckcherry23"},"content":"        case \"list\":","lastModifiedDate":"2022-01-19"},{"lineNumber":55,"author":{"gitId":"ckcherry23"},"content":"            Task.printAllTasks();","lastModifiedDate":"2022-01-19"},{"lineNumber":56,"author":{"gitId":"ckcherry23"},"content":"            break;","lastModifiedDate":"2022-01-19"},{"lineNumber":57,"author":{"gitId":"ckcherry23"},"content":"        case \"mark\":","lastModifiedDate":"2022-01-19"},{"lineNumber":58,"author":{"gitId":"ckcherry23"},"content":"            if (argument \u003d\u003d null) {","lastModifiedDate":"2022-01-19"},{"lineNumber":59,"author":{"gitId":"ckcherry23"},"content":"                System.out.println(\" Please enter the task number as well!\");","lastModifiedDate":"2022-01-19"},{"lineNumber":60,"author":{"gitId":"ckcherry23"},"content":"                System.out.println(\" Command format: mark task-number\");","lastModifiedDate":"2022-02-01"},{"lineNumber":61,"author":{"gitId":"ckcherry23"},"content":"                break;","lastModifiedDate":"2022-01-19"},{"lineNumber":62,"author":{"gitId":"ckcherry23"},"content":"            }","lastModifiedDate":"2022-01-19"},{"lineNumber":63,"author":{"gitId":"ckcherry23"},"content":"            Task.markAsDone(Integer.parseInt(argument) - 1);","lastModifiedDate":"2022-01-19"},{"lineNumber":64,"author":{"gitId":"ckcherry23"},"content":"            break;","lastModifiedDate":"2022-01-19"},{"lineNumber":65,"author":{"gitId":"ckcherry23"},"content":"        case \"unmark\":","lastModifiedDate":"2022-01-19"},{"lineNumber":66,"author":{"gitId":"ckcherry23"},"content":"            if (argument \u003d\u003d null) {","lastModifiedDate":"2022-01-19"},{"lineNumber":67,"author":{"gitId":"ckcherry23"},"content":"                System.out.println(\" Please enter the task number as well!\");","lastModifiedDate":"2022-01-19"},{"lineNumber":68,"author":{"gitId":"ckcherry23"},"content":"                System.out.println(\" Command format: unmark task-number\");","lastModifiedDate":"2022-02-01"},{"lineNumber":69,"author":{"gitId":"ckcherry23"},"content":"                break;","lastModifiedDate":"2022-01-19"},{"lineNumber":70,"author":{"gitId":"ckcherry23"},"content":"            }","lastModifiedDate":"2022-01-19"},{"lineNumber":71,"author":{"gitId":"ckcherry23"},"content":"            Task.markAsNotDone(Integer.parseInt(argument) - 1);","lastModifiedDate":"2022-01-19"},{"lineNumber":72,"author":{"gitId":"ckcherry23"},"content":"            break;","lastModifiedDate":"2022-01-19"},{"lineNumber":73,"author":{"gitId":"ckcherry23"},"content":"        case \"todo\":","lastModifiedDate":"2022-01-19"},{"lineNumber":74,"author":{"gitId":"ckcherry23"},"content":"            Todo todo \u003d new Todo(argument);","lastModifiedDate":"2022-01-19"},{"lineNumber":75,"author":{"gitId":"ckcherry23"},"content":"            Task.addToList(todo);","lastModifiedDate":"2022-01-19"},{"lineNumber":76,"author":{"gitId":"ckcherry23"},"content":"            break;","lastModifiedDate":"2022-01-19"},{"lineNumber":77,"author":{"gitId":"ckcherry23"},"content":"        case \"event\":","lastModifiedDate":"2022-01-19"},{"lineNumber":78,"author":{"gitId":"ckcherry23"},"content":"            Event event \u003d new Event(argument, extraInfo);","lastModifiedDate":"2022-01-19"},{"lineNumber":79,"author":{"gitId":"ckcherry23"},"content":"            Task.addToList(event);","lastModifiedDate":"2022-01-19"},{"lineNumber":80,"author":{"gitId":"ckcherry23"},"content":"            break;","lastModifiedDate":"2022-01-19"},{"lineNumber":81,"author":{"gitId":"ckcherry23"},"content":"        case \"deadline\":","lastModifiedDate":"2022-01-19"},{"lineNumber":82,"author":{"gitId":"ckcherry23"},"content":"            Deadline deadline \u003d new Deadline(argument, extraInfo);","lastModifiedDate":"2022-01-19"},{"lineNumber":83,"author":{"gitId":"ckcherry23"},"content":"            Task.addToList(deadline);","lastModifiedDate":"2022-01-19"},{"lineNumber":84,"author":{"gitId":"ckcherry23"},"content":"            break;","lastModifiedDate":"2022-01-19"},{"lineNumber":85,"author":{"gitId":"ckcherry23"},"content":"        case \"delete\":","lastModifiedDate":"2022-01-19"},{"lineNumber":86,"author":{"gitId":"ckcherry23"},"content":"            if (argument \u003d\u003d null) {","lastModifiedDate":"2022-01-19"},{"lineNumber":87,"author":{"gitId":"ckcherry23"},"content":"                System.out.println(\" Please enter the task number as well!\");","lastModifiedDate":"2022-01-19"},{"lineNumber":88,"author":{"gitId":"ckcherry23"},"content":"                System.out.println(\" Command format: delete task-number\");","lastModifiedDate":"2022-02-01"},{"lineNumber":89,"author":{"gitId":"ckcherry23"},"content":"                break;","lastModifiedDate":"2022-01-19"},{"lineNumber":90,"author":{"gitId":"ckcherry23"},"content":"            }","lastModifiedDate":"2022-01-19"},{"lineNumber":91,"author":{"gitId":"ckcherry23"},"content":"            Task.removeFromList(Integer.parseInt(argument) - 1);","lastModifiedDate":"2022-01-19"},{"lineNumber":92,"author":{"gitId":"ckcherry23"},"content":"            break;","lastModifiedDate":"2022-01-19"},{"lineNumber":93,"author":{"gitId":"ckcherry23"},"content":"        case \"find\":","lastModifiedDate":"2022-02-02"},{"lineNumber":94,"author":{"gitId":"ckcherry23"},"content":"            if (argument \u003d\u003d null) {","lastModifiedDate":"2022-02-02"},{"lineNumber":95,"author":{"gitId":"ckcherry23"},"content":"                System.out.println(\" Please enter what you want to look for as well!\");","lastModifiedDate":"2022-02-02"},{"lineNumber":96,"author":{"gitId":"ckcherry23"},"content":"                System.out.println(\" Command format: find required-word(s)\");","lastModifiedDate":"2022-02-02"},{"lineNumber":97,"author":{"gitId":"ckcherry23"},"content":"                break;","lastModifiedDate":"2022-02-02"},{"lineNumber":98,"author":{"gitId":"ckcherry23"},"content":"            }","lastModifiedDate":"2022-02-02"},{"lineNumber":99,"author":{"gitId":"ckcherry23"},"content":"            Task.findInList(argument);","lastModifiedDate":"2022-02-02"},{"lineNumber":100,"author":{"gitId":"ckcherry23"},"content":"            break;","lastModifiedDate":"2022-02-02"},{"lineNumber":101,"author":{"gitId":"ckcherry23"},"content":"        default:","lastModifiedDate":"2022-01-19"},{"lineNumber":102,"author":{"gitId":"ckcherry23"},"content":"            System.out.println(\" Sorry, I don\u0027t understand what that means.\");","lastModifiedDate":"2022-01-19"},{"lineNumber":103,"author":{"gitId":"ckcherry23"},"content":"            break;","lastModifiedDate":"2022-01-19"},{"lineNumber":104,"author":{"gitId":"ckcherry23"},"content":"        }","lastModifiedDate":"2022-01-17"},{"lineNumber":105,"author":{"gitId":"ckcherry23"},"content":"        System.out.println(\"__________________________________________________________\");","lastModifiedDate":"2022-01-17"},{"lineNumber":106,"author":{"gitId":"ckcherry23"},"content":"    }","lastModifiedDate":"2022-01-17"},{"lineNumber":107,"author":{"gitId":"ckcherry23"},"content":"}","lastModifiedDate":"2022-01-17"}],"authorContributionMap":{"ckcherry23":107}},{"path":"src/main/java/heylo/fileHandling/FilesReader.java","fileType":"java","lines":[{"lineNumber":1,"author":{"gitId":"ckcherry23"},"content":"package heylo.fileHandling;","lastModifiedDate":"2022-02-01"},{"lineNumber":2,"author":{"gitId":"ckcherry23"},"content":"","lastModifiedDate":"2022-01-29"},{"lineNumber":3,"author":{"gitId":"ckcherry23"},"content":"import heylo.tasks.Task;","lastModifiedDate":"2022-02-01"},{"lineNumber":4,"author":{"gitId":"ckcherry23"},"content":"","lastModifiedDate":"2022-01-29"},{"lineNumber":5,"author":{"gitId":"ckcherry23"},"content":"import java.io.File;","lastModifiedDate":"2022-01-29"},{"lineNumber":6,"author":{"gitId":"ckcherry23"},"content":"import java.io.IOException;","lastModifiedDate":"2022-01-29"},{"lineNumber":7,"author":{"gitId":"ckcherry23"},"content":"import java.io.PrintWriter;","lastModifiedDate":"2022-01-30"},{"lineNumber":8,"author":{"gitId":"ckcherry23"},"content":"import java.nio.file.Files;","lastModifiedDate":"2022-01-29"},{"lineNumber":9,"author":{"gitId":"ckcherry23"},"content":"import java.nio.file.Paths;","lastModifiedDate":"2022-01-29"},{"lineNumber":10,"author":{"gitId":"ckcherry23"},"content":"import java.util.ArrayList;","lastModifiedDate":"2022-01-29"},{"lineNumber":11,"author":{"gitId":"ckcherry23"},"content":"import java.util.Scanner;","lastModifiedDate":"2022-01-29"},{"lineNumber":12,"author":{"gitId":"ckcherry23"},"content":"","lastModifiedDate":"2022-01-29"},{"lineNumber":13,"author":{"gitId":"ckcherry23"},"content":"/**","lastModifiedDate":"2022-02-02"},{"lineNumber":14,"author":{"gitId":"ckcherry23"},"content":" * Handles reading from files.","lastModifiedDate":"2022-02-02"},{"lineNumber":15,"author":{"gitId":"ckcherry23"},"content":" */","lastModifiedDate":"2022-02-02"},{"lineNumber":16,"author":{"gitId":"ckcherry23"},"content":"public class FilesReader {","lastModifiedDate":"2022-01-29"},{"lineNumber":17,"author":{"gitId":"ckcherry23"},"content":"    /**","lastModifiedDate":"2022-02-02"},{"lineNumber":18,"author":{"gitId":"ckcherry23"},"content":"     * Returns the list of tasks previously added by the user.","lastModifiedDate":"2022-02-02"},{"lineNumber":19,"author":{"gitId":"ckcherry23"},"content":"     *","lastModifiedDate":"2022-02-02"},{"lineNumber":20,"author":{"gitId":"ckcherry23"},"content":"     * @return List of tasks.","lastModifiedDate":"2022-02-02"},{"lineNumber":21,"author":{"gitId":"ckcherry23"},"content":"     */","lastModifiedDate":"2022-02-02"},{"lineNumber":22,"author":{"gitId":"ckcherry23"},"content":"    public static ArrayList\u003cTask\u003e getTaskListFromFile() {","lastModifiedDate":"2022-01-29"},{"lineNumber":23,"author":{"gitId":"ckcherry23"},"content":"        ArrayList\u003cTask\u003e taskList \u003d new ArrayList\u003cTask\u003e();","lastModifiedDate":"2022-01-29"},{"lineNumber":24,"author":{"gitId":"ckcherry23"},"content":"        try {","lastModifiedDate":"2022-01-29"},{"lineNumber":25,"author":{"gitId":"ckcherry23"},"content":"            File f \u003d new File(\"data/heylo.txt\");","lastModifiedDate":"2022-01-29"},{"lineNumber":26,"author":{"gitId":"ckcherry23"},"content":"","lastModifiedDate":"2022-01-29"},{"lineNumber":27,"author":{"gitId":"ckcherry23"},"content":"            Files.createDirectories(Paths.get(\"data\"));","lastModifiedDate":"2022-01-29"},{"lineNumber":28,"author":{"gitId":"ckcherry23"},"content":"","lastModifiedDate":"2022-01-29"},{"lineNumber":29,"author":{"gitId":"ckcherry23"},"content":"            if (!f.createNewFile()) {","lastModifiedDate":"2022-01-29"},{"lineNumber":30,"author":{"gitId":"ckcherry23"},"content":"                System.out.println(\"Loading your tasks list...\");","lastModifiedDate":"2022-01-29"},{"lineNumber":31,"author":{"gitId":"ckcherry23"},"content":"            }","lastModifiedDate":"2022-01-29"},{"lineNumber":32,"author":{"gitId":"ckcherry23"},"content":"            Scanner s \u003d new Scanner(f);","lastModifiedDate":"2022-01-29"},{"lineNumber":33,"author":{"gitId":"ckcherry23"},"content":"            while (s.hasNext()) {","lastModifiedDate":"2022-01-29"},{"lineNumber":34,"author":{"gitId":"ckcherry23"},"content":"                taskList.add(Task.convertStringToTask(s.nextLine()));","lastModifiedDate":"2022-01-30"},{"lineNumber":35,"author":{"gitId":"ckcherry23"},"content":"            }","lastModifiedDate":"2022-01-29"},{"lineNumber":36,"author":{"gitId":"ckcherry23"},"content":"            // Clear file after read","lastModifiedDate":"2022-01-30"},{"lineNumber":37,"author":{"gitId":"ckcherry23"},"content":"            PrintWriter pw \u003d new PrintWriter(\"data/heylo.txt\");","lastModifiedDate":"2022-01-30"},{"lineNumber":38,"author":{"gitId":"ckcherry23"},"content":"            pw.close();","lastModifiedDate":"2022-01-30"},{"lineNumber":39,"author":{"gitId":"ckcherry23"},"content":"            return taskList;","lastModifiedDate":"2022-01-29"},{"lineNumber":40,"author":{"gitId":"ckcherry23"},"content":"        } catch (IOException ioException) {","lastModifiedDate":"2022-01-29"},{"lineNumber":41,"author":{"gitId":"ckcherry23"},"content":"            System.out.println(\"An unknown error occurred.\");","lastModifiedDate":"2022-01-29"},{"lineNumber":42,"author":{"gitId":"ckcherry23"},"content":"            System.exit(1);","lastModifiedDate":"2022-01-29"},{"lineNumber":43,"author":{"gitId":"ckcherry23"},"content":"        }","lastModifiedDate":"2022-01-29"},{"lineNumber":44,"author":{"gitId":"ckcherry23"},"content":"        return taskList;","lastModifiedDate":"2022-01-29"},{"lineNumber":45,"author":{"gitId":"ckcherry23"},"content":"    }","lastModifiedDate":"2022-01-29"},{"lineNumber":46,"author":{"gitId":"ckcherry23"},"content":"}","lastModifiedDate":"2022-01-29"}],"authorContributionMap":{"ckcherry23":46}},{"path":"src/main/java/heylo/fileHandling/FilesWriter.java","fileType":"java","lines":[{"lineNumber":1,"author":{"gitId":"ckcherry23"},"content":"package heylo.fileHandling;","lastModifiedDate":"2022-02-01"},{"lineNumber":2,"author":{"gitId":"ckcherry23"},"content":"","lastModifiedDate":"2022-01-29"},{"lineNumber":3,"author":{"gitId":"ckcherry23"},"content":"import java.io.FileWriter;","lastModifiedDate":"2022-01-29"},{"lineNumber":4,"author":{"gitId":"ckcherry23"},"content":"import java.io.IOException;","lastModifiedDate":"2022-01-29"},{"lineNumber":5,"author":{"gitId":"ckcherry23"},"content":"","lastModifiedDate":"2022-01-29"},{"lineNumber":6,"author":{"gitId":"ckcherry23"},"content":"/**","lastModifiedDate":"2022-02-02"},{"lineNumber":7,"author":{"gitId":"ckcherry23"},"content":" * Handles writing from files.","lastModifiedDate":"2022-02-02"},{"lineNumber":8,"author":{"gitId":"ckcherry23"},"content":" */","lastModifiedDate":"2022-02-02"},{"lineNumber":9,"author":{"gitId":"ckcherry23"},"content":"public class FilesWriter {","lastModifiedDate":"2022-01-29"},{"lineNumber":10,"author":{"gitId":"ckcherry23"},"content":"    /**","lastModifiedDate":"2022-02-02"},{"lineNumber":11,"author":{"gitId":"ckcherry23"},"content":"     * Writes the given task to the data file.","lastModifiedDate":"2022-02-02"},{"lineNumber":12,"author":{"gitId":"ckcherry23"},"content":"     *","lastModifiedDate":"2022-02-02"},{"lineNumber":13,"author":{"gitId":"ckcherry23"},"content":"     * @param task Task added by the user.","lastModifiedDate":"2022-02-02"},{"lineNumber":14,"author":{"gitId":"ckcherry23"},"content":"     */","lastModifiedDate":"2022-02-02"},{"lineNumber":15,"author":{"gitId":"ckcherry23"},"content":"    public static void writeToFile(String task) {","lastModifiedDate":"2022-01-29"},{"lineNumber":16,"author":{"gitId":"ckcherry23"},"content":"        try {","lastModifiedDate":"2022-01-29"},{"lineNumber":17,"author":{"gitId":"ckcherry23"},"content":"            FileWriter fw \u003d new FileWriter(\"data/heylo.txt\", true);","lastModifiedDate":"2022-01-29"},{"lineNumber":18,"author":{"gitId":"ckcherry23"},"content":"            fw.write(task);","lastModifiedDate":"2022-01-30"},{"lineNumber":19,"author":{"gitId":"ckcherry23"},"content":"            fw.close();","lastModifiedDate":"2022-01-29"},{"lineNumber":20,"author":{"gitId":"ckcherry23"},"content":"        } catch (IOException e) {","lastModifiedDate":"2022-01-29"},{"lineNumber":21,"author":{"gitId":"ckcherry23"},"content":"            System.out.println(\"Something went wrong: \" + e.getMessage());","lastModifiedDate":"2022-01-29"},{"lineNumber":22,"author":{"gitId":"ckcherry23"},"content":"        }","lastModifiedDate":"2022-01-29"},{"lineNumber":23,"author":{"gitId":"ckcherry23"},"content":"    }","lastModifiedDate":"2022-01-29"},{"lineNumber":24,"author":{"gitId":"ckcherry23"},"content":"}","lastModifiedDate":"2022-01-29"}],"authorContributionMap":{"ckcherry23":24}},{"path":"src/main/java/heylo/tasks/Deadline.java","fileType":"java","lines":[{"lineNumber":1,"author":{"gitId":"ckcherry23"},"content":"package heylo.tasks;","lastModifiedDate":"2022-02-01"},{"lineNumber":2,"author":{"gitId":"ckcherry23"},"content":"","lastModifiedDate":"2022-01-30"},{"lineNumber":3,"author":{"gitId":"ckcherry23"},"content":"import heylo.util.DateFormatter;","lastModifiedDate":"2022-02-01"},{"lineNumber":4,"author":{"gitId":"ckcherry23"},"content":"","lastModifiedDate":"2022-02-01"},{"lineNumber":5,"author":{"gitId":"ckcherry23"},"content":"import java.time.LocalDate;","lastModifiedDate":"2022-01-30"},{"lineNumber":6,"author":{"gitId":"ckcherry23"},"content":"","lastModifiedDate":"2022-01-30"},{"lineNumber":7,"author":{"gitId":"ckcherry23"},"content":"/**","lastModifiedDate":"2022-02-02"},{"lineNumber":8,"author":{"gitId":"ckcherry23"},"content":" * Represents a task with a deadline.","lastModifiedDate":"2022-02-02"},{"lineNumber":9,"author":{"gitId":"ckcherry23"},"content":" */","lastModifiedDate":"2022-02-02"},{"lineNumber":10,"author":{"gitId":"ckcherry23"},"content":"public class Deadline extends Task {","lastModifiedDate":"2022-01-19"},{"lineNumber":11,"author":{"gitId":"ckcherry23"},"content":"","lastModifiedDate":"2022-01-19"},{"lineNumber":12,"author":{"gitId":"ckcherry23"},"content":"    protected LocalDate deadline;","lastModifiedDate":"2022-01-30"},{"lineNumber":13,"author":{"gitId":"ckcherry23"},"content":"","lastModifiedDate":"2022-01-19"},{"lineNumber":14,"author":{"gitId":"ckcherry23"},"content":"    /**","lastModifiedDate":"2022-02-02"},{"lineNumber":15,"author":{"gitId":"ckcherry23"},"content":"     * Create a task with a deadline.","lastModifiedDate":"2022-02-02"},{"lineNumber":16,"author":{"gitId":"ckcherry23"},"content":"     *","lastModifiedDate":"2022-02-02"},{"lineNumber":17,"author":{"gitId":"ckcherry23"},"content":"     * @param description String description of the task.","lastModifiedDate":"2022-02-02"},{"lineNumber":18,"author":{"gitId":"ckcherry23"},"content":"     * @param deadline    String date of the deadline.","lastModifiedDate":"2022-02-02"},{"lineNumber":19,"author":{"gitId":"ckcherry23"},"content":"     */","lastModifiedDate":"2022-02-02"},{"lineNumber":20,"author":{"gitId":"ckcherry23"},"content":"    public Deadline(String description, String deadline) {","lastModifiedDate":"2022-01-19"},{"lineNumber":21,"author":{"gitId":"ckcherry23"},"content":"        super(description);","lastModifiedDate":"2022-01-19"},{"lineNumber":22,"author":{"gitId":"ckcherry23"},"content":"        try {","lastModifiedDate":"2022-01-30"},{"lineNumber":23,"author":{"gitId":"ckcherry23"},"content":"            this.deadline \u003d LocalDate.parse(deadline);","lastModifiedDate":"2022-01-30"},{"lineNumber":24,"author":{"gitId":"ckcherry23"},"content":"        } catch (Exception e) {","lastModifiedDate":"2022-01-30"},{"lineNumber":25,"author":{"gitId":"ckcherry23"},"content":"            this.deadline \u003d null;","lastModifiedDate":"2022-01-30"},{"lineNumber":26,"author":{"gitId":"ckcherry23"},"content":"        }","lastModifiedDate":"2022-01-30"},{"lineNumber":27,"author":{"gitId":"ckcherry23"},"content":"    }","lastModifiedDate":"2022-01-19"},{"lineNumber":28,"author":{"gitId":"ckcherry23"},"content":"","lastModifiedDate":"2022-01-19"},{"lineNumber":29,"author":{"gitId":"ckcherry23"},"content":"    /**","lastModifiedDate":"2022-02-02"},{"lineNumber":30,"author":{"gitId":"ckcherry23"},"content":"     * Converts the deadline task and its data to string format.","lastModifiedDate":"2022-02-02"},{"lineNumber":31,"author":{"gitId":"ckcherry23"},"content":"     *","lastModifiedDate":"2022-02-02"},{"lineNumber":32,"author":{"gitId":"ckcherry23"},"content":"     * @return String deadline.","lastModifiedDate":"2022-02-02"},{"lineNumber":33,"author":{"gitId":"ckcherry23"},"content":"     */","lastModifiedDate":"2022-02-02"},{"lineNumber":34,"author":{"gitId":"ckcherry23"},"content":"    @Override","lastModifiedDate":"2022-01-19"},{"lineNumber":35,"author":{"gitId":"ckcherry23"},"content":"    public String toString() {","lastModifiedDate":"2022-01-19"},{"lineNumber":36,"author":{"gitId":"ckcherry23"},"content":"        return \" [D]\" + super.toString() + \"\\t (by \" + DateFormatter.formatDateInLongForm(deadline) + \")\";","lastModifiedDate":"2022-02-01"},{"lineNumber":37,"author":{"gitId":"ckcherry23"},"content":"    }","lastModifiedDate":"2022-01-19"},{"lineNumber":38,"author":{"gitId":"ckcherry23"},"content":"}","lastModifiedDate":"2022-01-19"}],"authorContributionMap":{"ckcherry23":38}},{"path":"src/main/java/heylo/tasks/Event.java","fileType":"java","lines":[{"lineNumber":1,"author":{"gitId":"ckcherry23"},"content":"package heylo.tasks;","lastModifiedDate":"2022-02-01"},{"lineNumber":2,"author":{"gitId":"ckcherry23"},"content":"","lastModifiedDate":"2022-01-30"},{"lineNumber":3,"author":{"gitId":"ckcherry23"},"content":"import heylo.util.DateFormatter;","lastModifiedDate":"2022-02-01"},{"lineNumber":4,"author":{"gitId":"ckcherry23"},"content":"","lastModifiedDate":"2022-02-01"},{"lineNumber":5,"author":{"gitId":"ckcherry23"},"content":"import java.time.LocalDate;","lastModifiedDate":"2022-01-30"},{"lineNumber":6,"author":{"gitId":"ckcherry23"},"content":"","lastModifiedDate":"2022-01-30"},{"lineNumber":7,"author":{"gitId":"ckcherry23"},"content":"/**","lastModifiedDate":"2022-02-02"},{"lineNumber":8,"author":{"gitId":"ckcherry23"},"content":" * Represents an event task with a start time.","lastModifiedDate":"2022-02-02"},{"lineNumber":9,"author":{"gitId":"ckcherry23"},"content":" */","lastModifiedDate":"2022-02-02"},{"lineNumber":10,"author":{"gitId":"ckcherry23"},"content":"public class Event extends Task {","lastModifiedDate":"2022-01-19"},{"lineNumber":11,"author":{"gitId":"ckcherry23"},"content":"    protected LocalDate duration;","lastModifiedDate":"2022-01-30"},{"lineNumber":12,"author":{"gitId":"ckcherry23"},"content":"","lastModifiedDate":"2022-01-19"},{"lineNumber":13,"author":{"gitId":"ckcherry23"},"content":"    /**","lastModifiedDate":"2022-02-02"},{"lineNumber":14,"author":{"gitId":"ckcherry23"},"content":"     * Creates an event task with duration.","lastModifiedDate":"2022-02-02"},{"lineNumber":15,"author":{"gitId":"ckcherry23"},"content":"     *","lastModifiedDate":"2022-02-02"},{"lineNumber":16,"author":{"gitId":"ckcherry23"},"content":"     * @param description String event description.","lastModifiedDate":"2022-02-02"},{"lineNumber":17,"author":{"gitId":"ckcherry23"},"content":"     * @param duration    String event start time.","lastModifiedDate":"2022-02-02"},{"lineNumber":18,"author":{"gitId":"ckcherry23"},"content":"     */","lastModifiedDate":"2022-02-02"},{"lineNumber":19,"author":{"gitId":"ckcherry23"},"content":"    public Event(String description, String duration) {","lastModifiedDate":"2022-01-19"},{"lineNumber":20,"author":{"gitId":"ckcherry23"},"content":"        super(description);","lastModifiedDate":"2022-01-19"},{"lineNumber":21,"author":{"gitId":"ckcherry23"},"content":"        try {","lastModifiedDate":"2022-01-30"},{"lineNumber":22,"author":{"gitId":"ckcherry23"},"content":"            this.duration \u003d LocalDate.parse(duration);","lastModifiedDate":"2022-01-30"},{"lineNumber":23,"author":{"gitId":"ckcherry23"},"content":"        } catch (Exception e) {","lastModifiedDate":"2022-01-30"},{"lineNumber":24,"author":{"gitId":"ckcherry23"},"content":"            this.duration \u003d null;","lastModifiedDate":"2022-01-30"},{"lineNumber":25,"author":{"gitId":"ckcherry23"},"content":"        }","lastModifiedDate":"2022-01-30"},{"lineNumber":26,"author":{"gitId":"ckcherry23"},"content":"    }","lastModifiedDate":"2022-01-19"},{"lineNumber":27,"author":{"gitId":"ckcherry23"},"content":"","lastModifiedDate":"2022-01-19"},{"lineNumber":28,"author":{"gitId":"ckcherry23"},"content":"    /**","lastModifiedDate":"2022-02-02"},{"lineNumber":29,"author":{"gitId":"ckcherry23"},"content":"     * Converts the event task and its data to string format.","lastModifiedDate":"2022-02-02"},{"lineNumber":30,"author":{"gitId":"ckcherry23"},"content":"     *","lastModifiedDate":"2022-02-02"},{"lineNumber":31,"author":{"gitId":"ckcherry23"},"content":"     * @return String event.","lastModifiedDate":"2022-02-02"},{"lineNumber":32,"author":{"gitId":"ckcherry23"},"content":"     */","lastModifiedDate":"2022-02-02"},{"lineNumber":33,"author":{"gitId":"ckcherry23"},"content":"    @Override","lastModifiedDate":"2022-01-19"},{"lineNumber":34,"author":{"gitId":"ckcherry23"},"content":"    public String toString() {","lastModifiedDate":"2022-01-19"},{"lineNumber":35,"author":{"gitId":"ckcherry23"},"content":"        return \" [E]\" + super.toString() + \"\\t (at \" + DateFormatter.formatDateInLongForm(duration) + \")\";","lastModifiedDate":"2022-02-01"},{"lineNumber":36,"author":{"gitId":"ckcherry23"},"content":"    }","lastModifiedDate":"2022-01-19"},{"lineNumber":37,"author":{"gitId":"ckcherry23"},"content":"}","lastModifiedDate":"2022-01-19"}],"authorContributionMap":{"ckcherry23":37}},{"path":"src/main/java/heylo/tasks/Task.java","fileType":"java","lines":[{"lineNumber":1,"author":{"gitId":"ckcherry23"},"content":"package heylo.tasks;","lastModifiedDate":"2022-02-01"},{"lineNumber":2,"author":{"gitId":"ckcherry23"},"content":"","lastModifiedDate":"2022-01-29"},{"lineNumber":3,"author":{"gitId":"ckcherry23"},"content":"import heylo.fileHandling.FilesReader;","lastModifiedDate":"2022-02-01"},{"lineNumber":4,"author":{"gitId":"ckcherry23"},"content":"import heylo.fileHandling.FilesWriter;","lastModifiedDate":"2022-02-01"},{"lineNumber":5,"author":{"gitId":"ckcherry23"},"content":"","lastModifiedDate":"2022-01-29"},{"lineNumber":6,"author":{"gitId":"ckcherry23"},"content":"import java.util.ArrayList;","lastModifiedDate":"2022-01-19"},{"lineNumber":7,"author":{"gitId":"ckcherry23"},"content":"","lastModifiedDate":"2022-01-19"},{"lineNumber":8,"author":{"gitId":"ckcherry23"},"content":"/**","lastModifiedDate":"2022-02-02"},{"lineNumber":9,"author":{"gitId":"ckcherry23"},"content":" * Represents a task added by the user.","lastModifiedDate":"2022-02-02"},{"lineNumber":10,"author":{"gitId":"ckcherry23"},"content":" */","lastModifiedDate":"2022-02-02"},{"lineNumber":11,"author":{"gitId":"ckcherry23"},"content":"public abstract class Task {","lastModifiedDate":"2022-01-29"},{"lineNumber":12,"author":{"gitId":"ckcherry23"},"content":"    private static ArrayList\u003cTask\u003e taskList \u003d new ArrayList\u003cTask\u003e();","lastModifiedDate":"2022-01-19"},{"lineNumber":13,"author":{"gitId":"ckcherry23"},"content":"    private static int taskCount \u003d 0;","lastModifiedDate":"2022-01-18"},{"lineNumber":14,"author":{"gitId":"ckcherry23"},"content":"    protected String description;","lastModifiedDate":"2022-02-02"},{"lineNumber":15,"author":{"gitId":"ckcherry23"},"content":"    protected boolean isDone;","lastModifiedDate":"2022-02-02"},{"lineNumber":16,"author":{"gitId":"ckcherry23"},"content":"","lastModifiedDate":"2022-01-18"},{"lineNumber":17,"author":{"gitId":"ckcherry23"},"content":"    /**","lastModifiedDate":"2022-02-02"},{"lineNumber":18,"author":{"gitId":"ckcherry23"},"content":"     * Sets description of child task classes.","lastModifiedDate":"2022-02-02"},{"lineNumber":19,"author":{"gitId":"ckcherry23"},"content":"     *","lastModifiedDate":"2022-02-02"},{"lineNumber":20,"author":{"gitId":"ckcherry23"},"content":"     * @param description String task-description.","lastModifiedDate":"2022-02-02"},{"lineNumber":21,"author":{"gitId":"ckcherry23"},"content":"     */","lastModifiedDate":"2022-02-02"},{"lineNumber":22,"author":{"gitId":"ckcherry23"},"content":"    public Task(String description) {","lastModifiedDate":"2022-01-18"},{"lineNumber":23,"author":{"gitId":"ckcherry23"},"content":"        this.description \u003d description;","lastModifiedDate":"2022-01-18"},{"lineNumber":24,"author":{"gitId":"ckcherry23"},"content":"        this.isDone \u003d false;","lastModifiedDate":"2022-01-19"},{"lineNumber":25,"author":{"gitId":"ckcherry23"},"content":"    }","lastModifiedDate":"2022-01-18"},{"lineNumber":26,"author":{"gitId":"ckcherry23"},"content":"","lastModifiedDate":"2022-01-18"},{"lineNumber":27,"author":{"gitId":"ckcherry23"},"content":"    /**","lastModifiedDate":"2022-02-02"},{"lineNumber":28,"author":{"gitId":"ckcherry23"},"content":"     * Marks the task as done if it exists.","lastModifiedDate":"2022-02-02"},{"lineNumber":29,"author":{"gitId":"ckcherry23"},"content":"     *","lastModifiedDate":"2022-02-02"},{"lineNumber":30,"author":{"gitId":"ckcherry23"},"content":"     * @param index int Index of the task in the displayed list of tasks.","lastModifiedDate":"2022-02-02"},{"lineNumber":31,"author":{"gitId":"ckcherry23"},"content":"     */","lastModifiedDate":"2022-02-02"},{"lineNumber":32,"author":{"gitId":"ckcherry23"},"content":"    public static void markAsDone(int index) {","lastModifiedDate":"2022-01-19"},{"lineNumber":33,"author":{"gitId":"ckcherry23"},"content":"        try {","lastModifiedDate":"2022-02-01"},{"lineNumber":34,"author":{"gitId":"ckcherry23"},"content":"            taskList.get(index).isDone \u003d true;","lastModifiedDate":"2022-01-19"},{"lineNumber":35,"author":{"gitId":"ckcherry23"},"content":"            System.out.println(\" Well done!\");","lastModifiedDate":"2022-02-01"},{"lineNumber":36,"author":{"gitId":"ckcherry23"},"content":"            System.out.println(\"  \" + taskList.get(index).toString());","lastModifiedDate":"2022-01-19"},{"lineNumber":37,"author":{"gitId":"ckcherry23"},"content":"        } catch (IndexOutOfBoundsException e) {","lastModifiedDate":"2022-02-01"},{"lineNumber":38,"author":{"gitId":"ckcherry23"},"content":"            System.out.println(\" You have not added any tasks yet.\");","lastModifiedDate":"2022-02-01"},{"lineNumber":39,"author":{"gitId":"ckcherry23"},"content":"        }","lastModifiedDate":"2022-02-01"},{"lineNumber":40,"author":{"gitId":"ckcherry23"},"content":"    }","lastModifiedDate":"2022-01-19"},{"lineNumber":41,"author":{"gitId":"ckcherry23"},"content":"","lastModifiedDate":"2022-01-19"},{"lineNumber":42,"author":{"gitId":"ckcherry23"},"content":"    /**","lastModifiedDate":"2022-02-02"},{"lineNumber":43,"author":{"gitId":"ckcherry23"},"content":"     * Marks the task as not done if it exists.","lastModifiedDate":"2022-02-02"},{"lineNumber":44,"author":{"gitId":"ckcherry23"},"content":"     *","lastModifiedDate":"2022-02-02"},{"lineNumber":45,"author":{"gitId":"ckcherry23"},"content":"     * @param index int Index of the task in the displayed list of tasks.","lastModifiedDate":"2022-02-02"},{"lineNumber":46,"author":{"gitId":"ckcherry23"},"content":"     */","lastModifiedDate":"2022-02-02"},{"lineNumber":47,"author":{"gitId":"ckcherry23"},"content":"    public static void markAsNotDone(int index) {","lastModifiedDate":"2022-01-19"},{"lineNumber":48,"author":{"gitId":"ckcherry23"},"content":"        try {","lastModifiedDate":"2022-02-01"},{"lineNumber":49,"author":{"gitId":"ckcherry23"},"content":"            taskList.get(index).isDone \u003d false;","lastModifiedDate":"2022-01-19"},{"lineNumber":50,"author":{"gitId":"ckcherry23"},"content":"            System.out.println(\" Oops! Fixed that for you.\");","lastModifiedDate":"2022-02-01"},{"lineNumber":51,"author":{"gitId":"ckcherry23"},"content":"            System.out.println(\"  \" + taskList.get(index).toString());","lastModifiedDate":"2022-01-19"},{"lineNumber":52,"author":{"gitId":"ckcherry23"},"content":"        } catch (IndexOutOfBoundsException e) {","lastModifiedDate":"2022-02-01"},{"lineNumber":53,"author":{"gitId":"ckcherry23"},"content":"            System.out.println(\" You have not added any tasks yet.\");","lastModifiedDate":"2022-02-01"},{"lineNumber":54,"author":{"gitId":"ckcherry23"},"content":"        }","lastModifiedDate":"2022-02-01"},{"lineNumber":55,"author":{"gitId":"ckcherry23"},"content":"    }","lastModifiedDate":"2022-01-19"},{"lineNumber":56,"author":{"gitId":"ckcherry23"},"content":"","lastModifiedDate":"2022-01-19"},{"lineNumber":57,"author":{"gitId":"ckcherry23"},"content":"    /**","lastModifiedDate":"2022-02-02"},{"lineNumber":58,"author":{"gitId":"ckcherry23"},"content":"     * Adds the given task to the task list if valid and increments task count.","lastModifiedDate":"2022-02-02"},{"lineNumber":59,"author":{"gitId":"ckcherry23"},"content":"     *","lastModifiedDate":"2022-02-02"},{"lineNumber":60,"author":{"gitId":"ckcherry23"},"content":"     * @param task Task added by user.","lastModifiedDate":"2022-02-02"},{"lineNumber":61,"author":{"gitId":"ckcherry23"},"content":"     */","lastModifiedDate":"2022-02-02"},{"lineNumber":62,"author":{"gitId":"ckcherry23"},"content":"    public static void addToList(Task task) {","lastModifiedDate":"2022-01-18"},{"lineNumber":63,"author":{"gitId":"ckcherry23"},"content":"        if (task.description \u003d\u003d null) {","lastModifiedDate":"2022-01-19"},{"lineNumber":64,"author":{"gitId":"ckcherry23"},"content":"            System.out.println(\" Please enter the description as well!\");","lastModifiedDate":"2022-01-19"},{"lineNumber":65,"author":{"gitId":"ckcherry23"},"content":"            System.out.println(\" Command format: task-type task-description /by task-duration OR /at task-deadline\");","lastModifiedDate":"2022-02-01"},{"lineNumber":66,"author":{"gitId":"ckcherry23"},"content":"            return;","lastModifiedDate":"2022-01-19"},{"lineNumber":67,"author":{"gitId":"ckcherry23"},"content":"        }","lastModifiedDate":"2022-01-19"},{"lineNumber":68,"author":{"gitId":"ckcherry23"},"content":"","lastModifiedDate":"2022-01-19"},{"lineNumber":69,"author":{"gitId":"ckcherry23"},"content":"        if (task instanceof Event) {","lastModifiedDate":"2022-01-19"},{"lineNumber":70,"author":{"gitId":"ckcherry23"},"content":"            Event event \u003d (Event) task;","lastModifiedDate":"2022-01-19"},{"lineNumber":71,"author":{"gitId":"ckcherry23"},"content":"            if (event.duration \u003d\u003d null) {","lastModifiedDate":"2022-01-19"},{"lineNumber":72,"author":{"gitId":"ckcherry23"},"content":"                System.out.println(\" Please enter the duration as well!\");","lastModifiedDate":"2022-01-19"},{"lineNumber":73,"author":{"gitId":"ckcherry23"},"content":"                System.out.println(\" Command format: task-type task-description /by YYYY-MM-DD\");","lastModifiedDate":"2022-02-01"},{"lineNumber":74,"author":{"gitId":"ckcherry23"},"content":"                return;","lastModifiedDate":"2022-01-19"},{"lineNumber":75,"author":{"gitId":"ckcherry23"},"content":"            }","lastModifiedDate":"2022-01-19"},{"lineNumber":76,"author":{"gitId":"ckcherry23"},"content":"        }","lastModifiedDate":"2022-01-19"},{"lineNumber":77,"author":{"gitId":"ckcherry23"},"content":"","lastModifiedDate":"2022-01-19"},{"lineNumber":78,"author":{"gitId":"ckcherry23"},"content":"        if (task instanceof Deadline) {","lastModifiedDate":"2022-01-19"},{"lineNumber":79,"author":{"gitId":"ckcherry23"},"content":"            Deadline taskWithDeadline \u003d (Deadline) task;","lastModifiedDate":"2022-01-19"},{"lineNumber":80,"author":{"gitId":"ckcherry23"},"content":"            if (taskWithDeadline.deadline \u003d\u003d null) {","lastModifiedDate":"2022-01-19"},{"lineNumber":81,"author":{"gitId":"ckcherry23"},"content":"                System.out.println(\" Please enter the deadline as well!\");","lastModifiedDate":"2022-01-19"},{"lineNumber":82,"author":{"gitId":"ckcherry23"},"content":"                System.out.println(\" Command format: task-type task-description /at YYYY-MM-DD\");","lastModifiedDate":"2022-02-01"},{"lineNumber":83,"author":{"gitId":"ckcherry23"},"content":"                return;","lastModifiedDate":"2022-01-19"},{"lineNumber":84,"author":{"gitId":"ckcherry23"},"content":"            }","lastModifiedDate":"2022-01-19"},{"lineNumber":85,"author":{"gitId":"ckcherry23"},"content":"        }","lastModifiedDate":"2022-01-19"},{"lineNumber":86,"author":{"gitId":"ckcherry23"},"content":"","lastModifiedDate":"2022-01-19"},{"lineNumber":87,"author":{"gitId":"ckcherry23"},"content":"        if (taskCount \u003d\u003d 0) {","lastModifiedDate":"2022-01-19"},{"lineNumber":88,"author":{"gitId":"ckcherry23"},"content":"            System.out.println(\" Added! Now you have 1 item in your tasks list.\");","lastModifiedDate":"2022-01-19"},{"lineNumber":89,"author":{"gitId":"ckcherry23"},"content":"        } else {","lastModifiedDate":"2022-01-19"},{"lineNumber":90,"author":{"gitId":"ckcherry23"},"content":"            System.out.println(\" Added! Now you have \" + (taskCount + 1) + \" items in your tasks list.\");","lastModifiedDate":"2022-01-19"},{"lineNumber":91,"author":{"gitId":"ckcherry23"},"content":"        }","lastModifiedDate":"2022-01-19"},{"lineNumber":92,"author":{"gitId":"ckcherry23"},"content":"        taskList.add(task);","lastModifiedDate":"2022-01-19"},{"lineNumber":93,"author":{"gitId":"ckcherry23"},"content":"        System.out.println(\"  \" + taskList.get(taskCount).toString());","lastModifiedDate":"2022-01-19"},{"lineNumber":94,"author":{"gitId":"ckcherry23"},"content":"        taskCount++;","lastModifiedDate":"2022-01-19"},{"lineNumber":95,"author":{"gitId":"ckcherry23"},"content":"    }","lastModifiedDate":"2022-01-18"},{"lineNumber":96,"author":{"gitId":"ckcherry23"},"content":"","lastModifiedDate":"2022-01-18"},{"lineNumber":97,"author":{"gitId":"ckcherry23"},"content":"    /**","lastModifiedDate":"2022-02-02"},{"lineNumber":98,"author":{"gitId":"ckcherry23"},"content":"     * Removes the task from the task list if it exists.","lastModifiedDate":"2022-02-02"},{"lineNumber":99,"author":{"gitId":"ckcherry23"},"content":"     *","lastModifiedDate":"2022-02-02"},{"lineNumber":100,"author":{"gitId":"ckcherry23"},"content":"     * @param index int Index of the task in the displayed list of tasks.","lastModifiedDate":"2022-02-02"},{"lineNumber":101,"author":{"gitId":"ckcherry23"},"content":"     */","lastModifiedDate":"2022-02-02"},{"lineNumber":102,"author":{"gitId":"ckcherry23"},"content":"    public static void removeFromList(int index) {","lastModifiedDate":"2022-01-19"},{"lineNumber":103,"author":{"gitId":"ckcherry23"},"content":"        try {","lastModifiedDate":"2022-02-01"},{"lineNumber":104,"author":{"gitId":"ckcherry23"},"content":"            String outputTask \u003d \"  \" + taskList.get(index).toString();","lastModifiedDate":"2022-02-02"},{"lineNumber":105,"author":{"gitId":"ckcherry23"},"content":"            taskList.remove(index);","lastModifiedDate":"2022-01-19"},{"lineNumber":106,"author":{"gitId":"ckcherry23"},"content":"            System.out.println(\" Okay, I\u0027ve deleted this task.\");","lastModifiedDate":"2022-02-01"},{"lineNumber":107,"author":{"gitId":"ckcherry23"},"content":"            System.out.println(outputTask);","lastModifiedDate":"2022-02-02"},{"lineNumber":108,"author":{"gitId":"ckcherry23"},"content":"            taskCount--;","lastModifiedDate":"2022-01-19"},{"lineNumber":109,"author":{"gitId":"ckcherry23"},"content":"        } catch (IndexOutOfBoundsException e) {","lastModifiedDate":"2022-02-01"},{"lineNumber":110,"author":{"gitId":"ckcherry23"},"content":"            System.out.println(\" This task does not exist.\");","lastModifiedDate":"2022-02-02"},{"lineNumber":111,"author":{"gitId":"ckcherry23"},"content":"        }","lastModifiedDate":"2022-02-01"},{"lineNumber":112,"author":{"gitId":"ckcherry23"},"content":"    }","lastModifiedDate":"2022-01-19"},{"lineNumber":113,"author":{"gitId":"ckcherry23"},"content":"","lastModifiedDate":"2022-01-19"},{"lineNumber":114,"author":{"gitId":"ckcherry23"},"content":"    /**","lastModifiedDate":"2022-02-02"},{"lineNumber":115,"author":{"gitId":"ckcherry23"},"content":"     * Populates the task list with the previously saved tasks.","lastModifiedDate":"2022-02-02"},{"lineNumber":116,"author":{"gitId":"ckcherry23"},"content":"     */","lastModifiedDate":"2022-02-02"},{"lineNumber":117,"author":{"gitId":"ckcherry23"},"content":"    public static void getSavedTasks() {","lastModifiedDate":"2022-01-29"},{"lineNumber":118,"author":{"gitId":"ckcherry23"},"content":"        taskList \u003d FilesReader.getTaskListFromFile();","lastModifiedDate":"2022-01-29"},{"lineNumber":119,"author":{"gitId":"ckcherry23"},"content":"        taskCount \u003d taskList.size();","lastModifiedDate":"2022-01-30"},{"lineNumber":120,"author":{"gitId":"ckcherry23"},"content":"    }","lastModifiedDate":"2022-01-29"},{"lineNumber":121,"author":{"gitId":"ckcherry23"},"content":"","lastModifiedDate":"2022-01-29"},{"lineNumber":122,"author":{"gitId":"ckcherry23"},"content":"    /**","lastModifiedDate":"2022-02-02"},{"lineNumber":123,"author":{"gitId":"ckcherry23"},"content":"     * Saves the tasks in the task list for later retrieval.","lastModifiedDate":"2022-02-02"},{"lineNumber":124,"author":{"gitId":"ckcherry23"},"content":"     */","lastModifiedDate":"2022-02-02"},{"lineNumber":125,"author":{"gitId":"ckcherry23"},"content":"    public static void saveTasks() {","lastModifiedDate":"2022-01-29"},{"lineNumber":126,"author":{"gitId":"ckcherry23"},"content":"        for (Task task : taskList) {","lastModifiedDate":"2022-01-29"},{"lineNumber":127,"author":{"gitId":"ckcherry23"},"content":"            if (task instanceof Todo) {","lastModifiedDate":"2022-01-29"},{"lineNumber":128,"author":{"gitId":"ckcherry23"},"content":"                Todo todo \u003d (Todo) task;","lastModifiedDate":"2022-01-29"},{"lineNumber":129,"author":{"gitId":"ckcherry23"},"content":"                FilesWriter.writeToFile(\"T : \" + (todo.isDone ? \"1 : \" : \"0 : \") + todo.description + \"\\n\");","lastModifiedDate":"2022-01-30"},{"lineNumber":130,"author":{"gitId":"ckcherry23"},"content":"            } else if (task instanceof Event) {","lastModifiedDate":"2022-01-29"},{"lineNumber":131,"author":{"gitId":"ckcherry23"},"content":"                Event event \u003d (Event) task;","lastModifiedDate":"2022-01-29"},{"lineNumber":132,"author":{"gitId":"ckcherry23"},"content":"                FilesWriter.writeToFile(\"E : \" + (event.isDone ? \"1 : \" : \"0 : \") + event.description + \" : \" + event.duration + \"\\n\");","lastModifiedDate":"2022-01-30"},{"lineNumber":133,"author":{"gitId":"ckcherry23"},"content":"            } else if (task instanceof Deadline) {","lastModifiedDate":"2022-01-29"},{"lineNumber":134,"author":{"gitId":"ckcherry23"},"content":"                Deadline deadline \u003d (Deadline) task;","lastModifiedDate":"2022-01-29"},{"lineNumber":135,"author":{"gitId":"ckcherry23"},"content":"                FilesWriter.writeToFile(\"D : \" + (deadline.isDone ? \"1 : \" : \"0 : \") + deadline.description + \" : \" + deadline.deadline + \"\\n\");","lastModifiedDate":"2022-01-30"},{"lineNumber":136,"author":{"gitId":"ckcherry23"},"content":"            }","lastModifiedDate":"2022-01-29"},{"lineNumber":137,"author":{"gitId":"ckcherry23"},"content":"        }","lastModifiedDate":"2022-01-29"},{"lineNumber":138,"author":{"gitId":"ckcherry23"},"content":"    }","lastModifiedDate":"2022-01-29"},{"lineNumber":139,"author":{"gitId":"ckcherry23"},"content":"","lastModifiedDate":"2022-01-29"},{"lineNumber":140,"author":{"gitId":"ckcherry23"},"content":"    /**","lastModifiedDate":"2022-02-02"},{"lineNumber":141,"author":{"gitId":"ckcherry23"},"content":"     * Converts the string format of the task to a Task object.","lastModifiedDate":"2022-02-02"},{"lineNumber":142,"author":{"gitId":"ckcherry23"},"content":"     *","lastModifiedDate":"2022-02-02"},{"lineNumber":143,"author":{"gitId":"ckcherry23"},"content":"     * @param task String task.","lastModifiedDate":"2022-02-02"},{"lineNumber":144,"author":{"gitId":"ckcherry23"},"content":"     * @return Task object.","lastModifiedDate":"2022-02-02"},{"lineNumber":145,"author":{"gitId":"ckcherry23"},"content":"     */","lastModifiedDate":"2022-02-02"},{"lineNumber":146,"author":{"gitId":"ckcherry23"},"content":"    public static Task convertStringToTask(String task) {","lastModifiedDate":"2022-01-30"},{"lineNumber":147,"author":{"gitId":"ckcherry23"},"content":"        String[] input \u003d task.split(\" : \");","lastModifiedDate":"2022-01-30"},{"lineNumber":148,"author":{"gitId":"ckcherry23"},"content":"        switch (input[0]) {","lastModifiedDate":"2022-01-30"},{"lineNumber":149,"author":{"gitId":"ckcherry23"},"content":"        case \"T\":","lastModifiedDate":"2022-01-30"},{"lineNumber":150,"author":{"gitId":"ckcherry23"},"content":"            Todo todo \u003d new Todo(input[2]);","lastModifiedDate":"2022-01-30"},{"lineNumber":151,"author":{"gitId":"ckcherry23"},"content":"            todo.isDone \u003d Integer.parseInt(input[1]) \u003d\u003d 1;","lastModifiedDate":"2022-01-30"},{"lineNumber":152,"author":{"gitId":"ckcherry23"},"content":"            return todo;","lastModifiedDate":"2022-01-30"},{"lineNumber":153,"author":{"gitId":"ckcherry23"},"content":"        case \"E\":","lastModifiedDate":"2022-01-30"},{"lineNumber":154,"author":{"gitId":"ckcherry23"},"content":"            Event event \u003d new Event(input[2], input[3]);","lastModifiedDate":"2022-01-30"},{"lineNumber":155,"author":{"gitId":"ckcherry23"},"content":"            event.isDone \u003d Integer.parseInt(input[1]) \u003d\u003d 1;","lastModifiedDate":"2022-01-30"},{"lineNumber":156,"author":{"gitId":"ckcherry23"},"content":"            return event;","lastModifiedDate":"2022-01-30"},{"lineNumber":157,"author":{"gitId":"ckcherry23"},"content":"        case \"D\":","lastModifiedDate":"2022-01-30"},{"lineNumber":158,"author":{"gitId":"ckcherry23"},"content":"            Deadline deadline \u003d new Deadline(input[2], input[3]);","lastModifiedDate":"2022-01-30"},{"lineNumber":159,"author":{"gitId":"ckcherry23"},"content":"            deadline.isDone \u003d Integer.parseInt(input[1]) \u003d\u003d 1;","lastModifiedDate":"2022-01-30"},{"lineNumber":160,"author":{"gitId":"ckcherry23"},"content":"            return deadline;","lastModifiedDate":"2022-01-30"},{"lineNumber":161,"author":{"gitId":"ckcherry23"},"content":"        }","lastModifiedDate":"2022-01-30"},{"lineNumber":162,"author":{"gitId":"ckcherry23"},"content":"        return null;","lastModifiedDate":"2022-01-30"},{"lineNumber":163,"author":{"gitId":"ckcherry23"},"content":"    }","lastModifiedDate":"2022-01-30"},{"lineNumber":164,"author":{"gitId":"ckcherry23"},"content":"","lastModifiedDate":"2022-01-30"},{"lineNumber":165,"author":{"gitId":"ckcherry23"},"content":"    /**","lastModifiedDate":"2022-02-02"},{"lineNumber":166,"author":{"gitId":"ckcherry23"},"content":"     * Prints the list of tasks in the task list.","lastModifiedDate":"2022-02-02"},{"lineNumber":167,"author":{"gitId":"ckcherry23"},"content":"     */","lastModifiedDate":"2022-02-02"},{"lineNumber":168,"author":{"gitId":"ckcherry23"},"content":"    public static void findInList(String subString) {","lastModifiedDate":"2022-02-02"},{"lineNumber":169,"author":{"gitId":"ckcherry23"},"content":"        if (taskCount \u003d\u003d 0) {","lastModifiedDate":"2022-02-02"},{"lineNumber":170,"author":{"gitId":"ckcherry23"},"content":"            System.out.println(\" You have not added any tasks yet.\");","lastModifiedDate":"2022-02-02"},{"lineNumber":171,"author":{"gitId":"ckcherry23"},"content":"            return;","lastModifiedDate":"2022-02-02"},{"lineNumber":172,"author":{"gitId":"ckcherry23"},"content":"        }","lastModifiedDate":"2022-02-02"},{"lineNumber":173,"author":{"gitId":"ckcherry23"},"content":"","lastModifiedDate":"2022-02-02"},{"lineNumber":174,"author":{"gitId":"ckcherry23"},"content":"        int[] foundIndexes \u003d new int[taskCount];","lastModifiedDate":"2022-02-02"},{"lineNumber":175,"author":{"gitId":"ckcherry23"},"content":"        int foundCount \u003d 0;","lastModifiedDate":"2022-02-02"},{"lineNumber":176,"author":{"gitId":"ckcherry23"},"content":"","lastModifiedDate":"2022-02-02"},{"lineNumber":177,"author":{"gitId":"ckcherry23"},"content":"        for (int i \u003d 0; i \u003c taskCount; i++) {","lastModifiedDate":"2022-02-02"},{"lineNumber":178,"author":{"gitId":"ckcherry23"},"content":"            if (taskList.get(i).description.contains(subString)) {","lastModifiedDate":"2022-02-02"},{"lineNumber":179,"author":{"gitId":"ckcherry23"},"content":"                foundIndexes[foundCount] \u003d i;","lastModifiedDate":"2022-02-02"},{"lineNumber":180,"author":{"gitId":"ckcherry23"},"content":"                foundCount++;","lastModifiedDate":"2022-02-02"},{"lineNumber":181,"author":{"gitId":"ckcherry23"},"content":"            }","lastModifiedDate":"2022-02-02"},{"lineNumber":182,"author":{"gitId":"ckcherry23"},"content":"        }","lastModifiedDate":"2022-02-02"},{"lineNumber":183,"author":{"gitId":"ckcherry23"},"content":"","lastModifiedDate":"2022-02-02"},{"lineNumber":184,"author":{"gitId":"ckcherry23"},"content":"        if (foundCount \u003d\u003d 0) {","lastModifiedDate":"2022-02-02"},{"lineNumber":185,"author":{"gitId":"ckcherry23"},"content":"            System.out.println(\" Sorry, I couldn\u0027t find any matching tasks :(\");","lastModifiedDate":"2022-02-02"},{"lineNumber":186,"author":{"gitId":"ckcherry23"},"content":"        } else {","lastModifiedDate":"2022-02-02"},{"lineNumber":187,"author":{"gitId":"ckcherry23"},"content":"            System.out.println(\" Here are the tasks you may be looking for!\");","lastModifiedDate":"2022-02-02"},{"lineNumber":188,"author":{"gitId":"ckcherry23"},"content":"        }","lastModifiedDate":"2022-02-02"},{"lineNumber":189,"author":{"gitId":"ckcherry23"},"content":"","lastModifiedDate":"2022-02-02"},{"lineNumber":190,"author":{"gitId":"ckcherry23"},"content":"        for (int i \u003d 0; i \u003c foundCount; i++) {","lastModifiedDate":"2022-02-02"},{"lineNumber":191,"author":{"gitId":"ckcherry23"},"content":"            System.out.println(\"   \" + (i + 1) + \".\" + taskList.get(foundIndexes[i]).toString());","lastModifiedDate":"2022-02-02"},{"lineNumber":192,"author":{"gitId":"ckcherry23"},"content":"        }","lastModifiedDate":"2022-02-02"},{"lineNumber":193,"author":{"gitId":"ckcherry23"},"content":"    }","lastModifiedDate":"2022-02-02"},{"lineNumber":194,"author":{"gitId":"ckcherry23"},"content":"","lastModifiedDate":"2022-02-02"},{"lineNumber":195,"author":{"gitId":"ckcherry23"},"content":"    public static void printAllTasks() {","lastModifiedDate":"2022-01-19"},{"lineNumber":196,"author":{"gitId":"ckcherry23"},"content":"        if (taskCount \u003d\u003d 0) {","lastModifiedDate":"2022-01-19"},{"lineNumber":197,"author":{"gitId":"ckcherry23"},"content":"            System.out.println(\" You have not added any tasks yet.\");","lastModifiedDate":"2022-01-19"},{"lineNumber":198,"author":{"gitId":"ckcherry23"},"content":"            return;","lastModifiedDate":"2022-01-19"},{"lineNumber":199,"author":{"gitId":"ckcherry23"},"content":"        }","lastModifiedDate":"2022-01-19"},{"lineNumber":200,"author":{"gitId":"ckcherry23"},"content":"        System.out.println(\" Here are your tasks. Make things happen!\");","lastModifiedDate":"2022-01-19"},{"lineNumber":201,"author":{"gitId":"ckcherry23"},"content":"        for (int i \u003d 0; i \u003c taskCount; i++) {","lastModifiedDate":"2022-01-19"},{"lineNumber":202,"author":{"gitId":"ckcherry23"},"content":"            System.out.println(\"   \" + (i + 1) + \".\" + taskList.get(i).toString());","lastModifiedDate":"2022-01-19"},{"lineNumber":203,"author":{"gitId":"ckcherry23"},"content":"        }","lastModifiedDate":"2022-01-19"},{"lineNumber":204,"author":{"gitId":"ckcherry23"},"content":"    }","lastModifiedDate":"2022-01-18"},{"lineNumber":205,"author":{"gitId":"ckcherry23"},"content":"","lastModifiedDate":"2022-01-19"},{"lineNumber":206,"author":{"gitId":"ckcherry23"},"content":"    /**","lastModifiedDate":"2022-02-02"},{"lineNumber":207,"author":{"gitId":"ckcherry23"},"content":"     * Returns the done status of the task.","lastModifiedDate":"2022-02-02"},{"lineNumber":208,"author":{"gitId":"ckcherry23"},"content":"     *","lastModifiedDate":"2022-02-02"},{"lineNumber":209,"author":{"gitId":"ckcherry23"},"content":"     * @return String done status.","lastModifiedDate":"2022-02-02"},{"lineNumber":210,"author":{"gitId":"ckcherry23"},"content":"     */","lastModifiedDate":"2022-02-02"},{"lineNumber":211,"author":{"gitId":"ckcherry23"},"content":"    public String getStatusIcon() {","lastModifiedDate":"2022-02-02"},{"lineNumber":212,"author":{"gitId":"ckcherry23"},"content":"        return this.isDone ? \"[X]\" : \"[ ]\";","lastModifiedDate":"2022-02-02"},{"lineNumber":213,"author":{"gitId":"ckcherry23"},"content":"    }","lastModifiedDate":"2022-02-02"},{"lineNumber":214,"author":{"gitId":"ckcherry23"},"content":"","lastModifiedDate":"2022-02-02"},{"lineNumber":215,"author":{"gitId":"ckcherry23"},"content":"    /**","lastModifiedDate":"2022-02-02"},{"lineNumber":216,"author":{"gitId":"ckcherry23"},"content":"     * Converts the task to string format.","lastModifiedDate":"2022-02-02"},{"lineNumber":217,"author":{"gitId":"ckcherry23"},"content":"     *","lastModifiedDate":"2022-02-02"},{"lineNumber":218,"author":{"gitId":"ckcherry23"},"content":"     * @return String task.","lastModifiedDate":"2022-02-02"},{"lineNumber":219,"author":{"gitId":"ckcherry23"},"content":"     */","lastModifiedDate":"2022-02-02"},{"lineNumber":220,"author":{"gitId":"ckcherry23"},"content":"    @Override","lastModifiedDate":"2022-01-19"},{"lineNumber":221,"author":{"gitId":"ckcherry23"},"content":"    public String toString() {","lastModifiedDate":"2022-01-19"},{"lineNumber":222,"author":{"gitId":"ckcherry23"},"content":"        return (this.getStatusIcon() + \" \" + this.description);","lastModifiedDate":"2022-01-19"},{"lineNumber":223,"author":{"gitId":"ckcherry23"},"content":"    }","lastModifiedDate":"2022-01-18"},{"lineNumber":224,"author":{"gitId":"ckcherry23"},"content":"}","lastModifiedDate":"2022-01-18"}],"authorContributionMap":{"ckcherry23":224}},{"path":"src/main/java/heylo/tasks/Todo.java","fileType":"java","lines":[{"lineNumber":1,"author":{"gitId":"ckcherry23"},"content":"package heylo.tasks;","lastModifiedDate":"2022-02-01"},{"lineNumber":2,"author":{"gitId":"ckcherry23"},"content":"","lastModifiedDate":"2022-02-02"},{"lineNumber":3,"author":{"gitId":"ckcherry23"},"content":"/**","lastModifiedDate":"2022-02-02"},{"lineNumber":4,"author":{"gitId":"ckcherry23"},"content":" * Represents a todo task.","lastModifiedDate":"2022-02-02"},{"lineNumber":5,"author":{"gitId":"ckcherry23"},"content":" */","lastModifiedDate":"2022-02-02"},{"lineNumber":6,"author":{"gitId":"ckcherry23"},"content":"public class Todo extends Task {","lastModifiedDate":"2022-01-19"},{"lineNumber":7,"author":{"gitId":"ckcherry23"},"content":"    /**","lastModifiedDate":"2022-02-02"},{"lineNumber":8,"author":{"gitId":"ckcherry23"},"content":"     * Creates a todo task.","lastModifiedDate":"2022-02-02"},{"lineNumber":9,"author":{"gitId":"ckcherry23"},"content":"     *","lastModifiedDate":"2022-02-02"},{"lineNumber":10,"author":{"gitId":"ckcherry23"},"content":"     * @param description String todo-description.","lastModifiedDate":"2022-02-02"},{"lineNumber":11,"author":{"gitId":"ckcherry23"},"content":"     */","lastModifiedDate":"2022-02-02"},{"lineNumber":12,"author":{"gitId":"ckcherry23"},"content":"    public Todo(String description) {","lastModifiedDate":"2022-01-19"},{"lineNumber":13,"author":{"gitId":"ckcherry23"},"content":"        super(description);","lastModifiedDate":"2022-01-19"},{"lineNumber":14,"author":{"gitId":"ckcherry23"},"content":"    }","lastModifiedDate":"2022-01-19"},{"lineNumber":15,"author":{"gitId":"ckcherry23"},"content":"","lastModifiedDate":"2022-01-19"},{"lineNumber":16,"author":{"gitId":"ckcherry23"},"content":"    /**","lastModifiedDate":"2022-02-02"},{"lineNumber":17,"author":{"gitId":"ckcherry23"},"content":"     * Converts the todo task to String format.","lastModifiedDate":"2022-02-02"},{"lineNumber":18,"author":{"gitId":"ckcherry23"},"content":"     *","lastModifiedDate":"2022-02-02"},{"lineNumber":19,"author":{"gitId":"ckcherry23"},"content":"     * @return String todo.","lastModifiedDate":"2022-02-02"},{"lineNumber":20,"author":{"gitId":"ckcherry23"},"content":"     */","lastModifiedDate":"2022-02-02"},{"lineNumber":21,"author":{"gitId":"ckcherry23"},"content":"    @Override","lastModifiedDate":"2022-01-19"},{"lineNumber":22,"author":{"gitId":"ckcherry23"},"content":"    public String toString() {","lastModifiedDate":"2022-01-19"},{"lineNumber":23,"author":{"gitId":"ckcherry23"},"content":"        return \" [T]\" + super.toString();","lastModifiedDate":"2022-01-19"},{"lineNumber":24,"author":{"gitId":"ckcherry23"},"content":"    }","lastModifiedDate":"2022-01-19"},{"lineNumber":25,"author":{"gitId":"ckcherry23"},"content":"}","lastModifiedDate":"2022-01-19"}],"authorContributionMap":{"ckcherry23":25}},{"path":"src/main/java/heylo/util/DateFormatter.java","fileType":"java","lines":[{"lineNumber":1,"author":{"gitId":"ckcherry23"},"content":"package heylo.util;","lastModifiedDate":"2022-02-01"},{"lineNumber":2,"author":{"gitId":"ckcherry23"},"content":"","lastModifiedDate":"2022-02-01"},{"lineNumber":3,"author":{"gitId":"ckcherry23"},"content":"import java.time.LocalDate;","lastModifiedDate":"2022-02-01"},{"lineNumber":4,"author":{"gitId":"ckcherry23"},"content":"import java.time.format.DateTimeFormatter;","lastModifiedDate":"2022-02-01"},{"lineNumber":5,"author":{"gitId":"ckcherry23"},"content":"","lastModifiedDate":"2022-02-01"},{"lineNumber":6,"author":{"gitId":"ckcherry23"},"content":"/**","lastModifiedDate":"2022-02-02"},{"lineNumber":7,"author":{"gitId":"ckcherry23"},"content":" * Formats dates.","lastModifiedDate":"2022-02-02"},{"lineNumber":8,"author":{"gitId":"ckcherry23"},"content":" */","lastModifiedDate":"2022-02-02"},{"lineNumber":9,"author":{"gitId":"ckcherry23"},"content":"public class DateFormatter {","lastModifiedDate":"2022-02-01"},{"lineNumber":10,"author":{"gitId":"ckcherry23"},"content":"    /**","lastModifiedDate":"2022-02-02"},{"lineNumber":11,"author":{"gitId":"ckcherry23"},"content":"     * Formats the given date in MMM d yyyy format.","lastModifiedDate":"2022-02-02"},{"lineNumber":12,"author":{"gitId":"ckcherry23"},"content":"     *","lastModifiedDate":"2022-02-02"},{"lineNumber":13,"author":{"gitId":"ckcherry23"},"content":"     * @param date LocalDate date.","lastModifiedDate":"2022-02-02"},{"lineNumber":14,"author":{"gitId":"ckcherry23"},"content":"     * @return String date.","lastModifiedDate":"2022-02-02"},{"lineNumber":15,"author":{"gitId":"ckcherry23"},"content":"     */","lastModifiedDate":"2022-02-02"},{"lineNumber":16,"author":{"gitId":"ckcherry23"},"content":"    public static String formatDateInLongForm(LocalDate date) {","lastModifiedDate":"2022-02-01"},{"lineNumber":17,"author":{"gitId":"ckcherry23"},"content":"        try {","lastModifiedDate":"2022-02-01"},{"lineNumber":18,"author":{"gitId":"ckcherry23"},"content":"            return date.format(DateTimeFormatter.ofPattern(\"MMM d yyyy\"));","lastModifiedDate":"2022-02-01"},{"lineNumber":19,"author":{"gitId":"ckcherry23"},"content":"        } catch (NullPointerException e) {","lastModifiedDate":"2022-02-01"},{"lineNumber":20,"author":{"gitId":"ckcherry23"},"content":"            return \"\";","lastModifiedDate":"2022-02-01"},{"lineNumber":21,"author":{"gitId":"ckcherry23"},"content":"        }","lastModifiedDate":"2022-02-01"},{"lineNumber":22,"author":{"gitId":"ckcherry23"},"content":"    }","lastModifiedDate":"2022-02-01"},{"lineNumber":23,"author":{"gitId":"ckcherry23"},"content":"}","lastModifiedDate":"2022-02-01"}],"authorContributionMap":{"ckcherry23":23}},{"path":"src/test/java/heylo/tasks/DeadlineTest.java","fileType":"java","lines":[{"lineNumber":1,"author":{"gitId":"ckcherry23"},"content":"package heylo.tasks;","lastModifiedDate":"2022-02-02"},{"lineNumber":2,"author":{"gitId":"ckcherry23"},"content":"","lastModifiedDate":"2022-02-02"},{"lineNumber":3,"author":{"gitId":"ckcherry23"},"content":"import org.junit.jupiter.api.Test;","lastModifiedDate":"2022-02-02"},{"lineNumber":4,"author":{"gitId":"ckcherry23"},"content":"","lastModifiedDate":"2022-02-02"},{"lineNumber":5,"author":{"gitId":"ckcherry23"},"content":"import static org.junit.jupiter.api.Assertions.assertEquals;","lastModifiedDate":"2022-02-02"},{"lineNumber":6,"author":{"gitId":"ckcherry23"},"content":"","lastModifiedDate":"2022-02-02"},{"lineNumber":7,"author":{"gitId":"ckcherry23"},"content":"public class DeadlineTest {","lastModifiedDate":"2022-02-02"},{"lineNumber":8,"author":{"gitId":"ckcherry23"},"content":"    @Test","lastModifiedDate":"2022-02-02"},{"lineNumber":9,"author":{"gitId":"ckcherry23"},"content":"    public void toString_validDeadline_success() {","lastModifiedDate":"2022-02-02"},{"lineNumber":10,"author":{"gitId":"ckcherry23"},"content":"        Deadline deadline \u003d new Deadline(\"deadline-1\", \"2022-02-09\");","lastModifiedDate":"2022-02-02"},{"lineNumber":11,"author":{"gitId":"ckcherry23"},"content":"        assertEquals(\" [D][ ] deadline-1\\t (by Feb 9 2022)\", deadline.toString());","lastModifiedDate":"2022-02-02"},{"lineNumber":12,"author":{"gitId":"ckcherry23"},"content":"    }","lastModifiedDate":"2022-02-02"},{"lineNumber":13,"author":{"gitId":"ckcherry23"},"content":"","lastModifiedDate":"2022-02-02"},{"lineNumber":14,"author":{"gitId":"ckcherry23"},"content":"    @Test","lastModifiedDate":"2022-02-02"},{"lineNumber":15,"author":{"gitId":"ckcherry23"},"content":"    public void toString_invalidDeadline_handleError() {","lastModifiedDate":"2022-02-02"},{"lineNumber":16,"author":{"gitId":"ckcherry23"},"content":"        Deadline deadline \u003d new Deadline(\"deadline-1\", \"not-a-date\");","lastModifiedDate":"2022-02-02"},{"lineNumber":17,"author":{"gitId":"ckcherry23"},"content":"        assertEquals(\" [D][ ] deadline-1\\t (by )\", deadline.toString());","lastModifiedDate":"2022-02-02"},{"lineNumber":18,"author":{"gitId":"ckcherry23"},"content":"    }","lastModifiedDate":"2022-02-02"},{"lineNumber":19,"author":{"gitId":"ckcherry23"},"content":"}","lastModifiedDate":"2022-02-02"}],"authorContributionMap":{"ckcherry23":19}},{"path":"src/test/java/heylo/tasks/EventTest.java","fileType":"java","lines":[{"lineNumber":1,"author":{"gitId":"ckcherry23"},"content":"package heylo.tasks;","lastModifiedDate":"2022-02-02"},{"lineNumber":2,"author":{"gitId":"ckcherry23"},"content":"","lastModifiedDate":"2022-02-02"},{"lineNumber":3,"author":{"gitId":"ckcherry23"},"content":"import org.junit.jupiter.api.Test;","lastModifiedDate":"2022-02-02"},{"lineNumber":4,"author":{"gitId":"ckcherry23"},"content":"","lastModifiedDate":"2022-02-02"},{"lineNumber":5,"author":{"gitId":"ckcherry23"},"content":"import static org.junit.jupiter.api.Assertions.assertEquals;","lastModifiedDate":"2022-02-02"},{"lineNumber":6,"author":{"gitId":"ckcherry23"},"content":"","lastModifiedDate":"2022-02-02"},{"lineNumber":7,"author":{"gitId":"ckcherry23"},"content":"public class EventTest {","lastModifiedDate":"2022-02-02"},{"lineNumber":8,"author":{"gitId":"ckcherry23"},"content":"    @Test","lastModifiedDate":"2022-02-02"},{"lineNumber":9,"author":{"gitId":"ckcherry23"},"content":"    public void toString_validEvent_success() {","lastModifiedDate":"2022-02-02"},{"lineNumber":10,"author":{"gitId":"ckcherry23"},"content":"        Event event \u003d new Event(\"event-1\", \"2022-02-09\");","lastModifiedDate":"2022-02-02"},{"lineNumber":11,"author":{"gitId":"ckcherry23"},"content":"        assertEquals(\" [E][ ] event-1\\t (at Feb 9 2022)\", event.toString());","lastModifiedDate":"2022-02-02"},{"lineNumber":12,"author":{"gitId":"ckcherry23"},"content":"    }","lastModifiedDate":"2022-02-02"},{"lineNumber":13,"author":{"gitId":"ckcherry23"},"content":"","lastModifiedDate":"2022-02-02"},{"lineNumber":14,"author":{"gitId":"ckcherry23"},"content":"    @Test","lastModifiedDate":"2022-02-02"},{"lineNumber":15,"author":{"gitId":"ckcherry23"},"content":"    public void toString_invalidDuration_handleError() {","lastModifiedDate":"2022-02-02"},{"lineNumber":16,"author":{"gitId":"ckcherry23"},"content":"        Event event \u003d new Event(\"event-1\", \"not-a-date\");","lastModifiedDate":"2022-02-02"},{"lineNumber":17,"author":{"gitId":"ckcherry23"},"content":"        assertEquals(\" [E][ ] event-1\\t (at )\", event.toString());","lastModifiedDate":"2022-02-02"},{"lineNumber":18,"author":{"gitId":"ckcherry23"},"content":"    }","lastModifiedDate":"2022-02-02"},{"lineNumber":19,"author":{"gitId":"ckcherry23"},"content":"}","lastModifiedDate":"2022-02-02"}],"authorContributionMap":{"ckcherry23":19}},{"path":"src/test/java/heylo/tasks/TodoTest.java","fileType":"java","lines":[{"lineNumber":1,"author":{"gitId":"ckcherry23"},"content":"package heylo.tasks;","lastModifiedDate":"2022-02-02"},{"lineNumber":2,"author":{"gitId":"ckcherry23"},"content":"","lastModifiedDate":"2022-02-02"},{"lineNumber":3,"author":{"gitId":"ckcherry23"},"content":"import org.junit.jupiter.api.Test;","lastModifiedDate":"2022-02-02"},{"lineNumber":4,"author":{"gitId":"ckcherry23"},"content":"","lastModifiedDate":"2022-02-02"},{"lineNumber":5,"author":{"gitId":"ckcherry23"},"content":"import static org.junit.jupiter.api.Assertions.assertEquals;","lastModifiedDate":"2022-02-02"},{"lineNumber":6,"author":{"gitId":"ckcherry23"},"content":"","lastModifiedDate":"2022-02-02"},{"lineNumber":7,"author":{"gitId":"ckcherry23"},"content":"public class TodoTest {","lastModifiedDate":"2022-02-02"},{"lineNumber":8,"author":{"gitId":"ckcherry23"},"content":"    @Test","lastModifiedDate":"2022-02-02"},{"lineNumber":9,"author":{"gitId":"ckcherry23"},"content":"    public void toString_validTodo_success() {","lastModifiedDate":"2022-02-02"},{"lineNumber":10,"author":{"gitId":"ckcherry23"},"content":"        Todo todo \u003d new Todo(\"todo-1\");","lastModifiedDate":"2022-02-02"},{"lineNumber":11,"author":{"gitId":"ckcherry23"},"content":"        assertEquals(\" [T][ ] todo-1\", todo.toString());","lastModifiedDate":"2022-02-02"},{"lineNumber":12,"author":{"gitId":"ckcherry23"},"content":"    }","lastModifiedDate":"2022-02-02"},{"lineNumber":13,"author":{"gitId":"ckcherry23"},"content":"}","lastModifiedDate":"2022-02-02"}],"authorContributionMap":{"ckcherry23":13}},{"path":"text-ui-test/data/heylo.txt","fileType":"txt","lines":[{"lineNumber":1,"author":{"gitId":"ckcherry23"},"content":"hi","lastModifiedDate":"2022-01-29"}],"authorContributionMap":{"ckcherry23":1}},{"path":"text-ui-test/input.txt","fileType":"txt","lines":[{"lineNumber":1,"author":{"gitId":"ckcherry23"},"content":"list","lastModifiedDate":"2022-01-19"},{"lineNumber":2,"author":{"gitId":"ckcherry23"},"content":"todo borrow book","lastModifiedDate":"2022-01-19"},{"lineNumber":3,"author":{"gitId":"ckcherry23"},"content":"list","lastModifiedDate":"2022-01-19"},{"lineNumber":4,"author":{"gitId":"ckcherry23"},"content":"deadline return book /by Sunday","lastModifiedDate":"2022-01-19"},{"lineNumber":5,"author":{"gitId":"ckcherry23"},"content":"event project meeting /at Mon 2-4pm","lastModifiedDate":"2022-01-19"},{"lineNumber":6,"author":{"gitId":"ckcherry23"},"content":"deadline do homework /by no idea :-p","lastModifiedDate":"2022-01-19"},{"lineNumber":7,"author":{"gitId":"ckcherry23"},"content":"list","lastModifiedDate":"2022-01-19"},{"lineNumber":8,"author":{"gitId":"ckcherry23"},"content":"mark 2","lastModifiedDate":"2022-01-19"},{"lineNumber":9,"author":{"gitId":"ckcherry23"},"content":"list","lastModifiedDate":"2022-01-19"},{"lineNumber":10,"author":{"gitId":"ckcherry23"},"content":"unmark 2","lastModifiedDate":"2022-01-19"},{"lineNumber":11,"author":{"gitId":"ckcherry23"},"content":"list","lastModifiedDate":"2022-01-19"},{"lineNumber":12,"author":{"gitId":"ckcherry23"},"content":"random","lastModifiedDate":"2022-01-19"},{"lineNumber":13,"author":{"gitId":"ckcherry23"},"content":"todo","lastModifiedDate":"2022-01-19"},{"lineNumber":14,"author":{"gitId":"ckcherry23"},"content":"event team meeting","lastModifiedDate":"2022-01-19"},{"lineNumber":15,"author":{"gitId":"ckcherry23"},"content":"deadline assignment /by","lastModifiedDate":"2022-01-19"},{"lineNumber":16,"author":{"gitId":"ckcherry23"},"content":"mark","lastModifiedDate":"2022-01-19"},{"lineNumber":17,"author":{"gitId":"ckcherry23"},"content":"unmark","lastModifiedDate":"2022-01-19"},{"lineNumber":18,"author":{"gitId":"ckcherry23"},"content":"delete 2","lastModifiedDate":"2022-01-19"},{"lineNumber":19,"author":{"gitId":"ckcherry23"},"content":"list","lastModifiedDate":"2022-01-19"},{"lineNumber":20,"author":{"gitId":"ckcherry23"},"content":"bye","lastModifiedDate":"2022-01-19"}],"authorContributionMap":{"ckcherry23":20}},{"path":"text-ui-test/runtest.bat","fileType":"bat","lines":[{"lineNumber":1,"author":{"gitId":"-"},"content":"@ECHO OFF","lastModifiedDate":"2020-05-25"},{"lineNumber":2,"author":{"gitId":"-"},"content":"","lastModifiedDate":"2020-05-25"},{"lineNumber":3,"author":{"gitId":"-"},"content":"REM create bin directory if it doesn\u0027t exist","lastModifiedDate":"2020-05-25"},{"lineNumber":4,"author":{"gitId":"-"},"content":"if not exist ..\\bin mkdir ..\\bin","lastModifiedDate":"2020-05-25"},{"lineNumber":5,"author":{"gitId":"-"},"content":"","lastModifiedDate":"2020-05-25"},{"lineNumber":6,"author":{"gitId":"-"},"content":"REM delete output from previous run","lastModifiedDate":"2020-05-25"},{"lineNumber":7,"author":{"gitId":"-"},"content":"if exist ACTUAL.TXT del ACTUAL.TXT","lastModifiedDate":"2020-08-25"},{"lineNumber":8,"author":{"gitId":"-"},"content":"","lastModifiedDate":"2020-05-25"},{"lineNumber":9,"author":{"gitId":"-"},"content":"REM compile the code into the bin folder","lastModifiedDate":"2020-05-25"},{"lineNumber":10,"author":{"gitId":"ckcherry23"},"content":"javac  -cp ..\\src\\main\\java\\heylo -Xlint:none -d ..\\bin ..\\src\\main\\java\\heylo\\*.java","lastModifiedDate":"2022-02-01"},{"lineNumber":11,"author":{"gitId":"-"},"content":"IF ERRORLEVEL 1 (","lastModifiedDate":"2020-05-25"},{"lineNumber":12,"author":{"gitId":"-"},"content":"    echo ********** BUILD FAILURE **********","lastModifiedDate":"2020-05-25"},{"lineNumber":13,"author":{"gitId":"-"},"content":"    exit /b 1","lastModifiedDate":"2020-05-25"},{"lineNumber":14,"author":{"gitId":"-"},"content":")","lastModifiedDate":"2020-05-25"},{"lineNumber":15,"author":{"gitId":"-"},"content":"REM no error here, errorlevel \u003d\u003d 0","lastModifiedDate":"2020-05-25"},{"lineNumber":16,"author":{"gitId":"-"},"content":"","lastModifiedDate":"2020-05-25"},{"lineNumber":17,"author":{"gitId":"ckcherry23"},"content":"REM run the program, feed heylo.commands from input.txt file and redirect the output to the ACTUAL.TXT","lastModifiedDate":"2022-02-01"},{"lineNumber":18,"author":{"gitId":"ckcherry23"},"content":"java -classpath ..\\bin Main \u003c input.txt \u003e ACTUAL.TXT","lastModifiedDate":"2022-02-01"},{"lineNumber":19,"author":{"gitId":"-"},"content":"","lastModifiedDate":"2020-05-25"},{"lineNumber":20,"author":{"gitId":"-"},"content":"REM compare the output to the expected output","lastModifiedDate":"2020-05-25"},{"lineNumber":21,"author":{"gitId":"-"},"content":"FC ACTUAL.TXT EXPECTED.TXT","lastModifiedDate":"2020-05-25"}],"authorContributionMap":{"ckcherry23":3,"-":18}},{"path":"text-ui-test/runtest.sh","fileType":"sh","lines":[{"lineNumber":1,"author":{"gitId":"-"},"content":"#!/usr/bin/env bash","lastModifiedDate":"2020-05-25"},{"lineNumber":2,"author":{"gitId":"-"},"content":"","lastModifiedDate":"2020-05-25"},{"lineNumber":3,"author":{"gitId":"-"},"content":"# create bin directory if it doesn\u0027t exist","lastModifiedDate":"2020-05-25"},{"lineNumber":4,"author":{"gitId":"-"},"content":"if [ ! -d \"../bin\" ]","lastModifiedDate":"2020-05-25"},{"lineNumber":5,"author":{"gitId":"-"},"content":"then","lastModifiedDate":"2020-05-25"},{"lineNumber":6,"author":{"gitId":"-"},"content":"    mkdir ../bin","lastModifiedDate":"2020-05-25"},{"lineNumber":7,"author":{"gitId":"-"},"content":"fi","lastModifiedDate":"2020-05-25"},{"lineNumber":8,"author":{"gitId":"-"},"content":"","lastModifiedDate":"2020-05-25"},{"lineNumber":9,"author":{"gitId":"-"},"content":"# delete output from previous run","lastModifiedDate":"2020-05-25"},{"lineNumber":10,"author":{"gitId":"-"},"content":"if [ -e \"./ACTUAL.TXT\" ]","lastModifiedDate":"2020-05-25"},{"lineNumber":11,"author":{"gitId":"-"},"content":"then","lastModifiedDate":"2020-05-25"},{"lineNumber":12,"author":{"gitId":"-"},"content":"    rm ACTUAL.TXT","lastModifiedDate":"2020-05-25"},{"lineNumber":13,"author":{"gitId":"-"},"content":"fi","lastModifiedDate":"2020-05-25"},{"lineNumber":14,"author":{"gitId":"-"},"content":"","lastModifiedDate":"2020-05-25"},{"lineNumber":15,"author":{"gitId":"-"},"content":"# compile the code into the bin folder, terminates if error occurred","lastModifiedDate":"2020-05-25"},{"lineNumber":16,"author":{"gitId":"ckcherry23"},"content":"if ! javac -cp ../src/main/java/heylo -Xlint:none -d ../bin ../src/main/java/heylo/*.java","lastModifiedDate":"2022-02-01"},{"lineNumber":17,"author":{"gitId":"-"},"content":"then","lastModifiedDate":"2020-05-25"},{"lineNumber":18,"author":{"gitId":"-"},"content":"    echo \"********** BUILD FAILURE **********\"","lastModifiedDate":"2020-05-25"},{"lineNumber":19,"author":{"gitId":"-"},"content":"    exit 1","lastModifiedDate":"2020-05-25"},{"lineNumber":20,"author":{"gitId":"-"},"content":"fi","lastModifiedDate":"2020-05-25"},{"lineNumber":21,"author":{"gitId":"-"},"content":"","lastModifiedDate":"2020-05-25"},{"lineNumber":22,"author":{"gitId":"ckcherry23"},"content":"# run the program, feed heylo.commands from input.txt file and redirect the output to the ACTUAL.TXT","lastModifiedDate":"2022-02-01"},{"lineNumber":23,"author":{"gitId":"ckcherry23"},"content":"java -classpath ../bin Main \u003c input.txt \u003e ACTUAL.TXT","lastModifiedDate":"2022-02-01"},{"lineNumber":24,"author":{"gitId":"-"},"content":"","lastModifiedDate":"2020-05-25"},{"lineNumber":25,"author":{"gitId":"-"},"content":"# convert to UNIX format","lastModifiedDate":"2020-05-25"},{"lineNumber":26,"author":{"gitId":"-"},"content":"cp EXPECTED.TXT EXPECTED-UNIX.TXT","lastModifiedDate":"2020-05-25"},{"lineNumber":27,"author":{"gitId":"-"},"content":"dos2unix ACTUAL.TXT EXPECTED-UNIX.TXT","lastModifiedDate":"2020-05-25"},{"lineNumber":28,"author":{"gitId":"-"},"content":"","lastModifiedDate":"2020-05-25"},{"lineNumber":29,"author":{"gitId":"-"},"content":"# compare the output to the expected output","lastModifiedDate":"2020-05-25"},{"lineNumber":30,"author":{"gitId":"-"},"content":"diff ACTUAL.TXT EXPECTED-UNIX.TXT","lastModifiedDate":"2020-05-25"},{"lineNumber":31,"author":{"gitId":"-"},"content":"if [ $? -eq 0 ]","lastModifiedDate":"2020-05-25"},{"lineNumber":32,"author":{"gitId":"-"},"content":"then","lastModifiedDate":"2020-05-25"},{"lineNumber":33,"author":{"gitId":"-"},"content":"    echo \"Test result: PASSED\"","lastModifiedDate":"2020-05-25"},{"lineNumber":34,"author":{"gitId":"-"},"content":"    exit 0","lastModifiedDate":"2020-05-25"},{"lineNumber":35,"author":{"gitId":"-"},"content":"else","lastModifiedDate":"2020-05-25"},{"lineNumber":36,"author":{"gitId":"-"},"content":"    echo \"Test result: FAILED\"","lastModifiedDate":"2020-05-25"},{"lineNumber":37,"author":{"gitId":"-"},"content":"    exit 1","lastModifiedDate":"2020-05-25"},{"lineNumber":38,"author":{"gitId":"-"},"content":"fi","lastModifiedDate":"2020-05-25"}],"authorContributionMap":{"ckcherry23":3,"-":35}}]
