{"authorDailyContributionsMap":{"ckcherry23":[{"date":"2022-01-17","commitResults":[{"hash":"d998b3f96b781af759aa03ffcc238fef9a9593e8","messageTitle":"Customize chatbot name","messageBody":"","fileTypesAndContributionMap":{"java":{"insertions":13,"deletions":10}}},{"hash":"5aed520bff450757e04b106c61524c515ece6509","messageTitle":"Echo commands or exit program","messageBody":"","tags":["Level-1"],"fileTypesAndContributionMap":{"java":{"insertions":18,"deletions":1}}},{"hash":"ebc06a33939722fc8e6bc71ca44e807d786b6fe1","messageTitle":"Create class to run commands","messageBody":"","fileTypesAndContributionMap":{"java":{"insertions":24,"deletions":10}}}]},{"date":"2022-01-18","commitResults":[{"hash":"e21a1ed726a48f2a6ee86c7409741cb2eef11978","messageTitle":"Correct capitalization of bye command","messageBody":"","fileTypesAndContributionMap":{"java":{"insertions":1,"deletions":1}}},{"hash":"3b3d743f3cd14ff06b7629fff0566029852c4544","messageTitle":"Ignore empty commands","messageBody":"","fileTypesAndContributionMap":{"java":{"insertions":4,"deletions":2}}},{"hash":"8d2801c28e9ae7737a0cf0d8896ffbb65fb9d438","messageTitle":"Add tasks to list","messageBody":"","fileTypesAndContributionMap":{"java":{"insertions":29,"deletions":6}}},{"hash":"06bdc4a8d1a5f152c2b4ab29b0a105f27d76ed0b","messageTitle":"Show list of added items","messageBody":"","tags":["Level-2"],"fileTypesAndContributionMap":{"java":{"insertions":16,"deletions":4}}}]},{"date":"2022-01-19","commitResults":[{"hash":"203ae8e629fa1476f7af6afa500bcdb2bd366544","messageTitle":"Mark/Unmark tasks as done in list","messageBody":"","tags":["Level-3"],"fileTypesAndContributionMap":{"java":{"insertions":47,"deletions":22}}},{"hash":"c6f5254dc6e4e45c3080f6d9dfe5fda3b94f29a1","messageTitle":"Remove getDescription function","messageBody":"","fileTypesAndContributionMap":{"java":{"insertions":4,"deletions":8}}},{"hash":"74559bfeb8ba44d92441382eb450e4ea8071b8ae","messageTitle":"Add todos, events and deadlines to task list","messageBody":"","tags":["Level-4"],"fileTypesAndContributionMap":{"java":{"insertions":74,"deletions":9}}},{"hash":"9d99e5450709707a0cb3ad03b3bb12af59da2580","messageTitle":"Test greeting and exit","messageBody":"","fileTypesAndContributionMap":{"txt":{"insertions":1,"deletions":0},"java":{"insertions":3,"deletions":3},"bat":{"insertions":1,"deletions":1},"sh":{"insertions":1,"deletions":1}}},{"hash":"dc0f3a884fbbb7326d5056ec188b918756654432","messageTitle":"Test adding tasks and marking as done","messageBody":"","tags":["A-TextUITesting"],"fileTypesAndContributionMap":{"txt":{"insertions":10,"deletions":0}}},{"hash":"5e2f39df52c0f5d2d0e53c88fe397488741aa495","messageTitle":"Handle missing argument exceptions","messageBody":"","fileTypesAndContributionMap":{"java":{"insertions":45,"deletions":6}}},{"hash":"53ef140d96c4b313415f7058efcf277cd248d444","messageTitle":"Test no argument commands","messageBody":"","tags":["Level-5"],"fileTypesAndContributionMap":{"txt":{"insertions":6,"deletions":0}}},{"hash":"6761178ff0beae0953188f635a35d6d30f7ba36f","messageTitle":"Convert Task array to ArrayList","messageBody":"","fileTypesAndContributionMap":{"java":{"insertions":11,"deletions":8}}},{"hash":"344ccc00b055f938a18d037e508c1951730b69d1","messageTitle":"Delete items from task list","messageBody":"","tags":["Level-6"],"fileTypesAndContributionMap":{"txt":{"insertions":3,"deletions":0},"java":{"insertions":15,"deletions":0}}}]},{"date":"2022-01-24","commitResults":[{"hash":"00b75155f8af27c4edc5b5bd75785801b7992d5c","messageTitle":"Fix switch case formatting","messageBody":"","fileTypesAndContributionMap":{"java":{"insertions":45,"deletions":45}}},{"hash":"b7c17b65c67c17c1cc66a02f6e3c27d6851bc2f5","messageTitle":"Close scanner on program exit","messageBody":"","fileTypesAndContributionMap":{"java":{"insertions":5,"deletions":4}}},{"hash":"c88e4678d30ccb66a5568f8d34082e7d03774961","messageTitle":"Explicitly import scanner","messageBody":"","fileTypesAndContributionMap":{"java":{"insertions":2,"deletions":2}}},{"hash":"b719c9fe053b9bb9672b6c1d31843d948374b2b4","messageTitle":"Create Tasks folder and refactor","messageBody":"","fileTypesAndContributionMap":{"java":{"insertions":9,"deletions":0}}},{"hash":"44b0c6eb9ec9ad0cdabbbb3da77db20b6719943f","messageTitle":"Rename package to follow java conventions","messageBody":"","fileTypesAndContributionMap":{"java":{"insertions":8,"deletions":8}}}]},{"date":"2022-01-25","commitResults":[{"hash":"a0ade3c435b4f7fa08336ca84dfea4def5f5d09a","messageTitle":"Fix space formatting","messageBody":"","fileTypesAndContributionMap":{"java":{"insertions":2,"deletions":2}}}]},{"date":"2022-01-29","commitResults":[{"hash":"2e7101b9f9d5cea98d2a2fb590262afbdb27e423","messageTitle":"Create and open file for reading task list","messageBody":"","fileTypesAndContributionMap":{"txt":{"insertions":0,"deletions":0},"java":{"insertions":40,"deletions":0}}},{"hash":"b2004c54eb1459777842b98089124efbdeb844a2","messageTitle":"Handle case of missing data directory","messageBody":"","fileTypesAndContributionMap":{"java":{"insertions":6,"deletions":1}}},{"hash":"15c7ad84f011010605806ba695db98b97290defd","messageTitle":"Save tasks on adding to list","messageBody":"","fileTypesAndContributionMap":{"txt":{"insertions":1,"deletions":0},"java":{"insertions":42,"deletions":4}}},{"hash":"399615209f77bbb0463ac63f69f319a410d57e05","messageTitle":"Save all tasks before program exit","messageBody":"","fileTypesAndContributionMap":{"txt":{"insertions":3,"deletions":0},"java":{"insertions":14,"deletions":16}}}]},{"date":"2022-01-30","commitResults":[{"hash":"76bf45db7e01756f28e966dfd4f4f469224d13ee","messageTitle":"Read saved tasks from file","messageBody":"","tags":["Level-7"],"fileTypesAndContributionMap":{"txt":{"insertions":5,"deletions":3},"java":{"insertions":30,"deletions":5}}},{"hash":"35abd7c6f89a78c3a3cb73d0ffd41e6affd6d6b1","messageTitle":"Check validity of dates","messageBody":"","tags":["Level-8"],"fileTypesAndContributionMap":{"java":{"insertions":24,"deletions":8}}}]},{"date":"2022-02-01","commitResults":[{"hash":"04c3b1b82daa61c9d4699fbc8a8c7b15df944a60","messageTitle":"Format dates using util package","messageBody":"","fileTypesAndContributionMap":{"txt":{"insertions":0,"deletions":5},"java":{"insertions":43,"deletions":20}}},{"hash":"d3ca03fe7580fe01f9663ebcf27d3c9f3160529c","messageTitle":"Handle IndexOutOfBoundsException for commands","messageBody":"","tags":["A-MoreOOP"],"fileTypesAndContributionMap":{"java":{"insertions":28,"deletions":16}}},{"hash":"1f94ee93a666ff3a52d69cfc45ce13b3db6e4221","messageTitle":"Create heylo package","messageBody":"","tags":["A-Packages"],"fileTypesAndContributionMap":{"txt":{"insertions":2,"deletions":0},"java":{"insertions":21,"deletions":20},"bat":{"insertions":1,"deletions":1},"sh":{"insertions":1,"deletions":1}}},{"hash":"59d8511a2b548cccbc0dff837801672a8ecfddd7","messageTitle":"Change folders in text-ui-test","messageBody":"","fileTypesAndContributionMap":{"bat":{"insertions":2,"deletions":2},"sh":{"insertions":2,"deletions":2}}}]},{"date":"2022-02-02","commitResults":[{"hash":"1b42162f9123a94776470166c0444b336d0a1f76","messageTitle":"Test toString method of Todo","messageBody":"","fileTypesAndContributionMap":{"java":{"insertions":13,"deletions":0}}},{"hash":"9ef0705b5706a7639b64023146d9ca021c126897","messageTitle":"Test toString method of Event","messageBody":"","fileTypesAndContributionMap":{"java":{"insertions":19,"deletions":0}}},{"hash":"e036db8353791035a78ef6aa8b050099eb14f8c4","messageTitle":"Test toString method of Deadline","messageBody":"","tags":["A-JUnit"],"fileTypesAndContributionMap":{"java":{"insertions":19,"deletions":0}}},{"hash":"5418635262226eefec7aad45512d047c32ba88a0","messageTitle":"Add javadocs for Main class","messageBody":"","fileTypesAndContributionMap":{"java":{"insertions":10,"deletions":1}}},{"hash":"445750086f6d8c9277e7b9117485a93725bcbad7","messageTitle":"Add javadocs for Command class","messageBody":"","fileTypesAndContributionMap":{"java":{"insertions":11,"deletions":0}}},{"hash":"fd2933f70273472a7678471e6d3b476280583e1a","messageTitle":"Add javadocs for FileReader class","messageBody":"","fileTypesAndContributionMap":{"java":{"insertions":7,"deletions":0}}},{"hash":"5af07e1f602e1e5b6be771e1037a19ffd8a47edd","messageTitle":"Add javadocs for FileWriter class","messageBody":"","fileTypesAndContributionMap":{"java":{"insertions":7,"deletions":0}}},{"hash":"b7011b9db8f857d66fd4e1e23a414d4ff163651c","messageTitle":"Add javadocs for Deadline class","messageBody":"","fileTypesAndContributionMap":{"java":{"insertions":12,"deletions":0}}},{"hash":"fb6c9eb734bc71264df74f7f2fbc2b1063dbc985","messageTitle":"Add javadocs for Event class","messageBody":"","fileTypesAndContributionMap":{"java":{"insertions":12,"deletions":0}}},{"hash":"f7a46cde0c63528737c8a88abae46216306bbc98","messageTitle":"Add javadocs for Task class","messageBody":"","fileTypesAndContributionMap":{"java":{"insertions":45,"deletions":1}}},{"hash":"179ca9d1d93089eba0ab32dcca995afbceb0137a","messageTitle":"Add javadocs for Todo class","messageBody":"","fileTypesAndContributionMap":{"java":{"insertions":12,"deletions":0}}},{"hash":"b0c8510d30b06df82d98e79243b2bd50cd704958","messageTitle":"Add javadocs for DateFormatter class","messageBody":"","tags":["A-JavaDoc"],"fileTypesAndContributionMap":{"java":{"insertions":8,"deletions":0}}},{"hash":"0e0b7e2b067685a4f6a199555b36396aa3d12430","messageTitle":"Format code to follow coding standard","messageBody":"","tags":["A-CodingStandard"],"fileTypesAndContributionMap":{"java":{"insertions":8,"deletions":8}}},{"hash":"9b67fba81ab7638a5a9b44207418cc1046cd4792","messageTitle":"Find substrings in task list","messageBody":"","tags":["Level-9"],"fileTypesAndContributionMap":{"txt":{"insertions":0,"deletions":1},"java":{"insertions":43,"deletions":7}}},{"hash":"c851d4b980f58ceea72455f0cefb798d52e83936","messageTitle":"Fix new line formatting","messageBody":"","fileTypesAndContributionMap":{"java":{"insertions":33,"deletions":13}}}]},{"date":"2022-02-04","commitResults":[{"hash":"647833503b17c7082ac48df570f8fe6f14a27067","messageTitle":"Fix issues from checkstyleMain","messageBody":"","fileTypesAndContributionMap":{"txt":{"insertions":0,"deletions":1},"java":{"insertions":43,"deletions":28}}},{"hash":"71d0b1cfa18cc7510709ff2cf073ad5eb2c94893","messageTitle":"Fix issues from checkstyleTest","messageBody":"","tags":["A-CheckStyle"],"fileTypesAndContributionMap":{"java":{"insertions":7,"deletions":7}}}]},{"date":"2022-02-08","commitResults":[{"hash":"d3f5c2708ab4ad6add12350b8af5add6a0390e39","messageTitle":"Rename class name in build.gradle","messageBody":"","fileTypesAndContributionMap":{"gradle":{"insertions":1,"deletions":1},"txt":{"insertions":2,"deletions":0}}}]},{"date":"2022-02-11","commitResults":[{"hash":"6deebd24be5c5005e03db67cc8b27bba9c62a493","messageTitle":"Follow SLAP in Main class","messageBody":"","fileTypesAndContributionMap":{"java":{"insertions":14,"deletions":11}}},{"hash":"9e1ddfeaaf4cd2dfafb5ecb64791f7e3f9c27330","messageTitle":"Simplify toString method of tasks","messageBody":"","fileTypesAndContributionMap":{"java":{"insertions":8,"deletions":3}}},{"hash":"ec3fe9be51f63f9ad45cd7258470141f83167cff","messageTitle":"Simplify strings printed in Task","messageBody":"","fileTypesAndContributionMap":{"java":{"insertions":2,"deletions":1}}},{"hash":"8f0928049bf73a43cb32e5bdbae6193c91db9428","messageTitle":"Remove deep nesting","messageBody":"","fileTypesAndContributionMap":{"java":{"insertions":14,"deletions":7}}},{"hash":"a5e1d9228309f7afb9a000a0ba7fc9418dfe9ecf","messageTitle":"Fix indexOutOfBounds bug due to regressions","messageBody":"While improving code quality, some boolean statements were extracted\nout.\n\nThis led to the length of a field being checked before checking for\nits existence.\n\nDefining the length checking boolean field in the smallest possible\nscope removes this bug.\n\nLet\u0027s move the boolean field to the inner if statement to fix the bug.\n\nThis will help us maintain bug-free code.\n","tags":["A-FullCommitMessage"],"fileTypesAndContributionMap":{"txt":{"insertions":0,"deletions":2},"java":{"insertions":3,"deletions":6}}}]},{"date":"2022-02-13","commitResults":[{"hash":"259cc8cfb6364dec78608c8fdfb750a3b04f306a","messageTitle":"Create FXML files from JavaFX tut part 4","messageBody":"","fileTypesAndContributionMap":{"fxml":{"insertions":39,"deletions":0}}},{"hash":"28d1d0432f060cdcd55d9fb30d9bd8b834824a9d","messageTitle":"Update build.gradle with javafx dependencies","messageBody":"","fileTypesAndContributionMap":{"gradle":{"insertions":17,"deletions":0}}},{"hash":"9f50c641a1008621d9639ae14c7d5f748f94435e","messageTitle":"Add images for chatbot","messageBody":"","fileTypesAndContributionMap":{"fxml":{"insertions":0,"deletions":4}}}]},{"date":"2022-02-15","commitResults":[{"hash":"f74b358a9fefcee3bc283ba3efc861ef9dd3a286","messageTitle":"Create GUI for the Heylo chatbot","messageBody":"The current implementation uses a CLI-based chatbot program\nwithout any user interface.\n\nLet\u0027s modify the application to include a graphical user interface\n(GUI) that the user can interact with.\n\nThis will make the Heylo chatbot more user-friendly.\n","fileTypesAndContributionMap":{"gradle":{"insertions":7,"deletions":1},"txt":{"insertions":10,"deletions":0},"fxml":{"insertions":16,"deletions":9},"java":{"insertions":326,"deletions":89}}},{"hash":"0b96c28e5fc7c88c57374074e6428716a1315d4f","messageTitle":"Fix import ordering","messageBody":"","fileTypesAndContributionMap":{"java":{"insertions":5,"deletions":5}}},{"hash":"db97af5ae8403743d81f704f25ddd1bf25809c7c","messageTitle":"Add assertions in Command class","messageBody":"","fileTypesAndContributionMap":{"txt":{"insertions":1,"deletions":0},"java":{"insertions":8,"deletions":0}}},{"hash":"5711b6c3c61d3d2e55507283108d0d4a0a8172d4","messageTitle":"Add assertions in Task class","messageBody":"","fileTypesAndContributionMap":{"java":{"insertions":15,"deletions":8}}},{"hash":"193056c1719301b46fc25835091170ee1315bc8e","messageTitle":"Add priority level to tasks in list","messageBody":"Let\u0027s allow users to add priority levels among:\n* NONE\n* LOW\n* MEDIUM\n* HIGH\nto their tasks in the list.\n\nThis makes the chatbot more user-friendly.\n","fileTypesAndContributionMap":{"txt":{"insertions":14,"deletions":11},"java":{"insertions":85,"deletions":3}}},{"hash":"1c6a95c631a8586c6f1cf46d804653f2353a3fbe","messageTitle":"Add Ui.png","messageBody":"","fileTypesAndContributionMap":{"txt":{"insertions":5,"deletions":14},"fxml":{"insertions":4,"deletions":4},"java":{"insertions":5,"deletions":5}}},{"hash":"ac2528a6484f47af6b2f288289f7639d6b1b7a41","messageTitle":"Remove stylized logo comment","messageBody":"","fileTypesAndContributionMap":{"java":{"insertions":0,"deletions":9}}}]},{"date":"2022-02-18","commitResults":[{"hash":"3bb761e916a16a06452412e7d4f136c6e41d1693","messageTitle":"Add user guide","messageBody":"","tags":["A-UserGuide"],"fileTypesAndContributionMap":{"md":{"insertions":234,"deletions":14}}},{"hash":"a3dc46e27f85d71a0e889e349478eeea23455765","messageTitle":"Add divider after FAQ in user guide","messageBody":"","fileTypesAndContributionMap":{"md":{"insertions":1,"deletions":0}}}]}]},"authorFileTypeContributionMap":{"ckcherry23":{"java":973,"md":234,"fxml":42,"sh":3,"bat":3,"gradle":24,"txt":26}},"authorContributionVariance":{"ckcherry23":16617.328},"authorDisplayNameMap":{"ckcherry23":"CS2103T-W12-4 CHAR..USAR"}}
