{"authorDailyContributionsMap":{"WJunHong":[{"date":"2022-01-15","commitResults":[{"hash":"58f6c6dd7fdae8a782d015cd80224c05e1b41b3d","messageTitle":"Added initial functionality to echo messages sent by user","messageBody":"","tags":["Level-1"],"fileTypesAndContributionMap":{"java":{"insertions":19,"deletions":6}}},{"hash":"a76ef2441254ecd89b28f9678e59edd2fe39f617","messageTitle":"Added functionality to store and print messages","messageBody":"","tags":["Level-2"],"fileTypesAndContributionMap":{"java":{"insertions":20,"deletions":3}}},{"hash":"2dd073cee78d9d640ec06287bc5eb07f3570338a","messageTitle":"added new Task class","messageBody":"","fileTypesAndContributionMap":{"java":{"insertions":26,"deletions":0}}},{"hash":"40cf43b36097c6141131d73f183ee1823620bd54","messageTitle":"Added status message and simple mark and unmark features","messageBody":"","tags":["Level-3"],"fileTypesAndContributionMap":{"java":{"insertions":22,"deletions":5}}},{"hash":"8344229673185bec208060194dbe6b01c1ccd3c1","messageTitle":"Added new subclasses of Task","messageBody":"","fileTypesAndContributionMap":{"java":{"insertions":6,"deletions":0}}},{"hash":"0df91b64d134c45dace954fc80052dd23106f88b","messageTitle":"Added toString() for Tasks and Chi\u0027s todo handler","messageBody":"","fileTypesAndContributionMap":{"java":{"insertions":46,"deletions":6}}},{"hash":"da63f9a7241e8953ab993987f6ca8d3d803d4b97","messageTitle":"Added response to Event and Deadline, changed event text","messageBody":"","tags":["Level-4"],"fileTypesAndContributionMap":{"java":{"insertions":30,"deletions":18}}},{"hash":"4ae66eeb41a5813a5be8c314ee29207c614deeab","messageTitle":"Fixed styling issue, added some input cases and expected output","messageBody":"","fileTypesAndContributionMap":{"txt":{"insertions":16,"deletions":0},"java":{"insertions":2,"deletions":2}}},{"hash":"6e9424e5fe1eeb486656e7e277ffcb4cc973cb97","messageTitle":"Added more test cases, and updated javadocs for classes.","messageBody":"","tags":["A-TextUiTesting"],"fileTypesAndContributionMap":{"txt":{"insertions":2,"deletions":1},"java":{"insertions":57,"deletions":0}}},{"hash":"7c21b9fe143aaffc1afe384e7fd310240b68ea29","messageTitle":"Added exception class and started migrating code to function","messageBody":"","fileTypesAndContributionMap":{"java":{"insertions":32,"deletions":1}}},{"hash":"913ef11deed50a508ac87adb6fe7fa037fc5135d","messageTitle":"Added custom error messages for different tasks, added more handlers for tasks","messageBody":"","fileTypesAndContributionMap":{"java":{"insertions":62,"deletions":5}}},{"hash":"05cb188da095b90a8e5dd23e63cccabbb40b7f9c","messageTitle":"Added some comments explaining function","messageBody":"","fileTypesAndContributionMap":{"java":{"insertions":11,"deletions":4}}},{"hash":"23108d02b89e478c7ab0f566cac1e7bf34e49d3a","messageTitle":"Added and tested more cases with the new functionality, and added javadocs to Duke","messageBody":"","fileTypesAndContributionMap":{"txt":{"insertions":5,"deletions":0},"java":{"insertions":13,"deletions":1}}},{"hash":"f43231589dfd8d80a135206e2b5a4e4039a5a4a3","messageTitle":"Added test case for empty task and date.","messageBody":"","fileTypesAndContributionMap":{"txt":{"insertions":1,"deletions":0}}},{"hash":"4e73a9dc49ad7cb3fd4c0083252423ae0d136813","messageTitle":"Updated styling, javadocs and plans for the future.","messageBody":"","tags":["Level-5"],"fileTypesAndContributionMap":{"java":{"insertions":15,"deletions":62}}},{"hash":"d89c17d16478e1d6a6a3c556df934cb0f42f2bc8","messageTitle":"Added delete functionality, and exception handling for delete. Added more test cases for delete","messageBody":"","tags":["Level-6"],"fileTypesAndContributionMap":{"txt":{"insertions":5,"deletions":0},"java":{"insertions":13,"deletions":10}}}]},{"date":"2022-01-22","commitResults":[{"hash":"3ee3b61579b63609ff4440e6d5944f388e6be19a","messageTitle":"Add new class Main for driver function, rename files to match bot\u0027s name","messageBody":"","fileTypesAndContributionMap":{"java":{"insertions":39,"deletions":36}}},{"hash":"4a25657faef142525ef86fcdcf5745ca7d19cfb7","messageTitle":"Implement a function to check and create new data file","messageBody":"","fileTypesAndContributionMap":{"java":{"insertions":22,"deletions":0}}},{"hash":"4ca3dd1ed1764b388f66ac638a1c89d2ed310a89","messageTitle":"Add constants for data file and folder path, and shifted data storage creation into file parser function","messageBody":"","fileTypesAndContributionMap":{"java":{"insertions":55,"deletions":5}}}]},{"date":"2022-01-24","commitResults":[{"hash":"9ed4ca0de31d99f124f19a1c0c4b7f0e729fece9","messageTitle":"Add storage and load functionality to Chi bot","messageBody":"","tags":["Level-7"],"fileTypesAndContributionMap":{"txt":{"insertions":2,"deletions":0},"java":{"insertions":120,"deletions":76}}},{"hash":"fa2138c98728ecb30975c5b5a443497b3a1c1406","messageTitle":"Change string to datetime objects in deadline and event, add date and time check for parser","messageBody":"","fileTypesAndContributionMap":{"java":{"insertions":58,"deletions":9}}},{"hash":"41beba03ac402fb3712a2214ef3bf6419bb1fb53","messageTitle":"Add custom text for date and times for event and deadlines","messageBody":"","fileTypesAndContributionMap":{"java":{"insertions":7,"deletions":5}}}]}]},"authorFileTypeContributionMap":{"WJunHong":{"java":573,"md":0,"fxml":0,"sh":0,"bat":0,"gradle":0,"txt":30}},"authorContributionVariance":{"WJunHong":26831.867},"authorDisplayNameMap":{"WJunHong":"CS2103T-T11-2 WANG..HONG"}}
