{"authorDailyContributionsMap":{"WJunHong":[{"date":"2022-01-15","commitResults":[{"hash":"58f6c6dd7fdae8a782d015cd80224c05e1b41b3d","messageTitle":"Added initial functionality to echo messages sent by user","messageBody":"","tags":["Level-1"],"fileTypesAndContributionMap":{"java":{"insertions":19,"deletions":6}}},{"hash":"a76ef2441254ecd89b28f9678e59edd2fe39f617","messageTitle":"Added functionality to store and print messages","messageBody":"","tags":["Level-2"],"fileTypesAndContributionMap":{"java":{"insertions":20,"deletions":3}}},{"hash":"2dd073cee78d9d640ec06287bc5eb07f3570338a","messageTitle":"added new Task class","messageBody":"","fileTypesAndContributionMap":{"java":{"insertions":26,"deletions":0}}},{"hash":"40cf43b36097c6141131d73f183ee1823620bd54","messageTitle":"Added status message and simple mark and unmark features","messageBody":"","tags":["Level-3"],"fileTypesAndContributionMap":{"java":{"insertions":22,"deletions":5}}},{"hash":"8344229673185bec208060194dbe6b01c1ccd3c1","messageTitle":"Added new subclasses of Task","messageBody":"","fileTypesAndContributionMap":{"java":{"insertions":6,"deletions":0}}},{"hash":"0df91b64d134c45dace954fc80052dd23106f88b","messageTitle":"Added toString() for Tasks and Chi\u0027s todo handler","messageBody":"","fileTypesAndContributionMap":{"java":{"insertions":46,"deletions":6}}},{"hash":"da63f9a7241e8953ab993987f6ca8d3d803d4b97","messageTitle":"Added response to Event and Deadline, changed event text","messageBody":"","tags":["Level-4"],"fileTypesAndContributionMap":{"java":{"insertions":30,"deletions":18}}},{"hash":"4ae66eeb41a5813a5be8c314ee29207c614deeab","messageTitle":"Fixed styling issue, added some input cases and expected output","messageBody":"","fileTypesAndContributionMap":{"txt":{"insertions":16,"deletions":0},"java":{"insertions":2,"deletions":2}}},{"hash":"6e9424e5fe1eeb486656e7e277ffcb4cc973cb97","messageTitle":"Added more test cases, and updated javadocs for classes.","messageBody":"","tags":["A-TextUiTesting"],"fileTypesAndContributionMap":{"txt":{"insertions":2,"deletions":1},"java":{"insertions":57,"deletions":0}}},{"hash":"7c21b9fe143aaffc1afe384e7fd310240b68ea29","messageTitle":"Added exception class and started migrating code to function","messageBody":"","fileTypesAndContributionMap":{"java":{"insertions":32,"deletions":1}}},{"hash":"913ef11deed50a508ac87adb6fe7fa037fc5135d","messageTitle":"Added custom error messages for different tasks, added more handlers for tasks","messageBody":"","fileTypesAndContributionMap":{"java":{"insertions":62,"deletions":5}}},{"hash":"05cb188da095b90a8e5dd23e63cccabbb40b7f9c","messageTitle":"Added some comments explaining function","messageBody":"","fileTypesAndContributionMap":{"java":{"insertions":11,"deletions":4}}},{"hash":"23108d02b89e478c7ab0f566cac1e7bf34e49d3a","messageTitle":"Added and tested more cases with the new functionality, and added javadocs to Duke","messageBody":"","fileTypesAndContributionMap":{"txt":{"insertions":5,"deletions":0},"java":{"insertions":13,"deletions":1}}},{"hash":"f43231589dfd8d80a135206e2b5a4e4039a5a4a3","messageTitle":"Added test case for empty task and date.","messageBody":"","fileTypesAndContributionMap":{"txt":{"insertions":1,"deletions":0}}},{"hash":"4e73a9dc49ad7cb3fd4c0083252423ae0d136813","messageTitle":"Updated styling, javadocs and plans for the future.","messageBody":"","tags":["Level-5"],"fileTypesAndContributionMap":{"java":{"insertions":15,"deletions":62}}},{"hash":"d89c17d16478e1d6a6a3c556df934cb0f42f2bc8","messageTitle":"Added delete functionality, and exception handling for delete. Added more test cases for delete","messageBody":"","tags":["Level-6"],"fileTypesAndContributionMap":{"txt":{"insertions":5,"deletions":0},"java":{"insertions":13,"deletions":10}}}]},{"date":"2022-01-22","commitResults":[{"hash":"3ee3b61579b63609ff4440e6d5944f388e6be19a","messageTitle":"Add new class Main for driver function, rename files to match bot\u0027s name","messageBody":"","fileTypesAndContributionMap":{"java":{"insertions":39,"deletions":36}}},{"hash":"4a25657faef142525ef86fcdcf5745ca7d19cfb7","messageTitle":"Implement a function to check and create new data file","messageBody":"","fileTypesAndContributionMap":{"java":{"insertions":22,"deletions":0}}},{"hash":"4ca3dd1ed1764b388f66ac638a1c89d2ed310a89","messageTitle":"Add constants for data file and folder path, and shifted data storage creation into file parser function","messageBody":"","fileTypesAndContributionMap":{"java":{"insertions":55,"deletions":5}}}]},{"date":"2022-01-24","commitResults":[{"hash":"9ed4ca0de31d99f124f19a1c0c4b7f0e729fece9","messageTitle":"Add storage and load functionality to Chi bot","messageBody":"","tags":["Level-7"],"fileTypesAndContributionMap":{"txt":{"insertions":2,"deletions":0},"java":{"insertions":120,"deletions":76}}},{"hash":"fa2138c98728ecb30975c5b5a443497b3a1c1406","messageTitle":"Change string to datetime objects in deadline and event, add date and time check for parser","messageBody":"","fileTypesAndContributionMap":{"java":{"insertions":58,"deletions":9}}},{"hash":"41beba03ac402fb3712a2214ef3bf6419bb1fb53","messageTitle":"Add custom text for date and times for event and deadlines","messageBody":"","fileTypesAndContributionMap":{"java":{"insertions":7,"deletions":5}}},{"hash":"4e536a2b14512054b8a14668777512364d5eb46f","messageTitle":"Create new classes to abstract functionality away from Chi class","messageBody":"","fileTypesAndContributionMap":{"java":{"insertions":126,"deletions":10}}},{"hash":"79cc76ae59159db5dbd9b74aca927f2966db9b24","messageTitle":"Shift code to various components, and refactor code to fit new classes","messageBody":"","fileTypesAndContributionMap":{"txt":{"insertions":0,"deletions":1},"java":{"insertions":206,"deletions":11}}},{"hash":"4eaba9946e75880475a6850ac6bd7a8be39afc59","messageTitle":"Remove obsolete methods and added more text checking for parser","messageBody":"","fileTypesAndContributionMap":{"txt":{"insertions":1,"deletions":1},"java":{"insertions":86,"deletions":219}}}]},{"date":"2022-01-26","commitResults":[{"hash":"0291cbe9e8ea05517de015f5d60d5023f6268ca8","messageTitle":"Implement the processing of deadline and event messages and correct some problems with how events and deadlines are stored and retrieved from file","messageBody":"","tags":["A-MoreOOP"],"fileTypesAndContributionMap":{"txt":{"insertions":1,"deletions":1},"java":{"insertions":116,"deletions":34}}},{"hash":"9366ae1f33c667bb23cb8714858c97456240dea7","messageTitle":"Add classes to package","messageBody":"","fileTypesAndContributionMap":{"java":{"insertions":25,"deletions":2}}},{"hash":"2c286f2268a34623cba0405ea4dfd8dfdb695aef","messageTitle":"Add packages for each type of class","messageBody":"","tags":["A-Packages"],"fileTypesAndContributionMap":{"java":{"insertions":38,"deletions":15}}}]},{"date":"2022-01-27","commitResults":[{"hash":"a0311271da5f8191eceacda78fd9a9c11221fb5e","messageTitle":"Test parser and tasklist classes, add stubs for tasklist, task and storage","messageBody":"","tags":["A-JUnit"],"fileTypesAndContributionMap":{"java":{"insertions":116,"deletions":0}}},{"hash":"5a45a6f2148f8e0e6bd1183122e9dee73728c757","messageTitle":"Remove redundant files and commented out code","messageBody":"","fileTypesAndContributionMap":{"java":{"insertions":11,"deletions":244}}},{"hash":"e9c61d2d594a9dea0e4d15fb1322439f9aa6ae3c","messageTitle":"Add javadoc for chi and exception classes","messageBody":"","fileTypesAndContributionMap":{"java":{"insertions":23,"deletions":4}}},{"hash":"da3e500094dc293949b884de9bcf6ef455a956de","messageTitle":"Add javadocs for parser","messageBody":"","fileTypesAndContributionMap":{"java":{"insertions":42,"deletions":3}}},{"hash":"8bc25f65c2df29547599ba41a77299d6ba9382e8","messageTitle":"Add storage javadocs","messageBody":"","fileTypesAndContributionMap":{"java":{"insertions":31,"deletions":1}}},{"hash":"300e734e1c389ac6909be9c1c4d3bd9017ec7176","messageTitle":"Add javadoc for tasks and changed spacing between javadoc description and param tag","messageBody":"","fileTypesAndContributionMap":{"java":{"insertions":112,"deletions":24}}},{"hash":"7a7ccb2d20e43b69d2055ba013a6fe77b232bede","messageTitle":"Add javadocs for todo","messageBody":"","fileTypesAndContributionMap":{"java":{"insertions":11,"deletions":3}}},{"hash":"3b1801d04e459bb6cb39e7fec065ca903b45ce75","messageTitle":"Add javadocs for tasklist, taskliststub and ui components","messageBody":"","tags":["A-JavaDoc"],"fileTypesAndContributionMap":{"java":{"insertions":84,"deletions":8}}},{"hash":"e430164244659004454defe0ece0dc11c75a56ed","messageTitle":"Fix indentation for try block and case statements for parser","messageBody":"","fileTypesAndContributionMap":{"java":{"insertions":51,"deletions":43}}},{"hash":"45d40756ab069146a6949ebf6b9eab8d2762f77d","messageTitle":"Fix wrapping indentation and switch statement for storage class","messageBody":"","fileTypesAndContributionMap":{"java":{"insertions":30,"deletions":22}}},{"hash":"d1e851cfcea9d1f029642364f004450d5dde9d04","messageTitle":"Fix the indentation and spacing for task classes","messageBody":"","fileTypesAndContributionMap":{"java":{"insertions":34,"deletions":26}}},{"hash":"838d65014a5693fe8c4fbad2c35b4e5fe0253a67","messageTitle":"Uncomment ui style","messageBody":"","fileTypesAndContributionMap":{"java":{"insertions":3,"deletions":1}}},{"hash":"c6266fbee8fb615939d4396c0da5d0198d1cfb8d","messageTitle":"Fix name for delete task test case","messageBody":"","fileTypesAndContributionMap":{"java":{"insertions":4,"deletions":17}}},{"hash":"6fb227d50e0f9fe464b6e5aa28ef9b28818a3756","messageTitle":"Add functions to handle finding keywords in parser, task and tasklist","messageBody":"","fileTypesAndContributionMap":{"txt":{"insertions":1,"deletions":1},"java":{"insertions":30,"deletions":0}}},{"hash":"ce91a1a4bbf0ba79173e192eeb6416a87823dc1c","messageTitle":"Fix a newline problem when storing data in file","messageBody":"","fileTypesAndContributionMap":{"txt":{"insertions":2,"deletions":1},"java":{"insertions":1,"deletions":1}}},{"hash":"0e547ebb51083fbc14cd3f79d1863d88434da4dd","messageTitle":"Set default time if time is not indicated in deadline or event","messageBody":"","fileTypesAndContributionMap":{"txt":{"insertions":4,"deletions":2},"java":{"insertions":7,"deletions":5}}}]},{"date":"2022-01-30","commitResults":[{"hash":"d26b55a07f76db901aab8384800580c72989c38d","messageTitle":"Start Gradle config","messageBody":"","fileTypesAndContributionMap":{"gradle":{"insertions":4,"deletions":2},"java":{"insertions":0,"deletions":0}}},{"hash":"2f024d00dab37a4b0a5e4aef01257c617be8509a","messageTitle":"Update gradle build file","messageBody":"","tags":["A-Gradle"],"fileTypesAndContributionMap":{"gradle":{"insertions":1,"deletions":0}}},{"hash":"4102e0edbc8039a9a56e1991fd858b269442b979","messageTitle":"Add gradle dependencies for GUI","messageBody":"","fileTypesAndContributionMap":{"gradle":{"insertions":14,"deletions":0}}},{"hash":"1c3492d519b1b73f1f9cdb68ddf5bbdbfb18e46d","messageTitle":"Add some starter files for GUI creation","messageBody":"","fileTypesAndContributionMap":{"gradle":{"insertions":0,"deletions":2},"fxml":{"insertions":35,"deletions":0},"java":{"insertions":155,"deletions":0}}},{"hash":"bba4e10dd5f85563d1b2f30e1aa48b96f74da819","messageTitle":"Add parser functionality to GUI, remove checkstyle for gradle build","messageBody":"","fileTypesAndContributionMap":{"gradle":{"insertions":3,"deletions":3},"txt":{"insertions":3,"deletions":4},"fxml":{"insertions":7,"deletions":3},"java":{"insertions":129,"deletions":91}}}]},{"date":"2022-01-31","commitResults":[{"hash":"1fa6d035b13a8c866cbb8e4fc8008c751bcd106c","messageTitle":"Add command package to deal with everything command related","messageBody":"","fileTypesAndContributionMap":{"txt":{"insertions":5,"deletions":0},"fxml":{"insertions":3,"deletions":3},"java":{"insertions":488,"deletions":99}}}]},{"date":"2022-02-02","commitResults":[{"hash":"eaa42522eca8c189aa7d6e7c5619cf075171d3c4","messageTitle":"Add some data to data file","messageBody":"","fileTypesAndContributionMap":{"txt":{"insertions":9,"deletions":1}}},{"hash":"8f1914e4fc410abb252d75f453618528c4977433","messageTitle":"Implement exit functionality for JavaFX","messageBody":"","fileTypesAndContributionMap":{"txt":{"insertions":1,"deletions":9},"java":{"insertions":7,"deletions":3}}}]},{"date":"2022-02-03","commitResults":[{"hash":"67eb132c222f9d12d9dc01b1356370a21b6ae9b8","messageTitle":"Add javadocs for new command classes","messageBody":"","fileTypesAndContributionMap":{"java":{"insertions":63,"deletions":6}}},{"hash":"da877ee47dcb81559df82e725736488f47d48e4c","messageTitle":"Add more javadocs","messageBody":"","fileTypesAndContributionMap":{"txt":{"insertions":2,"deletions":1},"java":{"insertions":225,"deletions":32}}},{"hash":"cbc28f3018df67548af126bf7ce36bcd4bd4921b","messageTitle":"Add javadocs for JavaFX components","messageBody":"","fileTypesAndContributionMap":{"java":{"insertions":30,"deletions":5}}},{"hash":"bc41bdcadf2007bf30449e495665171220c73d00","messageTitle":"Test delete functionality with GUI","messageBody":"","tags":["Level-10"],"fileTypesAndContributionMap":{"txt":{"insertions":0,"deletions":1},"java":{"insertions":7,"deletions":213}}}]},{"date":"2022-02-04","commitResults":[{"hash":"e79cbfcc6b2dbc061430a82dce1039d325b1bbc1","messageTitle":"Credit code to solution by classmate","messageBody":"","fileTypesAndContributionMap":{"java":{"insertions":15,"deletions":1}}}]},{"date":"2022-02-06","commitResults":[{"hash":"3086364f3c3f863021d4352d6b613bb4d5396ba9","messageTitle":"Made changes to style based on checkstyle violations","messageBody":"","fileTypesAndContributionMap":{"gradle":{"insertions":4,"deletions":4},"java":{"insertions":30,"deletions":25}}},{"hash":"915dd9044b2763a785675b04136506b5f9c2c1bf","messageTitle":"Change mainClassName for build.gradle jar file generation","messageBody":"Previously, the reference was made to Chi class. However, since\nimplementing JavaFX, the entry point is now at the Launcher class.\n","fileTypesAndContributionMap":{"gradle":{"insertions":5,"deletions":6}}},{"hash":"0349752d6505d5e141912343ec7eb7e595e8e860","messageTitle":"Add help command feature\u0027s initial stages","messageBody":"Users might need some help using the application, especially for\nnew users.\n\nHence, with the help command, users can help troubleshoot\nwhen Chi is unable to process their command.\n\nThe help command will ideally contain 2 main functionality, a general\nhelp function and to help a specific command.\n* help - Lists all possible help options\n* help \u003ccommand\u003e - List how \u003ccommand\u003e should be formatted for Chi to\nunderstand.\n","tags":["A-FullCommitMessage"],"fileTypesAndContributionMap":{"java":{"insertions":29,"deletions":6}}},{"hash":"7f4b006e493039ff1d0d2647aeaa73bf8ade51ee","messageTitle":"Add assertions","messageBody":"It is important to check that the number of tasks in the list, after\nadding one, is not 0. This verifies that the adding function to the\ntask list is working fine.\n\nFurthermore, we need to check if the index we specified is based on\nconventional array-based indexing and not the indexing used by the\nuser.\n\nLastly, we also need to check that tasks are stored properly so that\nthere will not be any parsing problems later on.\n","fileTypesAndContributionMap":{"java":{"insertions":6,"deletions":5}}},{"hash":"0a5dfb6b35fec6fb23e22e19dea9c0d898f0050d","messageTitle":"Remove some redundant comments","messageBody":"Previously, there were comments repeating the code.\n\nNow, some of those comments are beginning to be removed.\n","fileTypesAndContributionMap":{"java":{"insertions":15,"deletions":19}}},{"hash":"6ddeb7cbafd326cb059dd5ad5cddd863aed3a215","messageTitle":"Refactor add command","messageBody":"Many convoluted boolean expressions in the if block.\n\nBroke expressions down to named variables to make sense of what we are\nchecking in the if block.\n","fileTypesAndContributionMap":{"txt":{"insertions":1,"deletions":0},"java":{"insertions":44,"deletions":30}}}]},{"date":"2022-02-07","commitResults":[{"hash":"bd11f3856f48a40427c492035db6a8fb923a57e6","messageTitle":"Made fields final and reduce magic numbers","messageBody":"Previously, fields which would not change after assignment were not\nset to final. Also, there were some magic numbers regarding command\nlength.\n\nNow, fields are set to final to verify they will not be changed. Also,\nmagic numbers are given meanings.\n","fileTypesAndContributionMap":{"java":{"insertions":31,"deletions":34}}},{"hash":"cff7bbf2600ebc04271914b82b700eaba663e477","messageTitle":"Remove dead code, make method names more meaningful","messageBody":"Previously, there was dead code from past task constructors and\nscrapped implementation. Also, file writing method name was not\ndescriptive enough.\n\nNow, dead code is reduced, and the method has a more meaningful name.\n","fileTypesAndContributionMap":{"java":{"insertions":31,"deletions":63}}},{"hash":"413d1215a6da4041032735259a7a2d6b30303c9e","messageTitle":"Change package name","messageBody":"Previously, the package name was still duke, didn\u0027t make any sense.\n\nNow, package name reflects the actual name of the bot.\n","fileTypesAndContributionMap":{"gradle":{"insertions":1,"deletions":1},"java":{"insertions":110,"deletions":104}}},{"hash":"77cc587306e72df0c04cee45277a3c38bb3e153e","messageTitle":"Change avatar images","messageBody":"Previously their appearance did not fit the personality of Chi.\n\nNow, the avatar does fit Chi\u0027s cheery personality.\n","fileTypesAndContributionMap":{"java":{"insertions":2,"deletions":2}}}]},{"date":"2022-02-10","commitResults":[{"hash":"b01bf361fc90eaccd13f73d127cb3f6ccda6eea1","messageTitle":"Add goodbye message on bye","messageBody":"Previously, typing bye will simply terminate the program.\n\nNow, typing bye will trigger good bye message, then terminate program.\n","fileTypesAndContributionMap":{"java":{"insertions":20,"deletions":8}}},{"hash":"b654aa356e29309f16bb2078db3a845cb5a46d7b","messageTitle":"Finish help command","messageBody":"Previously, the help command was incomplete.\n\nNow, the help command has features to assist users who are stuck on\nerror messages.\n","fileTypesAndContributionMap":{"java":{"insertions":96,"deletions":20}}}]},{"date":"2022-02-11","commitResults":[{"hash":"eb5cea0379f09e3293cceb0050365eab71e88b80","messageTitle":"Change DialogBox behaviour","messageBody":"Previously, DB will cut off long content like list command.\n\nNow, the full content is shown.\n","fileTypesAndContributionMap":{"fxml":{"insertions":7,"deletions":3}}}]},{"date":"2022-02-12","commitResults":[{"hash":"41092ba3e21e76d5f8acf8b02a002b7fea28f882","messageTitle":"Add styles.css file, change help messages","messageBody":"Previously, styling of javaFX elements was done in the element itself.\nAlso, help message was not properly styled.\n\nNow, styling is all done in 1 styles.css file, and help message is\nbetter styled for readability.\n\nGoing forward, help message will have a hyperlink to user guide.\nAlso, error messages will be more helpful.\n","fileTypesAndContributionMap":{"fxml":{"insertions":16,"deletions":7},"java":{"insertions":8,"deletions":10}}},{"hash":"70f8eb7129d72246dd032accc88825f2f795a7b3","messageTitle":"Edit generic help method","messageBody":"Previously, help command message was not styled well.\n\nNow, the styling is slightly more readable.\n","tags":["BCD-Extension"],"fileTypesAndContributionMap":{"java":{"insertions":1,"deletions":1}}},{"hash":"c910dd7004f6de801cf1d53bd30bb71943d612ef","messageTitle":"Improve code quality of AddCommand class","messageBody":"Previously, there were some long methods in the class.\n\nNow, the methods were SLAP-ed and broken down into further levels of\nabstraction.\n","fileTypesAndContributionMap":{"java":{"insertions":138,"deletions":80}}}]},{"date":"2022-02-13","commitResults":[{"hash":"b0eb3d7908d6082909b4b80fde6b38c406c0021d","messageTitle":"Add more test cases","messageBody":"Previously, not many test cases were implemented.\n\nNow, more test cases are added to test new parsing methods and tasklist\nmethods.\n","fileTypesAndContributionMap":{"java":{"insertions":127,"deletions":10}}},{"hash":"fade3f65844b5d0150bd90609896502e38c229d1","messageTitle":"Add hyperlink feature to help command","messageBody":"Previously, the generic help message had buggy UI.\n\nNow, it the URL is separated from the initial message and there is a\nworking URL to the remote repository.\n","fileTypesAndContributionMap":{"fxml":{"insertions":19,"deletions":0},"java":{"insertions":120,"deletions":2}}},{"hash":"59613aa002fadda7b2a31d344dfb4f9f821f99aa","messageTitle":"Add more test cases and improve code quality","messageBody":"Previously, there were still some methods in add command not tested.\n\nNow, testing has been made for them. Also, cleared data to prepare for\nfinal screenshots.\n","tags":["A-BetterGui"],"fileTypesAndContributionMap":{"txt":{"insertions":0,"deletions":9},"fxml":{"insertions":3,"deletions":3},"java":{"insertions":37,"deletions":21}}},{"hash":"92abde75913fc81c646f1a19c8d7c276a1e2cea9","messageTitle":"Fix remaining kinks, add User Guide","messageBody":"Previously, the message for empty input was not getting printed,\nand somehow tasks were not appended on the new line when stored in\ndata file.\n\nNow, these changes are made. Also, user guide is added to help users\nstart using the app.\n","fileTypesAndContributionMap":{"gradle":{"insertions":1,"deletions":6},"txt":{"insertions":1,"deletions":0},"java":{"insertions":21,"deletions":19},"md":{"insertions":139,"deletions":14}}},{"hash":"e6cfb04ac8a0a9922c761abd2cd3c2af03d13a78","messageTitle":"Update README.md","messageBody":"Previously, README still uses Duke.\r\n\r\nNow, full ChiBot README is available on GitHub","fileTypesAndContributionMap":{"md":{"insertions":59,"deletions":24}}},{"hash":"0387c5b938e16af80936e89a95849d00261333fa","messageTitle":"Fix header","messageBody":"","fileTypesAndContributionMap":{"md":{"insertions":2,"deletions":1}}}]}]},"authorFileTypeContributionMap":{"WJunHong":{"java":2162,"md":186,"fxml":71,"sh":0,"bat":0,"gradle":17,"txt":29}},"authorContributionVariance":{"WJunHong":83930.92},"authorDisplayNameMap":{"WJunHong":"CS2103T-T11-2 WANG..HONG"}}
