{"authorDailyContributionsMap":{"BrendonLau":[{"date":"2022-01-16","commitResults":[{"hash":"2f2264fd73e19639e4d6007d8043496e00be53b9","messageTitle":"Level-1","messageBody":"","tags":["Level-1"],"fileTypesAndContributionMap":{"java":{"insertions":25,"deletions":1}}},{"hash":"9ab64c892168c626eb62dd7eb547d6bdc47be3f4","messageTitle":"Level-2","messageBody":"Added notebook class for adding of tasks\n","tags":["Level-2"],"fileTypesAndContributionMap":{"java":{"insertions":40,"deletions":5}}}]},{"date":"2022-01-17","commitResults":[{"hash":"d6f0d123db453dd6c6dbc1a33a178e8632166b1e","messageTitle":"Level-3","messageBody":"Added Task class and Command class\n","tags":["Level-3"],"fileTypesAndContributionMap":{"java":{"insertions":106,"deletions":34}}},{"hash":"f08a0b97eee5f56850f608186262b0c693abc1c6","messageTitle":"Levell-4","messageBody":"Event, deadline and todo inherits from Task.\n","tags":["Level-4"],"fileTypesAndContributionMap":{"java":{"insertions":98,"deletions":17}}}]},{"date":"2022-01-18","commitResults":[{"hash":"9f00d33a23136d01132a5c0046f4ca27b33ee48b","messageTitle":"A-TextUiTesting","messageBody":"- Modified runtest.bat\n- test inputs all passed\n","tags":["A-TextUiTesting"],"fileTypesAndContributionMap":{"txt":{"insertions":13,"deletions":0},"java":{"insertions":31,"deletions":31},"bat":{"insertions":2,"deletions":2}}},{"hash":"55c4739e2f818e043b63d6f8f7ff5fad369025a2","messageTitle":"Error Handling","messageBody":"- Handle commands that are not valid\n- Handle tasks that are not valid\n- Handle marking/unmarking of invalid task id\n- Handle empty task\n","tags":["Level-5"],"fileTypesAndContributionMap":{"txt":{"insertions":19,"deletions":5},"java":{"insertions":162,"deletions":49}}},{"hash":"3743dbb674cd72938dc4fa644f1a433af9f0e43d","messageTitle":"added delete feature to TaskManager","messageBody":"- Support the delete of task by using remove() from ArrayList\n- Update test cases\n","tags":["Level-6"],"fileTypesAndContributionMap":{"txt":{"insertions":4,"deletions":0},"java":{"insertions":21,"deletions":7}}},{"hash":"8b8649e5dc780740ef604889350dde66b67d3930","messageTitle":"A-Enums","messageBody":"- Enum is used to support querying command for switch.\n","tags":["A-Enums"],"fileTypesAndContributionMap":{"java":{"insertions":1,"deletions":0}}}]},{"date":"2022-01-23","commitResults":[{"hash":"4e40f9cbba5c185631a2e60f0c4fd8ced68e50eb","messageTitle":"Update code format","messageBody":"","fileTypesAndContributionMap":{"java":{"insertions":38,"deletions":38}}}]},{"date":"2022-01-24","commitResults":[{"hash":"05066c43ea4ef4f78d4fd42802aceb54eef011c4","messageTitle":"Save data from input to text file","messageBody":"Save tasklist into a file.\nLoad tasklist into the program.\n","tags":["Level-7"],"fileTypesAndContributionMap":{"txt":{"insertions":1,"deletions":0},"java":{"insertions":119,"deletions":4}}}]},{"date":"2022-01-25","commitResults":[{"hash":"7019708238a38382b0b3af032d30401d6c1a9df4","messageTitle":"Update Task to accept datetime format","messageBody":"","tags":["Level-8"],"fileTypesAndContributionMap":{"java":{"insertions":26,"deletions":3}}}]}]},"authorFileTypeContributionMap":{"BrendonLau":{"java":479,"md":0,"fxml":0,"sh":0,"bat":2,"gradle":0,"txt":32}},"authorContributionVariance":{"BrendonLau":12055.64},"authorDisplayNameMap":{"BrendonLau":"CS2103T-T17-1 BREN..YANG"}}
