{"authorDailyContributionsMap":{"B1LLP4RK":[{"date":"2022-01-20","commitResults":[{"hash":"5354629b3d39c71b72fe9e7aaf7ff45a7062bdb1","messageTitle":"greet, echo, exit","messageBody":"","tags":["Level-1"],"fileTypesAndContributionMap":{"java":{"insertions":41,"deletions":6}}},{"hash":"de67c28d10674b907a67dbe0380ff78a7ee43859","messageTitle":"enable list function","messageBody":"","tags":["Level-2"],"fileTypesAndContributionMap":{"java":{"insertions":23,"deletions":4}}},{"hash":"94e3c7583d5c87803be31004e4de20deacd55d98","messageTitle":"Add the ability to mark tasks as done.","messageBody":"","tags":["Level-3"],"fileTypesAndContributionMap":{"java":{"insertions":117,"deletions":32}}},{"hash":"c1a49f46571a27f29de543a550b2aa11c73b8d16","messageTitle":"add ToDos, Events, Deadlines","messageBody":"","tags":["Level-4"],"fileTypesAndContributionMap":{"java":{"insertions":165,"deletions":9}}},{"hash":"f4742ebffec09a6bf39e5747dc946e2d1eee42fe","messageTitle":"handle errors","messageBody":"","fileTypesAndContributionMap":{"java":{"insertions":26,"deletions":75}}},{"hash":"5b2bf887e1265b35342afef0a0edebd20a926c7e","messageTitle":"fix a bug where wrong response was given to \u0027blah\u0027","messageBody":"","tags":["Level-5"],"fileTypesAndContributionMap":{"java":{"insertions":1,"deletions":1}}},{"hash":"75c26dfeea6988df4ea2e7da740c1e8b892c5f2f","messageTitle":"impletment task deletion","messageBody":"","tags":["Level-6"],"fileTypesAndContributionMap":{"java":{"insertions":107,"deletions":83}}}]},{"date":"2022-01-21","commitResults":[{"hash":"c959c0ea37b21c65532e486133ed54cc2ed9f221","messageTitle":"automate testing","messageBody":"","tags":["A-TextUiTesting"],"fileTypesAndContributionMap":{"txt":{"insertions":13,"deletions":0}}}]}]},"authorFileTypeContributionMap":{"B1LLP4RK":{"java":276,"md":0,"fxml":0,"sh":0,"bat":0,"gradle":0,"txt":13}},"authorContributionVariance":{"B1LLP4RK":51811.61},"authorDisplayNameMap":{"B1LLP4RK":"PARK..UNHA"}}
