{"authorDailyContributionsMap":{"kahleongq":[{"date":"2022-01-17","commitResults":[{"hash":"31ab23e8362dfb4c36ec3735d50ccd52482a09e5","messageTitle":"Level-1 commit","messageBody":"","tags":["Level-1"],"fileTypesAndContributionMap":{"java":{"insertions":18,"deletions":1}}},{"hash":"8235625dd7aec5c40a02e254fb96d1c005d73409","messageTitle":"Level-2 commit","messageBody":"","tags":["Level-2"],"fileTypesAndContributionMap":{"java":{"insertions":25,"deletions":9}}}]},{"date":"2022-01-18","commitResults":[{"hash":"ea17b1b1293d48fc704a1e2d96fced4ddeb9b17b","messageTitle":"Level-3 commit","messageBody":"","tags":["Level-3"],"fileTypesAndContributionMap":{"java":{"insertions":48,"deletions":5}}},{"hash":"a60e366304c7d985b88336ef22b838e64acfab0d","messageTitle":"Level-4 commit","messageBody":"","tags":["Level-4"],"fileTypesAndContributionMap":{"java":{"insertions":101,"deletions":5}}}]},{"date":"2022-01-19","commitResults":[{"hash":"b333ff0a8159c1af4b132d2298e338fffd641df0","messageTitle":"text UI testing commit","messageBody":"","tags":["A-TextUiTesting"],"fileTypesAndContributionMap":{"txt":{"insertions":16,"deletions":0}}},{"hash":"cbec81c858d65382053ab686317c054afe9a6c52","messageTitle":"Level-5 commit","messageBody":"","tags":["Level-5"],"fileTypesAndContributionMap":{"java":{"insertions":66,"deletions":27}}},{"hash":"61da988f9b0923e08f429f70a14c37b47e55026e","messageTitle":"minor changes to level-5","messageBody":"","fileTypesAndContributionMap":{"java":{"insertions":4,"deletions":4}}},{"hash":"01cc1723546f56365b3b726ef0d6e0e1c0aaf8a5","messageTitle":"Level-6 commit","messageBody":"","tags":["Level-6"],"fileTypesAndContributionMap":{"java":{"insertions":19,"deletions":4}}}]},{"date":"2022-02-03","commitResults":[{"hash":"1f9ed68acbaf79a78d7bf84d55e712f4a2d72e75","messageTitle":"Update Duke to save list in hard disk","messageBody":"","tags":["branch-Level-7"],"fileTypesAndContributionMap":{"java":{"insertions":71,"deletions":0}}},{"hash":"ac6192c407f17c951306d7b2a7e44dfc053df32b","messageTitle":"Update tasks to handle dates","messageBody":"","tags":["branch-Level-8"],"fileTypesAndContributionMap":{"java":{"insertions":27,"deletions":8}}}]},{"date":"2022-02-05","commitResults":[{"hash":"edb7c1825635e63cee3aa7e3bf7fc9419b8b15a1","messageTitle":"Remove redundant lines","messageBody":"","fileTypesAndContributionMap":{"java":{"insertions":0,"deletions":2}}}]},{"date":"2022-02-09","commitResults":[{"hash":"08269bc471b4d01dc02a5153c1d76127457976d4","messageTitle":"Add more classes to utilise more OOP, and add DukeException class.","messageBody":"","tags":["A-MoreOOP"],"fileTypesAndContributionMap":{"java":{"insertions":483,"deletions":184}}},{"hash":"112c5b216cde3d11b0ccbbefac468fbdc721bc97","messageTitle":"Package all classes under duke package.","messageBody":"","tags":["A-Packages"],"fileTypesAndContributionMap":{"java":{"insertions":36,"deletions":0}}},{"hash":"2d401b73ba586fa8a19689ae66f8654d968f1e32","messageTitle":"Fix TaskList handling dates from storage.","messageBody":"","tags":["A-Jar"],"fileTypesAndContributionMap":{"java":{"insertions":6,"deletions":2}}},{"hash":"76d57d06ab00c31163a38af4229506d4f3ad07e6","messageTitle":"Add JavaDoc comments to all classes.","messageBody":"","tags":["A-JavaDoc"],"fileTypesAndContributionMap":{"java":{"insertions":405,"deletions":24}}}]},{"date":"2022-02-10","commitResults":[{"hash":"06fa16a000bb5a8785695613ea897a05eb273384","messageTitle":"Add find feature to find tasks","messageBody":"","tags":["Level-9"],"fileTypesAndContributionMap":{"java":{"insertions":48,"deletions":0}}},{"hash":"105373498fb89fc1051f321f0086e2774733a985","messageTitle":"Update find to accept phrases, and add javadocs.","messageBody":"","fileTypesAndContributionMap":{"java":{"insertions":10,"deletions":4}}}]}]},"authorFileTypeContributionMap":{"kahleongq":{"java":1095,"md":0,"fxml":0,"sh":0,"bat":0,"gradle":0,"txt":16}},"authorContributionVariance":{"kahleongq":45132.94},"authorDisplayNameMap":{"kahleongq":"CS2103-W16-3 QUEK..EONG"}}
