{"authorDailyContributionsMap":{"Ryan-L98":[{"date":"2022-01-15","commitResults":[{"hash":"43f2fa8254208f813ff6a259c5b730a02ea7549e","messageTitle":"Implement Greet, Echo, Exit","messageBody":"","tags":["Level-1"],"fileTypesAndContributionMap":{"java":{"insertions":47,"deletions":0}}},{"hash":"e92ec113bba569def0d9d5e38f6d0888c7d60d91","messageTitle":"Implement Greet, Echo, Exit","messageBody":"","fileTypesAndContributionMap":{"java":{"insertions":0,"deletions":10}}},{"hash":"5852f13146ad390d869d33890c47837d0854bb4f","messageTitle":"Implement Add, List","messageBody":"","tags":["Level-2"],"fileTypesAndContributionMap":{"java":{"insertions":34,"deletions":3}}},{"hash":"406b2f6813d720974e1388993d90e90d6c5620ca","messageTitle":"Implement Mark as Done","messageBody":"","tags":["Level-3"],"fileTypesAndContributionMap":{"java":{"insertions":28,"deletions":2}}}]},{"date":"2022-01-17","commitResults":[{"hash":"8e48b315332de42a6271fafd5c85beca62fd1b33","messageTitle":"Implement ToDos, Events, Deadlines","messageBody":"","tags":["Level-4"],"fileTypesAndContributionMap":{"java":{"insertions":99,"deletions":12}}},{"hash":"01907156a00df771b709c8cce3f8e18c31a1439b","messageTitle":"Automated Text UI Testing","messageBody":"","fileTypesAndContributionMap":{"txt":{"insertions":12,"deletions":0},"bat":{"insertions":2,"deletions":2},"sh":{"insertions":1,"deletions":1}}},{"hash":"6f7833b98283ad5c65569c67e922c62e901b7cb8","messageTitle":"Handle Errors","messageBody":"","fileTypesAndContributionMap":{"txt":{"insertions":0,"deletions":6},"java":{"insertions":2,"deletions":0}}},{"hash":"f8cb2ac86a901eba63ebd16ec142d47940941747","messageTitle":"Handle Errors","messageBody":"","tags":["Level-5"],"fileTypesAndContributionMap":{"java":{"insertions":45,"deletions":13}}}]},{"date":"2022-01-18","commitResults":[{"hash":"ff8fb7d5c614b1db16e920ee33f8e0f293d2a507","messageTitle":"Implement Delete","messageBody":"","tags":["Level-6"],"fileTypesAndContributionMap":{"java":{"insertions":51,"deletions":13}}}]},{"date":"2022-01-19","commitResults":[{"hash":"8094dcfed74d93983ce6f3159fc928cad6672a14","messageTitle":"Use Enums","messageBody":"","fileTypesAndContributionMap":{"java":{"insertions":29,"deletions":16}}}]},{"date":"2022-01-21","commitResults":[{"hash":"159812c13ca44ceb4b42340feb283768b8bbcb98","messageTitle":"Use Enums","messageBody":"","fileTypesAndContributionMap":{"txt":{"insertions":8,"deletions":0},"java":{"insertions":2,"deletions":0}}},{"hash":"011417c4f9546091035d9fe5604cc16750b6c91d","messageTitle":"Use Enums","messageBody":"","tags":["A-Enums"],"fileTypesAndContributionMap":{"java":{"insertions":37,"deletions":17}}}]},{"date":"2022-01-24","commitResults":[{"hash":"26a1045bf4c30e04b3e71040e9fb193e3e150e7e","messageTitle":"Implement Save","messageBody":"","fileTypesAndContributionMap":{"txt":{"insertions":5,"deletions":0},"java":{"insertions":117,"deletions":23}}}]},{"date":"2022-01-25","commitResults":[{"hash":"79c4917040874b0fb97221d62205484862249987","messageTitle":"Implement Save","messageBody":"","tags":["Level-7"],"fileTypesAndContributionMap":{"txt":{"insertions":0,"deletions":5},"java":{"insertions":55,"deletions":88},"sh":{"insertions":5,"deletions":0}}},{"hash":"c2714ee06620a8e3ca045b7f9c9c761d4ed1aac0","messageTitle":"Implement Save","messageBody":"","fileTypesAndContributionMap":{"bat":{"insertions":21,"deletions":21},"sh":{"insertions":42,"deletions":42}}},{"hash":"4226e61e680583353e08b2ccfcdf35cfd8127bff","messageTitle":"Implement Save","messageBody":"","fileTypesAndContributionMap":{"txt":{"insertions":2,"deletions":2},"java":{"insertions":50,"deletions":28}}},{"hash":"986da675937bb940251a35b714279a54c00ae18f","messageTitle":"Implement Save","messageBody":"","tags":["Level-8"],"fileTypesAndContributionMap":{"java":{"insertions":2,"deletions":1}}},{"hash":"bf249102ceb3bd5abd48d47afc64502da0691b87","messageTitle":"Use More OOP","messageBody":"","tags":["A-MoreOOP"],"fileTypesAndContributionMap":{"java":{"insertions":378,"deletions":201}}}]},{"date":"2022-01-27","commitResults":[{"hash":"afbde92c8699b83f609ca1911e7579af6b4dbe92","messageTitle":"Organize into Packages","messageBody":"","tags":["A-Packages"],"fileTypesAndContributionMap":{"java":{"insertions":155,"deletions":26}}},{"hash":"c7c1230e3212fb651af4e0b49c74e3d4b51a055c","messageTitle":"Add JUnit Tests","messageBody":"","tags":["A-Jar","A-JUnit"],"fileTypesAndContributionMap":{"java":{"insertions":108,"deletions":2}}}]},{"date":"2022-01-28","commitResults":[{"hash":"c3cc8ca0ecc261f062beae6415487694e77e31d4","messageTitle":"Add JavaDoc comments","messageBody":"","tags":["A-JavaDoc"],"fileTypesAndContributionMap":{"java":{"insertions":170,"deletions":41}}},{"hash":"026642bc5ce7a5b14fc59e454ebaf01feb009663","messageTitle":"Follow the Coding Standard","messageBody":"","tags":["A-CodingStandard"],"fileTypesAndContributionMap":{"java":{"insertions":17,"deletions":7}}},{"hash":"c76ba0fa36bc88ef8796c0d05b944ed844faabf8","messageTitle":"Implement Find","messageBody":"","tags":["Level-9"],"fileTypesAndContributionMap":{"java":{"insertions":59,"deletions":16}}}]},{"date":"2022-01-31","commitResults":[{"hash":"68704663241f20bb5655429d531b1344ff147bd8","messageTitle":"Use Gradle","messageBody":"","tags":["A-Gradle"],"fileTypesAndContributionMap":{"gradle":{"insertions":5,"deletions":5}}}]},{"date":"2022-02-01","commitResults":[{"hash":"049d5db604b841c4b70133a8f9f6d8b9a45fdb1f","messageTitle":"Use CheckStyle","messageBody":"","tags":["A-CheckStyle"],"fileTypesAndContributionMap":{"gradle":{"insertions":4,"deletions":4},"java":{"insertions":55,"deletions":43}}}]},{"date":"2022-02-04","commitResults":[{"hash":"71fbbe2c69a1249c44e7c31dbc99f0dc9ae554ba","messageTitle":"Implement GUI","messageBody":"","tags":["Level-10","Bob-v2.0"],"fileTypesAndContributionMap":{"gradle":{"insertions":13,"deletions":0},"fxml":{"insertions":49,"deletions":0},"java":{"insertions":557,"deletions":172}}}]},{"date":"2022-02-09","commitResults":[{"hash":"a6e490938cf5293014e024e8107dff470aa68330","messageTitle":"Implement Assertions","messageBody":"","tags":["A-Assertions"],"fileTypesAndContributionMap":{"gradle":{"insertions":2,"deletions":2},"java":{"insertions":19,"deletions":53}}},{"hash":"933e94a6253169a6191c54fb168987a13f4b91fd","messageTitle":"Improve code quality","messageBody":"","tags":["A-CodeQuality"],"fileTypesAndContributionMap":{"gradle":{"insertions":1,"deletions":1},"java":{"insertions":128,"deletions":127}}},{"hash":"8eb5e69df2306173331039b1ee27757e133b0353","messageTitle":"Mark and Delete Command: throw InvalidIndexException","messageBody":"Mark and Delete Commands throw InvalidCommandException when the index portion of the command is left blank.\n\nBoth commands should throw the InvalidIndexException when index is not provided to give a clearer error message to the user.\n\nLet\u0027s update the Parser.parseDelete and Parser.parseMark to throw the InvalidIndexException when applicable.\n","tags":["A-FullCommitMessage"],"fileTypesAndContributionMap":{"java":{"insertions":12,"deletions":12}}}]},{"date":"2022-02-10","commitResults":[{"hash":"7a8f2bafa4586ae96ef534d2f1b5d6e6afac12fc","messageTitle":"Implement Priority extension: attach priorities to tasks","messageBody":"Attaching priorities to tasks allows the user to see which tasks need to be done first and which tasks can be delayed.\n\nLet\u0027s\n* add a priority property to tasks\n* add PriorityCommand to set the priority of tasks\n* add PriorityListCommand to display tasks based on their priority\n\nSetting priority only after a task is created allows tasks to have no priority which provides more flexibility for the user.\n","tags":["BCD-Extension","A-Streams"],"fileTypesAndContributionMap":{"fxml":{"insertions":2,"deletions":9},"java":{"insertions":267,"deletions":15}}}]}]},"authorFileTypeContributionMap":{"Ryan-L98":{"java":1634,"md":0,"fxml":42,"sh":6,"bat":1,"gradle":15,"txt":14}},"authorContributionVariance":{"Ryan-L98":53784.465},"authorDisplayNameMap":{"Ryan-L98":"CS2103T-W11-3 RYAN..HENG"}}
