{"authorDailyContributionsMap":{"DavidTan0527":[{"date":"2022-01-17","commitResults":[{"hash":"1b1f488fbefc643f93516ab390b1958b2ce1162d","messageTitle":"Greet, Echo, Exit","messageBody":"","tags":["Level-1"],"fileTypesAndContributionMap":{"java":{"insertions":57,"deletions":6}}},{"hash":"41dbee57d8eab71cbbc1e5d5a50cf03ff54d2c17","messageTitle":"Implement add, list of tasks","messageBody":"","tags":["Level-2"],"fileTypesAndContributionMap":{"java":{"insertions":63,"deletions":4}}}]},{"date":"2022-01-18","commitResults":[{"hash":"54c543544fb560faba795dd1d55ebfed57faa09b","messageTitle":"Create parser to handle user input","messageBody":"","fileTypesAndContributionMap":{"java":{"insertions":42,"deletions":0}}},{"hash":"5205b5cec8efb77ee8257887c87740c49111d57f","messageTitle":"Update parser to only parse known commands","messageBody":"","fileTypesAndContributionMap":{"java":{"insertions":34,"deletions":4}}},{"hash":"14ae49d69b5ba63b00fd545ace98a8dfb0e82e0a","messageTitle":"Implement task mark/unmark","messageBody":"","tags":["Level-3"],"fileTypesAndContributionMap":{"java":{"insertions":141,"deletions":35}}},{"hash":"f45f5e0b9027f0a70e0527534336449185857aa2","messageTitle":"Add Todo, Event, Deadline, as types of Task","messageBody":"","fileTypesAndContributionMap":{"java":{"insertions":76,"deletions":2}}}]},{"date":"2022-01-21","commitResults":[{"hash":"caf61e40da43f448ceb9b9818f60178af1867a0f","messageTitle":"Update string representation for task types","messageBody":"","fileTypesAndContributionMap":{"java":{"insertions":5,"deletions":16}}},{"hash":"2c3b24b22dd32d8a2b62d52201c8a7040808fa38","messageTitle":"Update command and command parser for better tokenization of args and kwargs","messageBody":"","fileTypesAndContributionMap":{"java":{"insertions":74,"deletions":37}}},{"hash":"636a2d15769853050b860be6172de3fb866cb06a","messageTitle":"Add handler for todo, event, deadline task types","messageBody":"","tags":["Level-4"],"fileTypesAndContributionMap":{"java":{"insertions":45,"deletions":8}}},{"hash":"2fc88d25470240429d686266a8aefadd6741ec78","messageTitle":"Minor change log format","messageBody":"","fileTypesAndContributionMap":{"java":{"insertions":1,"deletions":1}}},{"hash":"7a18aafd50a9a5362a7d6779f9b2dd2b8a07c84b","messageTitle":"Add automated text UI testing","messageBody":"","tags":["A-TextUiTesting"],"fileTypesAndContributionMap":{"txt":{"insertions":10,"deletions":0},"sh":{"insertions":0,"deletions":0}}},{"hash":"6beb3b6165b35856f33e6f8762269ed9b21002ff","messageTitle":"Add DukeException class","messageBody":"","fileTypesAndContributionMap":{"java":{"insertions":5,"deletions":0}}},{"hash":"293b1a45e5d70a59b28f016e9e5917068ceba088","messageTitle":"Add exception handling","messageBody":"","tags":["Level-5"],"fileTypesAndContributionMap":{"java":{"insertions":91,"deletions":31}}},{"hash":"2a28d42006f74b096e6653b808d075c11453dead","messageTitle":"Implement delete task","messageBody":"","tags":["Level-6"],"fileTypesAndContributionMap":{"java":{"insertions":18,"deletions":1}}}]},{"date":"2022-01-24","commitResults":[{"hash":"9816e2732b70655792bea13e7464ea027df59d1a","messageTitle":"Fix code styles and refactor code","messageBody":"","fileTypesAndContributionMap":{"java":{"insertions":103,"deletions":92}}},{"hash":"a51bbcfa6072369a8906ede135bfbb43d7af59cc","messageTitle":"Update Tasks string representation for file save","messageBody":"","fileTypesAndContributionMap":{"java":{"insertions":53,"deletions":12}}}]},{"date":"2022-01-25","commitResults":[{"hash":"0b81c1a1d81b70771526d9e6e863420ad5a9d9de","messageTitle":"Fix tag field issue for Tasks","messageBody":"","fileTypesAndContributionMap":{"java":{"insertions":66,"deletions":11}}},{"hash":"c9b3dd16c44dfb3f763db7e5b6c2565f5321d85d","messageTitle":"Add file support for saving and loading Tasks","messageBody":"","fileTypesAndContributionMap":{"txt":{"insertions":4,"deletions":0},"java":{"insertions":146,"deletions":29}}},{"hash":"1afb1dbb9350f59358e170c1e7bcf3c7266a1f17","messageTitle":"Add datetime parsing to Deadline and Event","messageBody":"","fileTypesAndContributionMap":{"java":{"insertions":46,"deletions":10}}},{"hash":"de81b0a0c4c185e3ec5446201bb7b872b8a25db1","messageTitle":"Fix Deadline and Event date save format","messageBody":"","fileTypesAndContributionMap":{"java":{"insertions":2,"deletions":2}}},{"hash":"f4770fa563e8113e9725085c3c55f89402354a68","messageTitle":"Rename variables","messageBody":"","fileTypesAndContributionMap":{"java":{"insertions":15,"deletions":15}}},{"hash":"62ccfc9aaf0efcfb6f4eea4b9e07b22ec0188ba6","messageTitle":"Refactor logging methods into ui class","messageBody":"","tags":["A-MoreOOP"],"fileTypesAndContributionMap":{"java":{"insertions":157,"deletions":104}}},{"hash":"ed18fca5c43f08d79c2b60e310983f048b41743e","messageTitle":"Organize classes into packages","messageBody":"","tags":["A-Packages"],"fileTypesAndContributionMap":{"txt":{"insertions":1,"deletions":1},"java":{"insertions":111,"deletions":65},"bat":{"insertions":1,"deletions":1},"md":{"insertions":12,"deletions":10}}}]},{"date":"2022-01-26","commitResults":[{"hash":"9b4db9cd6ec5e6034c951153cdc0462cd06355e9","messageTitle":"Add tests for TaskList and CommandParser","messageBody":"","tags":["A-JUnit"],"fileTypesAndContributionMap":{"java":{"insertions":147,"deletions":0}}}]}]},"authorFileTypeContributionMap":{"DavidTan0527":{"java":1020,"md":10,"fxml":0,"sh":0,"bat":1,"gradle":0,"txt":14}},"authorContributionVariance":{"DavidTan0527":51921.938},"authorDisplayNameMap":{"DavidTan0527":"CS2103T-T09-4 TAN ..HENG"}}
