{"authorDailyContributionsMap":{"aidanaden":[{"date":"2022-01-19","commitResults":[{"hash":"30ec03b6b9a71e0c4753c8fb8440aacb1a9e86a4","messageTitle":"added greet, echo, exit with base styling","messageBody":"","tags":["Level-1"],"fileTypesAndContributionMap":{"java":{"insertions":30,"deletions":1}}}]},{"date":"2022-01-20","commitResults":[{"hash":"fd9f6467a09efa42d52eb1519920a339a33ee338","messageTitle":"added lvl2 with Add, List","messageBody":"","tags":["Level-2"],"fileTypesAndContributionMap":{"java":{"insertions":77,"deletions":7}}},{"hash":"29cee3e81b14d341037adfdd7c32b6df5ef83bac","messageTitle":"Added level-3, Mark as done","messageBody":"","tags":["Level-3"],"fileTypesAndContributionMap":{"java":{"insertions":117,"deletions":18}}}]},{"date":"2022-01-21","commitResults":[{"hash":"2280d95ff741239bc688d1e02b73a1c68863acd0","messageTitle":"Added level-4, Todos/Events/Deadlines + enums","messageBody":"","tags":["Level-4"],"fileTypesAndContributionMap":{"java":{"insertions":133,"deletions":3}}},{"hash":"d19f6608b8f2c3f2725ea6e6007f648f0c867fb4","messageTitle":"added level-5, exception handling","messageBody":"","tags":["Level-5"],"fileTypesAndContributionMap":{"java":{"insertions":130,"deletions":10}}},{"hash":"e6f7517ac947eb5276257f8e6e91a6fa5b971685","messageTitle":"added level-6, delete","messageBody":"","tags":["Level-6"],"fileTypesAndContributionMap":{"java":{"insertions":19,"deletions":21}}}]},{"date":"2022-01-26","commitResults":[{"hash":"4d6bbd50cad741fcd611027b6ed85c5d222c5dd4","messageTitle":"Add automated text-ui-text lvl 6","messageBody":"","tags":["A-TextUiTesting"],"fileTypesAndContributionMap":{"txt":{"insertions":9,"deletions":0}}}]},{"date":"2022-01-27","commitResults":[{"hash":"dae69c2e07980bd777135f650c166627cbe6c77e","messageTitle":"Update exceptions with javadocs","messageBody":"","fileTypesAndContributionMap":{"java":{"insertions":36,"deletions":7}}},{"hash":"815db5779e536c881f939304e12244db40937fbe","messageTitle":"Add Level-7 Save to hard drive","messageBody":"","tags":["Level-7"],"fileTypesAndContributionMap":{"java":{"insertions":188,"deletions":3}}},{"hash":"4909f47d6de8f0f961acc1a666325e4ee0c1f0f9","messageTitle":"Add Level-8 store timings with LocalDateTime and use Event/Todo/Type subclasses","messageBody":"","tags":["Level-8"],"fileTypesAndContributionMap":{"java":{"insertions":147,"deletions":232}}}]},{"date":"2022-01-28","commitResults":[{"hash":"9e76c429eb3209200edf04519e5ff11451c98ad9","messageTitle":"Fix merge conflicts for master and Level-8 branch","messageBody":"","fileTypesAndContributionMap":{"txt":{"insertions":3,"deletions":2}}},{"hash":"72d1bb26b8ae94f9fc401a1ea06e3b380bf181e5","messageTitle":"Add more OOP including Storage, Tasklist, Ui, Command + Type enums","messageBody":"","tags":["A-MoreOOP"],"fileTypesAndContributionMap":{"java":{"insertions":370,"deletions":267}}},{"hash":"8a8b6f9e8892d4e13bfab5af7da625d042005c67","messageTitle":"Add duke package","messageBody":"","fileTypesAndContributionMap":{"java":{"insertions":38,"deletions":16}}},{"hash":"056b48a25020576f2a0bf77151e4f6690e963763","messageTitle":"Restart with gradle from A-MoreOOP","messageBody":"","fileTypesAndContributionMap":{"gradle":{"insertions":21,"deletions":0},"txt":{"insertions":106,"deletions":0},"java":{"insertions":742,"deletions":0},"bat":{"insertions":110,"deletions":0},"sh":{"insertions":38,"deletions":0},"md":{"insertions":29,"deletions":0}}}]},{"date":"2022-01-29","commitResults":[{"hash":"3925e50a32b8df25e6381dfa3304bf9c8ab5027b","messageTitle":"Deadline: removed typos","messageBody":"","fileTypesAndContributionMap":{"java":{"insertions":1,"deletions":2}}},{"hash":"f88e315a06526eda4d7b5d9656b41ea92ecde13a","messageTitle":"Duke: removed merge conflict typos","messageBody":"","fileTypesAndContributionMap":{"java":{"insertions":0,"deletions":4}}},{"hash":"e9cae313598cfbdb7aafacf12f0f1a1beecd72b8","messageTitle":"Add javadoc to all java classes \u0026 functions except Duke + tests","messageBody":"","tags":["A-JavaDoc"],"fileTypesAndContributionMap":{"java":{"insertions":215,"deletions":41}}},{"hash":"e1c614b6bc36c4cdab85e5109619ca159bfa6895","messageTitle":"Add JUnit test for Deadline, Event, Parser, Todo","messageBody":"","tags":["A-Jar","A-JUnit"],"fileTypesAndContributionMap":{"java":{"insertions":116,"deletions":19}}},{"hash":"12ab7873e43ceb4008f11f3bada3fb57c40bf35b","messageTitle":"Update build gradle with jarShadow config","messageBody":"","fileTypesAndContributionMap":{"gradle":{"insertions":9,"deletions":2}}}]},{"date":"2022-01-30","commitResults":[{"hash":"f750b3283e7f6be76b1a9134e7470b9b5499f9d7","messageTitle":"Add find feature, todo: add testing + error handling","messageBody":"","fileTypesAndContributionMap":{"java":{"insertions":49,"deletions":7}}}]},{"date":"2022-02-04","commitResults":[{"hash":"114e6c89ad427aab69c18035cfb0171f0f957529","messageTitle":"Add checkstyle 8.1","messageBody":"","tags":["A-CheckStyle"],"fileTypesAndContributionMap":{"gradle":{"insertions":26,"deletions":0},"txt":{"insertions":5,"deletions":0},"java":{"insertions":171,"deletions":143}}}]},{"date":"2022-02-06","commitResults":[{"hash":"13a65cce2584078979b84ad25fe2ea848612993a","messageTitle":"Add Level-10 GUI","messageBody":"","fileTypesAndContributionMap":{"gradle":{"insertions":14,"deletions":6},"fxml":{"insertions":39,"deletions":0},"java":{"insertions":333,"deletions":197}}}]},{"date":"2022-02-09","commitResults":[{"hash":"a17d5a3e5fc5e89607b6b4e391e3119507d4210c","messageTitle":"Add assertions","messageBody":"","fileTypesAndContributionMap":{"fxml":{"insertions":2,"deletions":2},"java":{"insertions":81,"deletions":31}}}]},{"date":"2022-02-10","commitResults":[{"hash":"4b9e01e2e76b6230bc8fdb48fb0c431fa9bb8eb0","messageTitle":"Refactor heavily","messageBody":"","fileTypesAndContributionMap":{"gradle":{"insertions":7,"deletions":2},"txt":{"insertions":0,"deletions":4},"java":{"insertions":339,"deletions":167}}}]},{"date":"2022-02-11","commitResults":[{"hash":"d4948f0f17827011295ef036384ad2de94937110","messageTitle":"Added tagging with storage","messageBody":"Task class: Stores task data such as name/description, timing data,\nmark/unmark status.\n\nTasks can be categorised into different priority levels (e.g. urgent,\nimportant, optional, etc).\n\nThere are no possible way to categorise tasks.\n\nAdding a list of tags to the Task class allows tasks to be categorised\ninto various different categories. For example, an event can be tagged\nas \"optional\" and \"expiring\" and thus fit in both categories.\n\nLet\u0027s add an arraylist of strings to represent the tags associated with\nthe Task class.\n\nUsing an arraylist of strings to store the tags is a convenient way\nof storing and displaying tags of tasks. May create a dedicated Tag\nclass in the future instead.\n","tags":["A-FullCommitMessage"],"fileTypesAndContributionMap":{"txt":{"insertions":0,"deletions":0},"java":{"insertions":357,"deletions":128}}}]},{"date":"2022-02-17","commitResults":[{"hash":"86752a5de8e279082888129a672c11f3db13c084","messageTitle":"Enforce coding standards across all files","messageBody":"","fileTypesAndContributionMap":{"java":{"insertions":22,"deletions":22}}},{"hash":"20f354c1e39f6eb4084f577d295a7105e76db71e","messageTitle":"Add exit with delay to bye command","messageBody":"","fileTypesAndContributionMap":{"java":{"insertions":42,"deletions":7}}},{"hash":"ca5a1d4710e4ca21cb2e218ac4b59b0eb8f70b62","messageTitle":"Update readme with program features and instructions","messageBody":"","tags":["A-UserGuide","A-Release"],"fileTypesAndContributionMap":{"md":{"insertions":86,"deletions":24}}},{"hash":"6aa3e34cc238e017a018c7eae49c5299a65bbf43","messageTitle":"Update readme with release URL","messageBody":"","fileTypesAndContributionMap":{"md":{"insertions":2,"deletions":2}}}]},{"date":"2022-02-19","commitResults":[{"hash":"ef159cc1cbeab10b6105a12d7d764b8aab7924e4","messageTitle":"Update docs readme file","messageBody":"","fileTypesAndContributionMap":{"md":{"insertions":71,"deletions":22}}}]},{"date":"2022-02-20","commitResults":[{"hash":"146babd6897aadd684e2107781a6376411f502d1","messageTitle":"Refactor code according to code quality feedback from nus-se-bot","messageBody":"","fileTypesAndContributionMap":{"java":{"insertions":152,"deletions":68}}}]}]},"authorFileTypeContributionMap":{"aidanaden":{"java":1779,"md":151,"fxml":39,"sh":0,"bat":89,"gradle":67,"txt":107}},"authorContributionVariance":{"aidanaden":101997.1},"authorDisplayNameMap":{"aidanaden":"CS2103T-T17-2 RYAN..RIYA"}}
