[{"path":"src/main/java/Deadline.java","fileType":"java","lines":[{"lineNumber":1,"author":{"gitId":"louisdavinlie"},"content":"import java.time.LocalDateTime;","lastModifiedDate":"2022-02-04"},{"lineNumber":2,"author":{"gitId":"louisdavinlie"},"content":"import java.time.format.DateTimeFormatter;","lastModifiedDate":"2022-02-04"},{"lineNumber":3,"author":{"gitId":"louisdavinlie"},"content":"import java.time.format.DateTimeParseException;","lastModifiedDate":"2022-02-04"},{"lineNumber":4,"author":{"gitId":"louisdavinlie"},"content":"","lastModifiedDate":"2022-02-04"},{"lineNumber":5,"author":{"gitId":"louisdavinlie"},"content":"public class Deadline extends Task {","lastModifiedDate":"2022-01-20"},{"lineNumber":6,"author":{"gitId":"louisdavinlie"},"content":"    protected String dateAndTime;","lastModifiedDate":"2022-01-20"},{"lineNumber":7,"author":{"gitId":"louisdavinlie"},"content":"","lastModifiedDate":"2022-01-20"},{"lineNumber":8,"author":{"gitId":"louisdavinlie"},"content":"    public Deadline(String description, String dateAndTime) {","lastModifiedDate":"2022-01-20"},{"lineNumber":9,"author":{"gitId":"louisdavinlie"},"content":"        super(description);","lastModifiedDate":"2022-01-20"},{"lineNumber":10,"author":{"gitId":"louisdavinlie"},"content":"        this.dateAndTime \u003d dateAndTime.strip();","lastModifiedDate":"2022-02-04"},{"lineNumber":11,"author":{"gitId":"louisdavinlie"},"content":"    }","lastModifiedDate":"2022-02-04"},{"lineNumber":12,"author":{"gitId":"louisdavinlie"},"content":"","lastModifiedDate":"2022-02-04"},{"lineNumber":13,"author":{"gitId":"louisdavinlie"},"content":"    public String getParsedDateAndTime() {","lastModifiedDate":"2022-02-04"},{"lineNumber":14,"author":{"gitId":"louisdavinlie"},"content":"        DateTimeFormatter dateTimeFormatter \u003d DateTimeFormatter.ofPattern(\"MMM d yyyy HH:mm:ss\");","lastModifiedDate":"2022-02-04"},{"lineNumber":15,"author":{"gitId":"louisdavinlie"},"content":"        try {","lastModifiedDate":"2022-02-04"},{"lineNumber":16,"author":{"gitId":"louisdavinlie"},"content":"            LocalDateTime localDateTime \u003d LocalDateTime.parse(this.dateAndTime);","lastModifiedDate":"2022-02-04"},{"lineNumber":17,"author":{"gitId":"louisdavinlie"},"content":"            return localDateTime.format(dateTimeFormatter);","lastModifiedDate":"2022-02-04"},{"lineNumber":18,"author":{"gitId":"louisdavinlie"},"content":"        } catch (DateTimeParseException e) {","lastModifiedDate":"2022-02-04"},{"lineNumber":19,"author":{"gitId":"louisdavinlie"},"content":"            System.out.println(\"Invalid Date/Time format!\");","lastModifiedDate":"2022-02-04"},{"lineNumber":20,"author":{"gitId":"louisdavinlie"},"content":"        }","lastModifiedDate":"2022-02-04"},{"lineNumber":21,"author":{"gitId":"louisdavinlie"},"content":"        return LocalDateTime.now().format(dateTimeFormatter);","lastModifiedDate":"2022-02-04"},{"lineNumber":22,"author":{"gitId":"louisdavinlie"},"content":"    }","lastModifiedDate":"2022-01-20"},{"lineNumber":23,"author":{"gitId":"louisdavinlie"},"content":"","lastModifiedDate":"2022-01-20"},{"lineNumber":24,"author":{"gitId":"louisdavinlie"},"content":"    @Override","lastModifiedDate":"2022-01-20"},{"lineNumber":25,"author":{"gitId":"louisdavinlie"},"content":"    public String toString() {","lastModifiedDate":"2022-01-20"},{"lineNumber":26,"author":{"gitId":"louisdavinlie"},"content":"        return \"[D]\" + this.getStatusIcon() + \" \" + super.description + \"(by: \" + this.getParsedDateAndTime() + \")\";","lastModifiedDate":"2022-02-04"},{"lineNumber":27,"author":{"gitId":"louisdavinlie"},"content":"    }","lastModifiedDate":"2022-01-20"},{"lineNumber":28,"author":{"gitId":"louisdavinlie"},"content":"}","lastModifiedDate":"2022-01-20"}],"authorContributionMap":{"louisdavinlie":28}},{"path":"src/main/java/Duke.java","fileType":"java","lines":[{"lineNumber":1,"author":{"gitId":"louisdavinlie"},"content":"import java.util.*;","lastModifiedDate":"2022-01-20"},{"lineNumber":2,"author":{"gitId":"louisdavinlie"},"content":"import java.io.*;","lastModifiedDate":"2022-01-20"},{"lineNumber":3,"author":{"gitId":"louisdavinlie"},"content":"","lastModifiedDate":"2022-01-20"},{"lineNumber":4,"author":{"gitId":"-"},"content":"public class Duke {","lastModifiedDate":"2019-07-29"},{"lineNumber":5,"author":{"gitId":"louisdavinlie"},"content":"","lastModifiedDate":"2022-01-20"},{"lineNumber":6,"author":{"gitId":"louisdavinlie"},"content":"    private static final String HORIZONTAL_LINE \u003d \"------------------------------------------------------------------------\";","lastModifiedDate":"2022-01-28"},{"lineNumber":7,"author":{"gitId":"louisdavinlie"},"content":"    private static final Storage storage \u003d new Storage(\"data/duke.txt\");","lastModifiedDate":"2022-01-28"},{"lineNumber":8,"author":{"gitId":"louisdavinlie"},"content":"    private static ArrayList\u003cTask\u003e taskList \u003d storage.readFromFile();","lastModifiedDate":"2022-01-28"},{"lineNumber":9,"author":{"gitId":"louisdavinlie"},"content":"","lastModifiedDate":"2022-01-20"},{"lineNumber":10,"author":{"gitId":"louisdavinlie"},"content":"    public static void greetings() {","lastModifiedDate":"2022-01-20"},{"lineNumber":11,"author":{"gitId":"louisdavinlie"},"content":"        String logo \u003d \"\";","lastModifiedDate":"2022-01-20"},{"lineNumber":12,"author":{"gitId":"louisdavinlie"},"content":"        System.out.println(HORIZONTAL_LINE + \"\\nHi! I\u0027m Duke\\nWhat can I do for you?\");","lastModifiedDate":"2022-01-28"},{"lineNumber":13,"author":{"gitId":"louisdavinlie"},"content":"    }","lastModifiedDate":"2022-01-20"},{"lineNumber":14,"author":{"gitId":"louisdavinlie"},"content":"","lastModifiedDate":"2022-01-20"},{"lineNumber":15,"author":{"gitId":"louisdavinlie"},"content":"    public static void add(String[] instructions) {","lastModifiedDate":"2022-01-20"},{"lineNumber":16,"author":{"gitId":"louisdavinlie"},"content":"        Task task \u003d null;","lastModifiedDate":"2022-01-20"},{"lineNumber":17,"author":{"gitId":"louisdavinlie"},"content":"        if (instructions[0].equals(\"todo\")) {","lastModifiedDate":"2022-01-20"},{"lineNumber":18,"author":{"gitId":"louisdavinlie"},"content":"            task \u003d new Todo(instructions[1]);","lastModifiedDate":"2022-01-20"},{"lineNumber":19,"author":{"gitId":"louisdavinlie"},"content":"            System.out.println(\"Added a to do task.\");","lastModifiedDate":"2022-01-20"},{"lineNumber":20,"author":{"gitId":"louisdavinlie"},"content":"        } else if (instructions[0].equals(\"deadline\")) {","lastModifiedDate":"2022-01-20"},{"lineNumber":21,"author":{"gitId":"louisdavinlie"},"content":"            String[] taskAndTime \u003d instructions[1].split(\"/by\");","lastModifiedDate":"2022-01-20"},{"lineNumber":22,"author":{"gitId":"louisdavinlie"},"content":"            task \u003d new Deadline(taskAndTime[0], taskAndTime[1]);","lastModifiedDate":"2022-01-20"},{"lineNumber":23,"author":{"gitId":"louisdavinlie"},"content":"            System.out.println(\"Added a deadline.\");","lastModifiedDate":"2022-01-20"},{"lineNumber":24,"author":{"gitId":"louisdavinlie"},"content":"        } else if (instructions[0].equals(\"event\")) {","lastModifiedDate":"2022-01-20"},{"lineNumber":25,"author":{"gitId":"louisdavinlie"},"content":"            String[] taskAndTime \u003d instructions[1].split(\"/at\");","lastModifiedDate":"2022-01-20"},{"lineNumber":26,"author":{"gitId":"louisdavinlie"},"content":"            task \u003d new Event(taskAndTime[0], taskAndTime[1]);","lastModifiedDate":"2022-01-20"},{"lineNumber":27,"author":{"gitId":"louisdavinlie"},"content":"            System.out.println(\"Added an event.\");","lastModifiedDate":"2022-01-20"},{"lineNumber":28,"author":{"gitId":"louisdavinlie"},"content":"        }","lastModifiedDate":"2022-01-20"},{"lineNumber":29,"author":{"gitId":"louisdavinlie"},"content":"        if (task !\u003d null) {","lastModifiedDate":"2022-01-20"},{"lineNumber":30,"author":{"gitId":"louisdavinlie"},"content":"            taskList.add(task);","lastModifiedDate":"2022-01-20"},{"lineNumber":31,"author":{"gitId":"louisdavinlie"},"content":"            System.out.println(\"  \" + task);","lastModifiedDate":"2022-01-20"},{"lineNumber":32,"author":{"gitId":"louisdavinlie"},"content":"            System.out.println(\"You have \" + taskList.size() + \" task(s) in the list.\");","lastModifiedDate":"2022-01-20"},{"lineNumber":33,"author":{"gitId":"louisdavinlie"},"content":"        }","lastModifiedDate":"2022-01-20"},{"lineNumber":34,"author":{"gitId":"louisdavinlie"},"content":"    }","lastModifiedDate":"2022-01-20"},{"lineNumber":35,"author":{"gitId":"louisdavinlie"},"content":"","lastModifiedDate":"2022-01-20"},{"lineNumber":36,"author":{"gitId":"louisdavinlie"},"content":"    public static void modify(String[] instructions) {","lastModifiedDate":"2022-01-20"},{"lineNumber":37,"author":{"gitId":"louisdavinlie"},"content":"        int taskNumber \u003d Integer.parseInt(instructions[1]);","lastModifiedDate":"2022-01-20"},{"lineNumber":38,"author":{"gitId":"louisdavinlie"},"content":"        if (instructions[0].equals(\"mark\")) {","lastModifiedDate":"2022-01-20"},{"lineNumber":39,"author":{"gitId":"louisdavinlie"},"content":"            mark(taskNumber);","lastModifiedDate":"2022-01-20"},{"lineNumber":40,"author":{"gitId":"louisdavinlie"},"content":"        } else if (instructions[0].equals(\"unmark\")) {","lastModifiedDate":"2022-01-20"},{"lineNumber":41,"author":{"gitId":"louisdavinlie"},"content":"            unmark(taskNumber);","lastModifiedDate":"2022-01-20"},{"lineNumber":42,"author":{"gitId":"louisdavinlie"},"content":"        } else if (instructions[0].equals(\"delete\")) {","lastModifiedDate":"2022-01-20"},{"lineNumber":43,"author":{"gitId":"louisdavinlie"},"content":"            delete(taskNumber);","lastModifiedDate":"2022-01-20"},{"lineNumber":44,"author":{"gitId":"louisdavinlie"},"content":"        }","lastModifiedDate":"2022-01-20"},{"lineNumber":45,"author":{"gitId":"louisdavinlie"},"content":"    }","lastModifiedDate":"2022-01-20"},{"lineNumber":46,"author":{"gitId":"louisdavinlie"},"content":"","lastModifiedDate":"2022-01-20"},{"lineNumber":47,"author":{"gitId":"louisdavinlie"},"content":"    public static void list() {","lastModifiedDate":"2022-01-20"},{"lineNumber":48,"author":{"gitId":"louisdavinlie"},"content":"        if (taskList.size() \u003d\u003d 0) {","lastModifiedDate":"2022-01-20"},{"lineNumber":49,"author":{"gitId":"louisdavinlie"},"content":"            System.out.println(\"You have no tasks!\");","lastModifiedDate":"2022-01-20"},{"lineNumber":50,"author":{"gitId":"louisdavinlie"},"content":"        } else {","lastModifiedDate":"2022-01-20"},{"lineNumber":51,"author":{"gitId":"louisdavinlie"},"content":"            System.out.println(\"The tasks on your list. Get it done!\");","lastModifiedDate":"2022-01-20"},{"lineNumber":52,"author":{"gitId":"louisdavinlie"},"content":"            for (int i \u003d 0; i \u003c taskList.size(); i++) {","lastModifiedDate":"2022-01-20"},{"lineNumber":53,"author":{"gitId":"louisdavinlie"},"content":"                int taskNumber \u003d i + 1;","lastModifiedDate":"2022-01-20"},{"lineNumber":54,"author":{"gitId":"louisdavinlie"},"content":"                System.out.println(\"  \" + taskNumber + \". \" + taskList.get(i));","lastModifiedDate":"2022-01-20"},{"lineNumber":55,"author":{"gitId":"louisdavinlie"},"content":"            }","lastModifiedDate":"2022-01-20"},{"lineNumber":56,"author":{"gitId":"louisdavinlie"},"content":"        }","lastModifiedDate":"2022-01-20"},{"lineNumber":57,"author":{"gitId":"louisdavinlie"},"content":"    }","lastModifiedDate":"2022-01-20"},{"lineNumber":58,"author":{"gitId":"louisdavinlie"},"content":"","lastModifiedDate":"2022-01-20"},{"lineNumber":59,"author":{"gitId":"louisdavinlie"},"content":"    public static void mark(int taskNumber) {","lastModifiedDate":"2022-01-20"},{"lineNumber":60,"author":{"gitId":"louisdavinlie"},"content":"        Task task \u003d taskList.get(taskNumber - 1);","lastModifiedDate":"2022-01-20"},{"lineNumber":61,"author":{"gitId":"louisdavinlie"},"content":"        task.markAsDone();","lastModifiedDate":"2022-01-20"},{"lineNumber":62,"author":{"gitId":"louisdavinlie"},"content":"        System.out.println(\"Good job! This task is done:\");","lastModifiedDate":"2022-01-20"},{"lineNumber":63,"author":{"gitId":"louisdavinlie"},"content":"        System.out.println(\"  \" + task);","lastModifiedDate":"2022-01-20"},{"lineNumber":64,"author":{"gitId":"louisdavinlie"},"content":"    }","lastModifiedDate":"2022-01-20"},{"lineNumber":65,"author":{"gitId":"louisdavinlie"},"content":"","lastModifiedDate":"2022-01-20"},{"lineNumber":66,"author":{"gitId":"louisdavinlie"},"content":"    public static void unmark(int taskNumber) {","lastModifiedDate":"2022-01-20"},{"lineNumber":67,"author":{"gitId":"louisdavinlie"},"content":"        Task task \u003d taskList.get(taskNumber - 1);","lastModifiedDate":"2022-01-20"},{"lineNumber":68,"author":{"gitId":"louisdavinlie"},"content":"        task.unmarkAsDone();","lastModifiedDate":"2022-02-04"},{"lineNumber":69,"author":{"gitId":"louisdavinlie"},"content":"        System.out.println(\"Hurry up and get it done!\");","lastModifiedDate":"2022-01-20"},{"lineNumber":70,"author":{"gitId":"louisdavinlie"},"content":"        System.out.println(\"  \" + task);","lastModifiedDate":"2022-01-20"},{"lineNumber":71,"author":{"gitId":"louisdavinlie"},"content":"    }","lastModifiedDate":"2022-01-20"},{"lineNumber":72,"author":{"gitId":"louisdavinlie"},"content":"","lastModifiedDate":"2022-01-20"},{"lineNumber":73,"author":{"gitId":"louisdavinlie"},"content":"    public static void delete(int taskNumber) {","lastModifiedDate":"2022-01-20"},{"lineNumber":74,"author":{"gitId":"louisdavinlie"},"content":"        Task task \u003d taskList.get(taskNumber - 1);","lastModifiedDate":"2022-01-20"},{"lineNumber":75,"author":{"gitId":"louisdavinlie"},"content":"        taskList.remove(taskNumber - 1);","lastModifiedDate":"2022-01-20"},{"lineNumber":76,"author":{"gitId":"louisdavinlie"},"content":"        System.out.println(\"This task has been removed:\");","lastModifiedDate":"2022-01-20"},{"lineNumber":77,"author":{"gitId":"louisdavinlie"},"content":"        System.out.println(\"  \" +  task);","lastModifiedDate":"2022-01-20"},{"lineNumber":78,"author":{"gitId":"louisdavinlie"},"content":"        System.out.println(\"Now you have \" + taskList.size() + \" task(s).\");","lastModifiedDate":"2022-01-20"},{"lineNumber":79,"author":{"gitId":"louisdavinlie"},"content":"    }","lastModifiedDate":"2022-01-20"},{"lineNumber":80,"author":{"gitId":"louisdavinlie"},"content":"","lastModifiedDate":"2022-01-20"},{"lineNumber":81,"author":{"gitId":"louisdavinlie"},"content":"    public static void bye() {","lastModifiedDate":"2022-01-20"},{"lineNumber":82,"author":{"gitId":"louisdavinlie"},"content":"        System.out.println(\"Bye. Hope to see you again soon!\");","lastModifiedDate":"2022-01-20"},{"lineNumber":83,"author":{"gitId":"louisdavinlie"},"content":"        System.out.println(HORIZONTAL_LINE);","lastModifiedDate":"2022-01-28"},{"lineNumber":84,"author":{"gitId":"louisdavinlie"},"content":"    }","lastModifiedDate":"2022-01-20"},{"lineNumber":85,"author":{"gitId":"louisdavinlie"},"content":"","lastModifiedDate":"2022-01-20"},{"lineNumber":86,"author":{"gitId":"louisdavinlie"},"content":"    public static void checkCommand(String[] instructions) throws DukeException {","lastModifiedDate":"2022-01-20"},{"lineNumber":87,"author":{"gitId":"louisdavinlie"},"content":"        if (instructions.length \u003d\u003d 0) {","lastModifiedDate":"2022-01-20"},{"lineNumber":88,"author":{"gitId":"louisdavinlie"},"content":"            throw new DukeException(\"Empty input.\");","lastModifiedDate":"2022-01-20"},{"lineNumber":89,"author":{"gitId":"louisdavinlie"},"content":"        } else {","lastModifiedDate":"2022-01-20"},{"lineNumber":90,"author":{"gitId":"louisdavinlie"},"content":"            String command \u003d instructions[0];","lastModifiedDate":"2022-01-20"},{"lineNumber":91,"author":{"gitId":"louisdavinlie"},"content":"            if (command.equals(\"bye\") || command.equals(\"list\")) {","lastModifiedDate":"2022-01-20"},{"lineNumber":92,"author":{"gitId":"louisdavinlie"},"content":"                if (instructions.length \u003e 1) {","lastModifiedDate":"2022-01-20"},{"lineNumber":93,"author":{"gitId":"louisdavinlie"},"content":"                    throw new DukeException(\"There\u0027s too many input!\");","lastModifiedDate":"2022-01-20"},{"lineNumber":94,"author":{"gitId":"louisdavinlie"},"content":"                }","lastModifiedDate":"2022-01-20"},{"lineNumber":95,"author":{"gitId":"louisdavinlie"},"content":"            } else if (command.equals(\"mark\") || command.equals(\"unmark\") || command.equals(\"delete\")) {","lastModifiedDate":"2022-01-20"},{"lineNumber":96,"author":{"gitId":"louisdavinlie"},"content":"                if (instructions.length \u003d\u003d 1) {","lastModifiedDate":"2022-01-20"},{"lineNumber":97,"author":{"gitId":"louisdavinlie"},"content":"                    throw new DukeException(\"Please specify the task number to \" + command + \".\");","lastModifiedDate":"2022-01-20"},{"lineNumber":98,"author":{"gitId":"louisdavinlie"},"content":"                }","lastModifiedDate":"2022-01-20"},{"lineNumber":99,"author":{"gitId":"louisdavinlie"},"content":"                int taskNumber \u003d Integer.parseInt(instructions[1]);","lastModifiedDate":"2022-01-20"},{"lineNumber":100,"author":{"gitId":"louisdavinlie"},"content":"                if (taskNumber \u003e taskList.size() || taskNumber \u003c\u003d 0) {","lastModifiedDate":"2022-01-20"},{"lineNumber":101,"author":{"gitId":"louisdavinlie"},"content":"                    throw new DukeException(\"Invalid task number! You have \" + taskList.size() + \" task(s).\");","lastModifiedDate":"2022-01-20"},{"lineNumber":102,"author":{"gitId":"louisdavinlie"},"content":"                }","lastModifiedDate":"2022-01-20"},{"lineNumber":103,"author":{"gitId":"louisdavinlie"},"content":"            } else if (command.equals(\"todo\")) {","lastModifiedDate":"2022-01-20"},{"lineNumber":104,"author":{"gitId":"louisdavinlie"},"content":"                if (instructions.length \u003d\u003d 1) {","lastModifiedDate":"2022-01-20"},{"lineNumber":105,"author":{"gitId":"louisdavinlie"},"content":"                    throw new DukeException(\"Please specify the task you want to do.\");","lastModifiedDate":"2022-01-20"},{"lineNumber":106,"author":{"gitId":"louisdavinlie"},"content":"                }","lastModifiedDate":"2022-01-20"},{"lineNumber":107,"author":{"gitId":"louisdavinlie"},"content":"            } else if (command.equals(\"deadline\") || command.equals(\"event\")) {","lastModifiedDate":"2022-01-20"},{"lineNumber":108,"author":{"gitId":"louisdavinlie"},"content":"                if (instructions.length \u003d\u003d 1) {","lastModifiedDate":"2022-01-20"},{"lineNumber":109,"author":{"gitId":"louisdavinlie"},"content":"                    throw new DukeException(\"Please specify the description and time of the \" + command + \" you want to add.\");","lastModifiedDate":"2022-01-20"},{"lineNumber":110,"author":{"gitId":"louisdavinlie"},"content":"                }","lastModifiedDate":"2022-01-20"},{"lineNumber":111,"author":{"gitId":"louisdavinlie"},"content":"                String[] taskAndTime \u003d instructions[1].split(\"/\");","lastModifiedDate":"2022-01-20"},{"lineNumber":112,"author":{"gitId":"louisdavinlie"},"content":"                if (taskAndTime.length \u003c 2 || taskAndTime[0].equals(\"\") || taskAndTime[1].length() \u003c 3) {","lastModifiedDate":"2022-01-20"},{"lineNumber":113,"author":{"gitId":"louisdavinlie"},"content":"                    throw new DukeException(\"Invalid input. Please specify the description/time of the \" + command + \".\");","lastModifiedDate":"2022-01-20"},{"lineNumber":114,"author":{"gitId":"louisdavinlie"},"content":"                }","lastModifiedDate":"2022-01-20"},{"lineNumber":115,"author":{"gitId":"louisdavinlie"},"content":"            } else {","lastModifiedDate":"2022-01-20"},{"lineNumber":116,"author":{"gitId":"louisdavinlie"},"content":"                throw new DukeException(\"I don\u0027t understand your query.\");","lastModifiedDate":"2022-01-20"},{"lineNumber":117,"author":{"gitId":"louisdavinlie"},"content":"            }","lastModifiedDate":"2022-01-20"},{"lineNumber":118,"author":{"gitId":"louisdavinlie"},"content":"        }","lastModifiedDate":"2022-01-20"},{"lineNumber":119,"author":{"gitId":"louisdavinlie"},"content":"    }","lastModifiedDate":"2022-01-20"},{"lineNumber":120,"author":{"gitId":"louisdavinlie"},"content":"","lastModifiedDate":"2022-01-20"},{"lineNumber":121,"author":{"gitId":"louisdavinlie"},"content":"    public static void chat() throws IOException {","lastModifiedDate":"2022-01-20"},{"lineNumber":122,"author":{"gitId":"louisdavinlie"},"content":"        BufferedReader br \u003d new BufferedReader(new InputStreamReader(System.in));","lastModifiedDate":"2022-01-20"},{"lineNumber":123,"author":{"gitId":"louisdavinlie"},"content":"","lastModifiedDate":"2022-01-20"},{"lineNumber":124,"author":{"gitId":"louisdavinlie"},"content":"        while (true) {","lastModifiedDate":"2022-01-20"},{"lineNumber":125,"author":{"gitId":"louisdavinlie"},"content":"            System.out.println(HORIZONTAL_LINE);","lastModifiedDate":"2022-01-28"},{"lineNumber":126,"author":{"gitId":"louisdavinlie"},"content":"            System.out.print(\"\u003e \");","lastModifiedDate":"2022-01-20"},{"lineNumber":127,"author":{"gitId":"louisdavinlie"},"content":"            String userInput \u003d br.readLine();","lastModifiedDate":"2022-01-20"},{"lineNumber":128,"author":{"gitId":"louisdavinlie"},"content":"            String[] instructions \u003d userInput.split(\" \", 2);","lastModifiedDate":"2022-01-20"},{"lineNumber":129,"author":{"gitId":"louisdavinlie"},"content":"            try {","lastModifiedDate":"2022-01-20"},{"lineNumber":130,"author":{"gitId":"louisdavinlie"},"content":"                checkCommand(instructions);","lastModifiedDate":"2022-01-20"},{"lineNumber":131,"author":{"gitId":"louisdavinlie"},"content":"                if (instructions[0].equals(\"bye\")) {","lastModifiedDate":"2022-01-20"},{"lineNumber":132,"author":{"gitId":"louisdavinlie"},"content":"                    storage.writeToFile(taskList);","lastModifiedDate":"2022-01-28"},{"lineNumber":133,"author":{"gitId":"louisdavinlie"},"content":"                    break;","lastModifiedDate":"2022-01-20"},{"lineNumber":134,"author":{"gitId":"louisdavinlie"},"content":"                } else if (instructions[0].equals(\"list\")) {","lastModifiedDate":"2022-01-20"},{"lineNumber":135,"author":{"gitId":"louisdavinlie"},"content":"                    list();","lastModifiedDate":"2022-01-20"},{"lineNumber":136,"author":{"gitId":"louisdavinlie"},"content":"                } else if (instructions[0].equals(\"mark\") || instructions[0].equals(\"unmark\") || instructions[0].equals(\"delete\")) {","lastModifiedDate":"2022-01-20"},{"lineNumber":137,"author":{"gitId":"louisdavinlie"},"content":"                    modify(instructions);","lastModifiedDate":"2022-01-20"},{"lineNumber":138,"author":{"gitId":"louisdavinlie"},"content":"                } else {","lastModifiedDate":"2022-01-20"},{"lineNumber":139,"author":{"gitId":"louisdavinlie"},"content":"                    add(instructions);","lastModifiedDate":"2022-01-20"},{"lineNumber":140,"author":{"gitId":"louisdavinlie"},"content":"                }","lastModifiedDate":"2022-01-20"},{"lineNumber":141,"author":{"gitId":"louisdavinlie"},"content":"            } catch (DukeException e) {","lastModifiedDate":"2022-01-20"},{"lineNumber":142,"author":{"gitId":"louisdavinlie"},"content":"                System.out.println(e.getMessage());","lastModifiedDate":"2022-01-20"},{"lineNumber":143,"author":{"gitId":"louisdavinlie"},"content":"            }","lastModifiedDate":"2022-01-20"},{"lineNumber":144,"author":{"gitId":"louisdavinlie"},"content":"        }","lastModifiedDate":"2022-01-20"},{"lineNumber":145,"author":{"gitId":"louisdavinlie"},"content":"    }","lastModifiedDate":"2022-01-20"},{"lineNumber":146,"author":{"gitId":"louisdavinlie"},"content":"","lastModifiedDate":"2022-01-20"},{"lineNumber":147,"author":{"gitId":"louisdavinlie"},"content":"    public static void main(String[] args) throws IOException {","lastModifiedDate":"2022-01-20"},{"lineNumber":148,"author":{"gitId":"louisdavinlie"},"content":"        greetings();","lastModifiedDate":"2022-01-20"},{"lineNumber":149,"author":{"gitId":"louisdavinlie"},"content":"        chat();","lastModifiedDate":"2022-01-20"},{"lineNumber":150,"author":{"gitId":"louisdavinlie"},"content":"        bye();","lastModifiedDate":"2022-01-20"},{"lineNumber":151,"author":{"gitId":"-"},"content":"    }","lastModifiedDate":"2019-07-29"},{"lineNumber":152,"author":{"gitId":"-"},"content":"}","lastModifiedDate":"2019-07-29"}],"authorContributionMap":{"-":3,"louisdavinlie":149}},{"path":"src/main/java/DukeException.java","fileType":"java","lines":[{"lineNumber":1,"author":{"gitId":"louisdavinlie"},"content":"public class DukeException extends Exception {","lastModifiedDate":"2022-01-20"},{"lineNumber":2,"author":{"gitId":"louisdavinlie"},"content":"    public DukeException(String message) {","lastModifiedDate":"2022-01-20"},{"lineNumber":3,"author":{"gitId":"louisdavinlie"},"content":"        super(message);","lastModifiedDate":"2022-01-20"},{"lineNumber":4,"author":{"gitId":"louisdavinlie"},"content":"    }","lastModifiedDate":"2022-01-20"},{"lineNumber":5,"author":{"gitId":"louisdavinlie"},"content":"","lastModifiedDate":"2022-01-20"},{"lineNumber":6,"author":{"gitId":"louisdavinlie"},"content":"    @Override","lastModifiedDate":"2022-01-20"},{"lineNumber":7,"author":{"gitId":"louisdavinlie"},"content":"    public String toString() {","lastModifiedDate":"2022-01-20"},{"lineNumber":8,"author":{"gitId":"louisdavinlie"},"content":"        return getMessage();","lastModifiedDate":"2022-01-20"},{"lineNumber":9,"author":{"gitId":"louisdavinlie"},"content":"    }","lastModifiedDate":"2022-01-20"},{"lineNumber":10,"author":{"gitId":"louisdavinlie"},"content":"}","lastModifiedDate":"2022-01-20"}],"authorContributionMap":{"louisdavinlie":10}},{"path":"src/main/java/Event.java","fileType":"java","lines":[{"lineNumber":1,"author":{"gitId":"louisdavinlie"},"content":"import java.time.LocalDateTime;","lastModifiedDate":"2022-02-04"},{"lineNumber":2,"author":{"gitId":"louisdavinlie"},"content":"import java.time.format.DateTimeFormatter;","lastModifiedDate":"2022-02-04"},{"lineNumber":3,"author":{"gitId":"louisdavinlie"},"content":"import java.time.format.DateTimeParseException;","lastModifiedDate":"2022-02-04"},{"lineNumber":4,"author":{"gitId":"louisdavinlie"},"content":"","lastModifiedDate":"2022-02-04"},{"lineNumber":5,"author":{"gitId":"louisdavinlie"},"content":"public class Event extends Task {","lastModifiedDate":"2022-01-20"},{"lineNumber":6,"author":{"gitId":"louisdavinlie"},"content":"    protected String dateAndTime;","lastModifiedDate":"2022-01-20"},{"lineNumber":7,"author":{"gitId":"louisdavinlie"},"content":"","lastModifiedDate":"2022-01-20"},{"lineNumber":8,"author":{"gitId":"louisdavinlie"},"content":"    public Event(String description, String dateAndTime) {","lastModifiedDate":"2022-01-20"},{"lineNumber":9,"author":{"gitId":"louisdavinlie"},"content":"        super(description);","lastModifiedDate":"2022-01-20"},{"lineNumber":10,"author":{"gitId":"louisdavinlie"},"content":"        this.dateAndTime \u003d dateAndTime.strip();","lastModifiedDate":"2022-02-04"},{"lineNumber":11,"author":{"gitId":"louisdavinlie"},"content":"    }","lastModifiedDate":"2022-02-04"},{"lineNumber":12,"author":{"gitId":"louisdavinlie"},"content":"","lastModifiedDate":"2022-02-04"},{"lineNumber":13,"author":{"gitId":"louisdavinlie"},"content":"    public String getParsedDateAndTime() {","lastModifiedDate":"2022-02-04"},{"lineNumber":14,"author":{"gitId":"louisdavinlie"},"content":"        DateTimeFormatter dateTimeFormatter \u003d DateTimeFormatter.ofPattern(\"MMM d yyyy HH:mm:ss\");","lastModifiedDate":"2022-02-04"},{"lineNumber":15,"author":{"gitId":"louisdavinlie"},"content":"        try {","lastModifiedDate":"2022-02-04"},{"lineNumber":16,"author":{"gitId":"louisdavinlie"},"content":"            LocalDateTime localDateTime \u003d LocalDateTime.parse(this.dateAndTime);","lastModifiedDate":"2022-02-04"},{"lineNumber":17,"author":{"gitId":"louisdavinlie"},"content":"            return localDateTime.format(dateTimeFormatter);","lastModifiedDate":"2022-02-04"},{"lineNumber":18,"author":{"gitId":"louisdavinlie"},"content":"        } catch (DateTimeParseException e) {","lastModifiedDate":"2022-02-04"},{"lineNumber":19,"author":{"gitId":"louisdavinlie"},"content":"            System.out.println(\"Invalid Date/Time format!\");","lastModifiedDate":"2022-02-04"},{"lineNumber":20,"author":{"gitId":"louisdavinlie"},"content":"        }","lastModifiedDate":"2022-02-04"},{"lineNumber":21,"author":{"gitId":"louisdavinlie"},"content":"        return LocalDateTime.now().format(dateTimeFormatter);","lastModifiedDate":"2022-02-04"},{"lineNumber":22,"author":{"gitId":"louisdavinlie"},"content":"","lastModifiedDate":"2022-02-04"},{"lineNumber":23,"author":{"gitId":"louisdavinlie"},"content":"    }","lastModifiedDate":"2022-01-20"},{"lineNumber":24,"author":{"gitId":"louisdavinlie"},"content":"","lastModifiedDate":"2022-01-20"},{"lineNumber":25,"author":{"gitId":"louisdavinlie"},"content":"    @Override","lastModifiedDate":"2022-01-20"},{"lineNumber":26,"author":{"gitId":"louisdavinlie"},"content":"    public String toString() {","lastModifiedDate":"2022-01-20"},{"lineNumber":27,"author":{"gitId":"louisdavinlie"},"content":"        return \"[E]\" + this.getStatusIcon() + \" \" + super.description + \"(at: \" + this.getParsedDateAndTime() + \")\";","lastModifiedDate":"2022-02-04"},{"lineNumber":28,"author":{"gitId":"louisdavinlie"},"content":"    }","lastModifiedDate":"2022-01-20"},{"lineNumber":29,"author":{"gitId":"louisdavinlie"},"content":"}","lastModifiedDate":"2022-01-20"}],"authorContributionMap":{"louisdavinlie":29}},{"path":"src/main/java/Storage.java","fileType":"java","lines":[{"lineNumber":1,"author":{"gitId":"louisdavinlie"},"content":"import java.io.*;","lastModifiedDate":"2022-01-28"},{"lineNumber":2,"author":{"gitId":"louisdavinlie"},"content":"import java.util.*;","lastModifiedDate":"2022-01-28"},{"lineNumber":3,"author":{"gitId":"louisdavinlie"},"content":"","lastModifiedDate":"2022-01-28"},{"lineNumber":4,"author":{"gitId":"louisdavinlie"},"content":"public class Storage {","lastModifiedDate":"2022-01-28"},{"lineNumber":5,"author":{"gitId":"louisdavinlie"},"content":"    private String dataPath;","lastModifiedDate":"2022-01-28"},{"lineNumber":6,"author":{"gitId":"louisdavinlie"},"content":"    private File file;","lastModifiedDate":"2022-01-28"},{"lineNumber":7,"author":{"gitId":"louisdavinlie"},"content":"","lastModifiedDate":"2022-01-28"},{"lineNumber":8,"author":{"gitId":"louisdavinlie"},"content":"","lastModifiedDate":"2022-01-28"},{"lineNumber":9,"author":{"gitId":"louisdavinlie"},"content":"    public Storage(String dataPath) {","lastModifiedDate":"2022-01-28"},{"lineNumber":10,"author":{"gitId":"louisdavinlie"},"content":"        this.dataPath \u003d dataPath;","lastModifiedDate":"2022-01-28"},{"lineNumber":11,"author":{"gitId":"louisdavinlie"},"content":"        checkFile();","lastModifiedDate":"2022-01-28"},{"lineNumber":12,"author":{"gitId":"louisdavinlie"},"content":"    }","lastModifiedDate":"2022-01-28"},{"lineNumber":13,"author":{"gitId":"louisdavinlie"},"content":"","lastModifiedDate":"2022-01-28"},{"lineNumber":14,"author":{"gitId":"louisdavinlie"},"content":"    public void checkFile() {","lastModifiedDate":"2022-01-28"},{"lineNumber":15,"author":{"gitId":"louisdavinlie"},"content":"        try {","lastModifiedDate":"2022-01-28"},{"lineNumber":16,"author":{"gitId":"louisdavinlie"},"content":"            this.file \u003d new File(this.dataPath);","lastModifiedDate":"2022-01-28"},{"lineNumber":17,"author":{"gitId":"louisdavinlie"},"content":"            if (file.createNewFile()) {","lastModifiedDate":"2022-01-28"},{"lineNumber":18,"author":{"gitId":"louisdavinlie"},"content":"                System.out.println(\"File is not found. A new file has been created for you.\");","lastModifiedDate":"2022-01-28"},{"lineNumber":19,"author":{"gitId":"louisdavinlie"},"content":"            } else {","lastModifiedDate":"2022-01-28"},{"lineNumber":20,"author":{"gitId":"louisdavinlie"},"content":"                System.out.println(\"File is found.\");","lastModifiedDate":"2022-01-28"},{"lineNumber":21,"author":{"gitId":"louisdavinlie"},"content":"            }","lastModifiedDate":"2022-01-28"},{"lineNumber":22,"author":{"gitId":"louisdavinlie"},"content":"        } catch (IOException e) {","lastModifiedDate":"2022-01-28"},{"lineNumber":23,"author":{"gitId":"louisdavinlie"},"content":"            System.out.println(e.getMessage());","lastModifiedDate":"2022-01-28"},{"lineNumber":24,"author":{"gitId":"louisdavinlie"},"content":"        }","lastModifiedDate":"2022-01-28"},{"lineNumber":25,"author":{"gitId":"louisdavinlie"},"content":"    }","lastModifiedDate":"2022-01-28"},{"lineNumber":26,"author":{"gitId":"louisdavinlie"},"content":"","lastModifiedDate":"2022-01-28"},{"lineNumber":27,"author":{"gitId":"louisdavinlie"},"content":"    public void writeToFile(ArrayList\u003cTask\u003e taskList) {","lastModifiedDate":"2022-01-28"},{"lineNumber":28,"author":{"gitId":"louisdavinlie"},"content":"        try {","lastModifiedDate":"2022-01-28"},{"lineNumber":29,"author":{"gitId":"louisdavinlie"},"content":"            PrintWriter printWriter \u003d new PrintWriter(new FileWriter(this.file, false));","lastModifiedDate":"2022-01-28"},{"lineNumber":30,"author":{"gitId":"louisdavinlie"},"content":"            for (Task task : taskList) {","lastModifiedDate":"2022-01-28"},{"lineNumber":31,"author":{"gitId":"louisdavinlie"},"content":"                if (task instanceof Deadline) {","lastModifiedDate":"2022-01-28"},{"lineNumber":32,"author":{"gitId":"louisdavinlie"},"content":"                    Deadline deadline \u003d (Deadline) task;","lastModifiedDate":"2022-01-28"},{"lineNumber":33,"author":{"gitId":"louisdavinlie"},"content":"                    printWriter.println(\"D-\" + deadline.description + \"-\" + deadline.dateAndTime);","lastModifiedDate":"2022-01-28"},{"lineNumber":34,"author":{"gitId":"louisdavinlie"},"content":"                } else if (task instanceof Event) {","lastModifiedDate":"2022-01-28"},{"lineNumber":35,"author":{"gitId":"louisdavinlie"},"content":"                    Event event \u003d (Event) task;","lastModifiedDate":"2022-01-28"},{"lineNumber":36,"author":{"gitId":"louisdavinlie"},"content":"                    printWriter.println(\"E-\" + event.description + \"-\" + event.dateAndTime);","lastModifiedDate":"2022-01-28"},{"lineNumber":37,"author":{"gitId":"louisdavinlie"},"content":"                } else if (task instanceof Todo) {","lastModifiedDate":"2022-01-28"},{"lineNumber":38,"author":{"gitId":"louisdavinlie"},"content":"                    Todo todo \u003d (Todo) task;","lastModifiedDate":"2022-01-28"},{"lineNumber":39,"author":{"gitId":"louisdavinlie"},"content":"                    printWriter.println(\"T-\" + todo.description);","lastModifiedDate":"2022-01-28"},{"lineNumber":40,"author":{"gitId":"louisdavinlie"},"content":"                }","lastModifiedDate":"2022-01-28"},{"lineNumber":41,"author":{"gitId":"louisdavinlie"},"content":"            }","lastModifiedDate":"2022-01-28"},{"lineNumber":42,"author":{"gitId":"louisdavinlie"},"content":"            printWriter.close();","lastModifiedDate":"2022-01-28"},{"lineNumber":43,"author":{"gitId":"louisdavinlie"},"content":"        } catch (IOException e) {","lastModifiedDate":"2022-01-28"},{"lineNumber":44,"author":{"gitId":"louisdavinlie"},"content":"            System.out.println(\"An error has occured.\");","lastModifiedDate":"2022-01-28"},{"lineNumber":45,"author":{"gitId":"louisdavinlie"},"content":"        }","lastModifiedDate":"2022-01-28"},{"lineNumber":46,"author":{"gitId":"louisdavinlie"},"content":"    }","lastModifiedDate":"2022-01-28"},{"lineNumber":47,"author":{"gitId":"louisdavinlie"},"content":"","lastModifiedDate":"2022-01-28"},{"lineNumber":48,"author":{"gitId":"louisdavinlie"},"content":"    public ArrayList\u003cTask\u003e readFromFile() {","lastModifiedDate":"2022-01-28"},{"lineNumber":49,"author":{"gitId":"louisdavinlie"},"content":"        ArrayList\u003cTask\u003e taskList \u003d new ArrayList\u003c\u003e();","lastModifiedDate":"2022-01-28"},{"lineNumber":50,"author":{"gitId":"louisdavinlie"},"content":"        try {","lastModifiedDate":"2022-01-28"},{"lineNumber":51,"author":{"gitId":"louisdavinlie"},"content":"            BufferedReader bufferedReader \u003d new BufferedReader(new FileReader(this.file));","lastModifiedDate":"2022-01-28"},{"lineNumber":52,"author":{"gitId":"louisdavinlie"},"content":"            String currentLine \u003d bufferedReader.readLine();","lastModifiedDate":"2022-01-28"},{"lineNumber":53,"author":{"gitId":"louisdavinlie"},"content":"            while (currentLine !\u003d null) {","lastModifiedDate":"2022-01-28"},{"lineNumber":54,"author":{"gitId":"louisdavinlie"},"content":"                String[] taskDetails \u003d currentLine.split(\"-\");","lastModifiedDate":"2022-01-28"},{"lineNumber":55,"author":{"gitId":"louisdavinlie"},"content":"                Task task;","lastModifiedDate":"2022-01-28"},{"lineNumber":56,"author":{"gitId":"louisdavinlie"},"content":"                if (currentLine.charAt(0) \u003d\u003d \u0027D\u0027) {","lastModifiedDate":"2022-01-28"},{"lineNumber":57,"author":{"gitId":"louisdavinlie"},"content":"                    task \u003d new Deadline(taskDetails[1], taskDetails[2]);","lastModifiedDate":"2022-01-28"},{"lineNumber":58,"author":{"gitId":"louisdavinlie"},"content":"                } else if (currentLine.charAt(0) \u003d\u003d \u0027E\u0027) {","lastModifiedDate":"2022-01-28"},{"lineNumber":59,"author":{"gitId":"louisdavinlie"},"content":"                    task \u003d new Event(taskDetails[1], taskDetails[2]);","lastModifiedDate":"2022-01-28"},{"lineNumber":60,"author":{"gitId":"louisdavinlie"},"content":"                } else {","lastModifiedDate":"2022-01-28"},{"lineNumber":61,"author":{"gitId":"louisdavinlie"},"content":"                    task \u003d new Todo(taskDetails[1]);","lastModifiedDate":"2022-01-28"},{"lineNumber":62,"author":{"gitId":"louisdavinlie"},"content":"                }","lastModifiedDate":"2022-01-28"},{"lineNumber":63,"author":{"gitId":"louisdavinlie"},"content":"                taskList.add(task);","lastModifiedDate":"2022-01-28"},{"lineNumber":64,"author":{"gitId":"louisdavinlie"},"content":"                currentLine \u003d bufferedReader.readLine();","lastModifiedDate":"2022-01-28"},{"lineNumber":65,"author":{"gitId":"louisdavinlie"},"content":"            }","lastModifiedDate":"2022-01-28"},{"lineNumber":66,"author":{"gitId":"louisdavinlie"},"content":"        } catch (FileNotFoundException e) {","lastModifiedDate":"2022-01-28"},{"lineNumber":67,"author":{"gitId":"louisdavinlie"},"content":"            System.out.println(\"File not found!\");","lastModifiedDate":"2022-01-28"},{"lineNumber":68,"author":{"gitId":"louisdavinlie"},"content":"        } catch (IOException e) {","lastModifiedDate":"2022-01-28"},{"lineNumber":69,"author":{"gitId":"louisdavinlie"},"content":"            System.out.println(e.getMessage());","lastModifiedDate":"2022-01-28"},{"lineNumber":70,"author":{"gitId":"louisdavinlie"},"content":"        }","lastModifiedDate":"2022-01-28"},{"lineNumber":71,"author":{"gitId":"louisdavinlie"},"content":"        return taskList;","lastModifiedDate":"2022-01-28"},{"lineNumber":72,"author":{"gitId":"louisdavinlie"},"content":"    }","lastModifiedDate":"2022-01-28"},{"lineNumber":73,"author":{"gitId":"louisdavinlie"},"content":"}","lastModifiedDate":"2022-01-28"}],"authorContributionMap":{"louisdavinlie":73}},{"path":"src/main/java/Task.java","fileType":"java","lines":[{"lineNumber":1,"author":{"gitId":"louisdavinlie"},"content":"public class Task {","lastModifiedDate":"2022-01-20"},{"lineNumber":2,"author":{"gitId":"louisdavinlie"},"content":"    protected String description;","lastModifiedDate":"2022-01-20"},{"lineNumber":3,"author":{"gitId":"louisdavinlie"},"content":"    protected boolean isDone;","lastModifiedDate":"2022-01-20"},{"lineNumber":4,"author":{"gitId":"louisdavinlie"},"content":"","lastModifiedDate":"2022-01-20"},{"lineNumber":5,"author":{"gitId":"louisdavinlie"},"content":"    public Task(String description) {","lastModifiedDate":"2022-01-20"},{"lineNumber":6,"author":{"gitId":"louisdavinlie"},"content":"        this.description \u003d description;","lastModifiedDate":"2022-01-20"},{"lineNumber":7,"author":{"gitId":"louisdavinlie"},"content":"        this.isDone \u003d false;","lastModifiedDate":"2022-01-20"},{"lineNumber":8,"author":{"gitId":"louisdavinlie"},"content":"    }","lastModifiedDate":"2022-01-20"},{"lineNumber":9,"author":{"gitId":"louisdavinlie"},"content":"","lastModifiedDate":"2022-01-20"},{"lineNumber":10,"author":{"gitId":"louisdavinlie"},"content":"    public String getStatusIcon() {","lastModifiedDate":"2022-01-20"},{"lineNumber":11,"author":{"gitId":"louisdavinlie"},"content":"        return isDone ? \"[X]\" : \"[ ]\";","lastModifiedDate":"2022-01-20"},{"lineNumber":12,"author":{"gitId":"louisdavinlie"},"content":"    }","lastModifiedDate":"2022-01-20"},{"lineNumber":13,"author":{"gitId":"louisdavinlie"},"content":"","lastModifiedDate":"2022-01-20"},{"lineNumber":14,"author":{"gitId":"louisdavinlie"},"content":"    public void markAsDone() {","lastModifiedDate":"2022-01-20"},{"lineNumber":15,"author":{"gitId":"louisdavinlie"},"content":"        this.isDone \u003d true;","lastModifiedDate":"2022-01-20"},{"lineNumber":16,"author":{"gitId":"louisdavinlie"},"content":"    }","lastModifiedDate":"2022-01-20"},{"lineNumber":17,"author":{"gitId":"louisdavinlie"},"content":"","lastModifiedDate":"2022-01-20"},{"lineNumber":18,"author":{"gitId":"louisdavinlie"},"content":"    public void unmarkAsDone() {","lastModifiedDate":"2022-02-04"},{"lineNumber":19,"author":{"gitId":"louisdavinlie"},"content":"        this.isDone \u003d false;","lastModifiedDate":"2022-01-20"},{"lineNumber":20,"author":{"gitId":"louisdavinlie"},"content":"    }","lastModifiedDate":"2022-01-20"},{"lineNumber":21,"author":{"gitId":"louisdavinlie"},"content":"","lastModifiedDate":"2022-01-20"},{"lineNumber":22,"author":{"gitId":"louisdavinlie"},"content":"    @Override","lastModifiedDate":"2022-01-20"},{"lineNumber":23,"author":{"gitId":"louisdavinlie"},"content":"    public String toString() {","lastModifiedDate":"2022-01-20"},{"lineNumber":24,"author":{"gitId":"louisdavinlie"},"content":"        return \"  \" + this.getStatusIcon() + \" \" + this.description;","lastModifiedDate":"2022-01-20"},{"lineNumber":25,"author":{"gitId":"louisdavinlie"},"content":"    }","lastModifiedDate":"2022-01-20"},{"lineNumber":26,"author":{"gitId":"louisdavinlie"},"content":"}","lastModifiedDate":"2022-01-20"}],"authorContributionMap":{"louisdavinlie":26}},{"path":"src/main/java/Todo.java","fileType":"java","lines":[{"lineNumber":1,"author":{"gitId":"louisdavinlie"},"content":"public class Todo extends Task{","lastModifiedDate":"2022-01-20"},{"lineNumber":2,"author":{"gitId":"louisdavinlie"},"content":"    public Todo(String description) {","lastModifiedDate":"2022-01-20"},{"lineNumber":3,"author":{"gitId":"louisdavinlie"},"content":"        super(description);","lastModifiedDate":"2022-01-20"},{"lineNumber":4,"author":{"gitId":"louisdavinlie"},"content":"    }","lastModifiedDate":"2022-01-20"},{"lineNumber":5,"author":{"gitId":"louisdavinlie"},"content":"","lastModifiedDate":"2022-01-20"},{"lineNumber":6,"author":{"gitId":"louisdavinlie"},"content":"    @Override","lastModifiedDate":"2022-01-20"},{"lineNumber":7,"author":{"gitId":"louisdavinlie"},"content":"    public String toString() {","lastModifiedDate":"2022-01-20"},{"lineNumber":8,"author":{"gitId":"louisdavinlie"},"content":"        return \"[T]\" + this.getStatusIcon() + \" \" + super.description;","lastModifiedDate":"2022-01-20"},{"lineNumber":9,"author":{"gitId":"louisdavinlie"},"content":"    }","lastModifiedDate":"2022-01-20"},{"lineNumber":10,"author":{"gitId":"louisdavinlie"},"content":"}","lastModifiedDate":"2022-01-20"}],"authorContributionMap":{"louisdavinlie":10}},{"path":"text-ui-test/input.txt","fileType":"txt","lines":[{"lineNumber":1,"author":{"gitId":"louisdavinlie"},"content":"todo drink water","lastModifiedDate":"2022-01-20"},{"lineNumber":2,"author":{"gitId":"louisdavinlie"},"content":"list","lastModifiedDate":"2022-01-20"},{"lineNumber":3,"author":{"gitId":"louisdavinlie"},"content":"mark 1","lastModifiedDate":"2022-01-20"},{"lineNumber":4,"author":{"gitId":"louisdavinlie"},"content":"deadline return book /by Sunday","lastModifiedDate":"2022-01-20"},{"lineNumber":5,"author":{"gitId":"louisdavinlie"},"content":"event project meeting /at Monday, 2-4pm","lastModifiedDate":"2022-01-20"},{"lineNumber":6,"author":{"gitId":"louisdavinlie"},"content":"mark 3","lastModifiedDate":"2022-01-20"},{"lineNumber":7,"author":{"gitId":"louisdavinlie"},"content":"unmark 3","lastModifiedDate":"2022-01-20"},{"lineNumber":8,"author":{"gitId":"louisdavinlie"},"content":"list","lastModifiedDate":"2022-01-20"},{"lineNumber":9,"author":{"gitId":"louisdavinlie"},"content":"bye","lastModifiedDate":"2022-01-20"}],"authorContributionMap":{"louisdavinlie":9}}]
