{"authorDailyContributionsMap":{"louisdavinlie":[{"date":"2022-01-20","commitResults":[{"hash":"3f8564aa2db888288056d8ce1c91c4a4b4fa442a","messageTitle":"Implement greet, echo, exit","messageBody":"","tags":["Level-1"],"fileTypesAndContributionMap":{"java":{"insertions":32,"deletions":7}}},{"hash":"3328674f99a0401bb05f873a85655810f4955910","messageTitle":"Implement add, list","messageBody":"Level-2\n","tags":["Level-2"],"fileTypesAndContributionMap":{"java":{"insertions":26,"deletions":3}}},{"hash":"08c012f066cce66d81e6b6300f1581715a47793f","messageTitle":"Add Task.java","messageBody":"","fileTypesAndContributionMap":{"java":{"insertions":28,"deletions":0}}},{"hash":"7613d62b46bf98a62f487f8a1b8b54da4d412dc1","messageTitle":"Implement mark as done","messageBody":"Level-3\n","tags":["Level-3"],"fileTypesAndContributionMap":{"java":{"insertions":33,"deletions":10}}},{"hash":"250cc357e5ff09689c5e09e662ec6da09885f027","messageTitle":"Add Deadline.java, Event.java, Todo.java","messageBody":"Level-4\n","fileTypesAndContributionMap":{"java":{"insertions":36,"deletions":0}}},{"hash":"27b2c1ceb2564beaa792e9ff24a8924fef983c18","messageTitle":"Implement ToDo, event, deadline","messageBody":"Level-4\n","tags":["Level-4"],"fileTypesAndContributionMap":{"java":{"insertions":33,"deletions":16}}},{"hash":"fc9eccf2b09dd249c4b6033d9c17139f3cae8c52","messageTitle":"Add Automated Text UI Testing","messageBody":"","tags":["A-TextUITesting"],"fileTypesAndContributionMap":{"txt":{"insertions":9,"deletions":0},"java":{"insertions":4,"deletions":4}}},{"hash":"36793f8814c042fd62907f0676d9c0bd08fa0f19","messageTitle":"Implement exceptions","messageBody":"Level-5\n","tags":["Level-5"],"fileTypesAndContributionMap":{"java":{"insertions":63,"deletions":17}}},{"hash":"3f559e9c94df15faa661670015130b6e930a0239","messageTitle":"Implement delete","messageBody":"Level-6\n","tags":["Level-6"],"fileTypesAndContributionMap":{"java":{"insertions":40,"deletions":26}}}]},{"date":"2022-01-28","commitResults":[{"hash":"7bbcb812010ff82fa4be84b114539a678eada2e9","messageTitle":"Implement save","messageBody":"","tags":["Level-7"],"fileTypesAndContributionMap":{"java":{"insertions":81,"deletions":5}}}]},{"date":"2022-02-04","commitResults":[{"hash":"b8fd43349f4bc4541953d56193ce29f044f1c0ec","messageTitle":"Add date and time support","messageBody":"branch-Level-8\n","tags":["Level-8"],"fileTypesAndContributionMap":{"java":{"insertions":37,"deletions":7}}}]}]},"authorFileTypeContributionMap":{"louisdavinlie":{"java":325,"md":0,"fxml":0,"sh":0,"bat":0,"gradle":0,"txt":9}},"authorContributionVariance":{"louisdavinlie":6679.614},"authorDisplayNameMap":{"louisdavinlie":"CS2103T-T12-1 LOUI.. LIE"}}
