{"authorDailyContributionsMap":{"tanchinkiat99":[{"date":"2022-01-18","commitResults":[{"hash":"673b6406677b631f396a1f73e237242b827ad993","messageTitle":"skeletal version of Duke (customized as Tutu)","messageBody":"","fileTypesAndContributionMap":{"java":{"insertions":14,"deletions":10}}},{"hash":"6fc04b9c82e7e5abfacccf5ff40b90176f0baeb2","messageTitle":"customized display format","messageBody":"","tags":["Level-1"],"fileTypesAndContributionMap":{"java":{"insertions":6,"deletions":0}}},{"hash":"03612e2d68a1e5b9f1f9da664f2ce730b96a78ea","messageTitle":"added add and list functionality","messageBody":"","tags":["Level-2"],"fileTypesAndContributionMap":{"java":{"insertions":17,"deletions":2}}}]},{"date":"2022-01-19","commitResults":[{"hash":"570cb529c04a57fcb47216dca26599b36fb37200","messageTitle":"added mark and unmark","messageBody":"","tags":["Level-3"],"fileTypesAndContributionMap":{"java":{"insertions":87,"deletions":8}}}]},{"date":"2022-01-20","commitResults":[{"hash":"3797417c1c0bcda2f3545fb8a5a7fd738c4efc32","messageTitle":"added functionality for event, deadline, and todo","messageBody":"","tags":["Level-4"],"fileTypesAndContributionMap":{"java":{"insertions":100,"deletions":27}}},{"hash":"37cb5b6e4edde270d4e85540509f3298a2940346","messageTitle":"conducted i/o redirection test","messageBody":"","tags":["A-TextUiTesting"],"fileTypesAndContributionMap":{"txt":{"insertions":8,"deletions":0},"bat":{"insertions":1,"deletions":1}}},{"hash":"5750a5d374a0f3babe2df4f5ba2f631d5f6f499c","messageTitle":"created and integrated exception class","messageBody":"","tags":["A-Exceptions"],"fileTypesAndContributionMap":{"java":{"insertions":81,"deletions":64}}},{"hash":"79172e4b0d0967ddb7490d2a9344e6a16299ad48","messageTitle":"added delete functionality","messageBody":"","tags":["Level-6","Level-5","A-Enums","A-Collections"],"fileTypesAndContributionMap":{"java":{"insertions":24,"deletions":2}}}]},{"date":"2022-01-26","commitResults":[{"hash":"76ceac1e44204408c986900fab257da36856d119","messageTitle":"Tutu class: enabled creating of data file and saving of task list in the file","messageBody":"","tags":["Level-7"],"fileTypesAndContributionMap":{"java":{"insertions":30,"deletions":1}}},{"hash":"904ac0433b4c2ae599a5c031f99e70e4c3ee908f","messageTitle":"Deadline class: enabled parsing of date and time input in format of yyyy-mm-dd HHmm Event class: enabled parsing of date and time input in format of yyyy-mm-dd HHmm to HHmm","messageBody":"","tags":["Level-8"],"fileTypesAndContributionMap":{"java":{"insertions":33,"deletions":6}}}]}]},"authorFileTypeContributionMap":{"tanchinkiat99":{"java":282,"md":0,"fxml":0,"sh":0,"bat":1,"gradle":0,"txt":8}},"authorContributionVariance":{"tanchinkiat99":6940.7446},"authorDisplayNameMap":{"tanchinkiat99":"CS2103T-T12-3 TAN ..KIAT"}}
