{"authorDailyContributionsMap":{"mazx4960":[{"date":"2022-01-19","commitResults":[{"hash":"60315ddebe2a7b044a588db435539d4a1de41aad","messageTitle":"Updated for level 1","messageBody":"","tags":["Level-1"],"fileTypesAndContributionMap":{"java":{"insertions":77,"deletions":3}}},{"hash":"14c9a936221c0f0ff828c78104e71848c3fd9c4e","messageTitle":"Updated for level 2","messageBody":"","tags":["Level-2"],"fileTypesAndContributionMap":{"java":{"insertions":2,"deletions":0}}}]},{"date":"2022-01-20","commitResults":[{"hash":"7115bbf5fd5a8f45b4fca27cef0cfac36c5bbc6f","messageTitle":"Updated for level 3","messageBody":"","fileTypesAndContributionMap":{"java":{"insertions":2,"deletions":0}}},{"hash":"234e269e471db433cf08999eef2bc0a25bc86fe0","messageTitle":"Updated for level 3","messageBody":"","tags":["Level-3","A-Classes"],"fileTypesAndContributionMap":{"java":{"insertions":142,"deletions":7}}},{"hash":"c3ebee2e52694446eb5dd9f9b62dce59e900f123","messageTitle":"Updated for level 4","messageBody":"","fileTypesAndContributionMap":{"java":{"insertions":31,"deletions":11}}},{"hash":"63af03adde7a2269a623c0dc940970070b6f628b","messageTitle":"Updated for level 4","messageBody":"","tags":["Level-4","A-Inheritance"],"fileTypesAndContributionMap":{"java":{"insertions":193,"deletions":14}}},{"hash":"c78810ae130f0eb3faafb9abf632f6b9fa50f0b6","messageTitle":"Updated for A-TextUiTesting","messageBody":"","tags":["A-TextUiTesting"],"fileTypesAndContributionMap":{"txt":{"insertions":11,"deletions":0},"bat":{"insertions":1,"deletions":1}}},{"hash":"e0e005d95b68b41fc4de6126ed5e243cc5d85251","messageTitle":"Updated for level 5","messageBody":"","tags":["Level-5","A-Exceptions"],"fileTypesAndContributionMap":{"java":{"insertions":27,"deletions":24}}},{"hash":"12fdc919937b3f99e285b5f9e833fd845775dbb3","messageTitle":"Updated for level 6","messageBody":"","tags":["Level-6","A-Collections"],"fileTypesAndContributionMap":{"java":{"insertions":17,"deletions":0}}}]},{"date":"2022-01-25","commitResults":[{"hash":"2dd5c51e857b442590e9c1b793ce889c7e898710","messageTitle":"Updated for level 7","messageBody":"","tags":["Level-7"],"fileTypesAndContributionMap":{"txt":{"insertions":3,"deletions":0},"java":{"insertions":286,"deletions":122},"bat":{"insertions":1,"deletions":1}}},{"hash":"b647676a0e2017af2a66f6a0623b846c8ee1c5a3","messageTitle":"Updated for level 8","messageBody":"","tags":["Level-8"],"fileTypesAndContributionMap":{"txt":{"insertions":2,"deletions":3},"java":{"insertions":31,"deletions":9}}}]},{"date":"2022-01-26","commitResults":[{"hash":"eccc7e752ec213afb3cb258a62c9824ca52af5df","messageTitle":"Updated for A-MoreOOP","messageBody":"","tags":["A-MoreOOP"],"fileTypesAndContributionMap":{"java":{"insertions":120,"deletions":54}}},{"hash":"8e5454d52c89eb48436918bb1ef532458e764f13","messageTitle":"Updated for A-Packages","messageBody":"","fileTypesAndContributionMap":{"java":{"insertions":0,"deletions":0}}},{"hash":"0115791aed1b647e054594b68a84df4c309755e1","messageTitle":"Updated for A-Packages","messageBody":"","tags":["A-Packages"],"fileTypesAndContributionMap":{"txt":{"insertions":3,"deletions":1},"java":{"insertions":305,"deletions":119},"bat":{"insertions":2,"deletions":2},"sh":{"insertions":1,"deletions":1},"md":{"insertions":2,"deletions":2}}},{"hash":"cdbc83397a79cfb6a2cf999b7ed10236df0246d3","messageTitle":"Updated for A-JUnit","messageBody":"","tags":["v0.1","A-JUnit"],"fileTypesAndContributionMap":{"java":{"insertions":31,"deletions":0}}},{"hash":"1a4d3e748e064fa92bb93b793bc3e325f344721e","messageTitle":"Updated for v0.1","messageBody":"","tags":["A-Jar","A-CodingStandard"],"fileTypesAndContributionMap":{"java":{"insertions":262,"deletions":18}}},{"hash":"97ef0b06ad4a488b238aec9f708fa0f7171dae47","messageTitle":"Update for A-CodingStandard","messageBody":"","fileTypesAndContributionMap":{"java":{"insertions":22,"deletions":19}}},{"hash":"931f8624e37a7f2963ceac685d94149be087baba","messageTitle":"Updated for level 9","messageBody":"","fileTypesAndContributionMap":{"java":{"insertions":2,"deletions":0}}},{"hash":"dd0365aced8995db4b01da0c9ed150496c50fbcd","messageTitle":"Add tests for find","messageBody":"","tags":["Level-9"],"fileTypesAndContributionMap":{"java":{"insertions":102,"deletions":1}}},{"hash":"cdc477d60a0197dd06aa44fbb48af2cfa4c554b2","messageTitle":"Update README.md","messageBody":"","fileTypesAndContributionMap":{"md":{"insertions":2,"deletions":2}}}]}]},"authorFileTypeContributionMap":{"mazx4960":{"java":1258,"md":0,"fxml":0,"sh":1,"bat":2,"gradle":0,"txt":15}},"authorContributionVariance":{"mazx4960":97067.92},"authorDisplayNameMap":{"mazx4960":"CS2103T-T09-4 DESM..SHEN"}}
