[{"path":"src/main/java/Deadline.java","fileType":"java","lines":[{"lineNumber":1,"author":{"gitId":"aditi2313"},"content":"public class Deadline extends Task {","lastModifiedDate":"2022-01-20"},{"lineNumber":2,"author":{"gitId":"aditi2313"},"content":"","lastModifiedDate":"2022-01-20"},{"lineNumber":3,"author":{"gitId":"aditi2313"},"content":"    Deadline(String details) {","lastModifiedDate":"2022-01-20"},{"lineNumber":4,"author":{"gitId":"aditi2313"},"content":"        super(details);","lastModifiedDate":"2022-01-20"},{"lineNumber":5,"author":{"gitId":"aditi2313"},"content":"    }","lastModifiedDate":"2022-01-20"},{"lineNumber":6,"author":{"gitId":"aditi2313"},"content":"","lastModifiedDate":"2022-01-20"},{"lineNumber":7,"author":{"gitId":"aditi2313"},"content":"    public String symbol() {","lastModifiedDate":"2022-01-20"},{"lineNumber":8,"author":{"gitId":"aditi2313"},"content":"        return \"D\";","lastModifiedDate":"2022-01-20"},{"lineNumber":9,"author":{"gitId":"aditi2313"},"content":"    }","lastModifiedDate":"2022-01-20"},{"lineNumber":10,"author":{"gitId":"aditi2313"},"content":"","lastModifiedDate":"2022-01-20"},{"lineNumber":11,"author":{"gitId":"aditi2313"},"content":"}","lastModifiedDate":"2022-01-20"}],"authorContributionMap":{"aditi2313":11}},{"path":"src/main/java/Duke.java","fileType":"java","lines":[{"lineNumber":1,"author":{"gitId":"aditi2313"},"content":"import java.util.ArrayList;","lastModifiedDate":"2022-01-20"},{"lineNumber":2,"author":{"gitId":"aditi2313"},"content":"import java.util.Scanner;","lastModifiedDate":"2022-01-20"},{"lineNumber":3,"author":{"gitId":"aditi2313"},"content":"","lastModifiedDate":"2022-01-20"},{"lineNumber":4,"author":{"gitId":"-"},"content":"public class Duke {","lastModifiedDate":"2019-07-29"},{"lineNumber":5,"author":{"gitId":"aditi2313"},"content":"","lastModifiedDate":"2022-01-20"},{"lineNumber":6,"author":{"gitId":"aditi2313"},"content":"    public static ArrayList\u003cTask\u003e list \u003d new ArrayList\u003cTask\u003e();","lastModifiedDate":"2022-01-20"},{"lineNumber":7,"author":{"gitId":"aditi2313"},"content":"","lastModifiedDate":"2022-01-20"},{"lineNumber":8,"author":{"gitId":"-"},"content":"    public static void main(String[] args) {","lastModifiedDate":"2019-07-29"},{"lineNumber":9,"author":{"gitId":"aditi2313"},"content":"        System.out.println(\"Hello! I\u0027m Bob :) \\nWhat can I do for you? :D\");","lastModifiedDate":"2022-01-20"},{"lineNumber":10,"author":{"gitId":"aditi2313"},"content":"        Scanner sc \u003d new Scanner(System.in);","lastModifiedDate":"2022-01-20"},{"lineNumber":11,"author":{"gitId":"aditi2313"},"content":"        String inputstring1 \u003d sc.nextLine();","lastModifiedDate":"2022-01-20"},{"lineNumber":12,"author":{"gitId":"aditi2313"},"content":"        String[] inputstring \u003d inputstring1.split(\" \");","lastModifiedDate":"2022-01-20"},{"lineNumber":13,"author":{"gitId":"aditi2313"},"content":"        while (!inputstring[0].equals(\"bye\")) {","lastModifiedDate":"2022-01-20"},{"lineNumber":14,"author":{"gitId":"aditi2313"},"content":"            if (inputstring[0].equals(\"list\")) {","lastModifiedDate":"2022-01-20"},{"lineNumber":15,"author":{"gitId":"aditi2313"},"content":"                displaylist();","lastModifiedDate":"2022-01-20"},{"lineNumber":16,"author":{"gitId":"aditi2313"},"content":"            } else if (inputstring[0].equals(\"mark\")) {","lastModifiedDate":"2022-01-20"},{"lineNumber":17,"author":{"gitId":"aditi2313"},"content":"                mark(inputstring[1]);","lastModifiedDate":"2022-01-20"},{"lineNumber":18,"author":{"gitId":"aditi2313"},"content":"            } else if (inputstring[0].equals(\"unmark\")) {","lastModifiedDate":"2022-01-20"},{"lineNumber":19,"author":{"gitId":"aditi2313"},"content":"                unmark(inputstring[1]);","lastModifiedDate":"2022-01-20"},{"lineNumber":20,"author":{"gitId":"aditi2313"},"content":"            } else if (inputstring[0].equals(\"todo\") || inputstring[0].equals(\"deadline\")","lastModifiedDate":"2022-01-20"},{"lineNumber":21,"author":{"gitId":"aditi2313"},"content":"                    || inputstring[0].equals(\"event\")) {","lastModifiedDate":"2022-01-20"},{"lineNumber":22,"author":{"gitId":"aditi2313"},"content":"                addtolist(inputstring);","lastModifiedDate":"2022-01-20"},{"lineNumber":23,"author":{"gitId":"aditi2313"},"content":"            } else if (inputstring[0].equals(\"delete\")) {","lastModifiedDate":"2022-01-20"},{"lineNumber":24,"author":{"gitId":"aditi2313"},"content":"                delete(inputstring[1]);","lastModifiedDate":"2022-01-20"},{"lineNumber":25,"author":{"gitId":"aditi2313"},"content":"            } else {","lastModifiedDate":"2022-01-20"},{"lineNumber":26,"author":{"gitId":"aditi2313"},"content":"                DukeException exception \u003d new DukeException(\"OOPS!!! I\u0027m sorry, but I don\u0027t know what that means O.o\");","lastModifiedDate":"2022-01-20"},{"lineNumber":27,"author":{"gitId":"aditi2313"},"content":"                System.out.println(exception);","lastModifiedDate":"2022-01-20"},{"lineNumber":28,"author":{"gitId":"aditi2313"},"content":"            }","lastModifiedDate":"2022-01-20"},{"lineNumber":29,"author":{"gitId":"aditi2313"},"content":"            inputstring1 \u003d sc.nextLine();","lastModifiedDate":"2022-01-20"},{"lineNumber":30,"author":{"gitId":"aditi2313"},"content":"            inputstring \u003d inputstring1.split(\" \");","lastModifiedDate":"2022-01-20"},{"lineNumber":31,"author":{"gitId":"aditi2313"},"content":"        }","lastModifiedDate":"2022-01-20"},{"lineNumber":32,"author":{"gitId":"aditi2313"},"content":"        System.out.println(\"Bye. Hope to see you again soon! :))\");","lastModifiedDate":"2022-01-20"},{"lineNumber":33,"author":{"gitId":"-"},"content":"    }","lastModifiedDate":"2022-01-20"},{"lineNumber":34,"author":{"gitId":"aditi2313"},"content":"","lastModifiedDate":"2022-01-20"},{"lineNumber":35,"author":{"gitId":"aditi2313"},"content":"    public static void displaylist() {","lastModifiedDate":"2022-01-20"},{"lineNumber":36,"author":{"gitId":"aditi2313"},"content":"        String returnstring \u003d \"\";","lastModifiedDate":"2022-01-20"},{"lineNumber":37,"author":{"gitId":"aditi2313"},"content":"        for (int i \u003d 0; i \u003c list.size(); i++) {","lastModifiedDate":"2022-01-20"},{"lineNumber":38,"author":{"gitId":"aditi2313"},"content":"            returnstring \u003d returnstring + (i + 1) + \". [\" + list.get(i).symbol() + \"][\" + list.get(i).getStatusIcon() +","lastModifiedDate":"2022-01-20"},{"lineNumber":39,"author":{"gitId":"aditi2313"},"content":"                    \"] \" + list.get(i) + \"\\n\";","lastModifiedDate":"2022-01-20"},{"lineNumber":40,"author":{"gitId":"aditi2313"},"content":"        }","lastModifiedDate":"2022-01-20"},{"lineNumber":41,"author":{"gitId":"aditi2313"},"content":"        System.out.println(returnstring);","lastModifiedDate":"2022-01-20"},{"lineNumber":42,"author":{"gitId":"aditi2313"},"content":"    }","lastModifiedDate":"2022-01-20"},{"lineNumber":43,"author":{"gitId":"aditi2313"},"content":"","lastModifiedDate":"2022-01-20"},{"lineNumber":44,"author":{"gitId":"aditi2313"},"content":"    public static void addtolist(String[] stringtoadd) {","lastModifiedDate":"2022-01-20"},{"lineNumber":45,"author":{"gitId":"aditi2313"},"content":"        if (stringtoadd.length \u003c 2) {","lastModifiedDate":"2022-01-20"},{"lineNumber":46,"author":{"gitId":"aditi2313"},"content":"            DukeException exception \u003d new DukeException(\"OOPS!! The description of a \" + stringtoadd[0] +","lastModifiedDate":"2022-01-20"},{"lineNumber":47,"author":{"gitId":"aditi2313"},"content":"                    \" cannot be empty.\");","lastModifiedDate":"2022-01-20"},{"lineNumber":48,"author":{"gitId":"aditi2313"},"content":"            System.out.println(exception);","lastModifiedDate":"2022-01-20"},{"lineNumber":49,"author":{"gitId":"aditi2313"},"content":"        } else {","lastModifiedDate":"2022-01-20"},{"lineNumber":50,"author":{"gitId":"aditi2313"},"content":"            Task task;","lastModifiedDate":"2022-01-20"},{"lineNumber":51,"author":{"gitId":"aditi2313"},"content":"            String returnstring \u003d \"\";","lastModifiedDate":"2022-01-20"},{"lineNumber":52,"author":{"gitId":"aditi2313"},"content":"            for (int i \u003d 1; i \u003c stringtoadd.length; i++) {","lastModifiedDate":"2022-01-20"},{"lineNumber":53,"author":{"gitId":"aditi2313"},"content":"                returnstring \u003d returnstring + stringtoadd[i] + \" \";","lastModifiedDate":"2022-01-20"},{"lineNumber":54,"author":{"gitId":"aditi2313"},"content":"            }","lastModifiedDate":"2022-01-20"},{"lineNumber":55,"author":{"gitId":"aditi2313"},"content":"            if (stringtoadd[0].equals(\"todo\")) {","lastModifiedDate":"2022-01-20"},{"lineNumber":56,"author":{"gitId":"aditi2313"},"content":"                task \u003d new Todo(returnstring);","lastModifiedDate":"2022-01-20"},{"lineNumber":57,"author":{"gitId":"aditi2313"},"content":"            } else if (stringtoadd[0].equals(\"deadline\")) {","lastModifiedDate":"2022-01-20"},{"lineNumber":58,"author":{"gitId":"aditi2313"},"content":"                task \u003d new Deadline(returnstring);","lastModifiedDate":"2022-01-20"},{"lineNumber":59,"author":{"gitId":"aditi2313"},"content":"            } else {","lastModifiedDate":"2022-01-20"},{"lineNumber":60,"author":{"gitId":"aditi2313"},"content":"                task \u003d new Event(returnstring);","lastModifiedDate":"2022-01-20"},{"lineNumber":61,"author":{"gitId":"aditi2313"},"content":"            }","lastModifiedDate":"2022-01-20"},{"lineNumber":62,"author":{"gitId":"aditi2313"},"content":"            list.add(task);","lastModifiedDate":"2022-01-20"},{"lineNumber":63,"author":{"gitId":"aditi2313"},"content":"            System.out.println(\"Got it!! :D I\u0027ve added this task:\\n\" + \" [\" + task.symbol() + \"][] \" + returnstring +","lastModifiedDate":"2022-01-20"},{"lineNumber":64,"author":{"gitId":"aditi2313"},"content":"                    \"\\nNow you have \" + list.size() + \" tasks in the list.\");","lastModifiedDate":"2022-01-20"},{"lineNumber":65,"author":{"gitId":"aditi2313"},"content":"        }","lastModifiedDate":"2022-01-20"},{"lineNumber":66,"author":{"gitId":"aditi2313"},"content":"    }","lastModifiedDate":"2022-01-20"},{"lineNumber":67,"author":{"gitId":"aditi2313"},"content":"","lastModifiedDate":"2022-01-20"},{"lineNumber":68,"author":{"gitId":"aditi2313"},"content":"    public static void mark(String number) {","lastModifiedDate":"2022-01-20"},{"lineNumber":69,"author":{"gitId":"aditi2313"},"content":"        int num \u003d Integer.parseInt(number);","lastModifiedDate":"2022-01-20"},{"lineNumber":70,"author":{"gitId":"aditi2313"},"content":"        list.get(num - 1).setAsDone();","lastModifiedDate":"2022-01-20"},{"lineNumber":71,"author":{"gitId":"aditi2313"},"content":"        Task temp \u003d list.get(num - 1);","lastModifiedDate":"2022-01-20"},{"lineNumber":72,"author":{"gitId":"aditi2313"},"content":"        System.out.println(\"Nice! :P I\u0027ve marked this tast as done:\\n [\" + temp.symbol() + \"][\" +","lastModifiedDate":"2022-01-20"},{"lineNumber":73,"author":{"gitId":"aditi2313"},"content":"                temp.getStatusIcon() + \"] \" + temp);","lastModifiedDate":"2022-01-20"},{"lineNumber":74,"author":{"gitId":"aditi2313"},"content":"    }","lastModifiedDate":"2022-01-20"},{"lineNumber":75,"author":{"gitId":"aditi2313"},"content":"","lastModifiedDate":"2022-01-20"},{"lineNumber":76,"author":{"gitId":"aditi2313"},"content":"    public static void unmark(String number) {","lastModifiedDate":"2022-01-20"},{"lineNumber":77,"author":{"gitId":"aditi2313"},"content":"        int num \u003d Integer.parseInt(number);","lastModifiedDate":"2022-01-20"},{"lineNumber":78,"author":{"gitId":"aditi2313"},"content":"        list.get(num - 1).setAsNotDone();","lastModifiedDate":"2022-01-20"},{"lineNumber":79,"author":{"gitId":"aditi2313"},"content":"        Task temp \u003d list.get(num - 1);","lastModifiedDate":"2022-01-20"},{"lineNumber":80,"author":{"gitId":"aditi2313"},"content":"        System.out.println(\"OK ._. , I\u0027ve marked this task as not done yet:\\n [\" + temp.symbol() + \"][\" +","lastModifiedDate":"2022-01-20"},{"lineNumber":81,"author":{"gitId":"aditi2313"},"content":"                temp.getStatusIcon() + \"] \" + temp);","lastModifiedDate":"2022-01-20"},{"lineNumber":82,"author":{"gitId":"aditi2313"},"content":"    }","lastModifiedDate":"2022-01-20"},{"lineNumber":83,"author":{"gitId":"aditi2313"},"content":"","lastModifiedDate":"2022-01-20"},{"lineNumber":84,"author":{"gitId":"aditi2313"},"content":"    public static void delete(String number) {","lastModifiedDate":"2022-01-20"},{"lineNumber":85,"author":{"gitId":"aditi2313"},"content":"        int num \u003d Integer.parseInt(number);","lastModifiedDate":"2022-01-20"},{"lineNumber":86,"author":{"gitId":"aditi2313"},"content":"        Task temp \u003d list.get(num - 1);","lastModifiedDate":"2022-01-20"},{"lineNumber":87,"author":{"gitId":"aditi2313"},"content":"        System.out.println(\"Noted. I\u0027ve removed this task:\\n [\" + temp.symbol() + \"][\" +","lastModifiedDate":"2022-01-20"},{"lineNumber":88,"author":{"gitId":"aditi2313"},"content":"                temp.getStatusIcon() + \"] \" + temp +","lastModifiedDate":"2022-01-20"},{"lineNumber":89,"author":{"gitId":"aditi2313"},"content":"                    \"\\nNow you have \" + (list.size() - 1) + \" tasks left in this list\");","lastModifiedDate":"2022-01-20"},{"lineNumber":90,"author":{"gitId":"aditi2313"},"content":"        list.remove(num - 1);","lastModifiedDate":"2022-01-20"},{"lineNumber":91,"author":{"gitId":"-"},"content":"    }","lastModifiedDate":"2019-07-29"},{"lineNumber":92,"author":{"gitId":"aditi2313"},"content":"","lastModifiedDate":"2022-01-20"},{"lineNumber":93,"author":{"gitId":"-"},"content":"}","lastModifiedDate":"2019-07-29"}],"authorContributionMap":{"aditi2313":88,"-":5}},{"path":"src/main/java/DukeException.java","fileType":"java","lines":[{"lineNumber":1,"author":{"gitId":"aditi2313"},"content":"public class DukeException {","lastModifiedDate":"2022-01-20"},{"lineNumber":2,"author":{"gitId":"aditi2313"},"content":"","lastModifiedDate":"2022-01-20"},{"lineNumber":3,"author":{"gitId":"aditi2313"},"content":"    String message;","lastModifiedDate":"2022-01-20"},{"lineNumber":4,"author":{"gitId":"aditi2313"},"content":"","lastModifiedDate":"2022-01-20"},{"lineNumber":5,"author":{"gitId":"aditi2313"},"content":"    DukeException(String message) {","lastModifiedDate":"2022-01-20"},{"lineNumber":6,"author":{"gitId":"aditi2313"},"content":"        this.message \u003d message;","lastModifiedDate":"2022-01-20"},{"lineNumber":7,"author":{"gitId":"aditi2313"},"content":"    }","lastModifiedDate":"2022-01-20"},{"lineNumber":8,"author":{"gitId":"aditi2313"},"content":"","lastModifiedDate":"2022-01-20"},{"lineNumber":9,"author":{"gitId":"aditi2313"},"content":"    @Override","lastModifiedDate":"2022-01-20"},{"lineNumber":10,"author":{"gitId":"aditi2313"},"content":"    public String toString() {","lastModifiedDate":"2022-01-20"},{"lineNumber":11,"author":{"gitId":"aditi2313"},"content":"        return message;","lastModifiedDate":"2022-01-20"},{"lineNumber":12,"author":{"gitId":"aditi2313"},"content":"    }","lastModifiedDate":"2022-01-20"},{"lineNumber":13,"author":{"gitId":"aditi2313"},"content":"","lastModifiedDate":"2022-01-20"},{"lineNumber":14,"author":{"gitId":"aditi2313"},"content":"}","lastModifiedDate":"2022-01-20"}],"authorContributionMap":{"aditi2313":14}},{"path":"src/main/java/Event.java","fileType":"java","lines":[{"lineNumber":1,"author":{"gitId":"aditi2313"},"content":"public class Event extends Task {","lastModifiedDate":"2022-01-20"},{"lineNumber":2,"author":{"gitId":"aditi2313"},"content":"","lastModifiedDate":"2022-01-20"},{"lineNumber":3,"author":{"gitId":"aditi2313"},"content":"    Event(String details) {","lastModifiedDate":"2022-01-20"},{"lineNumber":4,"author":{"gitId":"aditi2313"},"content":"        super(details);","lastModifiedDate":"2022-01-20"},{"lineNumber":5,"author":{"gitId":"aditi2313"},"content":"    }","lastModifiedDate":"2022-01-20"},{"lineNumber":6,"author":{"gitId":"aditi2313"},"content":"","lastModifiedDate":"2022-01-20"},{"lineNumber":7,"author":{"gitId":"aditi2313"},"content":"    public String symbol() {","lastModifiedDate":"2022-01-20"},{"lineNumber":8,"author":{"gitId":"aditi2313"},"content":"        return \"E\";","lastModifiedDate":"2022-01-20"},{"lineNumber":9,"author":{"gitId":"aditi2313"},"content":"    }","lastModifiedDate":"2022-01-20"},{"lineNumber":10,"author":{"gitId":"aditi2313"},"content":"","lastModifiedDate":"2022-01-20"},{"lineNumber":11,"author":{"gitId":"aditi2313"},"content":"}","lastModifiedDate":"2022-01-20"}],"authorContributionMap":{"aditi2313":11}},{"path":"src/main/java/Task.java","fileType":"java","lines":[{"lineNumber":1,"author":{"gitId":"aditi2313"},"content":"abstract public class Task {","lastModifiedDate":"2022-01-20"},{"lineNumber":2,"author":{"gitId":"aditi2313"},"content":"    protected String details;","lastModifiedDate":"2022-01-20"},{"lineNumber":3,"author":{"gitId":"aditi2313"},"content":"    protected boolean isDone;","lastModifiedDate":"2022-01-20"},{"lineNumber":4,"author":{"gitId":"aditi2313"},"content":"","lastModifiedDate":"2022-01-20"},{"lineNumber":5,"author":{"gitId":"aditi2313"},"content":"    Task(String details) {","lastModifiedDate":"2022-01-20"},{"lineNumber":6,"author":{"gitId":"aditi2313"},"content":"        this.details \u003d details;","lastModifiedDate":"2022-01-20"},{"lineNumber":7,"author":{"gitId":"aditi2313"},"content":"        this.isDone \u003d false;","lastModifiedDate":"2022-01-20"},{"lineNumber":8,"author":{"gitId":"aditi2313"},"content":"    }","lastModifiedDate":"2022-01-20"},{"lineNumber":9,"author":{"gitId":"aditi2313"},"content":"","lastModifiedDate":"2022-01-20"},{"lineNumber":10,"author":{"gitId":"aditi2313"},"content":"    public String getStatusIcon() {","lastModifiedDate":"2022-01-20"},{"lineNumber":11,"author":{"gitId":"aditi2313"},"content":"        return (isDone? \"X\" : \" \");","lastModifiedDate":"2022-01-20"},{"lineNumber":12,"author":{"gitId":"aditi2313"},"content":"    }","lastModifiedDate":"2022-01-20"},{"lineNumber":13,"author":{"gitId":"aditi2313"},"content":"","lastModifiedDate":"2022-01-20"},{"lineNumber":14,"author":{"gitId":"aditi2313"},"content":"    public void setAsNotDone() {","lastModifiedDate":"2022-01-20"},{"lineNumber":15,"author":{"gitId":"aditi2313"},"content":"        this.isDone \u003d false;","lastModifiedDate":"2022-01-20"},{"lineNumber":16,"author":{"gitId":"aditi2313"},"content":"    }","lastModifiedDate":"2022-01-20"},{"lineNumber":17,"author":{"gitId":"aditi2313"},"content":"","lastModifiedDate":"2022-01-20"},{"lineNumber":18,"author":{"gitId":"aditi2313"},"content":"    public void setAsDone() {","lastModifiedDate":"2022-01-20"},{"lineNumber":19,"author":{"gitId":"aditi2313"},"content":"        this.isDone \u003d true;","lastModifiedDate":"2022-01-20"},{"lineNumber":20,"author":{"gitId":"aditi2313"},"content":"    }","lastModifiedDate":"2022-01-20"},{"lineNumber":21,"author":{"gitId":"aditi2313"},"content":"","lastModifiedDate":"2022-01-20"},{"lineNumber":22,"author":{"gitId":"aditi2313"},"content":"    abstract public String symbol();","lastModifiedDate":"2022-01-20"},{"lineNumber":23,"author":{"gitId":"aditi2313"},"content":"","lastModifiedDate":"2022-01-20"},{"lineNumber":24,"author":{"gitId":"aditi2313"},"content":"    @Override","lastModifiedDate":"2022-01-20"},{"lineNumber":25,"author":{"gitId":"aditi2313"},"content":"    public String toString() {","lastModifiedDate":"2022-01-20"},{"lineNumber":26,"author":{"gitId":"aditi2313"},"content":"        return details;","lastModifiedDate":"2022-01-20"},{"lineNumber":27,"author":{"gitId":"aditi2313"},"content":"    }","lastModifiedDate":"2022-01-20"},{"lineNumber":28,"author":{"gitId":"aditi2313"},"content":"}","lastModifiedDate":"2022-01-20"}],"authorContributionMap":{"aditi2313":28}},{"path":"src/main/java/Todo.java","fileType":"java","lines":[{"lineNumber":1,"author":{"gitId":"aditi2313"},"content":"public class Todo extends Task {","lastModifiedDate":"2022-01-20"},{"lineNumber":2,"author":{"gitId":"aditi2313"},"content":"","lastModifiedDate":"2022-01-20"},{"lineNumber":3,"author":{"gitId":"aditi2313"},"content":"    Todo(String details) {","lastModifiedDate":"2022-01-20"},{"lineNumber":4,"author":{"gitId":"aditi2313"},"content":"        super(details);","lastModifiedDate":"2022-01-20"},{"lineNumber":5,"author":{"gitId":"aditi2313"},"content":"    }","lastModifiedDate":"2022-01-20"},{"lineNumber":6,"author":{"gitId":"aditi2313"},"content":"","lastModifiedDate":"2022-01-20"},{"lineNumber":7,"author":{"gitId":"aditi2313"},"content":"    public String symbol() {","lastModifiedDate":"2022-01-20"},{"lineNumber":8,"author":{"gitId":"aditi2313"},"content":"        return \"T\";","lastModifiedDate":"2022-01-20"},{"lineNumber":9,"author":{"gitId":"aditi2313"},"content":"    }","lastModifiedDate":"2022-01-20"},{"lineNumber":10,"author":{"gitId":"aditi2313"},"content":"","lastModifiedDate":"2022-01-20"},{"lineNumber":11,"author":{"gitId":"aditi2313"},"content":"}","lastModifiedDate":"2022-01-20"}],"authorContributionMap":{"aditi2313":11}},{"path":"text-ui-test/input.txt","fileType":"txt","lines":[{"lineNumber":1,"author":{"gitId":"aditi2313"},"content":"todo borrow book","lastModifiedDate":"2022-01-20"},{"lineNumber":2,"author":{"gitId":"aditi2313"},"content":"list","lastModifiedDate":"2022-01-20"},{"lineNumber":3,"author":{"gitId":"aditi2313"},"content":"deadline return book /by Sunday","lastModifiedDate":"2022-01-20"},{"lineNumber":4,"author":{"gitId":"aditi2313"},"content":"event project meeting /at Mon 2-4pm","lastModifiedDate":"2022-01-20"},{"lineNumber":5,"author":{"gitId":"aditi2313"},"content":"bye","lastModifiedDate":"2022-01-20"}],"authorContributionMap":{"aditi2313":5}}]
