{"authorDailyContributionsMap":{"aditi2313":[{"date":"2022-01-20","commitResults":[{"hash":"283e555b67a08aeccdab690d82ae1107a0db0ccc","messageTitle":"Levela 1,2,3,4,5,6","messageBody":"","tags":["v1.0"],"fileTypesAndContributionMap":{"java":{"insertions":93,"deletions":1}}},{"hash":"d18219ffbbe10b7c6d0542b2497fe52ac4ee4f86","messageTitle":"Level 1,2,3,4,5,6","messageBody":"","tags":["v2.0"],"fileTypesAndContributionMap":{"java":{"insertions":1,"deletions":0}}},{"hash":"409823d8140b710dd5a7fcb46cefbe98e6b324af","messageTitle":"Level 1,2,3","messageBody":"","fileTypesAndContributionMap":{"java":{"insertions":19,"deletions":33}}},{"hash":"0ce12dc6957834603e60a90d67f379fc7e8b8816","messageTitle":"Task class","messageBody":"","tags":["v3.0"],"fileTypesAndContributionMap":{"java":{"insertions":26,"deletions":0}}},{"hash":"ab9433a9fac004adcc9171c37c2be3570ac6a8ae","messageTitle":"Level 1, 2, 3, 4","messageBody":"","fileTypesAndContributionMap":{"java":{"insertions":17,"deletions":17}}},{"hash":"10c68c65059884e40bb5f582c75da6bd4a90a298","messageTitle":"Task class","messageBody":"","fileTypesAndContributionMap":{"java":{"insertions":3,"deletions":1}}},{"hash":"815966d39ec39d284ac19e9d02338ba808f460ea","messageTitle":"Todo class","messageBody":"","fileTypesAndContributionMap":{"java":{"insertions":11,"deletions":0}}},{"hash":"362db95fa9532fe53409dbc3587335ea0459b040","messageTitle":"Deadline class","messageBody":"","fileTypesAndContributionMap":{"java":{"insertions":11,"deletions":0}}},{"hash":"a4fce9fb616fc8ec76dcaf72de6e18954f81dae1","messageTitle":"Event class","messageBody":"","fileTypesAndContributionMap":{"java":{"insertions":11,"deletions":0}}},{"hash":"94fab94bd960aa35f3566984556bfe2d6bff0fcd","messageTitle":"Levels 1, 2, 3, 4, 5, 6","messageBody":"","fileTypesAndContributionMap":{"java":{"insertions":5,"deletions":2}}},{"hash":"b7d023cac167b397c30685b3179bdd5bb267bd80","messageTitle":"Duke Exception","messageBody":"","fileTypesAndContributionMap":{"java":{"insertions":14,"deletions":0}}},{"hash":"7cccc62f247de6946ac4968d146b2124988234a0","messageTitle":"input tests","messageBody":"","fileTypesAndContributionMap":{"txt":{"insertions":5,"deletions":0}}},{"hash":"505b4eb0cf0f8642a07da0be0fcf233e67dbb5d1","messageTitle":"Duke main file","messageBody":"","tags":["A-TextUiTesting"],"fileTypesAndContributionMap":{"java":{"insertions":1,"deletions":0}}}]},{"date":"2022-01-28","commitResults":[{"hash":"6b2f57da79c9b4c7ebb920ef096329c83e491330","messageTitle":"Duke main file","messageBody":"","fileTypesAndContributionMap":{"java":{"insertions":74,"deletions":56}}},{"hash":"b85f7c304e2deee749eb5d2fcbf315bc1d14f67d","messageTitle":"Duke main file","messageBody":"","tags":["Level-8","Level-7"],"fileTypesAndContributionMap":{"java":{"insertions":9,"deletions":1}}},{"hash":"8938945a80691b1661fbd6087ddbbd288e33307c","messageTitle":"Update Duke.java","messageBody":"","fileTypesAndContributionMap":{"java":{"insertions":32,"deletions":2}}},{"hash":"929a52fdcd9e53b3894110c27aa8efc3b9520514","messageTitle":"Create data.txt","messageBody":"","fileTypesAndContributionMap":{"txt":{"insertions":1,"deletions":0}}}]},{"date":"2022-01-29","commitResults":[{"hash":"aac6adc82f04f5be3924ab033cd214e97b0283e9","messageTitle":"Update Duke.java","messageBody":"","fileTypesAndContributionMap":{"java":{"insertions":60,"deletions":9}}},{"hash":"cba30e51ac7c78e00f08c98f8b946e737792cbcc","messageTitle":"Update Deadline.java","messageBody":"","fileTypesAndContributionMap":{"java":{"insertions":16,"deletions":1}}},{"hash":"33c3e9c16f7647d893881e2f376d8b758d7d6543","messageTitle":"Update Event.java","messageBody":"","fileTypesAndContributionMap":{"java":{"insertions":16,"deletions":1}}},{"hash":"7dd5af9d24f6643c6a177c3c2839f437345fbd06","messageTitle":"Update Todo.java","messageBody":"","fileTypesAndContributionMap":{"java":{"insertions":5,"deletions":0}}},{"hash":"d7ad43d18b5c61b52aed1b18b551c2a83769e6f7","messageTitle":"Update Task.java","messageBody":"","fileTypesAndContributionMap":{"java":{"insertions":2,"deletions":0}}},{"hash":"e47ddfe84020c0639c1715a18c026051dd1ab811","messageTitle":"Create data.txt","messageBody":"","fileTypesAndContributionMap":{"txt":{"insertions":1,"deletions":0}}},{"hash":"a7e17c70a52773d8b4cf239c7ba15ed9fea4ab64","messageTitle":"Update Duke.java","messageBody":"","fileTypesAndContributionMap":{"java":{"insertions":3,"deletions":6}}},{"hash":"86c15b69162b358aa4d70a0bb31d53d0df236563","messageTitle":"Update Duke.java","messageBody":"","fileTypesAndContributionMap":{"java":{"insertions":34,"deletions":10}}},{"hash":"c9645afb59674627be358e1bf0596416f9e2ee57","messageTitle":"Duke main file","messageBody":"","tags":["A-MoreOOP"],"fileTypesAndContributionMap":{"java":{"insertions":99,"deletions":11}}},{"hash":"b9e71ab01f6b1bd86fd61f987797a5b7398988f3","messageTitle":"Duke main file","messageBody":"","fileTypesAndContributionMap":{"java":{"insertions":238,"deletions":163}}},{"hash":"83ed75cef319af1329a9543b3512f201acbbc31d","messageTitle":"Duke main file","messageBody":"","tags":["A-JUnit"],"fileTypesAndContributionMap":{"java":{"insertions":55,"deletions":11}}}]},{"date":"2022-01-30","commitResults":[{"hash":"db6f92397391ee0f2999b24e0d7bb28e06a81c80","messageTitle":"A-JUnit Testing","messageBody":"","tags":["A-Jar"],"fileTypesAndContributionMap":{"java":{"insertions":38,"deletions":5}}},{"hash":"ca39888f50fa57a6a35f9ed246e8868dd525298b","messageTitle":"A-Jar","messageBody":"","tags":["Level-9","A-JavaDoc","A-CodingStandard","!Level-9"],"fileTypesAndContributionMap":{"txt":{"insertions":0,"deletions":1},"java":{"insertions":23,"deletions":23}}},{"hash":"98dbb967747531f470a69f291d822c16313afaf0","messageTitle":"Update DukeException.java","messageBody":"","fileTypesAndContributionMap":{"java":{"insertions":8,"deletions":1}}},{"hash":"637d77edb1cdca0baf17eedd4d34fff7ac2e54f5","messageTitle":"Update Parser.java","messageBody":"","fileTypesAndContributionMap":{"java":{"insertions":15,"deletions":6}}},{"hash":"c023f62ce09d4f3ea3d6d13bc094ae14af166cb9","messageTitle":"Update Storage.java","messageBody":"","fileTypesAndContributionMap":{"java":{"insertions":21,"deletions":6}}},{"hash":"cb4e1e81edec02c3c89132f4a0d8d399bcbebafe","messageTitle":"Update Deadline.java","messageBody":"","fileTypesAndContributionMap":{"java":{"insertions":15,"deletions":0}}},{"hash":"23cb68840c9fb71f94d4d2bbe5fdc2187b81649b","messageTitle":"Update Event.java","messageBody":"","fileTypesAndContributionMap":{"java":{"insertions":15,"deletions":0}}},{"hash":"8e33803d8b492a3fa155e1d2f8bbe550f405c1c4","messageTitle":"Update Task.java","messageBody":"","fileTypesAndContributionMap":{"java":{"insertions":25,"deletions":0}}},{"hash":"a7b536d3cdb3ecf6c0ab31b9f0b1d532719de658","messageTitle":"Update TaskList.java","messageBody":"","fileTypesAndContributionMap":{"java":{"insertions":33,"deletions":10}}},{"hash":"b5104b1bc972386da9cb70f855fe542a1beef126","messageTitle":"Update Todo.java","messageBody":"","fileTypesAndContributionMap":{"java":{"insertions":11,"deletions":2}}},{"hash":"3d383d5afb3c4f87af9f792b4f0bb52e368e2655","messageTitle":"Update Ui.java","messageBody":"","fileTypesAndContributionMap":{"java":{"insertions":14,"deletions":0}}},{"hash":"3000b37beff3226b8e6f3925fda498b5d7eb790d","messageTitle":"Update Duke.java","messageBody":"","fileTypesAndContributionMap":{"java":{"insertions":10,"deletions":0}}},{"hash":"bc522833aaa99f94fa576e940f99937ef60775cb","messageTitle":"Update TaskList.java","messageBody":"","fileTypesAndContributionMap":{"java":{"insertions":56,"deletions":10}}},{"hash":"27112a31aa15d297b70c49edd711c43f9253a451","messageTitle":"Update Parser.java","messageBody":"","fileTypesAndContributionMap":{"java":{"insertions":18,"deletions":7}}}]},{"date":"2022-02-03","commitResults":[{"hash":"3629ffa0346696ad546f148c9f0860fe00578e33","messageTitle":"Update Duke.java","messageBody":"","fileTypesAndContributionMap":{"java":{"insertions":1,"deletions":0}}}]},{"date":"2022-02-04","commitResults":[{"hash":"a06af6e95d47ff4cbbf23a682d1ce4a2a3ed0853","messageTitle":"Duke main","messageBody":"","fileTypesAndContributionMap":{"java":{"insertions":0,"deletions":1}}},{"hash":"a30e20809f8bd82041697953ac582bb35a861e28","messageTitle":"Update Duke.java","messageBody":"","fileTypesAndContributionMap":{"java":{"insertions":1,"deletions":0}}},{"hash":"1968f89f77c00b3745ea60edec02d3eb555eb13e","messageTitle":"Duke main","messageBody":"","tags":["Level-10"],"fileTypesAndContributionMap":{"java":{"insertions":3,"deletions":3}}}]},{"date":"2022-02-06","commitResults":[{"hash":"46dea8a06dea2b01a1eb634f5b8378ecfc783f70","messageTitle":"JavaFx","messageBody":"","fileTypesAndContributionMap":{"gradle":{"insertions":14,"deletions":0},"java":{"insertions":232,"deletions":58},"bat":{"insertions":1,"deletions":1},"md":{"insertions":2,"deletions":2}}},{"hash":"59f12372670e3b3fa244831c72661d4990459436","messageTitle":"JavaFx latest","messageBody":"","fileTypesAndContributionMap":{"txt":{"insertions":1,"deletions":0},"fxml":{"insertions":43,"deletions":0},"java":{"insertions":117,"deletions":21}}},{"hash":"fad58d87d5e1aadf5702622f90bb0911bf5af92c","messageTitle":"Update data.txt","messageBody":"","fileTypesAndContributionMap":{"txt":{"insertions":1,"deletions":1}}}]},{"date":"2022-02-07","commitResults":[{"hash":"426459257de378657443a8dc6e0648ab2f75bdbe","messageTitle":"JavaFx latest","messageBody":"","fileTypesAndContributionMap":{"fxml":{"insertions":26,"deletions":12}}},{"hash":"bec349e135965d3ef9b32a33e40aaa4eb7a1da41","messageTitle":"JavaFx latest","messageBody":"","fileTypesAndContributionMap":{"fxml":{"insertions":1,"deletions":1},"java":{"insertions":6,"deletions":6}}}]},{"date":"2022-02-10","commitResults":[{"hash":"d72e2435fa3e1a9736db29bd029c327c262132ea","messageTitle":"JavaFx latest","messageBody":"","tags":["A-FullCommitMessage"],"fileTypesAndContributionMap":{"gradle":{"insertions":1,"deletions":1}}},{"hash":"f3dab46ef1c4e0107ddee1753cc8b422ff80309b","messageTitle":"Updated Duke class without unused methods like (eg. greetUser())","messageBody":"Method functionality was added to initialise() in MainWindow class. Unused\nmethods may cause confusion in the future.\n\nLet\u0027s remove the method.\n\nDoing so will make debugging easier when more code is added to the\nclass and also cause lesser confusion and improve readability.\n","fileTypesAndContributionMap":{"java":{"insertions":3,"deletions":24}}},{"hash":"22def3fbdf2e279ff20413b2371dd9a9d44551ea","messageTitle":"Updated JavaFx","messageBody":"","fileTypesAndContributionMap":{"java":{"insertions":1,"deletions":1}}},{"hash":"da6972a71d3afdfabac333c9d46340290bd9e252","messageTitle":"Updated MainWindow class initialize() method.","messageBody":"greetUser() method functionality added from Duke class\nto initialize() method. Adding the label message here\nmakes implementation easier.\n\nLet\u0027s add the user greeting directly to the label in the\nmethod.\n\nDoing so will make debugging easier, cause lesser confusion\nand improve readability.\n","fileTypesAndContributionMap":{"java":{"insertions":1,"deletions":1}}},{"hash":"e617e2d13222aeb76027573a9388920548d0bda6","messageTitle":"Updated MainWindow class initialize() method.","messageBody":"greetUser() method functionality added from Duke class\nto initialize() method. Adding the label message here\nmakes implementation easier.\n\nLet\u0027s add the user greeting directly to the label in the\nmethod.\n\nDoing so will make debugging easier, cause lesser confusion\nand improve readability.\n","fileTypesAndContributionMap":{"java":{"insertions":22,"deletions":0}}},{"hash":"b0de953c97dd613d4321bc9cf17094e7d40b3469","messageTitle":"Updated Duke class without unused methods (eg. greetUser(), getDialogLabel())","messageBody":"greetUser() method functionality was added to initialise() in MainWindow class.\ngetDialogLabel() method was unused. Unused methods may cause confusion in the future.\n\nLet\u0027s remove the methods.\n\nDoing so will make debugging easier when more code is added to the\nclass and also cause lesser confusion and improve readability.\n","tags":["A-Assertions"],"fileTypesAndContributionMap":{"java":{"insertions":0,"deletions":22}}},{"hash":"7d416e2d2105c88866b02ffdee3447203c0b52d9","messageTitle":"Duke class with assertions","messageBody":"","tags":["A-CodeQuality"],"fileTypesAndContributionMap":{"java":{"insertions":1,"deletions":0}}},{"hash":"847d6e4962654d8a12bee54937a0ae01d325dfb7","messageTitle":"Update Storage.java","messageBody":"","fileTypesAndContributionMap":{"java":{"insertions":8,"deletions":8}}},{"hash":"e275550f0e699caf216cf311dc233d545d37ac1c","messageTitle":"Update TaskList.java","messageBody":"","fileTypesAndContributionMap":{"java":{"insertions":4,"deletions":4}}},{"hash":"cbd5b5a241de097af24e042c1f73104976811c4f","messageTitle":"Update Parser.java","messageBody":"","fileTypesAndContributionMap":{"java":{"insertions":25,"deletions":24}}},{"hash":"5782451e302585694884239d5669bda6db32c32c","messageTitle":"Updated with code quality checks","messageBody":"","fileTypesAndContributionMap":{"java":{"insertions":15,"deletions":13}}},{"hash":"091796c8da65ae03050c35167f73b7022edc8499","messageTitle":"Updated with code quality checks","messageBody":"","fileTypesAndContributionMap":{"java":{"insertions":4,"deletions":0}}},{"hash":"2befd952d4b01960eb66d05030a13122c6f882fa","messageTitle":"Updated MainWindow class initialize() method.","messageBody":"greetUser() method functionality added from Duke class\nto initialize() method. Adding the label message here\nmakes implementation easier.\n\nLet\u0027s add the user greeting directly to the label in the\nmethod.\n\nDoing so will make debugging easier, cause lesser confusion\nand improve readability.\n","fileTypesAndContributionMap":{"java":{"insertions":4,"deletions":3}}},{"hash":"e985759188f6bf2e0be4d1bdfffd3808ccd74628","messageTitle":"Updated Duke class without unused method greetUser()","messageBody":"greetUser() method functionality added to MainWindow class\nto initialize() method. Removing unused methods makes code\nmore systematic and concise.\n\nLet\u0027s add remove the greetUser() method.\n\nDoing so will make debugging easier, cause lesser confusion\nand improve readability.\n","fileTypesAndContributionMap":{"java":{"insertions":1,"deletions":0}}},{"hash":"defad0e6694366f8de2beacdd76e3f1b797fd021","messageTitle":"Updated Duke class without unused method greetUser()","messageBody":"greetUser() method functionality added to MainWindow class\nto initialize() method. Removing unused methods makes code\nmore systematic and concise.\n\nLet\u0027s add remove the greetUser() method.\n\nDoing so will make debugging easier, cause lesser confusion\nand improve readability.\n","fileTypesAndContributionMap":{"java":{"insertions":8,"deletions":0}}},{"hash":"383ac423f19104627b819c9489432eed90b83001","messageTitle":"Updated Duke class without unused method greetUser()","messageBody":"greetUser() method functionality added to MainWindow class\nto initialize() method. Removing unused methods makes code\nmore systematic and concise.\n\nLet\u0027s add remove the greetUser() method.\n\nDoing so will make debugging easier, cause lesser confusion\nand improve readability.\n","fileTypesAndContributionMap":{"java":{"insertions":0,"deletions":8}}},{"hash":"f8a6d9df17fce03b16e36393f0ebded42da8ae6f","messageTitle":"Updated Duke class with new method greetUser()","messageBody":"greetUser() method functionality added to Duke class\nallows for abstraction when the bot is started and a\nwelcome message needs to be displayed. This makes the\nMainWindow class SLAP hard.\n\nLet\u0027s add a greetUser() method which returns a string\ngreeting.\n\nDoing so will make increase readability of the code\nand makes debugging easier in the future. Also ensures\nthat relevant information is abstracted away.\n","fileTypesAndContributionMap":{"java":{"insertions":8,"deletions":0}}},{"hash":"4e1193ec586fde7006981e1a82dd7affefae4d0d","messageTitle":"Updated MainWindow class initialize() method.","messageBody":"greetUser() method called added from Duke object.\nCalling the method from within the Label makes\nimplementation easier and also allows for better abstraction.\n\nLet\u0027s call the greetUser() method from the Duke class within\nthe label.\n\nDoing so will make debugging easier, cause lesser confusion\nand improve readability. Also means that the code SLAPs harder.\n","fileTypesAndContributionMap":{"java":{"insertions":1,"deletions":1}}}]},{"date":"2022-02-11","commitResults":[{"hash":"e337200d02660b1d7afe32f339cabf64d873a4a6","messageTitle":"Updated MainWindow class","messageBody":"","fileTypesAndContributionMap":{"java":{"insertions":0,"deletions":8}}},{"hash":"84e5ef8bd91cd5b706c4490b9b4b0eff12d2f3bb","messageTitle":"Updated MainWindow class initialize() method. greetUser() static method called from Ui class. Makes implementation easier and also allows for better abstraction.","messageBody":"Let\u0027s call the greetUser() method from the Ui class.\n\nDoing so will make debugging easier, cause lesser confusion\nand improve readability. Also means that the code SLAPs harder.\n","fileTypesAndContributionMap":{"java":{"insertions":4,"deletions":1}}},{"hash":"8ef9e0654308c6aa8a4c0c366c5d6fb5a1b53501","messageTitle":"Updated Ui class with user greeting functionality.","messageBody":"greetUser() method functionality added to Ui class.\nAdding greeting here makes code more systematic and\nconcise.\n\nLet\u0027s add a static greetUser() method.\n\nDoing so will make debugging easier, cause lesser confusion\nand improve readability.\n","fileTypesAndContributionMap":{"java":{"insertions":8,"deletions":0}}},{"hash":"0ea336412b3d3a0de480f1e7a7c7b81337b46d86","messageTitle":"Updated Duke class.","messageBody":"","tags":["BCD-Extension"],"fileTypesAndContributionMap":{"java":{"insertions":0,"deletions":1}}},{"hash":"50e0c4d18ee5dee799cd9fe2450e17d21c3a3792","messageTitle":"BCD Extension additions","messageBody":"","fileTypesAndContributionMap":{"fxml":{"insertions":1,"deletions":1},"java":{"insertions":233,"deletions":35}}},{"hash":"88fe2023e30cb8f25c45f1ba4fce9f37f6bce4a6","messageTitle":"Updated MainWindow class initialize() method with BCD Extension. greetUser() static method called from Ui class. Makes implementation easier and also allows for better abstraction.","messageBody":"Let\u0027s call the greetUser() method from the Ui class.\n\nDoing so will make debugging easier, cause lesser confusion\nand improve readability. Also means that the code SLAPs harder.\n","fileTypesAndContributionMap":{"java":{"insertions":1,"deletions":2}}},{"hash":"d095bf38d97e1c7f19209043cc60fa9a1b165c71","messageTitle":"Updated Ui class with user greeting functionality and BCD Extension. greetUser() method functionality added to Ui class. Adding greeting here makes code more systematic and concise.","messageBody":"Let\u0027s add a static greetUser() method.\n\nDoing so will make debugging easier, cause lesser confusion\nand improve readability.\n","fileTypesAndContributionMap":{"java":{"insertions":29,"deletions":2}}},{"hash":"2cc289a394a730e9b21257289ce63db77bdd4da6","messageTitle":"Updated Ui class with user greeting functionality and BCD Extension. greetUser() method functionality added to Ui class. Adding greeting here makes code more systematic and concise.","messageBody":"Let\u0027s add a static greetUser() method.\n\nDoing so will make debugging easier, cause lesser confusion\nand improve readability.\n","fileTypesAndContributionMap":{"txt":{"insertions":0,"deletions":0}}},{"hash":"4b29a1b72b94e1e302c53d6f60944ab5a09c444b","messageTitle":"Data file for note functionality","messageBody":"","fileTypesAndContributionMap":{"txt":{"insertions":1,"deletions":0}}},{"hash":"046c93998b130a48fa254922dd11f97a62e5b272","messageTitle":"Data file for note functionality","messageBody":"","fileTypesAndContributionMap":{"txt":{"insertions":0,"deletions":1}}},{"hash":"5d118205c0e160ad70920453aea5856de49a15c3","messageTitle":"Data file for note functionality","messageBody":"","tags":["A-BetterGui"],"fileTypesAndContributionMap":{"txt":{"insertions":0,"deletions":1}}}]},{"date":"2022-02-13","commitResults":[{"hash":"1bdb71754ae83332a0883eb385a3acb1e7ee668b","messageTitle":"Improved GUI","messageBody":"","fileTypesAndContributionMap":{"txt":{"insertions":0,"deletions":0},"fxml":{"insertions":11,"deletions":5},"java":{"insertions":62,"deletions":60}}},{"hash":"dd878adba754cb02a660c52e9389dac46ffafa14","messageTitle":"Update MainWindow class initialize() method and add BCD Extension. greetUser() static method called from Ui class. Makes implementation easier and also allows for better abstraction.","messageBody":"Let\u0027s call the greetUser() method from the Ui class.\n\nDoing so will make debugging easier, cause lesser confusion\nand improve readability. Also means that the code SLAPs harder.\n","fileTypesAndContributionMap":{"java":{"insertions":3,"deletions":3}}},{"hash":"55b0d19fda0e91366f6dcca0f3b989eeb70c948a","messageTitle":"Update Ui class with user greeting functionality and add BCD Extension. greetUser() method functionality added to Ui class. Adding greeting here makes code more systematic and concise.","messageBody":"Let\u0027s add a static greetUser() method.\n\nDoing so will make debugging easier, cause lesser confusion\nand improve readability.\n","tags":["A-UserGuide"],"fileTypesAndContributionMap":{"java":{"insertions":5,"deletions":4}}}]},{"date":"2022-02-14","commitResults":[{"hash":"5e060e35864b168aa46b40cdd82fbd5101f4fd5a","messageTitle":"Update README.md","messageBody":"","fileTypesAndContributionMap":{"md":{"insertions":94,"deletions":6}}},{"hash":"0765b5418bcb58a684b3951abf5608c593c57c80","messageTitle":"User Guide updates","messageBody":"","fileTypesAndContributionMap":{"java":{"insertions":10,"deletions":5},"md":{"insertions":169,"deletions":16}}},{"hash":"04d3280ad1fd798c9081581869fe81cd5324b7a1","messageTitle":"Update README.md","messageBody":"","fileTypesAndContributionMap":{"md":{"insertions":0,"deletions":116}}},{"hash":"21a4ac77d1bfd85c63f45b8ee2244c162f5a0927","messageTitle":"Update Ui class with user greeting functionality and add BCD Extension. greetUser() method functionality added to Ui class. Adding greeting here makes code more systematic and concise.","messageBody":"Let\u0027s add a static greetUser() method.\n\nDoing so will make debugging easier, cause lesser confusion\nand improve readability.\n","fileTypesAndContributionMap":{"java":{"insertions":2,"deletions":2}}},{"hash":"735cb7ee170126311430e84b429e725fc4578a61","messageTitle":"Update README.md","messageBody":"","fileTypesAndContributionMap":{"md":{"insertions":181,"deletions":0}}},{"hash":"84fa321bece8016c0a9e2692a934be129e016ed2","messageTitle":"User Guide","messageBody":"","fileTypesAndContributionMap":{"md":{"insertions":1,"deletions":1}}},{"hash":"2d90fee26355781d9f221defd31c1e2b02f89bac","messageTitle":"User Guide","messageBody":"","fileTypesAndContributionMap":{"md":{"insertions":1,"deletions":1}}},{"hash":"8b2ff8b54e062448c392510e5eb9c80acaee5808","messageTitle":"User Guide","messageBody":"","fileTypesAndContributionMap":{"md":{"insertions":1,"deletions":1}}},{"hash":"e69086ada23c3ebebc443311b3fe8d8a8af219ec","messageTitle":"User Guide","messageBody":"","fileTypesAndContributionMap":{"md":{"insertions":1,"deletions":1}}},{"hash":"b16b74572c42fc91ff9d8d0bf8d1155579b7e2b4","messageTitle":"A better GUI","messageBody":"","fileTypesAndContributionMap":{"java":{"insertions":1,"deletions":1}}},{"hash":"76669f37f0cc8e28b2404fbe251eaa8e7ee5ee85","messageTitle":"Update README.md","messageBody":"","fileTypesAndContributionMap":{"md":{"insertions":2,"deletions":2}}},{"hash":"6b10e771ba2a6038bb2b61fa6a38ec144fbfa342","messageTitle":"Creating JAR file","messageBody":"","fileTypesAndContributionMap":{"gradle":{"insertions":3,"deletions":2}}},{"hash":"6c8031e39bc760a597751e37d5963d47f23ee245","messageTitle":"Creating JAR file","messageBody":"","fileTypesAndContributionMap":{"java":{"insertions":1,"deletions":1}}},{"hash":"cdadc07cb77ec63b1eb50af1a5bfbb0c892721a5","messageTitle":"Bug fixes","messageBody":"","fileTypesAndContributionMap":{"java":{"insertions":16,"deletions":14}}}]},{"date":"2022-02-15","commitResults":[{"hash":"e2050e881e0d0a10ba55b967099312cb24dbf5e8","messageTitle":"Checkstyle","messageBody":"","fileTypesAndContributionMap":{"java":{"insertions":130,"deletions":71}}},{"hash":"6d428a67f1e3ffdd599b8aa87d7fe4309874ed2f","messageTitle":"Update MainWindow class initialize() method and add BCD Extension. greetUser() static method called from Ui class. Makes implementation easier and also allows for better abstraction.","messageBody":"Let\u0027s call the greetUser() method from the Ui class.\n\nDoing so will make debugging easier, cause lesser confusion\nand improve readability. Also means that the code SLAPs harder.\n","fileTypesAndContributionMap":{"java":{"insertions":4,"deletions":1}}},{"hash":"5ff5194dfec40ea58ed3cf4b12bf875a30e30ebd","messageTitle":"Update Ui class with user greeting functionality and add BCD Extension. greetUser() method functionality added to Ui class. Adding greeting here makes code more systematic and concise.","messageBody":"Let\u0027s add a static greetUser() method.\n\nDoing so will make debugging easier, cause lesser confusion\nand improve readability.\n","fileTypesAndContributionMap":{"java":{"insertions":34,"deletions":25}}},{"hash":"78bcb58784d783bcaaa9ee1a670b26d1a8dc81d8","messageTitle":"Checkstyle","messageBody":"","tags":["A-CheckStyle"],"fileTypesAndContributionMap":{"java":{"insertions":6,"deletions":6}}}]},{"date":"2022-02-16","commitResults":[{"hash":"a80c5fa75bea4c85be2b4eacc68932c9321692a4","messageTitle":"Bug fixes","messageBody":"","tags":["v5.0"],"fileTypesAndContributionMap":{"gradle":{"insertions":1,"deletions":2}}},{"hash":"894b141983558585161f4dfc70f266c6b009f717","messageTitle":"Bug fixes","messageBody":"","fileTypesAndContributionMap":{"txt":{"insertions":1,"deletions":0},"java":{"insertions":196,"deletions":116}}},{"hash":"d5b690f9e4d9de022f51d63168dc941d45c6fdfb","messageTitle":"Update Ui class with user greeting functionality and add BCD Extension. greetUser() method functionality added to Ui class. Adding greeting here makes code more systematic and concise.","messageBody":"Let\u0027s add a static greetUser() method.\n\nDoing so will make debugging easier, cause lesser confusion\nand improve readability.\n","fileTypesAndContributionMap":{"java":{"insertions":3,"deletions":0}}},{"hash":"4ce053ebca8710382506873bc0c62127aa128bb8","messageTitle":"Improved javadoc comments","messageBody":"","fileTypesAndContributionMap":{"java":{"insertions":22,"deletions":11}}},{"hash":"97b92430a42e35f9d670018d4b449d6a233bca3d","messageTitle":"Update Ui class with user greeting functionality and add BCD Extension. greetUser() method functionality added to Ui class. Adding greeting here makes code more systematic and concise.","messageBody":"Let\u0027s add a static greetUser() method.\n\nDoing so will make debugging easier, cause lesser confusion\nand improve readability.\n","fileTypesAndContributionMap":{"java":{"insertions":1,"deletions":0}}},{"hash":"c1b061d4ed204ed58855c592db260e231a5c1b47","messageTitle":"bug fixes","messageBody":"","fileTypesAndContributionMap":{"java":{"insertions":2,"deletions":2}}}]}]},"authorFileTypeContributionMap":{"aditi2313":{"java":1269,"md":171,"fxml":63,"sh":0,"bat":1,"gradle":16,"txt":6}},"authorContributionVariance":{"aditi2313":39785.0},"authorDisplayNameMap":{"aditi2313":"CS2103T-W14-1 GUPT..DITI"}}
