{"authorDailyContributionsMap":{"Jacky142857":[{"date":"2022-01-20","commitResults":[{"hash":"458a361478c9594165b649566744129b31e1e801","messageTitle":"Level-1","messageBody":"","tags":["Level-1"],"fileTypesAndContributionMap":{"java":{"insertions":16,"deletions":6}}},{"hash":"6ffb857e85fe118164427a20eb6df4a3afb88ec8","messageTitle":"Level-2","messageBody":"","tags":["Level-2"],"fileTypesAndContributionMap":{"java":{"insertions":29,"deletions":2}}},{"hash":"610864b0ba989d08e2a2cbca662ba7338058a600","messageTitle":"Level-3","messageBody":"","tags":["Level-3"],"fileTypesAndContributionMap":{"java":{"insertions":22,"deletions":7}}},{"hash":"b926a7ba718bce188f239cc630cea7a3d1f32f92","messageTitle":"added event, deadline and todo subclass","messageBody":"","tags":["Level-4"],"fileTypesAndContributionMap":{"java":{"insertions":88,"deletions":7}}},{"hash":"58351dff78bb608ee330a3a30365c445d5a77899","messageTitle":"first/partial test case done","messageBody":"","tags":["A-TestUiTesting"],"fileTypesAndContributionMap":{"txt":{"insertions":8,"deletions":0},"bat":{"insertions":21,"deletions":0}}},{"hash":"470e22d0754e58f694b41cc7e0c3820dbec0b39e","messageTitle":"added more detailed tests","messageBody":"","tags":["A-TextUiTesting"],"fileTypesAndContributionMap":{"txt":{"insertions":12,"deletions":1},"java":{"insertions":6,"deletions":8}}},{"hash":"a1d96d86f07960722ffa09c736c4c3f1b7543faa","messageTitle":"some exceptions handled","messageBody":"","tags":["Level-5"],"fileTypesAndContributionMap":{"java":{"insertions":122,"deletions":48}}},{"hash":"7dcddbf1719e0e786bd911857399e5a05cdebffb","messageTitle":"delete function","messageBody":"","tags":["Level-6"],"fileTypesAndContributionMap":{"java":{"insertions":15,"deletions":1}}}]},{"date":"2022-01-24","commitResults":[{"hash":"ad24db8725ffd3f56c1dbacd9fef6e5c323189f4","messageTitle":"Add TaskList class","messageBody":"","fileTypesAndContributionMap":{"java":{"insertions":30,"deletions":6}}},{"hash":"b3d7954681a548b096afd056342d78e28f86d85e","messageTitle":"Add save function","messageBody":"","fileTypesAndContributionMap":{"java":{"insertions":62,"deletions":3}}},{"hash":"a2b430003a9099459890a517375079be92e4f7c3","messageTitle":"Revert \"Add save function\"","messageBody":"This reverts commit b3d7954681a548b096afd056342d78e28f86d85e.\n","fileTypesAndContributionMap":{"java":{"insertions":3,"deletions":62}}},{"hash":"daef008a08dda90001989d0958595a0c707379ec","messageTitle":"Add save function","messageBody":"","fileTypesAndContributionMap":{"java":{"insertions":57,"deletions":2}}},{"hash":"044d3b68f0482a0859659149f4e64c2ee7056045","messageTitle":"Add load function","messageBody":"","tags":["Level-7"],"fileTypesAndContributionMap":{"java":{"insertions":56,"deletions":3}}},{"hash":"a8b6ad80c3ed168078c50e896aefcda226185a14","messageTitle":"Add date recognization function if input time is a date","messageBody":"","tags":["Level-8"],"fileTypesAndContributionMap":{"java":{"insertions":56,"deletions":4}}}]},{"date":"2022-01-26","commitResults":[{"hash":"628ef96c973a0a896d728dc8df28d8e28b4589df","messageTitle":"Add Storage class and Parser class","messageBody":"","fileTypesAndContributionMap":{"java":{"insertions":180,"deletions":83}}},{"hash":"01dd8709582a815120a2d4407c3009d2219c4187","messageTitle":"Extract out Ui class, add more methods to Parser class","messageBody":"","fileTypesAndContributionMap":{"java":{"insertions":167,"deletions":139}}},{"hash":"504f62762a94af569de4aff37ad8f3f69abe1ddb","messageTitle":"Complete extraction of Parser, Ui, Storage class","messageBody":"","tags":["A-MoreOOP"],"fileTypesAndContributionMap":{"java":{"insertions":60,"deletions":38}}},{"hash":"89df0de1c8984cfbac4cf29eb4c73fd1e343bb3b","messageTitle":"Organize class into packages","messageBody":"Classes are organized into duke package, with 3 packages under it.\n\nduke package contains helper, exception and tasks package.\n","tags":["A-Packages"],"fileTypesAndContributionMap":{"txt":{"insertions":1,"deletions":1},"java":{"insertions":95,"deletions":38},"bat":{"insertions":1,"deletions":1}}}]},{"date":"2022-01-29","commitResults":[{"hash":"ab717430bf0b12944b0b7a63cce1715146a3b36f","messageTitle":"Add Junit Test with Gradle","messageBody":"Test methods in Todo and Parser class\n","tags":["A-Jar","A-JUnit"],"fileTypesAndContributionMap":{"txt":{"insertions":0,"deletions":19},"java":{"insertions":33,"deletions":0},"bat":{"insertions":0,"deletions":21}}},{"hash":"0f5523f6b5bcfeff991d2f87c4d9378743f84cd7","messageTitle":"Modify the files in accordance to coding standards","messageBody":"","tags":["A-CodingStandard"],"fileTypesAndContributionMap":{"java":{"insertions":33,"deletions":101}}}]},{"date":"2022-01-30","commitResults":[{"hash":"e1ccd06b2da82c91e44724356cdd3691488ac348","messageTitle":"Add JavaDoc to classes and methods","messageBody":"","tags":["A-JavaDoc"],"fileTypesAndContributionMap":{"java":{"insertions":106,"deletions":2}}},{"hash":"d155bba5d1e680a8f46cb27d0a71e8f62f32826c","messageTitle":"Implement find function to search for a keyword","messageBody":"","tags":["Level-9"],"fileTypesAndContributionMap":{"java":{"insertions":26,"deletions":1}}}]},{"date":"2022-01-31","commitResults":[{"hash":"30e370e6210a6093916b00f07a2756b2c82c2986","messageTitle":"Add gradle to automate build and test","messageBody":"","tags":["A-Gradle"],"fileTypesAndContributionMap":{"gradle":{"insertions":16,"deletions":0},"txt":{"insertions":3,"deletions":0},"bat":{"insertions":89,"deletions":0}}},{"hash":"908e7d265c4d171c85479ebcfa5e9443ce3901ff","messageTitle":"Add more JavaDoc comments","messageBody":"","fileTypesAndContributionMap":{"java":{"insertions":68,"deletions":10}}}]},{"date":"2022-02-05","commitResults":[{"hash":"996fad5d0e3e68c5bf386ac5b5c5f6e5e578db8e","messageTitle":"Implement level-10 GUI for Duke","messageBody":"","fileTypesAndContributionMap":{"gradle":{"insertions":25,"deletions":1},"txt":{"insertions":6,"deletions":1},"fxml":{"insertions":35,"deletions":0},"java":{"insertions":260,"deletions":21}}}]},{"date":"2022-02-08","commitResults":[{"hash":"24c377b58e4b320d73d475cac8016490f86056f0","messageTitle":"Add welcome and goodbye message to GUI","messageBody":"The welcome and goodbye message of GUI is missing.\n\nUsers will not find this application interactive as it shows nothing at\nthe start and close abruptly at the end.\n\nAdding a greeting message at the start makes the user feel more welcomed\nand adding a goodbye message and a 1.5 second delay before closing will\nmake the experience of user more natural.\n","tags":["A-FullCommitMessage"],"fileTypesAndContributionMap":{"java":{"insertions":29,"deletions":5}}}]},{"date":"2022-02-10","commitResults":[{"hash":"c8d0cceb858e490a7e355df24631e454bae2ac47","messageTitle":"Add assertions to Parser.java","messageBody":"Assertions are made to make sure the logic of storing tasks into file is\nimplemented correctly.\n\nEach line of the file should begin with one of the \u0027E\u0027, \u0027T\u0027, or \u0027D\u0027. And\nassertion also checks that each line has correct number of components\nseparated by delimeter \u0027|\u0027.\n","tags":["A-Assertions"],"fileTypesAndContributionMap":{"gradle":{"insertions":5,"deletions":1},"java":{"insertions":10,"deletions":6}}},{"hash":"125b4cfb65011871e5d6c97228bf8e12f8f0923c","messageTitle":"Improve code quality of the code","messageBody":"code in Parser.java are reordered to remove nesting, variables \u0027ld\u0027 are\nrenamed to \u0027localDate\u0027 to improve readability. Greet method are\nextracted out from MainWindow.java to follow SLAP.\n","tags":["A-CodeQuality"],"fileTypesAndContributionMap":{"java":{"insertions":64,"deletions":67}}},{"hash":"34b0ce02dfef4c70690980a966df01964be42cd0","messageTitle":"Remove useless code in Ui.java since we already have GUI.","messageBody":"","fileTypesAndContributionMap":{"java":{"insertions":4,"deletions":37}}}]},{"date":"2022-02-11","commitResults":[{"hash":"3eb97ec6aed756e3054c18f04c693b34d2066bb7","messageTitle":"Implement C-Archive function","messageBody":"Sometimes user might want to start a new task list while still keeping\na copy of their previous task list, they can use archive function to\nachieve this.\n\nUser can archive their task list by typing \u0027archive\u0027 and add their\narchived list back to the task list they are working with by typing\n\u0027unarchive\u0027.\n","tags":["BCD-Extention"],"fileTypesAndContributionMap":{"java":{"insertions":31,"deletions":5}}}]}]},"authorFileTypeContributionMap":{"Jacky142857":{"java":1025,"md":0,"fxml":35,"sh":0,"bat":89,"gradle":44,"txt":8}},"authorContributionVariance":{"Jacky142857":32586.232},"authorDisplayNameMap":{"Jacky142857":"CS2103T-T11-2 BIAN..YUQI"}}
