[{"path":"src/main/java/Duke.java","fileType":"java","lines":[{"lineNumber":1,"author":{"gitId":"whoisjunhong"},"content":"import java.util.ArrayList;","lastModifiedDate":"2022-01-19"},{"lineNumber":2,"author":{"gitId":"whoisjunhong"},"content":"import java.util.Scanner;","lastModifiedDate":"2022-01-19"},{"lineNumber":3,"author":{"gitId":"whoisjunhong"},"content":"","lastModifiedDate":"2022-01-19"},{"lineNumber":4,"author":{"gitId":"-"},"content":"public class Duke {","lastModifiedDate":"2019-07-29"},{"lineNumber":5,"author":{"gitId":"-"},"content":"    public static void main(String[] args) {","lastModifiedDate":"2019-07-29"},{"lineNumber":6,"author":{"gitId":"whoisjunhong"},"content":"        Scanner sc \u003d new Scanner(System.in);","lastModifiedDate":"2022-01-19"},{"lineNumber":7,"author":{"gitId":"whoisjunhong"},"content":"        ArrayList\u003cTask\u003e arr \u003d new ArrayList\u003c\u003e();","lastModifiedDate":"2022-01-19"},{"lineNumber":8,"author":{"gitId":"whoisjunhong"},"content":"        int countId \u003d 1;","lastModifiedDate":"2022-01-19"},{"lineNumber":9,"author":{"gitId":"whoisjunhong"},"content":"","lastModifiedDate":"2022-01-19"},{"lineNumber":10,"author":{"gitId":"whoisjunhong"},"content":"        System.out.println(\"____________________________________________________________\" + \u0027\\n\u0027","lastModifiedDate":"2022-01-19"},{"lineNumber":11,"author":{"gitId":"whoisjunhong"},"content":"                + \"Hello! I\u0027m Duke\" + \u0027\\n\u0027","lastModifiedDate":"2022-01-19"},{"lineNumber":12,"author":{"gitId":"whoisjunhong"},"content":"                + \"What can I do for you?\" + \u0027\\n\u0027","lastModifiedDate":"2022-01-19"},{"lineNumber":13,"author":{"gitId":"whoisjunhong"},"content":"                + \"____________________________________________________________\");","lastModifiedDate":"2022-01-19"},{"lineNumber":14,"author":{"gitId":"whoisjunhong"},"content":"","lastModifiedDate":"2022-01-19"},{"lineNumber":15,"author":{"gitId":"whoisjunhong"},"content":"","lastModifiedDate":"2022-01-19"},{"lineNumber":16,"author":{"gitId":"whoisjunhong"},"content":"        while (sc.hasNext()) {","lastModifiedDate":"2022-01-19"},{"lineNumber":17,"author":{"gitId":"whoisjunhong"},"content":"            String curr \u003d sc.nextLine();","lastModifiedDate":"2022-01-19"},{"lineNumber":18,"author":{"gitId":"whoisjunhong"},"content":"            String strArr[] \u003d curr.split(\" \", 2);","lastModifiedDate":"2022-01-19"},{"lineNumber":19,"author":{"gitId":"whoisjunhong"},"content":"            String command \u003d strArr[0];","lastModifiedDate":"2022-01-19"},{"lineNumber":20,"author":{"gitId":"whoisjunhong"},"content":"","lastModifiedDate":"2022-01-19"},{"lineNumber":21,"author":{"gitId":"whoisjunhong"},"content":"            if (command.equals(\"list\")) {","lastModifiedDate":"2022-01-19"},{"lineNumber":22,"author":{"gitId":"whoisjunhong"},"content":"                displayList(arr);","lastModifiedDate":"2022-01-19"},{"lineNumber":23,"author":{"gitId":"whoisjunhong"},"content":"            } else if (command.equals(\"bye\")) {","lastModifiedDate":"2022-01-19"},{"lineNumber":24,"author":{"gitId":"whoisjunhong"},"content":"                break;","lastModifiedDate":"2022-01-19"},{"lineNumber":25,"author":{"gitId":"whoisjunhong"},"content":"            } else if (command.equals(\"mark\")) {","lastModifiedDate":"2022-01-19"},{"lineNumber":26,"author":{"gitId":"whoisjunhong"},"content":"                arr.get(Integer.parseInt(strArr[1]) - 1).status \u003d true;","lastModifiedDate":"2022-01-19"},{"lineNumber":27,"author":{"gitId":"whoisjunhong"},"content":"                System.out.println(\"Nice! I\u0027ve marked this task as done: \");","lastModifiedDate":"2022-01-19"},{"lineNumber":28,"author":{"gitId":"whoisjunhong"},"content":"                displayList(arr);","lastModifiedDate":"2022-01-19"},{"lineNumber":29,"author":{"gitId":"whoisjunhong"},"content":"            } else if (command.equals(\"unmark\")) {","lastModifiedDate":"2022-01-19"},{"lineNumber":30,"author":{"gitId":"whoisjunhong"},"content":"                arr.get(Integer.parseInt(strArr[1]) - 1).status \u003d false;","lastModifiedDate":"2022-01-19"},{"lineNumber":31,"author":{"gitId":"whoisjunhong"},"content":"                System.out.println(\"OK, I\u0027ve marked this task as not done yet: \");","lastModifiedDate":"2022-01-19"},{"lineNumber":32,"author":{"gitId":"whoisjunhong"},"content":"                displayList(arr);","lastModifiedDate":"2022-01-19"},{"lineNumber":33,"author":{"gitId":"whoisjunhong"},"content":"            } else {","lastModifiedDate":"2022-01-19"},{"lineNumber":34,"author":{"gitId":"whoisjunhong"},"content":"                arr.add(new Task(countId, curr, false));","lastModifiedDate":"2022-01-19"},{"lineNumber":35,"author":{"gitId":"whoisjunhong"},"content":"                System.out.println(\"added: \" + curr);","lastModifiedDate":"2022-01-19"},{"lineNumber":36,"author":{"gitId":"whoisjunhong"},"content":"                countId++;","lastModifiedDate":"2022-01-19"},{"lineNumber":37,"author":{"gitId":"whoisjunhong"},"content":"            }","lastModifiedDate":"2022-01-19"},{"lineNumber":38,"author":{"gitId":"whoisjunhong"},"content":"        }","lastModifiedDate":"2022-01-19"},{"lineNumber":39,"author":{"gitId":"whoisjunhong"},"content":"        System.out.println(\"____________________________________________________________\" + \u0027\\n\u0027","lastModifiedDate":"2022-01-19"},{"lineNumber":40,"author":{"gitId":"whoisjunhong"},"content":"                + \"Bye. Hope to see you again soon!\" + \u0027\\n\u0027","lastModifiedDate":"2022-01-19"},{"lineNumber":41,"author":{"gitId":"whoisjunhong"},"content":"                + \"____________________________________________________________\");","lastModifiedDate":"2022-01-19"},{"lineNumber":42,"author":{"gitId":"-"},"content":"    }","lastModifiedDate":"2019-07-29"},{"lineNumber":43,"author":{"gitId":"whoisjunhong"},"content":"","lastModifiedDate":"2022-01-19"},{"lineNumber":44,"author":{"gitId":"whoisjunhong"},"content":"    public static void displayList(ArrayList\u003cTask\u003e arr) {","lastModifiedDate":"2022-01-19"},{"lineNumber":45,"author":{"gitId":"whoisjunhong"},"content":"        for (int i \u003d 0; i \u003c arr.size(); i++) {","lastModifiedDate":"2022-01-19"},{"lineNumber":46,"author":{"gitId":"whoisjunhong"},"content":"            Task currentTask \u003d arr.get(i);","lastModifiedDate":"2022-01-19"},{"lineNumber":47,"author":{"gitId":"whoisjunhong"},"content":"            System.out.println(currentTask.toString());","lastModifiedDate":"2022-01-19"},{"lineNumber":48,"author":{"gitId":"whoisjunhong"},"content":"        }","lastModifiedDate":"2022-01-19"},{"lineNumber":49,"author":{"gitId":"-"},"content":"    }","lastModifiedDate":"2022-01-19"},{"lineNumber":50,"author":{"gitId":"-"},"content":"}","lastModifiedDate":"2019-07-29"}],"authorContributionMap":{"whoisjunhong":45,"-":5}},{"path":"src/main/java/Task.java","fileType":"java","lines":[{"lineNumber":1,"author":{"gitId":"whoisjunhong"},"content":"public class Task {","lastModifiedDate":"2022-01-19"},{"lineNumber":2,"author":{"gitId":"whoisjunhong"},"content":"","lastModifiedDate":"2022-01-19"},{"lineNumber":3,"author":{"gitId":"whoisjunhong"},"content":"    int id;","lastModifiedDate":"2022-01-19"},{"lineNumber":4,"author":{"gitId":"whoisjunhong"},"content":"    String name;","lastModifiedDate":"2022-01-19"},{"lineNumber":5,"author":{"gitId":"whoisjunhong"},"content":"    boolean status;","lastModifiedDate":"2022-01-19"},{"lineNumber":6,"author":{"gitId":"whoisjunhong"},"content":"","lastModifiedDate":"2022-01-19"},{"lineNumber":7,"author":{"gitId":"whoisjunhong"},"content":"    public Task(int id, String name, boolean status) {","lastModifiedDate":"2022-01-19"},{"lineNumber":8,"author":{"gitId":"whoisjunhong"},"content":"        this.id \u003d id;","lastModifiedDate":"2022-01-19"},{"lineNumber":9,"author":{"gitId":"whoisjunhong"},"content":"        this.name \u003d name;","lastModifiedDate":"2022-01-19"},{"lineNumber":10,"author":{"gitId":"whoisjunhong"},"content":"        this.status \u003d status;","lastModifiedDate":"2022-01-19"},{"lineNumber":11,"author":{"gitId":"whoisjunhong"},"content":"    }","lastModifiedDate":"2022-01-19"},{"lineNumber":12,"author":{"gitId":"whoisjunhong"},"content":"","lastModifiedDate":"2022-01-19"},{"lineNumber":13,"author":{"gitId":"whoisjunhong"},"content":"    @Override","lastModifiedDate":"2022-01-19"},{"lineNumber":14,"author":{"gitId":"whoisjunhong"},"content":"    public String toString() {","lastModifiedDate":"2022-01-19"},{"lineNumber":15,"author":{"gitId":"whoisjunhong"},"content":"        String currentStatus \u003d this.status \u003d\u003d true ? \"X\" : \" \";","lastModifiedDate":"2022-01-19"},{"lineNumber":16,"author":{"gitId":"whoisjunhong"},"content":"        String output \u003d id + \". \"","lastModifiedDate":"2022-01-19"},{"lineNumber":17,"author":{"gitId":"whoisjunhong"},"content":"                + \"[\" + currentStatus + \"] \"","lastModifiedDate":"2022-01-19"},{"lineNumber":18,"author":{"gitId":"whoisjunhong"},"content":"                + this.name;","lastModifiedDate":"2022-01-19"},{"lineNumber":19,"author":{"gitId":"whoisjunhong"},"content":"","lastModifiedDate":"2022-01-19"},{"lineNumber":20,"author":{"gitId":"whoisjunhong"},"content":"        return output;","lastModifiedDate":"2022-01-19"},{"lineNumber":21,"author":{"gitId":"whoisjunhong"},"content":"    }","lastModifiedDate":"2022-01-19"},{"lineNumber":22,"author":{"gitId":"whoisjunhong"},"content":"}","lastModifiedDate":"2022-01-19"}],"authorContributionMap":{"whoisjunhong":22}}]
