[{"path":"data/duke.txt","fileType":"txt","lines":[{"lineNumber":1,"author":{"gitId":"e0543517"},"content":"Here are the tasks in your list:","lastModifiedDate":"2022-01-26"},{"lineNumber":2,"author":{"gitId":"e0543517"},"content":"1. [T][ ] borrow book","lastModifiedDate":"2022-01-26"},{"lineNumber":3,"author":{"gitId":"e0543517"},"content":"2. [D][ ] return book (by: Mar 23 2022 6:00 PM)","lastModifiedDate":"2022-01-28"},{"lineNumber":4,"author":{"gitId":"e0543517"},"content":"3. [E][ ] watch movie (at: Sun 2-4pm)","lastModifiedDate":"2022-01-28"}],"authorContributionMap":{"e0543517":4}},{"path":"src/main/java/Duke.java","fileType":"java","lines":[{"lineNumber":1,"author":{"gitId":"e0543517"},"content":"import duke.Storage;","lastModifiedDate":"2022-01-28"},{"lineNumber":2,"author":{"gitId":"e0543517"},"content":"import duke.List;","lastModifiedDate":"2022-01-28"},{"lineNumber":3,"author":{"gitId":"e0543517"},"content":"import duke.Ui;","lastModifiedDate":"2022-01-28"},{"lineNumber":4,"author":{"gitId":"e0543517"},"content":"import duke.command.*;","lastModifiedDate":"2022-01-28"},{"lineNumber":5,"author":{"gitId":"e0543517"},"content":"import duke.Parser;","lastModifiedDate":"2022-01-28"},{"lineNumber":6,"author":{"gitId":"e0543517"},"content":"import duke.exception.DukeException;","lastModifiedDate":"2022-01-28"},{"lineNumber":7,"author":{"gitId":"e0543517"},"content":"import java.io.FileNotFoundException;","lastModifiedDate":"2022-01-26"},{"lineNumber":8,"author":{"gitId":"e0543517"},"content":"import java.io.IOException;","lastModifiedDate":"2022-01-26"},{"lineNumber":9,"author":{"gitId":"e0543517"},"content":"","lastModifiedDate":"2022-01-17"},{"lineNumber":10,"author":{"gitId":"-"},"content":"public class Duke {","lastModifiedDate":"2022-01-27"},{"lineNumber":11,"author":{"gitId":"e0543517"},"content":"","lastModifiedDate":"2022-01-18"},{"lineNumber":12,"author":{"gitId":"e0543517"},"content":"    private Storage storage;","lastModifiedDate":"2022-01-27"},{"lineNumber":13,"author":{"gitId":"e0543517"},"content":"    private List tasks;","lastModifiedDate":"2022-01-27"},{"lineNumber":14,"author":{"gitId":"e0543517"},"content":"    private Ui ui;","lastModifiedDate":"2022-01-27"},{"lineNumber":15,"author":{"gitId":"e0543517"},"content":"","lastModifiedDate":"2022-01-17"},{"lineNumber":16,"author":{"gitId":"e0543517"},"content":"    public Duke(String filePath) throws FileNotFoundException{","lastModifiedDate":"2022-01-27"},{"lineNumber":17,"author":{"gitId":"e0543517"},"content":"        ui \u003d new Ui();","lastModifiedDate":"2022-01-27"},{"lineNumber":18,"author":{"gitId":"e0543517"},"content":"        storage \u003d new Storage(filePath);","lastModifiedDate":"2022-01-27"},{"lineNumber":19,"author":{"gitId":"e0543517"},"content":"        tasks \u003d new List(storage.load());","lastModifiedDate":"2022-01-27"},{"lineNumber":20,"author":{"gitId":"e0543517"},"content":"    }","lastModifiedDate":"2022-01-18"},{"lineNumber":21,"author":{"gitId":"e0543517"},"content":"","lastModifiedDate":"2022-01-18"},{"lineNumber":22,"author":{"gitId":"e0543517"},"content":"    public void run() throws IOException {","lastModifiedDate":"2022-01-27"},{"lineNumber":23,"author":{"gitId":"e0543517"},"content":"        ui.greetUser();","lastModifiedDate":"2022-01-27"},{"lineNumber":24,"author":{"gitId":"e0543517"},"content":"        try {","lastModifiedDate":"2022-01-26"},{"lineNumber":25,"author":{"gitId":"e0543517"},"content":"            storage.printFileContent(\"data/duke.txt\");","lastModifiedDate":"2022-01-27"},{"lineNumber":26,"author":{"gitId":"e0543517"},"content":"        } catch (IOException e) {","lastModifiedDate":"2022-01-26"},{"lineNumber":27,"author":{"gitId":"e0543517"},"content":"        }","lastModifiedDate":"2022-01-18"},{"lineNumber":28,"author":{"gitId":"e0543517"},"content":"        boolean isExit \u003d false;","lastModifiedDate":"2022-01-27"},{"lineNumber":29,"author":{"gitId":"e0543517"},"content":"        while (!isExit) {","lastModifiedDate":"2022-01-27"},{"lineNumber":30,"author":{"gitId":"e0543517"},"content":"            try {","lastModifiedDate":"2022-01-26"},{"lineNumber":31,"author":{"gitId":"e0543517"},"content":"                String fullCommand \u003d ui.processCommand();","lastModifiedDate":"2022-01-27"},{"lineNumber":32,"author":{"gitId":"e0543517"},"content":"                Command c \u003d Parser.parseUserInput(fullCommand);","lastModifiedDate":"2022-01-27"},{"lineNumber":33,"author":{"gitId":"e0543517"},"content":"                c.execute(tasks, ui, storage);","lastModifiedDate":"2022-01-27"},{"lineNumber":34,"author":{"gitId":"e0543517"},"content":"                isExit \u003d c.getIsExit();","lastModifiedDate":"2022-01-27"},{"lineNumber":35,"author":{"gitId":"e0543517"},"content":"            } catch (DukeException e) {","lastModifiedDate":"2022-01-27"},{"lineNumber":36,"author":{"gitId":"e0543517"},"content":"                System.out.println(e.getMessage());","lastModifiedDate":"2022-01-26"},{"lineNumber":37,"author":{"gitId":"e0543517"},"content":"            }","lastModifiedDate":"2022-01-26"},{"lineNumber":38,"author":{"gitId":"e0543517"},"content":"        }","lastModifiedDate":"2022-01-18"},{"lineNumber":39,"author":{"gitId":"e0543517"},"content":"    }","lastModifiedDate":"2022-01-18"},{"lineNumber":40,"author":{"gitId":"e0543517"},"content":"    public static void main(String[] args) throws IOException {","lastModifiedDate":"2022-01-27"},{"lineNumber":41,"author":{"gitId":"e0543517"},"content":"        Duke duke \u003d new Duke(\"data/duke.txt\");","lastModifiedDate":"2022-01-27"},{"lineNumber":42,"author":{"gitId":"e0543517"},"content":"        duke.run();","lastModifiedDate":"2022-01-27"},{"lineNumber":43,"author":{"gitId":"-"},"content":"    }","lastModifiedDate":"2022-01-26"},{"lineNumber":44,"author":{"gitId":"-"},"content":"}","lastModifiedDate":"2019-07-29"}],"authorContributionMap":{"e0543517":41,"-":3}},{"path":"src/main/java/duke/List.java","fileType":"java","lines":[{"lineNumber":1,"author":{"gitId":"e0543517"},"content":"package duke;","lastModifiedDate":"2022-01-28"},{"lineNumber":2,"author":{"gitId":"e0543517"},"content":"","lastModifiedDate":"2022-01-28"},{"lineNumber":3,"author":{"gitId":"e0543517"},"content":"import duke.exception.ListException;","lastModifiedDate":"2022-01-28"},{"lineNumber":4,"author":{"gitId":"e0543517"},"content":"import duke.task.*;","lastModifiedDate":"2022-01-28"},{"lineNumber":5,"author":{"gitId":"e0543517"},"content":"import java.time.LocalDateTime;","lastModifiedDate":"2022-01-26"},{"lineNumber":6,"author":{"gitId":"e0543517"},"content":"import java.util.ArrayList;","lastModifiedDate":"2022-01-28"},{"lineNumber":7,"author":{"gitId":"e0543517"},"content":"","lastModifiedDate":"2022-01-17"},{"lineNumber":8,"author":{"gitId":"e0543517"},"content":"/**","lastModifiedDate":"2022-01-17"},{"lineNumber":9,"author":{"gitId":"e0543517"},"content":" * This class encapsulates a list of Tasks input from the user which is stored in an Array List.","lastModifiedDate":"2022-01-17"},{"lineNumber":10,"author":{"gitId":"e0543517"},"content":" */","lastModifiedDate":"2022-01-17"},{"lineNumber":11,"author":{"gitId":"e0543517"},"content":"public class List {","lastModifiedDate":"2022-01-17"},{"lineNumber":12,"author":{"gitId":"e0543517"},"content":"    private ArrayList\u003cTask\u003e arrayList;//Array List to store the tasks.","lastModifiedDate":"2022-01-18"},{"lineNumber":13,"author":{"gitId":"e0543517"},"content":"","lastModifiedDate":"2022-01-17"},{"lineNumber":14,"author":{"gitId":"e0543517"},"content":"    public List() {","lastModifiedDate":"2022-01-27"},{"lineNumber":15,"author":{"gitId":"e0543517"},"content":"        this.arrayList \u003d new ArrayList\u003c\u003e();","lastModifiedDate":"2022-01-27"},{"lineNumber":16,"author":{"gitId":"e0543517"},"content":"    }","lastModifiedDate":"2022-01-27"},{"lineNumber":17,"author":{"gitId":"e0543517"},"content":"","lastModifiedDate":"2022-01-27"},{"lineNumber":18,"author":{"gitId":"e0543517"},"content":"    public List(ArrayList\u003cTask\u003e list) {","lastModifiedDate":"2022-01-27"},{"lineNumber":19,"author":{"gitId":"e0543517"},"content":"        this.arrayList \u003d list;","lastModifiedDate":"2022-01-27"},{"lineNumber":20,"author":{"gitId":"e0543517"},"content":"    }","lastModifiedDate":"2022-01-18"},{"lineNumber":21,"author":{"gitId":"e0543517"},"content":"","lastModifiedDate":"2022-01-18"},{"lineNumber":22,"author":{"gitId":"e0543517"},"content":"    /**","lastModifiedDate":"2022-01-20"},{"lineNumber":23,"author":{"gitId":"e0543517"},"content":"     * This method returns the arraylist of Tasks.","lastModifiedDate":"2022-01-20"},{"lineNumber":24,"author":{"gitId":"e0543517"},"content":"     * @return returns arraylist of Tasks.","lastModifiedDate":"2022-01-20"},{"lineNumber":25,"author":{"gitId":"e0543517"},"content":"     */","lastModifiedDate":"2022-01-20"},{"lineNumber":26,"author":{"gitId":"e0543517"},"content":"    public ArrayList\u003cTask\u003e getArrayList() {","lastModifiedDate":"2022-01-18"},{"lineNumber":27,"author":{"gitId":"e0543517"},"content":"        return this.arrayList;","lastModifiedDate":"2022-01-18"},{"lineNumber":28,"author":{"gitId":"e0543517"},"content":"    }","lastModifiedDate":"2022-01-18"},{"lineNumber":29,"author":{"gitId":"e0543517"},"content":"","lastModifiedDate":"2022-01-18"},{"lineNumber":30,"author":{"gitId":"e0543517"},"content":"    /**","lastModifiedDate":"2022-01-18"},{"lineNumber":31,"author":{"gitId":"e0543517"},"content":"     * This method marks a task at a specific index in the list as done.","lastModifiedDate":"2022-01-18"},{"lineNumber":32,"author":{"gitId":"e0543517"},"content":"     * @param index index of the task to be marked done in the array list of list","lastModifiedDate":"2022-01-20"},{"lineNumber":33,"author":{"gitId":"e0543517"},"content":"     */","lastModifiedDate":"2022-01-18"},{"lineNumber":34,"author":{"gitId":"e0543517"},"content":"    public void markDone(int index) {","lastModifiedDate":"2022-01-27"},{"lineNumber":35,"author":{"gitId":"e0543517"},"content":"        Task task \u003d arrayList.get(index);","lastModifiedDate":"2022-01-18"},{"lineNumber":36,"author":{"gitId":"e0543517"},"content":"        task.markDone();","lastModifiedDate":"2022-01-18"},{"lineNumber":37,"author":{"gitId":"e0543517"},"content":"    }","lastModifiedDate":"2022-01-18"},{"lineNumber":38,"author":{"gitId":"e0543517"},"content":"","lastModifiedDate":"2022-01-18"},{"lineNumber":39,"author":{"gitId":"e0543517"},"content":"    /**","lastModifiedDate":"2022-01-18"},{"lineNumber":40,"author":{"gitId":"e0543517"},"content":"     * This method marks a task at a specific index in the list as not done.","lastModifiedDate":"2022-01-18"},{"lineNumber":41,"author":{"gitId":"e0543517"},"content":"     * @param index index of the task to be marked as not done in the array list of list.","lastModifiedDate":"2022-01-20"},{"lineNumber":42,"author":{"gitId":"e0543517"},"content":"     */","lastModifiedDate":"2022-01-18"},{"lineNumber":43,"author":{"gitId":"e0543517"},"content":"    public void unmarkDone(int index) {","lastModifiedDate":"2022-01-27"},{"lineNumber":44,"author":{"gitId":"e0543517"},"content":"        Task task \u003d arrayList.get(index);","lastModifiedDate":"2022-01-18"},{"lineNumber":45,"author":{"gitId":"e0543517"},"content":"        task.unmarkDone();","lastModifiedDate":"2022-01-18"},{"lineNumber":46,"author":{"gitId":"e0543517"},"content":"    }","lastModifiedDate":"2022-01-17"},{"lineNumber":47,"author":{"gitId":"e0543517"},"content":"","lastModifiedDate":"2022-01-17"},{"lineNumber":48,"author":{"gitId":"e0543517"},"content":"    /**","lastModifiedDate":"2022-01-17"},{"lineNumber":49,"author":{"gitId":"e0543517"},"content":"     *This method adds a todo task, deadline task or event task to the list.","lastModifiedDate":"2022-01-20"},{"lineNumber":50,"author":{"gitId":"e0543517"},"content":"     * @param taskType Enum Tasks","lastModifiedDate":"2022-01-20"},{"lineNumber":51,"author":{"gitId":"e0543517"},"content":"     * @param description Description of task","lastModifiedDate":"2022-01-20"},{"lineNumber":52,"author":{"gitId":"e0543517"},"content":"     * @param timing date/time for Deadline and event task","lastModifiedDate":"2022-01-20"},{"lineNumber":53,"author":{"gitId":"e0543517"},"content":"     */","lastModifiedDate":"2022-01-17"},{"lineNumber":54,"author":{"gitId":"e0543517"},"content":"    public void add(Tasks taskType, String description, String timing) {","lastModifiedDate":"2022-01-27"},{"lineNumber":55,"author":{"gitId":"e0543517"},"content":"        switch (taskType) {","lastModifiedDate":"2022-01-20"},{"lineNumber":56,"author":{"gitId":"e0543517"},"content":"            case TODO:","lastModifiedDate":"2022-01-20"},{"lineNumber":57,"author":{"gitId":"e0543517"},"content":"                ToDo toDo \u003d new ToDo(description);","lastModifiedDate":"2022-01-20"},{"lineNumber":58,"author":{"gitId":"e0543517"},"content":"                arrayList.add(toDo);","lastModifiedDate":"2022-01-20"},{"lineNumber":59,"author":{"gitId":"e0543517"},"content":"                break;","lastModifiedDate":"2022-01-27"},{"lineNumber":60,"author":{"gitId":"e0543517"},"content":"            case EVENT:","lastModifiedDate":"2022-01-20"},{"lineNumber":61,"author":{"gitId":"e0543517"},"content":"                Event event \u003d new Event(description, timing);","lastModifiedDate":"2022-01-20"},{"lineNumber":62,"author":{"gitId":"e0543517"},"content":"                arrayList.add(event);","lastModifiedDate":"2022-01-20"},{"lineNumber":63,"author":{"gitId":"e0543517"},"content":"                break;","lastModifiedDate":"2022-01-27"},{"lineNumber":64,"author":{"gitId":"e0543517"},"content":"        }","lastModifiedDate":"2022-01-20"},{"lineNumber":65,"author":{"gitId":"e0543517"},"content":"    }","lastModifiedDate":"2022-01-17"},{"lineNumber":66,"author":{"gitId":"e0543517"},"content":"","lastModifiedDate":"2022-01-17"},{"lineNumber":67,"author":{"gitId":"e0543517"},"content":"    public void add(Tasks taskType, String description, LocalDateTime date) {","lastModifiedDate":"2022-01-27"},{"lineNumber":68,"author":{"gitId":"e0543517"},"content":"        Deadline deadline \u003d new Deadline(description, date);","lastModifiedDate":"2022-01-26"},{"lineNumber":69,"author":{"gitId":"e0543517"},"content":"        arrayList.add(deadline);","lastModifiedDate":"2022-01-26"},{"lineNumber":70,"author":{"gitId":"e0543517"},"content":"    }","lastModifiedDate":"2022-01-26"},{"lineNumber":71,"author":{"gitId":"e0543517"},"content":"","lastModifiedDate":"2022-01-26"},{"lineNumber":72,"author":{"gitId":"e0543517"},"content":"    /**","lastModifiedDate":"2022-01-20"},{"lineNumber":73,"author":{"gitId":"e0543517"},"content":"     * This method deletes a task from the list.","lastModifiedDate":"2022-01-20"},{"lineNumber":74,"author":{"gitId":"e0543517"},"content":"     * @param index index of the task in the list.","lastModifiedDate":"2022-01-20"},{"lineNumber":75,"author":{"gitId":"e0543517"},"content":"     * @return returns the task deleted","lastModifiedDate":"2022-01-20"},{"lineNumber":76,"author":{"gitId":"e0543517"},"content":"     * @throws ListException catches an exception when the index is out of bound.","lastModifiedDate":"2022-01-20"},{"lineNumber":77,"author":{"gitId":"e0543517"},"content":"     */","lastModifiedDate":"2022-01-20"},{"lineNumber":78,"author":{"gitId":"e0543517"},"content":"    public Task delete(int index) throws ListException{","lastModifiedDate":"2022-01-18"},{"lineNumber":79,"author":{"gitId":"e0543517"},"content":"        if (index \u003c 1 || index \u003e arrayList.size()) {","lastModifiedDate":"2022-01-18"},{"lineNumber":80,"author":{"gitId":"e0543517"},"content":"            throw new ListException(\"Sorry. The task you indicated cannot be found.\\n\" +","lastModifiedDate":"2022-01-18"},{"lineNumber":81,"author":{"gitId":"e0543517"},"content":"                                    \"Please enter a new task.\");","lastModifiedDate":"2022-01-18"},{"lineNumber":82,"author":{"gitId":"e0543517"},"content":"        } else {","lastModifiedDate":"2022-01-18"},{"lineNumber":83,"author":{"gitId":"e0543517"},"content":"            return arrayList.remove(index - 1);","lastModifiedDate":"2022-01-18"},{"lineNumber":84,"author":{"gitId":"e0543517"},"content":"        }","lastModifiedDate":"2022-01-18"},{"lineNumber":85,"author":{"gitId":"e0543517"},"content":"    }","lastModifiedDate":"2022-01-18"},{"lineNumber":86,"author":{"gitId":"e0543517"},"content":"","lastModifiedDate":"2022-01-20"},{"lineNumber":87,"author":{"gitId":"e0543517"},"content":"    public Task getLast() {","lastModifiedDate":"2022-01-27"},{"lineNumber":88,"author":{"gitId":"e0543517"},"content":"        return arrayList.get(arrayList.size() - 1);","lastModifiedDate":"2022-01-27"},{"lineNumber":89,"author":{"gitId":"e0543517"},"content":"    }","lastModifiedDate":"2022-01-27"},{"lineNumber":90,"author":{"gitId":"e0543517"},"content":"","lastModifiedDate":"2022-01-26"},{"lineNumber":91,"author":{"gitId":"e0543517"},"content":"    /**","lastModifiedDate":"2022-01-17"},{"lineNumber":92,"author":{"gitId":"e0543517"},"content":"     *","lastModifiedDate":"2022-01-17"},{"lineNumber":93,"author":{"gitId":"e0543517"},"content":"     * @return Returns a string which displays the list of tasks in order of them being added.","lastModifiedDate":"2022-01-18"},{"lineNumber":94,"author":{"gitId":"e0543517"},"content":"     */","lastModifiedDate":"2022-01-17"},{"lineNumber":95,"author":{"gitId":"e0543517"},"content":"    @Override","lastModifiedDate":"2022-01-17"},{"lineNumber":96,"author":{"gitId":"e0543517"},"content":"    public String toString() {","lastModifiedDate":"2022-01-17"},{"lineNumber":97,"author":{"gitId":"e0543517"},"content":"        String str \u003d \"Here are the tasks in your list:\\n\";","lastModifiedDate":"2022-01-18"},{"lineNumber":98,"author":{"gitId":"e0543517"},"content":"        for (int i \u003d 0; i \u003c this.arrayList.size(); i++) {","lastModifiedDate":"2022-01-27"},{"lineNumber":99,"author":{"gitId":"e0543517"},"content":"            int index \u003d i + 1;","lastModifiedDate":"2022-01-17"},{"lineNumber":100,"author":{"gitId":"e0543517"},"content":"            str \u003d str + index + \". \" + this.arrayList.get(i).toString() + \"\\n\";","lastModifiedDate":"2022-01-27"},{"lineNumber":101,"author":{"gitId":"e0543517"},"content":"        }","lastModifiedDate":"2022-01-17"},{"lineNumber":102,"author":{"gitId":"e0543517"},"content":"        return str;","lastModifiedDate":"2022-01-17"},{"lineNumber":103,"author":{"gitId":"e0543517"},"content":"    }","lastModifiedDate":"2022-01-17"},{"lineNumber":104,"author":{"gitId":"e0543517"},"content":"}","lastModifiedDate":"2022-01-17"}],"authorContributionMap":{"e0543517":104}},{"path":"src/main/java/duke/Parser.java","fileType":"java","lines":[{"lineNumber":1,"author":{"gitId":"e0543517"},"content":"package duke;","lastModifiedDate":"2022-01-28"},{"lineNumber":2,"author":{"gitId":"e0543517"},"content":"","lastModifiedDate":"2022-01-28"},{"lineNumber":3,"author":{"gitId":"e0543517"},"content":"import duke.command.*;","lastModifiedDate":"2022-01-28"},{"lineNumber":4,"author":{"gitId":"e0543517"},"content":"import duke.task.Tasks;","lastModifiedDate":"2022-01-28"},{"lineNumber":5,"author":{"gitId":"e0543517"},"content":"import duke.exception.DukeException;","lastModifiedDate":"2022-01-28"},{"lineNumber":6,"author":{"gitId":"e0543517"},"content":"import java.time.LocalDateTime;","lastModifiedDate":"2022-01-27"},{"lineNumber":7,"author":{"gitId":"e0543517"},"content":"import java.time.format.DateTimeFormatter;","lastModifiedDate":"2022-01-27"},{"lineNumber":8,"author":{"gitId":"e0543517"},"content":"","lastModifiedDate":"2022-01-27"},{"lineNumber":9,"author":{"gitId":"e0543517"},"content":"public class Parser {","lastModifiedDate":"2022-01-27"},{"lineNumber":10,"author":{"gitId":"e0543517"},"content":"","lastModifiedDate":"2022-01-27"},{"lineNumber":11,"author":{"gitId":"e0543517"},"content":"    private static void checkIfUserInputValid(String userInput) throws DukeException {","lastModifiedDate":"2022-01-27"},{"lineNumber":12,"author":{"gitId":"e0543517"},"content":"        String str \u003d userInput.trim();","lastModifiedDate":"2022-01-27"},{"lineNumber":13,"author":{"gitId":"e0543517"},"content":"        if (str.equals(\"todo\") || str.equals(\"deadline\") || str.equals(\"event\")) {","lastModifiedDate":"2022-01-27"},{"lineNumber":14,"author":{"gitId":"e0543517"},"content":"            throw new DukeException((\"OOPS!!! The description of a \" + str + \" cannot be empty.\"));","lastModifiedDate":"2022-01-27"},{"lineNumber":15,"author":{"gitId":"e0543517"},"content":"        }","lastModifiedDate":"2022-01-27"},{"lineNumber":16,"author":{"gitId":"e0543517"},"content":"","lastModifiedDate":"2022-01-27"},{"lineNumber":17,"author":{"gitId":"e0543517"},"content":"        if (!(userInput.startsWith(\"list\") || userInput.startsWith(\"mark\") || userInput.startsWith(\"unmark\")","lastModifiedDate":"2022-01-27"},{"lineNumber":18,"author":{"gitId":"e0543517"},"content":"            || userInput.startsWith(\"delete\") || userInput.startsWith(\"todo\") || userInput.startsWith(\"event\")","lastModifiedDate":"2022-01-27"},{"lineNumber":19,"author":{"gitId":"e0543517"},"content":"            || userInput.startsWith(\"deadline\") || userInput.equals(\"bye\"))) {","lastModifiedDate":"2022-01-27"},{"lineNumber":20,"author":{"gitId":"e0543517"},"content":"            throw new DukeException(\"\\\"OOPS!!! I\u0027m sorry, but I don\u0027t know what that means :-(\\\"\");","lastModifiedDate":"2022-01-27"},{"lineNumber":21,"author":{"gitId":"e0543517"},"content":"        }","lastModifiedDate":"2022-01-27"},{"lineNumber":22,"author":{"gitId":"e0543517"},"content":"    }","lastModifiedDate":"2022-01-27"},{"lineNumber":23,"author":{"gitId":"e0543517"},"content":"","lastModifiedDate":"2022-01-27"},{"lineNumber":24,"author":{"gitId":"e0543517"},"content":"    public static Command parseUserInput(String userInput) throws DukeException {","lastModifiedDate":"2022-01-27"},{"lineNumber":25,"author":{"gitId":"e0543517"},"content":"        checkIfUserInputValid(userInput);","lastModifiedDate":"2022-01-27"},{"lineNumber":26,"author":{"gitId":"e0543517"},"content":"","lastModifiedDate":"2022-01-27"},{"lineNumber":27,"author":{"gitId":"e0543517"},"content":"        if (userInput.equals(\"list\")) {","lastModifiedDate":"2022-01-27"},{"lineNumber":28,"author":{"gitId":"e0543517"},"content":"            return new ListCommand();","lastModifiedDate":"2022-01-27"},{"lineNumber":29,"author":{"gitId":"e0543517"},"content":"        }","lastModifiedDate":"2022-01-27"},{"lineNumber":30,"author":{"gitId":"e0543517"},"content":"        else if (userInput.startsWith(\"mark\")) {","lastModifiedDate":"2022-01-27"},{"lineNumber":31,"author":{"gitId":"e0543517"},"content":"            String str \u003d userInput.substring(5);","lastModifiedDate":"2022-01-27"},{"lineNumber":32,"author":{"gitId":"e0543517"},"content":"            int number \u003d Integer.parseInt(str) - 1;","lastModifiedDate":"2022-01-27"},{"lineNumber":33,"author":{"gitId":"e0543517"},"content":"            return new MarkDoneCommand(number);","lastModifiedDate":"2022-01-27"},{"lineNumber":34,"author":{"gitId":"e0543517"},"content":"        }","lastModifiedDate":"2022-01-27"},{"lineNumber":35,"author":{"gitId":"e0543517"},"content":"        else if (userInput.startsWith(\"unmark\")) {","lastModifiedDate":"2022-01-27"},{"lineNumber":36,"author":{"gitId":"e0543517"},"content":"            String str \u003d userInput.substring(7);","lastModifiedDate":"2022-01-27"},{"lineNumber":37,"author":{"gitId":"e0543517"},"content":"            int number \u003d Integer.parseInt(str) - 1;","lastModifiedDate":"2022-01-27"},{"lineNumber":38,"author":{"gitId":"e0543517"},"content":"            return new UnmarkDoneCommand(number);","lastModifiedDate":"2022-01-27"},{"lineNumber":39,"author":{"gitId":"e0543517"},"content":"        }","lastModifiedDate":"2022-01-27"},{"lineNumber":40,"author":{"gitId":"e0543517"},"content":"","lastModifiedDate":"2022-01-27"},{"lineNumber":41,"author":{"gitId":"e0543517"},"content":"        else if (userInput.startsWith(\"delete\")) {","lastModifiedDate":"2022-01-27"},{"lineNumber":42,"author":{"gitId":"e0543517"},"content":"            String indexStr \u003d userInput.substring(7);","lastModifiedDate":"2022-01-27"},{"lineNumber":43,"author":{"gitId":"e0543517"},"content":"            int index \u003d Integer.parseInt(indexStr);","lastModifiedDate":"2022-01-27"},{"lineNumber":44,"author":{"gitId":"e0543517"},"content":"            return new DeleteCommand(index);","lastModifiedDate":"2022-01-27"},{"lineNumber":45,"author":{"gitId":"e0543517"},"content":"        }","lastModifiedDate":"2022-01-27"},{"lineNumber":46,"author":{"gitId":"e0543517"},"content":"        else if (userInput.startsWith(\"todo\")) {","lastModifiedDate":"2022-01-27"},{"lineNumber":47,"author":{"gitId":"e0543517"},"content":"            String description \u003d userInput.substring(5);","lastModifiedDate":"2022-01-27"},{"lineNumber":48,"author":{"gitId":"e0543517"},"content":"            Tasks taskType \u003d Tasks.TODO;","lastModifiedDate":"2022-01-27"},{"lineNumber":49,"author":{"gitId":"e0543517"},"content":"            return new AddCommand(taskType, description);","lastModifiedDate":"2022-01-27"},{"lineNumber":50,"author":{"gitId":"e0543517"},"content":"        }","lastModifiedDate":"2022-01-27"},{"lineNumber":51,"author":{"gitId":"e0543517"},"content":"        else if (userInput.startsWith(\"deadline\")) {","lastModifiedDate":"2022-01-27"},{"lineNumber":52,"author":{"gitId":"e0543517"},"content":"            int start \u003d userInput.indexOf(\"/\");","lastModifiedDate":"2022-01-27"},{"lineNumber":53,"author":{"gitId":"e0543517"},"content":"            String timing \u003d userInput.substring(start + 3);","lastModifiedDate":"2022-01-27"},{"lineNumber":54,"author":{"gitId":"e0543517"},"content":"            String description \u003d userInput.substring(9, start - 1);","lastModifiedDate":"2022-01-27"},{"lineNumber":55,"author":{"gitId":"e0543517"},"content":"            DateTimeFormatter sourceFormat \u003d DateTimeFormatter.ofPattern(\" yyyy-MM-dd HHmm\");","lastModifiedDate":"2022-01-27"},{"lineNumber":56,"author":{"gitId":"e0543517"},"content":"            LocalDateTime dateTime \u003d LocalDateTime.parse(timing, sourceFormat);","lastModifiedDate":"2022-01-27"},{"lineNumber":57,"author":{"gitId":"e0543517"},"content":"            Tasks taskType \u003d Tasks.DEADLINE;","lastModifiedDate":"2022-01-27"},{"lineNumber":58,"author":{"gitId":"e0543517"},"content":"            return new AddCommand(taskType, description, dateTime);","lastModifiedDate":"2022-01-27"},{"lineNumber":59,"author":{"gitId":"e0543517"},"content":"        }","lastModifiedDate":"2022-01-27"},{"lineNumber":60,"author":{"gitId":"e0543517"},"content":"        else if (userInput.startsWith(\"event\")) {","lastModifiedDate":"2022-01-27"},{"lineNumber":61,"author":{"gitId":"e0543517"},"content":"            int start \u003d userInput.indexOf(\"/\");","lastModifiedDate":"2022-01-27"},{"lineNumber":62,"author":{"gitId":"e0543517"},"content":"            String timing \u003d userInput.substring(start + 3);","lastModifiedDate":"2022-01-27"},{"lineNumber":63,"author":{"gitId":"e0543517"},"content":"            String description \u003d userInput.substring(6, start - 1);","lastModifiedDate":"2022-01-27"},{"lineNumber":64,"author":{"gitId":"e0543517"},"content":"            Tasks taskType \u003d Tasks.EVENT;","lastModifiedDate":"2022-01-27"},{"lineNumber":65,"author":{"gitId":"e0543517"},"content":"            return new AddCommand(taskType, description, timing);","lastModifiedDate":"2022-01-27"},{"lineNumber":66,"author":{"gitId":"e0543517"},"content":"            }","lastModifiedDate":"2022-01-27"},{"lineNumber":67,"author":{"gitId":"e0543517"},"content":"        else if (userInput.startsWith(\"bye\")) {","lastModifiedDate":"2022-01-27"},{"lineNumber":68,"author":{"gitId":"e0543517"},"content":"            return new ByeCommand();","lastModifiedDate":"2022-01-27"},{"lineNumber":69,"author":{"gitId":"e0543517"},"content":"        }","lastModifiedDate":"2022-01-27"},{"lineNumber":70,"author":{"gitId":"e0543517"},"content":"        else {","lastModifiedDate":"2022-01-27"},{"lineNumber":71,"author":{"gitId":"e0543517"},"content":"            return new ListCommand();","lastModifiedDate":"2022-01-27"},{"lineNumber":72,"author":{"gitId":"e0543517"},"content":"        }","lastModifiedDate":"2022-01-27"},{"lineNumber":73,"author":{"gitId":"e0543517"},"content":"    }","lastModifiedDate":"2022-01-27"},{"lineNumber":74,"author":{"gitId":"e0543517"},"content":"}","lastModifiedDate":"2022-01-27"}],"authorContributionMap":{"e0543517":74}},{"path":"src/main/java/duke/Storage.java","fileType":"java","lines":[{"lineNumber":1,"author":{"gitId":"e0543517"},"content":"package duke;","lastModifiedDate":"2022-01-28"},{"lineNumber":2,"author":{"gitId":"e0543517"},"content":"","lastModifiedDate":"2022-01-28"},{"lineNumber":3,"author":{"gitId":"e0543517"},"content":"import duke.task.Deadline;","lastModifiedDate":"2022-01-28"},{"lineNumber":4,"author":{"gitId":"e0543517"},"content":"import duke.task.Event;","lastModifiedDate":"2022-01-28"},{"lineNumber":5,"author":{"gitId":"e0543517"},"content":"import duke.task.Task;","lastModifiedDate":"2022-01-28"},{"lineNumber":6,"author":{"gitId":"e0543517"},"content":"import duke.task.ToDo;","lastModifiedDate":"2022-01-28"},{"lineNumber":7,"author":{"gitId":"e0543517"},"content":"import java.io.File;","lastModifiedDate":"2022-01-28"},{"lineNumber":8,"author":{"gitId":"e0543517"},"content":"import java.io.FileNotFoundException;","lastModifiedDate":"2022-01-28"},{"lineNumber":9,"author":{"gitId":"e0543517"},"content":"import java.io.IOException;","lastModifiedDate":"2022-01-28"},{"lineNumber":10,"author":{"gitId":"e0543517"},"content":"import java.io.FileWriter;","lastModifiedDate":"2022-01-28"},{"lineNumber":11,"author":{"gitId":"e0543517"},"content":"import java.time.LocalDateTime;","lastModifiedDate":"2022-01-27"},{"lineNumber":12,"author":{"gitId":"e0543517"},"content":"import java.util.Scanner;","lastModifiedDate":"2022-01-27"},{"lineNumber":13,"author":{"gitId":"e0543517"},"content":"import java.util.ArrayList;","lastModifiedDate":"2022-01-27"},{"lineNumber":14,"author":{"gitId":"e0543517"},"content":"","lastModifiedDate":"2022-01-27"},{"lineNumber":15,"author":{"gitId":"e0543517"},"content":"public class Storage {","lastModifiedDate":"2022-01-27"},{"lineNumber":16,"author":{"gitId":"e0543517"},"content":"    private File file;","lastModifiedDate":"2022-01-27"},{"lineNumber":17,"author":{"gitId":"e0543517"},"content":"    private String filePath;","lastModifiedDate":"2022-01-27"},{"lineNumber":18,"author":{"gitId":"e0543517"},"content":"    private File directory;","lastModifiedDate":"2022-01-27"},{"lineNumber":19,"author":{"gitId":"e0543517"},"content":"","lastModifiedDate":"2022-01-27"},{"lineNumber":20,"author":{"gitId":"e0543517"},"content":"    public Storage(String filePath) {","lastModifiedDate":"2022-01-27"},{"lineNumber":21,"author":{"gitId":"e0543517"},"content":"        file \u003d new File(\"data/duke.txt\");","lastModifiedDate":"2022-01-27"},{"lineNumber":22,"author":{"gitId":"e0543517"},"content":"        this.filePath \u003d filePath;","lastModifiedDate":"2022-01-27"},{"lineNumber":23,"author":{"gitId":"e0543517"},"content":"        directory \u003d new File(\"data\");","lastModifiedDate":"2022-01-27"},{"lineNumber":24,"author":{"gitId":"e0543517"},"content":"        if (!directory.exists()) {","lastModifiedDate":"2022-01-27"},{"lineNumber":25,"author":{"gitId":"e0543517"},"content":"            directory.mkdirs();","lastModifiedDate":"2022-01-27"},{"lineNumber":26,"author":{"gitId":"e0543517"},"content":"        }","lastModifiedDate":"2022-01-27"},{"lineNumber":27,"author":{"gitId":"e0543517"},"content":"    }","lastModifiedDate":"2022-01-27"},{"lineNumber":28,"author":{"gitId":"e0543517"},"content":"","lastModifiedDate":"2022-01-27"},{"lineNumber":29,"author":{"gitId":"e0543517"},"content":"    public void printFileContent(String filePath) throws FileNotFoundException {","lastModifiedDate":"2022-01-27"},{"lineNumber":30,"author":{"gitId":"e0543517"},"content":"        File f \u003d new File(filePath);","lastModifiedDate":"2022-01-27"},{"lineNumber":31,"author":{"gitId":"e0543517"},"content":"        Scanner s \u003d new Scanner(f);","lastModifiedDate":"2022-01-27"},{"lineNumber":32,"author":{"gitId":"e0543517"},"content":"        while (s.hasNext()) {","lastModifiedDate":"2022-01-27"},{"lineNumber":33,"author":{"gitId":"e0543517"},"content":"            System.out.println(s.nextLine());","lastModifiedDate":"2022-01-27"},{"lineNumber":34,"author":{"gitId":"e0543517"},"content":"        }","lastModifiedDate":"2022-01-27"},{"lineNumber":35,"author":{"gitId":"e0543517"},"content":"    }","lastModifiedDate":"2022-01-27"},{"lineNumber":36,"author":{"gitId":"e0543517"},"content":"","lastModifiedDate":"2022-01-27"},{"lineNumber":37,"author":{"gitId":"e0543517"},"content":"    public void writeToFile(String filePath, List taskList) throws IOException {","lastModifiedDate":"2022-01-27"},{"lineNumber":38,"author":{"gitId":"e0543517"},"content":"        FileWriter fw \u003d new FileWriter(filePath);","lastModifiedDate":"2022-01-27"},{"lineNumber":39,"author":{"gitId":"e0543517"},"content":"        fw.write(taskList.toString());","lastModifiedDate":"2022-01-27"},{"lineNumber":40,"author":{"gitId":"e0543517"},"content":"        fw.close();","lastModifiedDate":"2022-01-27"},{"lineNumber":41,"author":{"gitId":"e0543517"},"content":"    }","lastModifiedDate":"2022-01-27"},{"lineNumber":42,"author":{"gitId":"e0543517"},"content":"","lastModifiedDate":"2022-01-27"},{"lineNumber":43,"author":{"gitId":"e0543517"},"content":"    public ArrayList\u003cTask\u003e load() {","lastModifiedDate":"2022-01-27"},{"lineNumber":44,"author":{"gitId":"e0543517"},"content":"","lastModifiedDate":"2022-01-27"},{"lineNumber":45,"author":{"gitId":"e0543517"},"content":"        ArrayList\u003cTask\u003e arrayList \u003d new ArrayList\u003c\u003e();","lastModifiedDate":"2022-01-27"},{"lineNumber":46,"author":{"gitId":"e0543517"},"content":"        File file \u003d new File(\"data/duke.txt\");","lastModifiedDate":"2022-01-27"},{"lineNumber":47,"author":{"gitId":"e0543517"},"content":"        try {","lastModifiedDate":"2022-01-27"},{"lineNumber":48,"author":{"gitId":"e0543517"},"content":"            Scanner sc \u003d new Scanner(file);","lastModifiedDate":"2022-01-27"},{"lineNumber":49,"author":{"gitId":"e0543517"},"content":"            String line \u003d sc.nextLine();","lastModifiedDate":"2022-01-27"},{"lineNumber":50,"author":{"gitId":"e0543517"},"content":"            while (sc.hasNext()) {","lastModifiedDate":"2022-01-27"},{"lineNumber":51,"author":{"gitId":"e0543517"},"content":"                line \u003d sc.nextLine();","lastModifiedDate":"2022-01-27"},{"lineNumber":52,"author":{"gitId":"e0543517"},"content":"                Character c \u003d line.charAt(4);","lastModifiedDate":"2022-01-27"},{"lineNumber":53,"author":{"gitId":"e0543517"},"content":"                if (c.equals(\u0027T\u0027)) {","lastModifiedDate":"2022-01-27"},{"lineNumber":54,"author":{"gitId":"e0543517"},"content":"                    String description \u003d line.substring(10);","lastModifiedDate":"2022-01-27"},{"lineNumber":55,"author":{"gitId":"e0543517"},"content":"                    ToDo todo \u003d new ToDo(description);","lastModifiedDate":"2022-01-27"},{"lineNumber":56,"author":{"gitId":"e0543517"},"content":"                    arrayList.add(todo);","lastModifiedDate":"2022-01-27"},{"lineNumber":57,"author":{"gitId":"e0543517"},"content":"                }","lastModifiedDate":"2022-01-27"},{"lineNumber":58,"author":{"gitId":"e0543517"},"content":"                if (c.equals(\u0027E\u0027)) {","lastModifiedDate":"2022-01-27"},{"lineNumber":59,"author":{"gitId":"e0543517"},"content":"                    int indexOfOpenBracket \u003d line.indexOf(\u0027(\u0027);","lastModifiedDate":"2022-01-27"},{"lineNumber":60,"author":{"gitId":"e0543517"},"content":"                    int indexOfCloseBracket \u003d line.indexOf(\u0027)\u0027);","lastModifiedDate":"2022-01-27"},{"lineNumber":61,"author":{"gitId":"e0543517"},"content":"                    String description \u003d line.substring(10, indexOfOpenBracket - 1);","lastModifiedDate":"2022-01-27"},{"lineNumber":62,"author":{"gitId":"e0543517"},"content":"                    String time \u003d line.substring(indexOfOpenBracket + 1, indexOfCloseBracket - 1);","lastModifiedDate":"2022-01-27"},{"lineNumber":63,"author":{"gitId":"e0543517"},"content":"                    Event event \u003d new Event(description, time);","lastModifiedDate":"2022-01-27"},{"lineNumber":64,"author":{"gitId":"e0543517"},"content":"                    arrayList.add(event);","lastModifiedDate":"2022-01-27"},{"lineNumber":65,"author":{"gitId":"e0543517"},"content":"                }","lastModifiedDate":"2022-01-27"},{"lineNumber":66,"author":{"gitId":"e0543517"},"content":"                if (c.equals(\u0027D\u0027)) {","lastModifiedDate":"2022-01-27"},{"lineNumber":67,"author":{"gitId":"e0543517"},"content":"                    int indexOfOpenBracket \u003d line.indexOf(\u0027(\u0027);","lastModifiedDate":"2022-01-27"},{"lineNumber":68,"author":{"gitId":"e0543517"},"content":"                    int indexOfCloseBracket \u003d line.indexOf(\u0027)\u0027);","lastModifiedDate":"2022-01-27"},{"lineNumber":69,"author":{"gitId":"e0543517"},"content":"                    String description \u003d line.substring(10, indexOfOpenBracket - 1);","lastModifiedDate":"2022-01-27"},{"lineNumber":70,"author":{"gitId":"e0543517"},"content":"                    String time \u003d line.substring(indexOfOpenBracket + 1, indexOfCloseBracket - 1);","lastModifiedDate":"2022-01-27"},{"lineNumber":71,"author":{"gitId":"e0543517"},"content":"                    LocalDateTime dateTime \u003d LocalDateTime.parse(time);","lastModifiedDate":"2022-01-27"},{"lineNumber":72,"author":{"gitId":"e0543517"},"content":"                    Deadline deadline \u003d new Deadline(description, dateTime);","lastModifiedDate":"2022-01-27"},{"lineNumber":73,"author":{"gitId":"e0543517"},"content":"                    arrayList.add(deadline);","lastModifiedDate":"2022-01-27"},{"lineNumber":74,"author":{"gitId":"e0543517"},"content":"                }","lastModifiedDate":"2022-01-27"},{"lineNumber":75,"author":{"gitId":"e0543517"},"content":"            }","lastModifiedDate":"2022-01-27"},{"lineNumber":76,"author":{"gitId":"e0543517"},"content":"        } catch (FileNotFoundException e) {","lastModifiedDate":"2022-01-27"},{"lineNumber":77,"author":{"gitId":"e0543517"},"content":"","lastModifiedDate":"2022-01-27"},{"lineNumber":78,"author":{"gitId":"e0543517"},"content":"        } finally {","lastModifiedDate":"2022-01-27"},{"lineNumber":79,"author":{"gitId":"e0543517"},"content":"            return arrayList;","lastModifiedDate":"2022-01-27"},{"lineNumber":80,"author":{"gitId":"e0543517"},"content":"        }","lastModifiedDate":"2022-01-27"},{"lineNumber":81,"author":{"gitId":"e0543517"},"content":"    }","lastModifiedDate":"2022-01-27"},{"lineNumber":82,"author":{"gitId":"e0543517"},"content":"}","lastModifiedDate":"2022-01-27"}],"authorContributionMap":{"e0543517":82}},{"path":"src/main/java/duke/Ui.java","fileType":"java","lines":[{"lineNumber":1,"author":{"gitId":"e0543517"},"content":"package duke;","lastModifiedDate":"2022-01-28"},{"lineNumber":2,"author":{"gitId":"e0543517"},"content":"","lastModifiedDate":"2022-01-28"},{"lineNumber":3,"author":{"gitId":"e0543517"},"content":"import duke.task.Task;","lastModifiedDate":"2022-01-28"},{"lineNumber":4,"author":{"gitId":"e0543517"},"content":"import java.util.Scanner;","lastModifiedDate":"2022-01-27"},{"lineNumber":5,"author":{"gitId":"e0543517"},"content":"","lastModifiedDate":"2022-01-27"},{"lineNumber":6,"author":{"gitId":"e0543517"},"content":"public class Ui {","lastModifiedDate":"2022-01-27"},{"lineNumber":7,"author":{"gitId":"e0543517"},"content":"    private Scanner sc;","lastModifiedDate":"2022-01-27"},{"lineNumber":8,"author":{"gitId":"e0543517"},"content":"","lastModifiedDate":"2022-01-27"},{"lineNumber":9,"author":{"gitId":"e0543517"},"content":"    public Ui() {","lastModifiedDate":"2022-01-27"},{"lineNumber":10,"author":{"gitId":"e0543517"},"content":"        this.sc \u003d new Scanner(System.in);","lastModifiedDate":"2022-01-27"},{"lineNumber":11,"author":{"gitId":"e0543517"},"content":"    }","lastModifiedDate":"2022-01-27"},{"lineNumber":12,"author":{"gitId":"e0543517"},"content":"","lastModifiedDate":"2022-01-27"},{"lineNumber":13,"author":{"gitId":"e0543517"},"content":"    /**","lastModifiedDate":"2022-01-27"},{"lineNumber":14,"author":{"gitId":"e0543517"},"content":"     * This method greets the user at the start of the program.","lastModifiedDate":"2022-01-27"},{"lineNumber":15,"author":{"gitId":"e0543517"},"content":"     */","lastModifiedDate":"2022-01-27"},{"lineNumber":16,"author":{"gitId":"e0543517"},"content":"    public void greetUser() {","lastModifiedDate":"2022-01-27"},{"lineNumber":17,"author":{"gitId":"e0543517"},"content":"        String logo \u003d \" ____        _\\n\"","lastModifiedDate":"2022-01-27"},{"lineNumber":18,"author":{"gitId":"e0543517"},"content":"                + \"|  _ \\\\ _   _| | _____\\n\"","lastModifiedDate":"2022-01-27"},{"lineNumber":19,"author":{"gitId":"e0543517"},"content":"                + \"| | | | | | | |/ / _ \\\\\\n\"","lastModifiedDate":"2022-01-27"},{"lineNumber":20,"author":{"gitId":"e0543517"},"content":"                + \"| |_| | |_| |   \u003c  __/\\n\"","lastModifiedDate":"2022-01-27"},{"lineNumber":21,"author":{"gitId":"e0543517"},"content":"                + \"|____/ \\\\__,_|_|\\\\_\\\\___|\\n\";","lastModifiedDate":"2022-01-27"},{"lineNumber":22,"author":{"gitId":"e0543517"},"content":"        System.out.println(\"Hello I\u0027m\\n\" + logo + \"I am at your service.\\n\");","lastModifiedDate":"2022-01-27"},{"lineNumber":23,"author":{"gitId":"e0543517"},"content":"    }","lastModifiedDate":"2022-01-27"},{"lineNumber":24,"author":{"gitId":"e0543517"},"content":"","lastModifiedDate":"2022-01-27"},{"lineNumber":25,"author":{"gitId":"e0543517"},"content":"    /**","lastModifiedDate":"2022-01-27"},{"lineNumber":26,"author":{"gitId":"e0543517"},"content":"     * This method bids farewell to the user at the end of the program.","lastModifiedDate":"2022-01-27"},{"lineNumber":27,"author":{"gitId":"e0543517"},"content":"     */","lastModifiedDate":"2022-01-27"},{"lineNumber":28,"author":{"gitId":"e0543517"},"content":"    public void byeUser() {","lastModifiedDate":"2022-01-27"},{"lineNumber":29,"author":{"gitId":"e0543517"},"content":"        System.out.println(\"Ciao! Hope to see you again!\");","lastModifiedDate":"2022-01-27"},{"lineNumber":30,"author":{"gitId":"e0543517"},"content":"    }","lastModifiedDate":"2022-01-27"},{"lineNumber":31,"author":{"gitId":"e0543517"},"content":"","lastModifiedDate":"2022-01-27"},{"lineNumber":32,"author":{"gitId":"e0543517"},"content":"    public String processCommand() {","lastModifiedDate":"2022-01-27"},{"lineNumber":33,"author":{"gitId":"e0543517"},"content":"        return sc.nextLine();","lastModifiedDate":"2022-01-27"},{"lineNumber":34,"author":{"gitId":"e0543517"},"content":"    }","lastModifiedDate":"2022-01-27"},{"lineNumber":35,"author":{"gitId":"e0543517"},"content":"","lastModifiedDate":"2022-01-27"},{"lineNumber":36,"author":{"gitId":"e0543517"},"content":"    public void printAddedTask(List taskList) {","lastModifiedDate":"2022-01-27"},{"lineNumber":37,"author":{"gitId":"e0543517"},"content":"        System.out.println(\"Got it. I\u0027ve added this task:\\n  \"","lastModifiedDate":"2022-01-27"},{"lineNumber":38,"author":{"gitId":"e0543517"},"content":"                + taskList.getLast().toString()","lastModifiedDate":"2022-01-27"},{"lineNumber":39,"author":{"gitId":"e0543517"},"content":"                + \"\\n\" + \"Now you have \" + taskList.getArrayList().size()","lastModifiedDate":"2022-01-27"},{"lineNumber":40,"author":{"gitId":"e0543517"},"content":"                + \" tasks in the list.\");","lastModifiedDate":"2022-01-27"},{"lineNumber":41,"author":{"gitId":"e0543517"},"content":"    }","lastModifiedDate":"2022-01-27"},{"lineNumber":42,"author":{"gitId":"e0543517"},"content":"","lastModifiedDate":"2022-01-27"},{"lineNumber":43,"author":{"gitId":"e0543517"},"content":"    public void printDeletedTask(List taskList, Task task) {","lastModifiedDate":"2022-01-27"},{"lineNumber":44,"author":{"gitId":"e0543517"},"content":"        System.out.println(\"Roger. I\u0027ve deleted this task:\\n  \"","lastModifiedDate":"2022-01-27"},{"lineNumber":45,"author":{"gitId":"e0543517"},"content":"                +  task.toString() + \"\\n\"","lastModifiedDate":"2022-01-27"},{"lineNumber":46,"author":{"gitId":"e0543517"},"content":"                + \"Now you have \"","lastModifiedDate":"2022-01-27"},{"lineNumber":47,"author":{"gitId":"e0543517"},"content":"                + taskList.getArrayList().size()","lastModifiedDate":"2022-01-27"},{"lineNumber":48,"author":{"gitId":"e0543517"},"content":"                + \" tasks in the list\");","lastModifiedDate":"2022-01-27"},{"lineNumber":49,"author":{"gitId":"e0543517"},"content":"    }","lastModifiedDate":"2022-01-27"},{"lineNumber":50,"author":{"gitId":"e0543517"},"content":"","lastModifiedDate":"2022-01-27"},{"lineNumber":51,"author":{"gitId":"e0543517"},"content":"    public void printMarkDoneTask(Task task) {","lastModifiedDate":"2022-01-27"},{"lineNumber":52,"author":{"gitId":"e0543517"},"content":"        System.out.println(\"Nice! I\u0027ve marked this task as done:\\n  \"","lastModifiedDate":"2022-01-27"},{"lineNumber":53,"author":{"gitId":"e0543517"},"content":"                + task.toString());","lastModifiedDate":"2022-01-27"},{"lineNumber":54,"author":{"gitId":"e0543517"},"content":"    }","lastModifiedDate":"2022-01-27"},{"lineNumber":55,"author":{"gitId":"e0543517"},"content":"","lastModifiedDate":"2022-01-27"},{"lineNumber":56,"author":{"gitId":"e0543517"},"content":"    public void printUnmarkDoneTask(Task task) {","lastModifiedDate":"2022-01-27"},{"lineNumber":57,"author":{"gitId":"e0543517"},"content":"        System.out.println(\"OK, I\u0027ve marked this task as not done yet:\\n  \"","lastModifiedDate":"2022-01-27"},{"lineNumber":58,"author":{"gitId":"e0543517"},"content":"                + task.toString());","lastModifiedDate":"2022-01-27"},{"lineNumber":59,"author":{"gitId":"e0543517"},"content":"    }","lastModifiedDate":"2022-01-27"},{"lineNumber":60,"author":{"gitId":"e0543517"},"content":"","lastModifiedDate":"2022-01-27"},{"lineNumber":61,"author":{"gitId":"e0543517"},"content":"    public void printError(String errorMessage) {","lastModifiedDate":"2022-01-27"},{"lineNumber":62,"author":{"gitId":"e0543517"},"content":"        System.out.println(errorMessage);","lastModifiedDate":"2022-01-27"},{"lineNumber":63,"author":{"gitId":"e0543517"},"content":"    }","lastModifiedDate":"2022-01-27"},{"lineNumber":64,"author":{"gitId":"e0543517"},"content":"","lastModifiedDate":"2022-01-27"},{"lineNumber":65,"author":{"gitId":"e0543517"},"content":"    public void printList(List taskList) {","lastModifiedDate":"2022-01-27"},{"lineNumber":66,"author":{"gitId":"e0543517"},"content":"        System.out.println(taskList);","lastModifiedDate":"2022-01-27"},{"lineNumber":67,"author":{"gitId":"e0543517"},"content":"    }","lastModifiedDate":"2022-01-27"},{"lineNumber":68,"author":{"gitId":"e0543517"},"content":"","lastModifiedDate":"2022-01-27"},{"lineNumber":69,"author":{"gitId":"e0543517"},"content":"}","lastModifiedDate":"2022-01-27"}],"authorContributionMap":{"e0543517":69}},{"path":"src/main/java/duke/command/AddCommand.java","fileType":"java","lines":[{"lineNumber":1,"author":{"gitId":"e0543517"},"content":"package duke.command;","lastModifiedDate":"2022-01-28"},{"lineNumber":2,"author":{"gitId":"e0543517"},"content":"","lastModifiedDate":"2022-01-28"},{"lineNumber":3,"author":{"gitId":"e0543517"},"content":"import duke.List;","lastModifiedDate":"2022-01-28"},{"lineNumber":4,"author":{"gitId":"e0543517"},"content":"import duke.Ui;","lastModifiedDate":"2022-01-28"},{"lineNumber":5,"author":{"gitId":"e0543517"},"content":"import duke.Storage;","lastModifiedDate":"2022-01-28"},{"lineNumber":6,"author":{"gitId":"e0543517"},"content":"import duke.task.Tasks;","lastModifiedDate":"2022-01-28"},{"lineNumber":7,"author":{"gitId":"e0543517"},"content":"import java.io.IOException;","lastModifiedDate":"2022-01-27"},{"lineNumber":8,"author":{"gitId":"e0543517"},"content":"import java.time.LocalDateTime;","lastModifiedDate":"2022-01-27"},{"lineNumber":9,"author":{"gitId":"e0543517"},"content":"","lastModifiedDate":"2022-01-27"},{"lineNumber":10,"author":{"gitId":"e0543517"},"content":"public class AddCommand extends Command {","lastModifiedDate":"2022-01-27"},{"lineNumber":11,"author":{"gitId":"e0543517"},"content":"    public Tasks taskType;","lastModifiedDate":"2022-01-27"},{"lineNumber":12,"author":{"gitId":"e0543517"},"content":"    public String description;","lastModifiedDate":"2022-01-27"},{"lineNumber":13,"author":{"gitId":"e0543517"},"content":"    public String time;","lastModifiedDate":"2022-01-27"},{"lineNumber":14,"author":{"gitId":"e0543517"},"content":"    public LocalDateTime localDateTime;","lastModifiedDate":"2022-01-27"},{"lineNumber":15,"author":{"gitId":"e0543517"},"content":"","lastModifiedDate":"2022-01-27"},{"lineNumber":16,"author":{"gitId":"e0543517"},"content":"    public AddCommand(Tasks taskType, String description, String time) {","lastModifiedDate":"2022-01-27"},{"lineNumber":17,"author":{"gitId":"e0543517"},"content":"        super(false);","lastModifiedDate":"2022-01-27"},{"lineNumber":18,"author":{"gitId":"e0543517"},"content":"        this.taskType \u003d taskType;","lastModifiedDate":"2022-01-27"},{"lineNumber":19,"author":{"gitId":"e0543517"},"content":"        this.description \u003d description;","lastModifiedDate":"2022-01-27"},{"lineNumber":20,"author":{"gitId":"e0543517"},"content":"        this.time \u003d time;","lastModifiedDate":"2022-01-27"},{"lineNumber":21,"author":{"gitId":"e0543517"},"content":"    }","lastModifiedDate":"2022-01-27"},{"lineNumber":22,"author":{"gitId":"e0543517"},"content":"","lastModifiedDate":"2022-01-27"},{"lineNumber":23,"author":{"gitId":"e0543517"},"content":"    public AddCommand(Tasks taskType, String description) {","lastModifiedDate":"2022-01-27"},{"lineNumber":24,"author":{"gitId":"e0543517"},"content":"        super(false);","lastModifiedDate":"2022-01-27"},{"lineNumber":25,"author":{"gitId":"e0543517"},"content":"        this.taskType \u003d taskType;","lastModifiedDate":"2022-01-27"},{"lineNumber":26,"author":{"gitId":"e0543517"},"content":"        this.description \u003d description;","lastModifiedDate":"2022-01-27"},{"lineNumber":27,"author":{"gitId":"e0543517"},"content":"    }","lastModifiedDate":"2022-01-27"},{"lineNumber":28,"author":{"gitId":"e0543517"},"content":"","lastModifiedDate":"2022-01-27"},{"lineNumber":29,"author":{"gitId":"e0543517"},"content":"    public AddCommand(Tasks taskType, String description, LocalDateTime localDateTime) {","lastModifiedDate":"2022-01-27"},{"lineNumber":30,"author":{"gitId":"e0543517"},"content":"        super(false);","lastModifiedDate":"2022-01-27"},{"lineNumber":31,"author":{"gitId":"e0543517"},"content":"        this.taskType \u003d taskType;","lastModifiedDate":"2022-01-27"},{"lineNumber":32,"author":{"gitId":"e0543517"},"content":"        this.description \u003d description;","lastModifiedDate":"2022-01-27"},{"lineNumber":33,"author":{"gitId":"e0543517"},"content":"        this.localDateTime \u003d localDateTime;","lastModifiedDate":"2022-01-27"},{"lineNumber":34,"author":{"gitId":"e0543517"},"content":"    }","lastModifiedDate":"2022-01-27"},{"lineNumber":35,"author":{"gitId":"e0543517"},"content":"","lastModifiedDate":"2022-01-27"},{"lineNumber":36,"author":{"gitId":"e0543517"},"content":"    @Override","lastModifiedDate":"2022-01-27"},{"lineNumber":37,"author":{"gitId":"e0543517"},"content":"    public void execute(List taskList, Ui ui, Storage storage) throws IOException {","lastModifiedDate":"2022-01-27"},{"lineNumber":38,"author":{"gitId":"e0543517"},"content":"        if (taskType \u003d\u003d Tasks.DEADLINE) {","lastModifiedDate":"2022-01-27"},{"lineNumber":39,"author":{"gitId":"e0543517"},"content":"            taskList.add(taskType, description, localDateTime);","lastModifiedDate":"2022-01-27"},{"lineNumber":40,"author":{"gitId":"e0543517"},"content":"        } else {","lastModifiedDate":"2022-01-27"},{"lineNumber":41,"author":{"gitId":"e0543517"},"content":"            taskList.add(taskType, description, time);","lastModifiedDate":"2022-01-27"},{"lineNumber":42,"author":{"gitId":"e0543517"},"content":"        }","lastModifiedDate":"2022-01-27"},{"lineNumber":43,"author":{"gitId":"e0543517"},"content":"        ui.printAddedTask(taskList);","lastModifiedDate":"2022-01-27"},{"lineNumber":44,"author":{"gitId":"e0543517"},"content":"        storage.writeToFile(\"data/duke.txt\", taskList);","lastModifiedDate":"2022-01-27"},{"lineNumber":45,"author":{"gitId":"e0543517"},"content":"    }","lastModifiedDate":"2022-01-27"},{"lineNumber":46,"author":{"gitId":"e0543517"},"content":"","lastModifiedDate":"2022-01-27"},{"lineNumber":47,"author":{"gitId":"e0543517"},"content":"","lastModifiedDate":"2022-01-27"},{"lineNumber":48,"author":{"gitId":"e0543517"},"content":"}","lastModifiedDate":"2022-01-27"}],"authorContributionMap":{"e0543517":48}},{"path":"src/main/java/duke/command/ByeCommand.java","fileType":"java","lines":[{"lineNumber":1,"author":{"gitId":"e0543517"},"content":"package duke.command;","lastModifiedDate":"2022-01-28"},{"lineNumber":2,"author":{"gitId":"e0543517"},"content":"","lastModifiedDate":"2022-01-28"},{"lineNumber":3,"author":{"gitId":"e0543517"},"content":"import duke.List;","lastModifiedDate":"2022-01-28"},{"lineNumber":4,"author":{"gitId":"e0543517"},"content":"import duke.Storage;","lastModifiedDate":"2022-01-28"},{"lineNumber":5,"author":{"gitId":"e0543517"},"content":"import duke.Ui;","lastModifiedDate":"2022-01-28"},{"lineNumber":6,"author":{"gitId":"e0543517"},"content":"","lastModifiedDate":"2022-01-28"},{"lineNumber":7,"author":{"gitId":"e0543517"},"content":"public class ByeCommand extends Command {","lastModifiedDate":"2022-01-27"},{"lineNumber":8,"author":{"gitId":"e0543517"},"content":"    public ByeCommand() {","lastModifiedDate":"2022-01-27"},{"lineNumber":9,"author":{"gitId":"e0543517"},"content":"        super(true);","lastModifiedDate":"2022-01-27"},{"lineNumber":10,"author":{"gitId":"e0543517"},"content":"    }","lastModifiedDate":"2022-01-27"},{"lineNumber":11,"author":{"gitId":"e0543517"},"content":"","lastModifiedDate":"2022-01-27"},{"lineNumber":12,"author":{"gitId":"e0543517"},"content":"    @Override","lastModifiedDate":"2022-01-27"},{"lineNumber":13,"author":{"gitId":"e0543517"},"content":"    public void execute(List taskList, Ui ui, Storage storage) {","lastModifiedDate":"2022-01-27"},{"lineNumber":14,"author":{"gitId":"e0543517"},"content":"        ui.byeUser();","lastModifiedDate":"2022-01-27"},{"lineNumber":15,"author":{"gitId":"e0543517"},"content":"    }","lastModifiedDate":"2022-01-27"},{"lineNumber":16,"author":{"gitId":"e0543517"},"content":"}","lastModifiedDate":"2022-01-27"}],"authorContributionMap":{"e0543517":16}},{"path":"src/main/java/duke/command/Command.java","fileType":"java","lines":[{"lineNumber":1,"author":{"gitId":"e0543517"},"content":"package duke.command;","lastModifiedDate":"2022-01-28"},{"lineNumber":2,"author":{"gitId":"e0543517"},"content":"","lastModifiedDate":"2022-01-28"},{"lineNumber":3,"author":{"gitId":"e0543517"},"content":"import duke.List;","lastModifiedDate":"2022-01-28"},{"lineNumber":4,"author":{"gitId":"e0543517"},"content":"import duke.Storage;","lastModifiedDate":"2022-01-28"},{"lineNumber":5,"author":{"gitId":"e0543517"},"content":"import duke.Ui;","lastModifiedDate":"2022-01-28"},{"lineNumber":6,"author":{"gitId":"e0543517"},"content":"import duke.exception.DukeException;","lastModifiedDate":"2022-01-28"},{"lineNumber":7,"author":{"gitId":"e0543517"},"content":"import java.io.IOException;","lastModifiedDate":"2022-01-27"},{"lineNumber":8,"author":{"gitId":"e0543517"},"content":"","lastModifiedDate":"2022-01-27"},{"lineNumber":9,"author":{"gitId":"e0543517"},"content":"abstract public class Command {","lastModifiedDate":"2022-01-28"},{"lineNumber":10,"author":{"gitId":"e0543517"},"content":"","lastModifiedDate":"2022-01-27"},{"lineNumber":11,"author":{"gitId":"e0543517"},"content":"    private boolean isExit;","lastModifiedDate":"2022-01-27"},{"lineNumber":12,"author":{"gitId":"e0543517"},"content":"","lastModifiedDate":"2022-01-27"},{"lineNumber":13,"author":{"gitId":"e0543517"},"content":"    public Command(boolean isExit) {","lastModifiedDate":"2022-01-27"},{"lineNumber":14,"author":{"gitId":"e0543517"},"content":"        this.isExit \u003d isExit;","lastModifiedDate":"2022-01-27"},{"lineNumber":15,"author":{"gitId":"e0543517"},"content":"    }","lastModifiedDate":"2022-01-27"},{"lineNumber":16,"author":{"gitId":"e0543517"},"content":"","lastModifiedDate":"2022-01-27"},{"lineNumber":17,"author":{"gitId":"e0543517"},"content":"    public void execute(List taskList, Ui ui, Storage storage) throws IOException, DukeException {","lastModifiedDate":"2022-01-27"},{"lineNumber":18,"author":{"gitId":"e0543517"},"content":"","lastModifiedDate":"2022-01-27"},{"lineNumber":19,"author":{"gitId":"e0543517"},"content":"    }","lastModifiedDate":"2022-01-27"},{"lineNumber":20,"author":{"gitId":"e0543517"},"content":"","lastModifiedDate":"2022-01-27"},{"lineNumber":21,"author":{"gitId":"e0543517"},"content":"    public boolean getIsExit() {","lastModifiedDate":"2022-01-27"},{"lineNumber":22,"author":{"gitId":"e0543517"},"content":"        return this.isExit;","lastModifiedDate":"2022-01-27"},{"lineNumber":23,"author":{"gitId":"e0543517"},"content":"    }","lastModifiedDate":"2022-01-27"},{"lineNumber":24,"author":{"gitId":"e0543517"},"content":"}","lastModifiedDate":"2022-01-27"}],"authorContributionMap":{"e0543517":24}},{"path":"src/main/java/duke/command/DeleteCommand.java","fileType":"java","lines":[{"lineNumber":1,"author":{"gitId":"e0543517"},"content":"package duke.command;","lastModifiedDate":"2022-01-28"},{"lineNumber":2,"author":{"gitId":"e0543517"},"content":"","lastModifiedDate":"2022-01-28"},{"lineNumber":3,"author":{"gitId":"e0543517"},"content":"import duke.Ui;","lastModifiedDate":"2022-01-28"},{"lineNumber":4,"author":{"gitId":"e0543517"},"content":"import duke.Storage;","lastModifiedDate":"2022-01-28"},{"lineNumber":5,"author":{"gitId":"e0543517"},"content":"import duke.List;","lastModifiedDate":"2022-01-28"},{"lineNumber":6,"author":{"gitId":"e0543517"},"content":"import duke.task.Task;","lastModifiedDate":"2022-01-28"},{"lineNumber":7,"author":{"gitId":"e0543517"},"content":"import duke.exception.DukeException;","lastModifiedDate":"2022-01-28"},{"lineNumber":8,"author":{"gitId":"e0543517"},"content":"","lastModifiedDate":"2022-01-28"},{"lineNumber":9,"author":{"gitId":"e0543517"},"content":"","lastModifiedDate":"2022-01-28"},{"lineNumber":10,"author":{"gitId":"e0543517"},"content":"import java.io.IOException;","lastModifiedDate":"2022-01-27"},{"lineNumber":11,"author":{"gitId":"e0543517"},"content":"","lastModifiedDate":"2022-01-27"},{"lineNumber":12,"author":{"gitId":"e0543517"},"content":"public class DeleteCommand extends Command {","lastModifiedDate":"2022-01-27"},{"lineNumber":13,"author":{"gitId":"e0543517"},"content":"    private int index;","lastModifiedDate":"2022-01-27"},{"lineNumber":14,"author":{"gitId":"e0543517"},"content":"","lastModifiedDate":"2022-01-27"},{"lineNumber":15,"author":{"gitId":"e0543517"},"content":"    public DeleteCommand(int index) {","lastModifiedDate":"2022-01-27"},{"lineNumber":16,"author":{"gitId":"e0543517"},"content":"        super(false);","lastModifiedDate":"2022-01-27"},{"lineNumber":17,"author":{"gitId":"e0543517"},"content":"        this.index \u003d index;","lastModifiedDate":"2022-01-27"},{"lineNumber":18,"author":{"gitId":"e0543517"},"content":"    }","lastModifiedDate":"2022-01-27"},{"lineNumber":19,"author":{"gitId":"e0543517"},"content":"","lastModifiedDate":"2022-01-27"},{"lineNumber":20,"author":{"gitId":"e0543517"},"content":"    @Override","lastModifiedDate":"2022-01-27"},{"lineNumber":21,"author":{"gitId":"e0543517"},"content":"    public void execute(List taskList, Ui ui, Storage storage) throws IOException, DukeException {","lastModifiedDate":"2022-01-27"},{"lineNumber":22,"author":{"gitId":"e0543517"},"content":"        Task task \u003d taskList.delete(index);","lastModifiedDate":"2022-01-27"},{"lineNumber":23,"author":{"gitId":"e0543517"},"content":"        ui.printDeletedTask(taskList, task);","lastModifiedDate":"2022-01-27"},{"lineNumber":24,"author":{"gitId":"e0543517"},"content":"        storage.writeToFile(\"data/duke.txt\", taskList);","lastModifiedDate":"2022-01-27"},{"lineNumber":25,"author":{"gitId":"e0543517"},"content":"    }","lastModifiedDate":"2022-01-27"},{"lineNumber":26,"author":{"gitId":"e0543517"},"content":"}","lastModifiedDate":"2022-01-27"}],"authorContributionMap":{"e0543517":26}},{"path":"src/main/java/duke/command/ListCommand.java","fileType":"java","lines":[{"lineNumber":1,"author":{"gitId":"e0543517"},"content":"package duke.command;","lastModifiedDate":"2022-01-28"},{"lineNumber":2,"author":{"gitId":"e0543517"},"content":"","lastModifiedDate":"2022-01-28"},{"lineNumber":3,"author":{"gitId":"e0543517"},"content":"import duke.List;","lastModifiedDate":"2022-01-28"},{"lineNumber":4,"author":{"gitId":"e0543517"},"content":"import duke.Storage;","lastModifiedDate":"2022-01-28"},{"lineNumber":5,"author":{"gitId":"e0543517"},"content":"import duke.Ui;","lastModifiedDate":"2022-01-28"},{"lineNumber":6,"author":{"gitId":"e0543517"},"content":"","lastModifiedDate":"2022-01-28"},{"lineNumber":7,"author":{"gitId":"e0543517"},"content":"public class ListCommand extends Command {","lastModifiedDate":"2022-01-27"},{"lineNumber":8,"author":{"gitId":"e0543517"},"content":"    public ListCommand() {","lastModifiedDate":"2022-01-27"},{"lineNumber":9,"author":{"gitId":"e0543517"},"content":"        super(false);","lastModifiedDate":"2022-01-27"},{"lineNumber":10,"author":{"gitId":"e0543517"},"content":"    }","lastModifiedDate":"2022-01-27"},{"lineNumber":11,"author":{"gitId":"e0543517"},"content":"","lastModifiedDate":"2022-01-27"},{"lineNumber":12,"author":{"gitId":"e0543517"},"content":"    @Override","lastModifiedDate":"2022-01-27"},{"lineNumber":13,"author":{"gitId":"e0543517"},"content":"    public void execute(List taskList, Ui ui, Storage storage) {","lastModifiedDate":"2022-01-27"},{"lineNumber":14,"author":{"gitId":"e0543517"},"content":"        ui.printList(taskList);","lastModifiedDate":"2022-01-27"},{"lineNumber":15,"author":{"gitId":"e0543517"},"content":"    }","lastModifiedDate":"2022-01-27"},{"lineNumber":16,"author":{"gitId":"e0543517"},"content":"}","lastModifiedDate":"2022-01-27"}],"authorContributionMap":{"e0543517":16}},{"path":"src/main/java/duke/command/MarkDoneCommand.java","fileType":"java","lines":[{"lineNumber":1,"author":{"gitId":"e0543517"},"content":"package duke.command;","lastModifiedDate":"2022-01-28"},{"lineNumber":2,"author":{"gitId":"e0543517"},"content":"","lastModifiedDate":"2022-01-28"},{"lineNumber":3,"author":{"gitId":"e0543517"},"content":"import duke.List;","lastModifiedDate":"2022-01-28"},{"lineNumber":4,"author":{"gitId":"e0543517"},"content":"import duke.Storage;","lastModifiedDate":"2022-01-28"},{"lineNumber":5,"author":{"gitId":"e0543517"},"content":"import duke.Ui;","lastModifiedDate":"2022-01-28"},{"lineNumber":6,"author":{"gitId":"e0543517"},"content":"","lastModifiedDate":"2022-01-28"},{"lineNumber":7,"author":{"gitId":"e0543517"},"content":"import java.io.IOException;","lastModifiedDate":"2022-01-27"},{"lineNumber":8,"author":{"gitId":"e0543517"},"content":"","lastModifiedDate":"2022-01-27"},{"lineNumber":9,"author":{"gitId":"e0543517"},"content":"public class MarkDoneCommand extends Command {","lastModifiedDate":"2022-01-27"},{"lineNumber":10,"author":{"gitId":"e0543517"},"content":"    private int index;","lastModifiedDate":"2022-01-27"},{"lineNumber":11,"author":{"gitId":"e0543517"},"content":"","lastModifiedDate":"2022-01-27"},{"lineNumber":12,"author":{"gitId":"e0543517"},"content":"    public MarkDoneCommand(int index) {","lastModifiedDate":"2022-01-27"},{"lineNumber":13,"author":{"gitId":"e0543517"},"content":"        super(false);","lastModifiedDate":"2022-01-27"},{"lineNumber":14,"author":{"gitId":"e0543517"},"content":"        this.index \u003d index;","lastModifiedDate":"2022-01-27"},{"lineNumber":15,"author":{"gitId":"e0543517"},"content":"    }","lastModifiedDate":"2022-01-27"},{"lineNumber":16,"author":{"gitId":"e0543517"},"content":"","lastModifiedDate":"2022-01-27"},{"lineNumber":17,"author":{"gitId":"e0543517"},"content":"    @Override","lastModifiedDate":"2022-01-27"},{"lineNumber":18,"author":{"gitId":"e0543517"},"content":"    public void execute(List taskList, Ui ui, Storage storage) throws IOException {","lastModifiedDate":"2022-01-27"},{"lineNumber":19,"author":{"gitId":"e0543517"},"content":"        taskList.markDone(index);","lastModifiedDate":"2022-01-27"},{"lineNumber":20,"author":{"gitId":"e0543517"},"content":"        ui.printMarkDoneTask(taskList.getArrayList().get(index));","lastModifiedDate":"2022-01-27"},{"lineNumber":21,"author":{"gitId":"e0543517"},"content":"        storage.writeToFile(\"data/duke.txt\", taskList);","lastModifiedDate":"2022-01-27"},{"lineNumber":22,"author":{"gitId":"e0543517"},"content":"    }","lastModifiedDate":"2022-01-27"},{"lineNumber":23,"author":{"gitId":"e0543517"},"content":"}","lastModifiedDate":"2022-01-27"}],"authorContributionMap":{"e0543517":23}},{"path":"src/main/java/duke/command/UnmarkDoneCommand.java","fileType":"java","lines":[{"lineNumber":1,"author":{"gitId":"e0543517"},"content":"package duke.command;","lastModifiedDate":"2022-01-28"},{"lineNumber":2,"author":{"gitId":"e0543517"},"content":"","lastModifiedDate":"2022-01-28"},{"lineNumber":3,"author":{"gitId":"e0543517"},"content":"import duke.List;","lastModifiedDate":"2022-01-28"},{"lineNumber":4,"author":{"gitId":"e0543517"},"content":"import duke.Storage;","lastModifiedDate":"2022-01-28"},{"lineNumber":5,"author":{"gitId":"e0543517"},"content":"import duke.Ui;","lastModifiedDate":"2022-01-28"},{"lineNumber":6,"author":{"gitId":"e0543517"},"content":"","lastModifiedDate":"2022-01-28"},{"lineNumber":7,"author":{"gitId":"e0543517"},"content":"import java.io.IOException;","lastModifiedDate":"2022-01-27"},{"lineNumber":8,"author":{"gitId":"e0543517"},"content":"","lastModifiedDate":"2022-01-27"},{"lineNumber":9,"author":{"gitId":"e0543517"},"content":"public class UnmarkDoneCommand extends Command {","lastModifiedDate":"2022-01-27"},{"lineNumber":10,"author":{"gitId":"e0543517"},"content":"    private int index;","lastModifiedDate":"2022-01-27"},{"lineNumber":11,"author":{"gitId":"e0543517"},"content":"","lastModifiedDate":"2022-01-27"},{"lineNumber":12,"author":{"gitId":"e0543517"},"content":"    public UnmarkDoneCommand(int index) {","lastModifiedDate":"2022-01-27"},{"lineNumber":13,"author":{"gitId":"e0543517"},"content":"        super(false);","lastModifiedDate":"2022-01-27"},{"lineNumber":14,"author":{"gitId":"e0543517"},"content":"        this.index \u003d index;","lastModifiedDate":"2022-01-27"},{"lineNumber":15,"author":{"gitId":"e0543517"},"content":"    }","lastModifiedDate":"2022-01-27"},{"lineNumber":16,"author":{"gitId":"e0543517"},"content":"","lastModifiedDate":"2022-01-27"},{"lineNumber":17,"author":{"gitId":"e0543517"},"content":"    @Override","lastModifiedDate":"2022-01-27"},{"lineNumber":18,"author":{"gitId":"e0543517"},"content":"    public void execute(List taskList, Ui ui, Storage storage) throws IOException {","lastModifiedDate":"2022-01-27"},{"lineNumber":19,"author":{"gitId":"e0543517"},"content":"        taskList.unmarkDone(index);","lastModifiedDate":"2022-01-27"},{"lineNumber":20,"author":{"gitId":"e0543517"},"content":"        ui.printUnmarkDoneTask(taskList.getArrayList().get(index));","lastModifiedDate":"2022-01-27"},{"lineNumber":21,"author":{"gitId":"e0543517"},"content":"        storage.writeToFile(\"data/duke.txt\", taskList);","lastModifiedDate":"2022-01-27"},{"lineNumber":22,"author":{"gitId":"e0543517"},"content":"    }","lastModifiedDate":"2022-01-27"},{"lineNumber":23,"author":{"gitId":"e0543517"},"content":"}","lastModifiedDate":"2022-01-27"}],"authorContributionMap":{"e0543517":23}},{"path":"src/main/java/duke/exception/DukeException.java","fileType":"java","lines":[{"lineNumber":1,"author":{"gitId":"e0543517"},"content":"package duke.exception;","lastModifiedDate":"2022-01-28"},{"lineNumber":2,"author":{"gitId":"e0543517"},"content":"","lastModifiedDate":"2022-01-28"},{"lineNumber":3,"author":{"gitId":"e0543517"},"content":"/**","lastModifiedDate":"2022-01-18"},{"lineNumber":4,"author":{"gitId":"e0543517"},"content":" * This class represent exceptions specific to Duke.","lastModifiedDate":"2022-01-18"},{"lineNumber":5,"author":{"gitId":"e0543517"},"content":" */","lastModifiedDate":"2022-01-18"},{"lineNumber":6,"author":{"gitId":"e0543517"},"content":"public class DukeException extends Exception {","lastModifiedDate":"2022-01-18"},{"lineNumber":7,"author":{"gitId":"e0543517"},"content":"    public DukeException(String str) {","lastModifiedDate":"2022-01-18"},{"lineNumber":8,"author":{"gitId":"e0543517"},"content":"        super(str);","lastModifiedDate":"2022-01-18"},{"lineNumber":9,"author":{"gitId":"e0543517"},"content":"    }","lastModifiedDate":"2022-01-18"},{"lineNumber":10,"author":{"gitId":"e0543517"},"content":"}","lastModifiedDate":"2022-01-18"}],"authorContributionMap":{"e0543517":10}},{"path":"src/main/java/duke/exception/ListException.java","fileType":"java","lines":[{"lineNumber":1,"author":{"gitId":"e0543517"},"content":"package duke.exception;","lastModifiedDate":"2022-01-28"},{"lineNumber":2,"author":{"gitId":"e0543517"},"content":"","lastModifiedDate":"2022-01-28"},{"lineNumber":3,"author":{"gitId":"e0543517"},"content":"/**","lastModifiedDate":"2022-01-20"},{"lineNumber":4,"author":{"gitId":"e0543517"},"content":" * This class represents exceptions that are found due to list manipulation.","lastModifiedDate":"2022-01-20"},{"lineNumber":5,"author":{"gitId":"e0543517"},"content":" */","lastModifiedDate":"2022-01-20"},{"lineNumber":6,"author":{"gitId":"e0543517"},"content":"public class ListException extends DukeException {","lastModifiedDate":"2022-01-18"},{"lineNumber":7,"author":{"gitId":"e0543517"},"content":"    public ListException(String str) {","lastModifiedDate":"2022-01-18"},{"lineNumber":8,"author":{"gitId":"e0543517"},"content":"        super(str);","lastModifiedDate":"2022-01-18"},{"lineNumber":9,"author":{"gitId":"e0543517"},"content":"    }","lastModifiedDate":"2022-01-18"},{"lineNumber":10,"author":{"gitId":"e0543517"},"content":"}","lastModifiedDate":"2022-01-18"}],"authorContributionMap":{"e0543517":10}},{"path":"src/main/java/duke/task/Deadline.java","fileType":"java","lines":[{"lineNumber":1,"author":{"gitId":"e0543517"},"content":"package duke.task;","lastModifiedDate":"2022-01-28"},{"lineNumber":2,"author":{"gitId":"e0543517"},"content":"","lastModifiedDate":"2022-01-28"},{"lineNumber":3,"author":{"gitId":"e0543517"},"content":"import java.time.LocalDateTime;","lastModifiedDate":"2022-01-26"},{"lineNumber":4,"author":{"gitId":"e0543517"},"content":"import java.time.format.DateTimeFormatter;","lastModifiedDate":"2022-01-26"},{"lineNumber":5,"author":{"gitId":"e0543517"},"content":"","lastModifiedDate":"2022-01-26"},{"lineNumber":6,"author":{"gitId":"e0543517"},"content":"/**","lastModifiedDate":"2022-01-18"},{"lineNumber":7,"author":{"gitId":"e0543517"},"content":" * This class encapsulates a Deadline task which inherits from Task.","lastModifiedDate":"2022-01-18"},{"lineNumber":8,"author":{"gitId":"e0543517"},"content":" */","lastModifiedDate":"2022-01-18"},{"lineNumber":9,"author":{"gitId":"e0543517"},"content":"public class Deadline extends Task {","lastModifiedDate":"2022-01-18"},{"lineNumber":10,"author":{"gitId":"e0543517"},"content":"    private LocalDateTime by; //date/time that the task needs to be done by.","lastModifiedDate":"2022-01-26"},{"lineNumber":11,"author":{"gitId":"e0543517"},"content":"","lastModifiedDate":"2022-01-18"},{"lineNumber":12,"author":{"gitId":"e0543517"},"content":"    public Deadline(String description, LocalDateTime by) {","lastModifiedDate":"2022-01-26"},{"lineNumber":13,"author":{"gitId":"e0543517"},"content":"        super(description);","lastModifiedDate":"2022-01-18"},{"lineNumber":14,"author":{"gitId":"e0543517"},"content":"        this.by \u003d by;","lastModifiedDate":"2022-01-18"},{"lineNumber":15,"author":{"gitId":"e0543517"},"content":"    }","lastModifiedDate":"2022-01-18"},{"lineNumber":16,"author":{"gitId":"e0543517"},"content":"","lastModifiedDate":"2022-01-18"},{"lineNumber":17,"author":{"gitId":"e0543517"},"content":"    @Override","lastModifiedDate":"2022-01-18"},{"lineNumber":18,"author":{"gitId":"e0543517"},"content":"    public String toString() {","lastModifiedDate":"2022-01-18"},{"lineNumber":19,"author":{"gitId":"e0543517"},"content":"        DateTimeFormatter outputFormat \u003d DateTimeFormatter.ofPattern(\" MMM dd yyyy h:mm a\");","lastModifiedDate":"2022-01-26"},{"lineNumber":20,"author":{"gitId":"e0543517"},"content":"        String outputDateTime \u003d by.format(outputFormat);","lastModifiedDate":"2022-01-26"},{"lineNumber":21,"author":{"gitId":"e0543517"},"content":"        return \"[D]\" + super.toString() + \" (by:\" + outputDateTime + \")\";","lastModifiedDate":"2022-01-26"},{"lineNumber":22,"author":{"gitId":"e0543517"},"content":"    }","lastModifiedDate":"2022-01-18"},{"lineNumber":23,"author":{"gitId":"e0543517"},"content":"}","lastModifiedDate":"2022-01-18"}],"authorContributionMap":{"e0543517":23}},{"path":"src/main/java/duke/task/Event.java","fileType":"java","lines":[{"lineNumber":1,"author":{"gitId":"e0543517"},"content":"package duke.task;","lastModifiedDate":"2022-01-28"},{"lineNumber":2,"author":{"gitId":"e0543517"},"content":"","lastModifiedDate":"2022-01-28"},{"lineNumber":3,"author":{"gitId":"e0543517"},"content":"/**","lastModifiedDate":"2022-01-18"},{"lineNumber":4,"author":{"gitId":"e0543517"},"content":" * This class encapsulates an Event task which inherits from Task.","lastModifiedDate":"2022-01-18"},{"lineNumber":5,"author":{"gitId":"e0543517"},"content":" */","lastModifiedDate":"2022-01-18"},{"lineNumber":6,"author":{"gitId":"e0543517"},"content":"public class Event extends Task {","lastModifiedDate":"2022-01-18"},{"lineNumber":7,"author":{"gitId":"e0543517"},"content":"    private String at; //date/time of the event.","lastModifiedDate":"2022-01-18"},{"lineNumber":8,"author":{"gitId":"e0543517"},"content":"","lastModifiedDate":"2022-01-18"},{"lineNumber":9,"author":{"gitId":"e0543517"},"content":"    public Event(String description, String at) {","lastModifiedDate":"2022-01-18"},{"lineNumber":10,"author":{"gitId":"e0543517"},"content":"        super(description);","lastModifiedDate":"2022-01-18"},{"lineNumber":11,"author":{"gitId":"e0543517"},"content":"        this.at \u003d at;","lastModifiedDate":"2022-01-18"},{"lineNumber":12,"author":{"gitId":"e0543517"},"content":"    }","lastModifiedDate":"2022-01-18"},{"lineNumber":13,"author":{"gitId":"e0543517"},"content":"","lastModifiedDate":"2022-01-18"},{"lineNumber":14,"author":{"gitId":"e0543517"},"content":"    @Override","lastModifiedDate":"2022-01-18"},{"lineNumber":15,"author":{"gitId":"e0543517"},"content":"    public String toString() {","lastModifiedDate":"2022-01-18"},{"lineNumber":16,"author":{"gitId":"e0543517"},"content":"        return \"[E]\" + super.toString() + \" (at:\" + at + \")\";","lastModifiedDate":"2022-01-18"},{"lineNumber":17,"author":{"gitId":"e0543517"},"content":"    }","lastModifiedDate":"2022-01-18"},{"lineNumber":18,"author":{"gitId":"e0543517"},"content":"}","lastModifiedDate":"2022-01-18"}],"authorContributionMap":{"e0543517":18}},{"path":"src/main/java/duke/task/Task.java","fileType":"java","lines":[{"lineNumber":1,"author":{"gitId":"e0543517"},"content":"package duke.task;","lastModifiedDate":"2022-01-28"},{"lineNumber":2,"author":{"gitId":"e0543517"},"content":"/**","lastModifiedDate":"2022-01-17"},{"lineNumber":3,"author":{"gitId":"e0543517"},"content":" * This class encapsulates a task input by the user.","lastModifiedDate":"2022-01-17"},{"lineNumber":4,"author":{"gitId":"e0543517"},"content":" */","lastModifiedDate":"2022-01-17"},{"lineNumber":5,"author":{"gitId":"e0543517"},"content":"public abstract class Task {","lastModifiedDate":"2022-01-18"},{"lineNumber":6,"author":{"gitId":"e0543517"},"content":"    private String description; //description of the task.","lastModifiedDate":"2022-01-18"},{"lineNumber":7,"author":{"gitId":"e0543517"},"content":"    private boolean isDone; //boolean condition: when true, task is done. when false, task is not done.","lastModifiedDate":"2022-01-18"},{"lineNumber":8,"author":{"gitId":"e0543517"},"content":"","lastModifiedDate":"2022-01-18"},{"lineNumber":9,"author":{"gitId":"e0543517"},"content":"    /**","lastModifiedDate":"2022-01-17"},{"lineNumber":10,"author":{"gitId":"e0543517"},"content":"     * Constructor to create a task object.","lastModifiedDate":"2022-01-17"},{"lineNumber":11,"author":{"gitId":"e0543517"},"content":"     * @param description: Description of task with String datatype.","lastModifiedDate":"2022-01-17"},{"lineNumber":12,"author":{"gitId":"e0543517"},"content":"     */","lastModifiedDate":"2022-01-17"},{"lineNumber":13,"author":{"gitId":"e0543517"},"content":"    public Task(String description) {","lastModifiedDate":"2022-01-17"},{"lineNumber":14,"author":{"gitId":"e0543517"},"content":"        this.description \u003d description;","lastModifiedDate":"2022-01-17"},{"lineNumber":15,"author":{"gitId":"e0543517"},"content":"        this.isDone \u003d false;","lastModifiedDate":"2022-01-18"},{"lineNumber":16,"author":{"gitId":"e0543517"},"content":"    }","lastModifiedDate":"2022-01-18"},{"lineNumber":17,"author":{"gitId":"e0543517"},"content":"","lastModifiedDate":"2022-01-18"},{"lineNumber":18,"author":{"gitId":"e0543517"},"content":"    /**","lastModifiedDate":"2022-01-18"},{"lineNumber":19,"author":{"gitId":"e0543517"},"content":"     * This method mark the task as done.","lastModifiedDate":"2022-01-18"},{"lineNumber":20,"author":{"gitId":"e0543517"},"content":"     */","lastModifiedDate":"2022-01-18"},{"lineNumber":21,"author":{"gitId":"e0543517"},"content":"    public void markDone() {","lastModifiedDate":"2022-01-18"},{"lineNumber":22,"author":{"gitId":"e0543517"},"content":"        this.isDone \u003d true;","lastModifiedDate":"2022-01-18"},{"lineNumber":23,"author":{"gitId":"e0543517"},"content":"    }","lastModifiedDate":"2022-01-18"},{"lineNumber":24,"author":{"gitId":"e0543517"},"content":"","lastModifiedDate":"2022-01-18"},{"lineNumber":25,"author":{"gitId":"e0543517"},"content":"    /**","lastModifiedDate":"2022-01-18"},{"lineNumber":26,"author":{"gitId":"e0543517"},"content":"     * This method unmark the task as done.","lastModifiedDate":"2022-01-18"},{"lineNumber":27,"author":{"gitId":"e0543517"},"content":"     */","lastModifiedDate":"2022-01-18"},{"lineNumber":28,"author":{"gitId":"e0543517"},"content":"    public void unmarkDone() {","lastModifiedDate":"2022-01-18"},{"lineNumber":29,"author":{"gitId":"e0543517"},"content":"        this.isDone \u003d false;","lastModifiedDate":"2022-01-18"},{"lineNumber":30,"author":{"gitId":"e0543517"},"content":"    }","lastModifiedDate":"2022-01-17"},{"lineNumber":31,"author":{"gitId":"e0543517"},"content":"","lastModifiedDate":"2022-01-17"},{"lineNumber":32,"author":{"gitId":"e0543517"},"content":"    /**","lastModifiedDate":"2022-01-17"},{"lineNumber":33,"author":{"gitId":"e0543517"},"content":"     *","lastModifiedDate":"2022-01-17"},{"lineNumber":34,"author":{"gitId":"e0543517"},"content":"     * @return Returns a String of the description of the task","lastModifiedDate":"2022-01-18"},{"lineNumber":35,"author":{"gitId":"e0543517"},"content":"     */","lastModifiedDate":"2022-01-17"},{"lineNumber":36,"author":{"gitId":"e0543517"},"content":"    @Override","lastModifiedDate":"2022-01-17"},{"lineNumber":37,"author":{"gitId":"e0543517"},"content":"    public String toString() {","lastModifiedDate":"2022-01-17"},{"lineNumber":38,"author":{"gitId":"e0543517"},"content":"        if (isDone) {","lastModifiedDate":"2022-01-18"},{"lineNumber":39,"author":{"gitId":"e0543517"},"content":"            return \"[X] \" + this.description;","lastModifiedDate":"2022-01-18"},{"lineNumber":40,"author":{"gitId":"e0543517"},"content":"        } else {","lastModifiedDate":"2022-01-18"},{"lineNumber":41,"author":{"gitId":"e0543517"},"content":"            return \"[ ] \" + this.description;","lastModifiedDate":"2022-01-18"},{"lineNumber":42,"author":{"gitId":"e0543517"},"content":"        }","lastModifiedDate":"2022-01-18"},{"lineNumber":43,"author":{"gitId":"e0543517"},"content":"    }","lastModifiedDate":"2022-01-17"},{"lineNumber":44,"author":{"gitId":"e0543517"},"content":"}","lastModifiedDate":"2022-01-17"}],"authorContributionMap":{"e0543517":44}},{"path":"src/main/java/duke/task/Tasks.java","fileType":"java","lines":[{"lineNumber":1,"author":{"gitId":"e0543517"},"content":"package duke.task;","lastModifiedDate":"2022-01-28"},{"lineNumber":2,"author":{"gitId":"e0543517"},"content":"","lastModifiedDate":"2022-01-28"},{"lineNumber":3,"author":{"gitId":"e0543517"},"content":"/**","lastModifiedDate":"2022-01-20"},{"lineNumber":4,"author":{"gitId":"e0543517"},"content":" * This is an Enum class of Task Types, TODO, DEADLINE and EVENT","lastModifiedDate":"2022-01-20"},{"lineNumber":5,"author":{"gitId":"e0543517"},"content":" */","lastModifiedDate":"2022-01-20"},{"lineNumber":6,"author":{"gitId":"e0543517"},"content":"public enum Tasks {","lastModifiedDate":"2022-01-20"},{"lineNumber":7,"author":{"gitId":"e0543517"},"content":"    TODO, DEADLINE, EVENT","lastModifiedDate":"2022-01-20"},{"lineNumber":8,"author":{"gitId":"e0543517"},"content":"}","lastModifiedDate":"2022-01-20"}],"authorContributionMap":{"e0543517":8}},{"path":"src/main/java/duke/task/ToDo.java","fileType":"java","lines":[{"lineNumber":1,"author":{"gitId":"e0543517"},"content":"package duke.task;","lastModifiedDate":"2022-01-28"},{"lineNumber":2,"author":{"gitId":"e0543517"},"content":"","lastModifiedDate":"2022-01-28"},{"lineNumber":3,"author":{"gitId":"e0543517"},"content":"/**","lastModifiedDate":"2022-01-18"},{"lineNumber":4,"author":{"gitId":"e0543517"},"content":" * This class encapsulates a ToDos Task which inherits from Task.","lastModifiedDate":"2022-01-18"},{"lineNumber":5,"author":{"gitId":"e0543517"},"content":" */","lastModifiedDate":"2022-01-18"},{"lineNumber":6,"author":{"gitId":"e0543517"},"content":"public class ToDo extends Task {","lastModifiedDate":"2022-01-18"},{"lineNumber":7,"author":{"gitId":"e0543517"},"content":"    public ToDo(String description) {","lastModifiedDate":"2022-01-18"},{"lineNumber":8,"author":{"gitId":"e0543517"},"content":"        super(description);","lastModifiedDate":"2022-01-18"},{"lineNumber":9,"author":{"gitId":"e0543517"},"content":"    }","lastModifiedDate":"2022-01-18"},{"lineNumber":10,"author":{"gitId":"e0543517"},"content":"","lastModifiedDate":"2022-01-18"},{"lineNumber":11,"author":{"gitId":"e0543517"},"content":"    @Override","lastModifiedDate":"2022-01-18"},{"lineNumber":12,"author":{"gitId":"e0543517"},"content":"    public String toString() {","lastModifiedDate":"2022-01-18"},{"lineNumber":13,"author":{"gitId":"e0543517"},"content":"        return \"[T]\" + super.toString();","lastModifiedDate":"2022-01-18"},{"lineNumber":14,"author":{"gitId":"e0543517"},"content":"    }","lastModifiedDate":"2022-01-18"},{"lineNumber":15,"author":{"gitId":"e0543517"},"content":"}","lastModifiedDate":"2022-01-18"}],"authorContributionMap":{"e0543517":15}},{"path":"text-ui-test/data/duke.txt","fileType":"txt","lines":[{"lineNumber":1,"author":{"gitId":"e0543517"},"content":"Here are the tasks in your list:","lastModifiedDate":"2022-01-27"},{"lineNumber":2,"author":{"gitId":"e0543517"},"content":"1. [T][ ] borrow book","lastModifiedDate":"2022-01-27"},{"lineNumber":3,"author":{"gitId":"e0543517"},"content":"2. [T][ ] borrow book","lastModifiedDate":"2022-01-27"},{"lineNumber":4,"author":{"gitId":"e0543517"},"content":"3. [E][ ] project meeting (at: Mon 2-4pm)","lastModifiedDate":"2022-01-27"},{"lineNumber":5,"author":{"gitId":"e0543517"},"content":"4. [T][ ] go to the gym","lastModifiedDate":"2022-01-27"}],"authorContributionMap":{"e0543517":5}},{"path":"text-ui-test/input.txt","fileType":"txt","lines":[{"lineNumber":1,"author":{"gitId":"e0543517"},"content":"todo borrow book","lastModifiedDate":"2022-01-18"},{"lineNumber":2,"author":{"gitId":"e0543517"},"content":"deadline return book /by 2022-03-23 1800","lastModifiedDate":"2022-01-27"},{"lineNumber":3,"author":{"gitId":"e0543517"},"content":"event project meeting /at Mon 2-4pm","lastModifiedDate":"2022-01-18"},{"lineNumber":4,"author":{"gitId":"e0543517"},"content":"list","lastModifiedDate":"2022-01-18"},{"lineNumber":5,"author":{"gitId":"e0543517"},"content":"mark 1","lastModifiedDate":"2022-01-18"},{"lineNumber":6,"author":{"gitId":"e0543517"},"content":"unmark 1","lastModifiedDate":"2022-01-18"},{"lineNumber":7,"author":{"gitId":"e0543517"},"content":"todo","lastModifiedDate":"2022-01-18"},{"lineNumber":8,"author":{"gitId":"e0543517"},"content":"deadline","lastModifiedDate":"2022-01-18"},{"lineNumber":9,"author":{"gitId":"e0543517"},"content":"event","lastModifiedDate":"2022-01-18"},{"lineNumber":10,"author":{"gitId":"e0543517"},"content":"todo","lastModifiedDate":"2022-01-18"},{"lineNumber":11,"author":{"gitId":"e0543517"},"content":"deadline","lastModifiedDate":"2022-01-18"},{"lineNumber":12,"author":{"gitId":"e0543517"},"content":"event","lastModifiedDate":"2022-01-18"},{"lineNumber":13,"author":{"gitId":"e0543517"},"content":"blahhhhh","lastModifiedDate":"2022-01-18"},{"lineNumber":14,"author":{"gitId":"e0543517"},"content":"todo go to the gym","lastModifiedDate":"2022-01-18"},{"lineNumber":15,"author":{"gitId":"e0543517"},"content":"list","lastModifiedDate":"2022-01-18"},{"lineNumber":16,"author":{"gitId":"e0543517"},"content":"delete 3","lastModifiedDate":"2022-01-18"},{"lineNumber":17,"author":{"gitId":"e0543517"},"content":"delete 10","lastModifiedDate":"2022-01-18"},{"lineNumber":18,"author":{"gitId":"e0543517"},"content":"bye","lastModifiedDate":"2022-01-18"}],"authorContributionMap":{"e0543517":18}}]
