{"authorDailyContributionsMap":{"Graphcalibur":[{"date":"2022-01-16","commitResults":[{"hash":"bb6a352b45111d55d2f96af7122281156e20834c","messageTitle":"Add Greeting, Echo and Exit functions to MNSKY","messageBody":"","tags":["Level-1"],"fileTypesAndContributionMap":{"java":{"insertions":30,"deletions":6}}},{"hash":"4150c1e120c070785917a491858d349496f46015","messageTitle":"Rename main file and class from Duke to MNSKY","messageBody":"","fileTypesAndContributionMap":{"java":{"insertions":6,"deletions":6}}},{"hash":"a64adfd8053259fe869d8bb8bcb6f96e26ea68c6","messageTitle":"Add list functionality","messageBody":"","tags":["Level-2"],"fileTypesAndContributionMap":{"java":{"insertions":70,"deletions":24}}},{"hash":"40771393ebf62adc14870b9008b4a10d072fba1d","messageTitle":"Changed class and variable names of Mnsky to follow Java conventions","messageBody":"","fileTypesAndContributionMap":{"java":{"insertions":21,"deletions":21}}},{"hash":"9925cfbc912d2dac5bca312105447e89e0fb7f8b","messageTitle":"Add Task class as well as mark and unmark functionality","messageBody":"","tags":["Level-3"],"fileTypesAndContributionMap":{"java":{"insertions":60,"deletions":5}}},{"hash":"ec4aea01e2fe04aef10d698703a5ea8d0d5735b2","messageTitle":"Add support for tracking ToDos, Events, and Deadlines","messageBody":"","tags":["Level-4"],"fileTypesAndContributionMap":{"java":{"insertions":112,"deletions":17}}},{"hash":"9a0420655a7da1067dbf88443ffb0107c4fdd9ee","messageTitle":"Add automated text UI testing","messageBody":"","tags":["A-TextUiTesting"],"fileTypesAndContributionMap":{"txt":{"insertions":10,"deletions":0},"sh":{"insertions":2,"deletions":2}}}]},{"date":"2022-01-17","commitResults":[{"hash":"202572cc7278017ed411bc3a3401cec662eeb533","messageTitle":"Add comments and Exception handling","messageBody":"","tags":["Level-5"],"fileTypesAndContributionMap":{"java":{"insertions":168,"deletions":34}}},{"hash":"136ad40e7d7bc779ba7c378147eb406d22ab9277","messageTitle":"Add Delete functionality","messageBody":"","tags":["Level-6"],"fileTypesAndContributionMap":{"java":{"insertions":15,"deletions":0}}}]},{"date":"2022-01-22","commitResults":[{"hash":"95efc1225ab1421b10d95f532fb8b0be03575961","messageTitle":"Change some println() calls to printf()","messageBody":"","fileTypesAndContributionMap":{"java":{"insertions":5,"deletions":5}}},{"hash":"b6840e836057c949c2fcbf3e2cdaf94c476a837b","messageTitle":"Add saving and loading the list to memory.","messageBody":"","tags":["Level-7"],"fileTypesAndContributionMap":{"txt":{"insertions":3,"deletions":0},"java":{"insertions":155,"deletions":53}}},{"hash":"ccb86774997726d437ffdaf603f5a083705a6274","messageTitle":"Add support for date and time","messageBody":"","fileTypesAndContributionMap":{"txt":{"insertions":5,"deletions":1}}},{"hash":"93c14b50d47aee2fee7a96d456a1059c5bd8daeb","messageTitle":"Add extra support for date and time","messageBody":"","fileTypesAndContributionMap":{"java":{"insertions":123,"deletions":6}}},{"hash":"cb0ab2223c309af3b91825033e8c824855351b78","messageTitle":"Add Storage object to handle file I/O","messageBody":"","fileTypesAndContributionMap":{"txt":{"insertions":1,"deletions":0},"java":{"insertions":100,"deletions":68}}},{"hash":"85b5609143b08fd17a14f911982905f27e2ee5df","messageTitle":"Improve exception handling","messageBody":"","fileTypesAndContributionMap":{"txt":{"insertions":1,"deletions":4},"java":{"insertions":29,"deletions":44}}},{"hash":"712e59799bc2f828428bbe9346688928bf664b76","messageTitle":"Add Ui object to handle user interaction","messageBody":"","fileTypesAndContributionMap":{"java":{"insertions":82,"deletions":56}}},{"hash":"f8bd94808508cab63e21949864a78a8cdc26abfd","messageTitle":"Remove data folder and updated gitignore","messageBody":"","fileTypesAndContributionMap":{"txt":{"insertions":0,"deletions":1}}}]},{"date":"2022-01-23","commitResults":[{"hash":"1f46c54bad078db15b088c6e40363f4f055893f9","messageTitle":"Add Parser object","messageBody":"","fileTypesAndContributionMap":{"java":{"insertions":298,"deletions":185}}},{"hash":"890265b1f49c4fc313667b41c13326d0e333128b","messageTitle":"Added TaskList object","messageBody":"","tags":["A-MoreOOP"],"fileTypesAndContributionMap":{"java":{"insertions":251,"deletions":186}}},{"hash":"f271b2d7b07e28c1420bb2157934a2764401b8f5","messageTitle":"Add Packages","messageBody":"","tags":["A-Packages"],"fileTypesAndContributionMap":{"java":{"insertions":48,"deletions":14},"sh":{"insertions":2,"deletions":2}}}]},{"date":"2022-01-25","commitResults":[{"hash":"06ecc122dc08d7ffc465cbd076cc7464f3609f45","messageTitle":"Add JUnit tests","messageBody":"","tags":["A-Junit"],"fileTypesAndContributionMap":{"java":{"insertions":86,"deletions":0}}}]},{"date":"2022-01-26","commitResults":[{"hash":"ea28bd82303da6137ed3f14419c3759b3c9dfb70","messageTitle":"Add javadoc comments","messageBody":"","tags":["A-Javadoc"],"fileTypesAndContributionMap":{"java":{"insertions":111,"deletions":27}}}]},{"date":"2022-01-27","commitResults":[{"hash":"c07fc946851a1d5509acc0971ec0981993a6a7d1","messageTitle":"Update code to follow coding standards","messageBody":"","fileTypesAndContributionMap":{"java":{"insertions":174,"deletions":163}}},{"hash":"07f01d630f8ee70ff9f73a36db0ee8504f74098d","messageTitle":"Fix switch statements","messageBody":"","fileTypesAndContributionMap":{"java":{"insertions":62,"deletions":78}}},{"hash":"76dde0e3566288010d17fe3cabd737f29c64e7c2","messageTitle":"Fix bugs","messageBody":"","tags":["A-CodingStandard"],"fileTypesAndContributionMap":{"java":{"insertions":5,"deletions":5},"sh":{"insertions":1,"deletions":1}}},{"hash":"e9ae9eb713ef89ef304fc01e3d4fdc4ef29825f7","messageTitle":"Add find functionality","messageBody":"","fileTypesAndContributionMap":{"java":{"insertions":51,"deletions":14}}}]},{"date":"2022-01-30","commitResults":[{"hash":"10732c5169fd1a6c7ccbc1aae3e180451925c247","messageTitle":"Fix test bugs in TaskListTest","messageBody":"","fileTypesAndContributionMap":{"java":{"insertions":2,"deletions":2}}},{"hash":"f3b8fa09625b45a59b7b85e91e3bb579506922ba","messageTitle":"Edit gradle build file to run Mnsky class","messageBody":"","tags":["A-Gradle"],"fileTypesAndContributionMap":{"gradle":{"insertions":2,"deletions":2}}},{"hash":"aa46c831d5bfd8e870845e472c8daa535a4ca733","messageTitle":"Add checkstyle and fixed coding standard violations","messageBody":"","tags":["A-Checkstyle"],"fileTypesAndContributionMap":{"java":{"insertions":70,"deletions":62}}},{"hash":"26ad0edf4b50de78429f9e30d7cc5f7462583a76","messageTitle":"Add JavaFX to gradle build dependencies","messageBody":"","fileTypesAndContributionMap":{"gradle":{"insertions":14,"deletions":0}}}]},{"date":"2022-02-02","commitResults":[{"hash":"0152d64753440e66d1293731ad9d68469fe4331d","messageTitle":"Add GUI","messageBody":"","fileTypesAndContributionMap":{"fxml":{"insertions":35,"deletions":0},"java":{"insertions":222,"deletions":100}}},{"hash":"0edfcf3381a715d946f031bd9269791acd5e26b0","messageTitle":"Fix MNSKY\u0027s long responses getting cut off","messageBody":"","fileTypesAndContributionMap":{"java":{"insertions":13,"deletions":8}}},{"hash":"e76b4d690b025fc7f7e93e4edb776ab70adb0f3b","messageTitle":"Add and update Javadoc comments","messageBody":"","fileTypesAndContributionMap":{"java":{"insertions":25,"deletions":17}}}]},{"date":"2022-02-03","commitResults":[{"hash":"842510e9521d19f635f39f06618c649159dc062c","messageTitle":"Refactor code and close window on bye command","messageBody":"","fileTypesAndContributionMap":{"fxml":{"insertions":1,"deletions":1},"java":{"insertions":20,"deletions":9}}},{"hash":"83a06a0c6312cc42bc8974c26efa256acd2d7f75","messageTitle":"Change look of GUI","messageBody":"","tags":["Level-10"],"fileTypesAndContributionMap":{"fxml":{"insertions":6,"deletions":6},"java":{"insertions":14,"deletions":6}}}]},{"date":"2022-02-08","commitResults":[{"hash":"1c963cff624ea9d541fbc22cbe2b93378a7cdcb3","messageTitle":"Add some assertions","messageBody":"","tags":["A-Assertions"],"fileTypesAndContributionMap":{"java":{"insertions":6,"deletions":4}}},{"hash":"9944b014237be56211ea4b760cee89c94d7e4c9b","messageTitle":"Refactor code to improve quality","messageBody":"Code has some magic numbers and convoluted statements.\n\nThis makes the code more difficult and confusing to read.\n\nLet\u0027s\n* Replace the magic numbers with constant variables with\ndescriptive names\n* Extract out complicated statements into multiple lines\n\nThis way, the meaning of the magic numbers will be understood.\nHaving complicated statements spread out onto multiple lines\nmakes them easier to read and understand.\n","tags":["A-FullCommitMessage","A-CodeQuality"],"fileTypesAndContributionMap":{"java":{"insertions":47,"deletions":33}}}]},{"date":"2022-02-09","commitResults":[{"hash":"951a97dffc3a44abec05fd6e9c9ca6095677e826","messageTitle":"Add undo and redo functionality","messageBody":"Changes made to the list are permanent and have to be manually\nundone or redone if the user wants to undo or redo them.\n\nThis makes changing the list tedious if the user makes a mistake.\n\nLet\u0027s add undo and redo functionality by using two stacks to keep\ntrack of the history of the tasks ArrayList in the history\ntaskList.\n\nThis is the simplest way to allow users to undo and redo any\nchanges made to the taskList.\n","fileTypesAndContributionMap":{"java":{"insertions":115,"deletions":5}}},{"hash":"41698b80a3dfb705aa242ddaa66c595ec9dd265f","messageTitle":"Refactor code","messageBody":"","fileTypesAndContributionMap":{"java":{"insertions":64,"deletions":63}}},{"hash":"8376b24a5d0e7ac65a2655bf4d50bac336b93a05","messageTitle":"Add greeting message from MNSKY on startup","messageBody":"","fileTypesAndContributionMap":{"java":{"insertions":14,"deletions":3}}},{"hash":"fa5e221f14de8e992b607f6470fbb932c2016141","messageTitle":"Update readme","messageBody":"","tags":["C-Undo"],"fileTypesAndContributionMap":{"md":{"insertions":5,"deletions":22}}}]},{"date":"2022-02-17","commitResults":[{"hash":"d3fd16e92779e798ea169fa98f7607196309df03","messageTitle":"Improve GUI","messageBody":"","fileTypesAndContributionMap":{"java":{"insertions":115,"deletions":54}}},{"hash":"3fa0996c4742c8edea23bade568699156072fda9","messageTitle":"Fix bug with retrieving Storage data","messageBody":"","fileTypesAndContributionMap":{"java":{"insertions":23,"deletions":17}}},{"hash":"41e329cb223c4d59856e4a9aafda5dfeeedf5168","messageTitle":"Fix bug with undo and redo","messageBody":"","tags":["A-BetterGui"],"fileTypesAndContributionMap":{"java":{"insertions":16,"deletions":14}}}]},{"date":"2022-02-18","commitResults":[{"hash":"cf94584301e9e6a1451873d97243940fb7f6055c","messageTitle":"Add user guide","messageBody":"","tags":["A-UserGuide"],"fileTypesAndContributionMap":{"java":{"insertions":1,"deletions":1},"md":{"insertions":234,"deletions":12}}},{"hash":"a63c6781ebef8fdd34f36a2b924ad6099823945c","messageTitle":"Fix minor error in user guide","messageBody":"","fileTypesAndContributionMap":{"md":{"insertions":2,"deletions":2}}},{"hash":"30b9c03c9c4e2eb25a1257cd61eea04867b4e0c7","messageTitle":"Improve GUI","messageBody":"","fileTypesAndContributionMap":{"fxml":{"insertions":1,"deletions":1},"java":{"insertions":4,"deletions":0}}},{"hash":"5627b74be3b951449b31d8cfa53f2b8957b07f53","messageTitle":"Update Ui image","messageBody":"","fileTypesAndContributionMap":{"java":{"insertions":0,"deletions":3}}},{"hash":"4cbeb85b5beff51bf7ed382ad81202ec6dc0fd2d","messageTitle":"Edit build.gradle","messageBody":"","tags":["Release-0.2"],"fileTypesAndContributionMap":{"gradle":{"insertions":1,"deletions":1}}},{"hash":"5d6ecd15664f7013527e346d21258aab604a1ecc","messageTitle":"Fix issue with text wrapping","messageBody":"","fileTypesAndContributionMap":{"fxml":{"insertions":3,"deletions":3},"java":{"insertions":6,"deletions":14}}}]}]},"authorFileTypeContributionMap":{"Graphcalibur":{"java":1423,"md":238,"fxml":35,"sh":2,"bat":0,"gradle":16,"txt":19}},"authorContributionVariance":{"Graphcalibur":52525.17},"authorDisplayNameMap":{"Graphcalibur":"CS2103T-W14-3 STEV..CHUA"}}
