[{"path":"README.md","fileType":"md","lines":[{"lineNumber":1,"author":{"gitId":"bakano98"},"content":"# duke.main.Duke project template","lastModifiedDate":"2022-01-17"},{"lineNumber":2,"author":{"gitId":"-"},"content":"","lastModifiedDate":"2020-05-25"},{"lineNumber":3,"author":{"gitId":"-"},"content":"This is a project template for a greenfield Java project. It\u0027s named after the Java mascot _Duke_. Given below are instructions on how to use it.","lastModifiedDate":"2020-05-25"},{"lineNumber":4,"author":{"gitId":"-"},"content":"","lastModifiedDate":"2020-05-25"},{"lineNumber":5,"author":{"gitId":"-"},"content":"## Setting up in Intellij","lastModifiedDate":"2020-05-25"},{"lineNumber":6,"author":{"gitId":"-"},"content":"","lastModifiedDate":"2020-05-25"},{"lineNumber":7,"author":{"gitId":"-"},"content":"Prerequisites: JDK 11, update Intellij to the most recent version.","lastModifiedDate":"2020-05-25"},{"lineNumber":8,"author":{"gitId":"-"},"content":"","lastModifiedDate":"2020-05-25"},{"lineNumber":9,"author":{"gitId":"-"},"content":"1. Open Intellij (if you are not in the welcome screen, click `File` \u003e `Close Project` to close the existing project first)","lastModifiedDate":"2021-01-17"},{"lineNumber":10,"author":{"gitId":"-"},"content":"1. Open the project into Intellij as follows:","lastModifiedDate":"2021-01-17"},{"lineNumber":11,"author":{"gitId":"-"},"content":"   1. Click `Open`.","lastModifiedDate":"2021-01-17"},{"lineNumber":12,"author":{"gitId":"-"},"content":"   1. Select the project directory, and click `OK`.","lastModifiedDate":"2021-01-17"},{"lineNumber":13,"author":{"gitId":"-"},"content":"   1. If there are any further prompts, accept the defaults.","lastModifiedDate":"2020-05-25"},{"lineNumber":14,"author":{"gitId":"-"},"content":"1. Configure the project to use **JDK 11** (not other versions) as explained in [here](https://www.jetbrains.com/help/idea/sdk.html#set-up-jdk).\u003cbr\u003e","lastModifiedDate":"2021-07-29"},{"lineNumber":15,"author":{"gitId":"-"},"content":"   In the same dialog, set the **Project language level** field to the `SDK default` option.","lastModifiedDate":"2021-07-29"},{"lineNumber":16,"author":{"gitId":"bakano98"},"content":"3. After that, locate the `src/duke.main/java/duke.main.Duke.java` file, right-click it, and choose `Run duke.main.Duke.duke.main()` (if the code editor is showing compile errors, try restarting the IDE). If the setup is correct, you should see something like the below as the output:","lastModifiedDate":"2022-01-17"},{"lineNumber":17,"author":{"gitId":"-"},"content":"   ```","lastModifiedDate":"2020-05-25"},{"lineNumber":18,"author":{"gitId":"-"},"content":"   Hello from","lastModifiedDate":"2020-05-25"},{"lineNumber":19,"author":{"gitId":"-"},"content":"    ____        _        ","lastModifiedDate":"2020-05-25"},{"lineNumber":20,"author":{"gitId":"-"},"content":"   |  _ \\ _   _| | _____ ","lastModifiedDate":"2020-05-25"},{"lineNumber":21,"author":{"gitId":"-"},"content":"   | | | | | | | |/ / _ \\","lastModifiedDate":"2020-05-25"},{"lineNumber":22,"author":{"gitId":"-"},"content":"   | |_| | |_| |   \u003c  __/","lastModifiedDate":"2020-05-25"},{"lineNumber":23,"author":{"gitId":"-"},"content":"   |____/ \\__,_|_|\\_\\___|","lastModifiedDate":"2020-05-25"},{"lineNumber":24,"author":{"gitId":"-"},"content":"   ```","lastModifiedDate":"2020-05-25"}],"authorContributionMap":{"bakano98":2,"-":22}},{"path":"src/main/java/duke/commands/AddDeadlineCommand.java","fileType":"java","lines":[{"lineNumber":1,"author":{"gitId":"bakano98"},"content":"package duke.commands;","lastModifiedDate":"2022-01-17"},{"lineNumber":2,"author":{"gitId":"bakano98"},"content":"","lastModifiedDate":"2022-01-17"},{"lineNumber":3,"author":{"gitId":"bakano98"},"content":"import duke.tasks.Deadline;","lastModifiedDate":"2022-01-17"},{"lineNumber":4,"author":{"gitId":"bakano98"},"content":"import duke.main.DukeException;","lastModifiedDate":"2022-01-17"},{"lineNumber":5,"author":{"gitId":"bakano98"},"content":"import duke.main.TaskList;","lastModifiedDate":"2022-01-17"},{"lineNumber":6,"author":{"gitId":"bakano98"},"content":"import duke.main.Parser;","lastModifiedDate":"2022-01-17"},{"lineNumber":7,"author":{"gitId":"bakano98"},"content":"","lastModifiedDate":"2022-01-17"},{"lineNumber":8,"author":{"gitId":"bakano98"},"content":"public class AddDeadlineCommand {","lastModifiedDate":"2022-01-17"},{"lineNumber":9,"author":{"gitId":"bakano98"},"content":"    public AddDeadlineCommand(TaskList toDoList, String cmd) {","lastModifiedDate":"2022-01-17"},{"lineNumber":10,"author":{"gitId":"bakano98"},"content":"        this.runCommand(toDoList, cmd);","lastModifiedDate":"2022-01-17"},{"lineNumber":11,"author":{"gitId":"bakano98"},"content":"    }","lastModifiedDate":"2022-01-17"},{"lineNumber":12,"author":{"gitId":"bakano98"},"content":"","lastModifiedDate":"2022-01-17"},{"lineNumber":13,"author":{"gitId":"bakano98"},"content":"    public void runCommand(TaskList toDoList, String cmd) {","lastModifiedDate":"2022-01-17"},{"lineNumber":14,"author":{"gitId":"bakano98"},"content":"        try {","lastModifiedDate":"2022-01-17"},{"lineNumber":15,"author":{"gitId":"bakano98"},"content":"            String[] deadlineDetails \u003d cmd.split(\"deadline\")[1].split(\"/by\");","lastModifiedDate":"2022-01-17"},{"lineNumber":16,"author":{"gitId":"bakano98"},"content":"            String deadlineName \u003d deadlineDetails[0];","lastModifiedDate":"2022-01-17"},{"lineNumber":17,"author":{"gitId":"bakano98"},"content":"            String deadline \u003d deadlineDetails[1];","lastModifiedDate":"2022-01-17"},{"lineNumber":18,"author":{"gitId":"bakano98"},"content":"            Deadline newDeadline \u003d new Deadline(deadlineName, false, deadline);","lastModifiedDate":"2022-01-17"},{"lineNumber":19,"author":{"gitId":"bakano98"},"content":"            toDoList.add(newDeadline);","lastModifiedDate":"2022-01-17"},{"lineNumber":20,"author":{"gitId":"bakano98"},"content":"            System.out.println(Parser.formatMsg(\"Got it. I\u0027ve added this task:\\n\\t\" + newDeadline + \"\\n\\tNow you have \" + toDoList.size() + \" tasks in the list.\"));","lastModifiedDate":"2022-01-17"},{"lineNumber":21,"author":{"gitId":"bakano98"},"content":"        } catch (IndexOutOfBoundsException e) {","lastModifiedDate":"2022-01-17"},{"lineNumber":22,"author":{"gitId":"bakano98"},"content":"            System.out.println(new DukeException(Parser.formatMsg(\"☹ OOPS!!! The description of a deadline cannot be empty.\")));","lastModifiedDate":"2022-01-17"},{"lineNumber":23,"author":{"gitId":"bakano98"},"content":"        }","lastModifiedDate":"2022-01-17"},{"lineNumber":24,"author":{"gitId":"bakano98"},"content":"    }","lastModifiedDate":"2022-01-17"},{"lineNumber":25,"author":{"gitId":"bakano98"},"content":"","lastModifiedDate":"2022-01-17"},{"lineNumber":26,"author":{"gitId":"bakano98"},"content":"    ;","lastModifiedDate":"2022-01-17"},{"lineNumber":27,"author":{"gitId":"bakano98"},"content":"}","lastModifiedDate":"2022-01-17"}],"authorContributionMap":{"bakano98":27}},{"path":"src/main/java/duke/commands/AddEventCommand.java","fileType":"java","lines":[{"lineNumber":1,"author":{"gitId":"bakano98"},"content":"package duke.commands;","lastModifiedDate":"2022-01-17"},{"lineNumber":2,"author":{"gitId":"bakano98"},"content":"","lastModifiedDate":"2022-01-17"},{"lineNumber":3,"author":{"gitId":"bakano98"},"content":"import duke.tasks.Event;","lastModifiedDate":"2022-01-17"},{"lineNumber":4,"author":{"gitId":"bakano98"},"content":"import duke.main.DukeException;","lastModifiedDate":"2022-01-17"},{"lineNumber":5,"author":{"gitId":"bakano98"},"content":"import duke.main.TaskList;","lastModifiedDate":"2022-01-17"},{"lineNumber":6,"author":{"gitId":"bakano98"},"content":"import duke.main.Parser;","lastModifiedDate":"2022-01-17"},{"lineNumber":7,"author":{"gitId":"bakano98"},"content":"","lastModifiedDate":"2022-01-17"},{"lineNumber":8,"author":{"gitId":"bakano98"},"content":"public class AddEventCommand {","lastModifiedDate":"2022-01-17"},{"lineNumber":9,"author":{"gitId":"bakano98"},"content":"    public AddEventCommand(TaskList toDoList, String cmd) {","lastModifiedDate":"2022-01-17"},{"lineNumber":10,"author":{"gitId":"bakano98"},"content":"        this.runCommand(toDoList, cmd);","lastModifiedDate":"2022-01-17"},{"lineNumber":11,"author":{"gitId":"bakano98"},"content":"    }","lastModifiedDate":"2022-01-17"},{"lineNumber":12,"author":{"gitId":"bakano98"},"content":"","lastModifiedDate":"2022-01-17"},{"lineNumber":13,"author":{"gitId":"bakano98"},"content":"    public void runCommand(TaskList toDoList, String cmd) {","lastModifiedDate":"2022-01-17"},{"lineNumber":14,"author":{"gitId":"bakano98"},"content":"        try {","lastModifiedDate":"2022-01-17"},{"lineNumber":15,"author":{"gitId":"bakano98"},"content":"            String[] eventDetails \u003d cmd.split(\"event\")[1].split(\"/at\");","lastModifiedDate":"2022-01-17"},{"lineNumber":16,"author":{"gitId":"bakano98"},"content":"            String eventName \u003d eventDetails[0];","lastModifiedDate":"2022-01-17"},{"lineNumber":17,"author":{"gitId":"bakano98"},"content":"            String eventDateTime \u003d eventDetails[1];","lastModifiedDate":"2022-01-17"},{"lineNumber":18,"author":{"gitId":"bakano98"},"content":"            Event newEvent \u003d new Event(eventName, false, eventDateTime);","lastModifiedDate":"2022-01-17"},{"lineNumber":19,"author":{"gitId":"bakano98"},"content":"            toDoList.add(newEvent);","lastModifiedDate":"2022-01-17"},{"lineNumber":20,"author":{"gitId":"bakano98"},"content":"            System.out.println(Parser.formatMsg(\"Got it. I\u0027ve added this task:\\n\\t\" + newEvent + \"\\n\\tNow you have \" + toDoList.size() + \" tasks in the list.\"));","lastModifiedDate":"2022-01-17"},{"lineNumber":21,"author":{"gitId":"bakano98"},"content":"        } catch (IndexOutOfBoundsException e) {","lastModifiedDate":"2022-01-17"},{"lineNumber":22,"author":{"gitId":"bakano98"},"content":"            System.out.println(new DukeException(Parser.formatMsg(\"☹ OOPS!!! The description of an event cannot be empty.\")));","lastModifiedDate":"2022-01-17"},{"lineNumber":23,"author":{"gitId":"bakano98"},"content":"        }","lastModifiedDate":"2022-01-17"},{"lineNumber":24,"author":{"gitId":"bakano98"},"content":"    }","lastModifiedDate":"2022-01-17"},{"lineNumber":25,"author":{"gitId":"bakano98"},"content":"","lastModifiedDate":"2022-01-17"},{"lineNumber":26,"author":{"gitId":"bakano98"},"content":"    ;","lastModifiedDate":"2022-01-17"},{"lineNumber":27,"author":{"gitId":"bakano98"},"content":"}","lastModifiedDate":"2022-01-17"}],"authorContributionMap":{"bakano98":27}},{"path":"src/main/java/duke/commands/AddToDoCommand.java","fileType":"java","lines":[{"lineNumber":1,"author":{"gitId":"bakano98"},"content":"package duke.commands;","lastModifiedDate":"2022-01-17"},{"lineNumber":2,"author":{"gitId":"bakano98"},"content":"","lastModifiedDate":"2022-01-17"},{"lineNumber":3,"author":{"gitId":"bakano98"},"content":"import duke.tasks.ToDo;","lastModifiedDate":"2022-01-17"},{"lineNumber":4,"author":{"gitId":"bakano98"},"content":"import duke.main.DukeException;","lastModifiedDate":"2022-01-17"},{"lineNumber":5,"author":{"gitId":"bakano98"},"content":"import duke.main.TaskList;","lastModifiedDate":"2022-01-17"},{"lineNumber":6,"author":{"gitId":"bakano98"},"content":"import duke.main.Parser;","lastModifiedDate":"2022-01-17"},{"lineNumber":7,"author":{"gitId":"bakano98"},"content":"","lastModifiedDate":"2022-01-17"},{"lineNumber":8,"author":{"gitId":"bakano98"},"content":"public class AddToDoCommand {","lastModifiedDate":"2022-01-17"},{"lineNumber":9,"author":{"gitId":"bakano98"},"content":"    public AddToDoCommand(TaskList toDoList, String cmd) {","lastModifiedDate":"2022-01-17"},{"lineNumber":10,"author":{"gitId":"bakano98"},"content":"        this.runCommand(toDoList, cmd);","lastModifiedDate":"2022-01-17"},{"lineNumber":11,"author":{"gitId":"bakano98"},"content":"    }","lastModifiedDate":"2022-01-17"},{"lineNumber":12,"author":{"gitId":"bakano98"},"content":"","lastModifiedDate":"2022-01-17"},{"lineNumber":13,"author":{"gitId":"bakano98"},"content":"    public void runCommand(TaskList toDoList, String cmd) {","lastModifiedDate":"2022-01-17"},{"lineNumber":14,"author":{"gitId":"bakano98"},"content":"        try {","lastModifiedDate":"2022-01-17"},{"lineNumber":15,"author":{"gitId":"bakano98"},"content":"            ToDo newToDo \u003d new ToDo(cmd.split(\"todo\")[1], false);","lastModifiedDate":"2022-01-17"},{"lineNumber":16,"author":{"gitId":"bakano98"},"content":"            toDoList.add(newToDo);","lastModifiedDate":"2022-01-17"},{"lineNumber":17,"author":{"gitId":"bakano98"},"content":"            System.out.println(Parser.formatMsg(\"Got it. I\u0027ve added this task:\\n\\t\" + newToDo + \"\\n\\tNow you have \" + toDoList.size() + \" tasks in the list.\"));","lastModifiedDate":"2022-01-17"},{"lineNumber":18,"author":{"gitId":"bakano98"},"content":"        } catch (IndexOutOfBoundsException e) {","lastModifiedDate":"2022-01-17"},{"lineNumber":19,"author":{"gitId":"bakano98"},"content":"            System.out.println(new DukeException(Parser.formatMsg(\"☹ OOPS!!! The description of a todo cannot be empty.\")));","lastModifiedDate":"2022-01-17"},{"lineNumber":20,"author":{"gitId":"bakano98"},"content":"        }","lastModifiedDate":"2022-01-17"},{"lineNumber":21,"author":{"gitId":"bakano98"},"content":"    }","lastModifiedDate":"2022-01-17"},{"lineNumber":22,"author":{"gitId":"bakano98"},"content":"","lastModifiedDate":"2022-01-17"},{"lineNumber":23,"author":{"gitId":"bakano98"},"content":"    ;","lastModifiedDate":"2022-01-17"},{"lineNumber":24,"author":{"gitId":"bakano98"},"content":"}","lastModifiedDate":"2022-01-17"}],"authorContributionMap":{"bakano98":24}},{"path":"src/main/java/duke/commands/Command.java","fileType":"java","lines":[{"lineNumber":1,"author":{"gitId":"bakano98"},"content":"package duke.commands;","lastModifiedDate":"2022-01-17"},{"lineNumber":2,"author":{"gitId":"bakano98"},"content":"import duke.main.*;","lastModifiedDate":"2022-01-17"},{"lineNumber":3,"author":{"gitId":"bakano98"},"content":"","lastModifiedDate":"2022-01-17"},{"lineNumber":4,"author":{"gitId":"bakano98"},"content":"public abstract class Command {","lastModifiedDate":"2022-01-17"},{"lineNumber":5,"author":{"gitId":"bakano98"},"content":"    public abstract void runCommand(TaskList todoList, String cmd);","lastModifiedDate":"2022-01-17"},{"lineNumber":6,"author":{"gitId":"bakano98"},"content":"}","lastModifiedDate":"2022-01-17"}],"authorContributionMap":{"bakano98":6}},{"path":"src/main/java/duke/commands/DeleteCommand.java","fileType":"java","lines":[{"lineNumber":1,"author":{"gitId":"bakano98"},"content":"package duke.commands;","lastModifiedDate":"2022-01-17"},{"lineNumber":2,"author":{"gitId":"bakano98"},"content":"","lastModifiedDate":"2022-01-17"},{"lineNumber":3,"author":{"gitId":"bakano98"},"content":"import duke.tasks.Task;","lastModifiedDate":"2022-01-17"},{"lineNumber":4,"author":{"gitId":"bakano98"},"content":"import duke.main.DukeException;","lastModifiedDate":"2022-01-17"},{"lineNumber":5,"author":{"gitId":"bakano98"},"content":"import duke.main.TaskList;","lastModifiedDate":"2022-01-17"},{"lineNumber":6,"author":{"gitId":"bakano98"},"content":"import duke.main.Parser;","lastModifiedDate":"2022-01-17"},{"lineNumber":7,"author":{"gitId":"bakano98"},"content":"","lastModifiedDate":"2022-01-17"},{"lineNumber":8,"author":{"gitId":"bakano98"},"content":"public class DeleteCommand {","lastModifiedDate":"2022-01-17"},{"lineNumber":9,"author":{"gitId":"bakano98"},"content":"    public DeleteCommand(TaskList toDoList, int numberToDelete) {","lastModifiedDate":"2022-01-17"},{"lineNumber":10,"author":{"gitId":"bakano98"},"content":"        this.runCommand(toDoList, numberToDelete);","lastModifiedDate":"2022-01-17"},{"lineNumber":11,"author":{"gitId":"bakano98"},"content":"    }","lastModifiedDate":"2022-01-17"},{"lineNumber":12,"author":{"gitId":"bakano98"},"content":"","lastModifiedDate":"2022-01-17"},{"lineNumber":13,"author":{"gitId":"bakano98"},"content":"    public void runCommand(TaskList toDoList, int numberToDelete) {","lastModifiedDate":"2022-01-17"},{"lineNumber":14,"author":{"gitId":"bakano98"},"content":"        try {","lastModifiedDate":"2022-01-17"},{"lineNumber":15,"author":{"gitId":"bakano98"},"content":"            Task deletedTask \u003d toDoList.remove(numberToDelete);","lastModifiedDate":"2022-01-17"},{"lineNumber":16,"author":{"gitId":"bakano98"},"content":"            System.out.println(Parser.formatMsg(\"Noted. I\u0027ve removed this task:\\n\\t\" + deletedTask + \"\\n\\tNow you have \" + toDoList.size() + \" tasks in the list.\"));","lastModifiedDate":"2022-01-17"},{"lineNumber":17,"author":{"gitId":"bakano98"},"content":"        } catch (IndexOutOfBoundsException e) {","lastModifiedDate":"2022-01-17"},{"lineNumber":18,"author":{"gitId":"bakano98"},"content":"            System.out.println(new DukeException(Parser.formatMsg(\"☹ OOPS!!! Item to delete does not exist.\")));","lastModifiedDate":"2022-01-17"},{"lineNumber":19,"author":{"gitId":"bakano98"},"content":"        }","lastModifiedDate":"2022-01-17"},{"lineNumber":20,"author":{"gitId":"bakano98"},"content":"    }","lastModifiedDate":"2022-01-17"},{"lineNumber":21,"author":{"gitId":"bakano98"},"content":"}","lastModifiedDate":"2022-01-17"}],"authorContributionMap":{"bakano98":21}},{"path":"src/main/java/duke/commands/ListCommand.java","fileType":"java","lines":[{"lineNumber":1,"author":{"gitId":"bakano98"},"content":"package duke.commands;","lastModifiedDate":"2022-01-17"},{"lineNumber":2,"author":{"gitId":"bakano98"},"content":"","lastModifiedDate":"2022-01-17"},{"lineNumber":3,"author":{"gitId":"bakano98"},"content":"import duke.main.TaskList;","lastModifiedDate":"2022-01-17"},{"lineNumber":4,"author":{"gitId":"bakano98"},"content":"","lastModifiedDate":"2022-01-17"},{"lineNumber":5,"author":{"gitId":"bakano98"},"content":"public class ListCommand extends Command {","lastModifiedDate":"2022-01-17"},{"lineNumber":6,"author":{"gitId":"bakano98"},"content":"    private final String tabbedLine \u003d \"\\t----------------------------------------------\";","lastModifiedDate":"2022-01-17"},{"lineNumber":7,"author":{"gitId":"bakano98"},"content":"    public ListCommand(TaskList toDoList, String cmd) {","lastModifiedDate":"2022-01-17"},{"lineNumber":8,"author":{"gitId":"bakano98"},"content":"        this.runCommand(toDoList, cmd);","lastModifiedDate":"2022-01-17"},{"lineNumber":9,"author":{"gitId":"bakano98"},"content":"    }","lastModifiedDate":"2022-01-17"},{"lineNumber":10,"author":{"gitId":"bakano98"},"content":"","lastModifiedDate":"2022-01-17"},{"lineNumber":11,"author":{"gitId":"bakano98"},"content":"    public void runCommand(TaskList toDoList, String cmd) {","lastModifiedDate":"2022-01-17"},{"lineNumber":12,"author":{"gitId":"bakano98"},"content":"        System.out.println(tabbedLine);","lastModifiedDate":"2022-01-17"},{"lineNumber":13,"author":{"gitId":"bakano98"},"content":"        for (int i \u003d 0; i \u003c toDoList.size(); i++) {","lastModifiedDate":"2022-01-17"},{"lineNumber":14,"author":{"gitId":"bakano98"},"content":"            System.out.println(i + 1 + \".\" + toDoList.get(i).toString());","lastModifiedDate":"2022-01-17"},{"lineNumber":15,"author":{"gitId":"bakano98"},"content":"        }","lastModifiedDate":"2022-01-17"},{"lineNumber":16,"author":{"gitId":"bakano98"},"content":"        System.out.println(tabbedLine);","lastModifiedDate":"2022-01-17"},{"lineNumber":17,"author":{"gitId":"bakano98"},"content":"    };","lastModifiedDate":"2022-01-17"},{"lineNumber":18,"author":{"gitId":"bakano98"},"content":"}","lastModifiedDate":"2022-01-17"}],"authorContributionMap":{"bakano98":18}},{"path":"src/main/java/duke/commands/MarkCommand.java","fileType":"java","lines":[{"lineNumber":1,"author":{"gitId":"bakano98"},"content":"package duke.commands;","lastModifiedDate":"2022-01-17"},{"lineNumber":2,"author":{"gitId":"bakano98"},"content":"","lastModifiedDate":"2022-01-17"},{"lineNumber":3,"author":{"gitId":"bakano98"},"content":"import duke.tasks.Task;","lastModifiedDate":"2022-01-17"},{"lineNumber":4,"author":{"gitId":"bakano98"},"content":"import duke.main.DukeException;","lastModifiedDate":"2022-01-17"},{"lineNumber":5,"author":{"gitId":"bakano98"},"content":"import duke.main.TaskList;","lastModifiedDate":"2022-01-17"},{"lineNumber":6,"author":{"gitId":"bakano98"},"content":"import duke.main.Parser;","lastModifiedDate":"2022-01-17"},{"lineNumber":7,"author":{"gitId":"bakano98"},"content":"","lastModifiedDate":"2022-01-17"},{"lineNumber":8,"author":{"gitId":"bakano98"},"content":"public class MarkCommand {","lastModifiedDate":"2022-01-17"},{"lineNumber":9,"author":{"gitId":"bakano98"},"content":"    public MarkCommand(TaskList toDoList, int numberToMark) {","lastModifiedDate":"2022-01-17"},{"lineNumber":10,"author":{"gitId":"bakano98"},"content":"        this.runCommand(toDoList, numberToMark);","lastModifiedDate":"2022-01-17"},{"lineNumber":11,"author":{"gitId":"bakano98"},"content":"    }","lastModifiedDate":"2022-01-17"},{"lineNumber":12,"author":{"gitId":"bakano98"},"content":"","lastModifiedDate":"2022-01-17"},{"lineNumber":13,"author":{"gitId":"bakano98"},"content":"    public void runCommand(TaskList toDoList, int numberToMark) {","lastModifiedDate":"2022-01-17"},{"lineNumber":14,"author":{"gitId":"bakano98"},"content":"        try {","lastModifiedDate":"2022-01-17"},{"lineNumber":15,"author":{"gitId":"bakano98"},"content":"            Task taskToMark \u003d toDoList.get(numberToMark);","lastModifiedDate":"2022-01-17"},{"lineNumber":16,"author":{"gitId":"bakano98"},"content":"            taskToMark.mark();","lastModifiedDate":"2022-01-17"},{"lineNumber":17,"author":{"gitId":"bakano98"},"content":"            System.out.println(Parser.formatMsg(\"OK, I\u0027ve marked this task as done:\\n\\t\" + taskToMark));","lastModifiedDate":"2022-01-17"},{"lineNumber":18,"author":{"gitId":"bakano98"},"content":"        } catch (IndexOutOfBoundsException e) {","lastModifiedDate":"2022-01-17"},{"lineNumber":19,"author":{"gitId":"bakano98"},"content":"            System.out.println(new DukeException(Parser.formatMsg(\"☹ OOPS!!! Item to mark does not exist.\")));","lastModifiedDate":"2022-01-17"},{"lineNumber":20,"author":{"gitId":"bakano98"},"content":"        }","lastModifiedDate":"2022-01-17"},{"lineNumber":21,"author":{"gitId":"bakano98"},"content":"    }","lastModifiedDate":"2022-01-17"},{"lineNumber":22,"author":{"gitId":"bakano98"},"content":"}","lastModifiedDate":"2022-01-17"}],"authorContributionMap":{"bakano98":22}},{"path":"src/main/java/duke/commands/UnmarkCommand.java","fileType":"java","lines":[{"lineNumber":1,"author":{"gitId":"bakano98"},"content":"package duke.commands;","lastModifiedDate":"2022-01-17"},{"lineNumber":2,"author":{"gitId":"bakano98"},"content":"","lastModifiedDate":"2022-01-17"},{"lineNumber":3,"author":{"gitId":"bakano98"},"content":"import duke.tasks.Task;","lastModifiedDate":"2022-01-17"},{"lineNumber":4,"author":{"gitId":"bakano98"},"content":"import duke.main.DukeException;","lastModifiedDate":"2022-01-17"},{"lineNumber":5,"author":{"gitId":"bakano98"},"content":"import duke.main.TaskList;","lastModifiedDate":"2022-01-17"},{"lineNumber":6,"author":{"gitId":"bakano98"},"content":"import duke.main.Parser;","lastModifiedDate":"2022-01-17"},{"lineNumber":7,"author":{"gitId":"bakano98"},"content":"","lastModifiedDate":"2022-01-17"},{"lineNumber":8,"author":{"gitId":"bakano98"},"content":"public class UnmarkCommand {","lastModifiedDate":"2022-01-17"},{"lineNumber":9,"author":{"gitId":"bakano98"},"content":"    public UnmarkCommand(TaskList toDoList, int numberToUnmark) {","lastModifiedDate":"2022-01-17"},{"lineNumber":10,"author":{"gitId":"bakano98"},"content":"        this.runCommand(toDoList, numberToUnmark);","lastModifiedDate":"2022-01-17"},{"lineNumber":11,"author":{"gitId":"bakano98"},"content":"    }","lastModifiedDate":"2022-01-17"},{"lineNumber":12,"author":{"gitId":"bakano98"},"content":"","lastModifiedDate":"2022-01-17"},{"lineNumber":13,"author":{"gitId":"bakano98"},"content":"    public void runCommand(TaskList toDoList, int numberToUnmark) {","lastModifiedDate":"2022-01-17"},{"lineNumber":14,"author":{"gitId":"bakano98"},"content":"        try {","lastModifiedDate":"2022-01-17"},{"lineNumber":15,"author":{"gitId":"bakano98"},"content":"            Task taskToUnmark \u003d toDoList.get(numberToUnmark);","lastModifiedDate":"2022-01-17"},{"lineNumber":16,"author":{"gitId":"bakano98"},"content":"            taskToUnmark.unmark();","lastModifiedDate":"2022-01-17"},{"lineNumber":17,"author":{"gitId":"bakano98"},"content":"            System.out.println(Parser.formatMsg(\"OK, I\u0027ve marked this task as not done yet:\\n\\t\" + taskToUnmark));","lastModifiedDate":"2022-01-17"},{"lineNumber":18,"author":{"gitId":"bakano98"},"content":"        } catch (IndexOutOfBoundsException e) {","lastModifiedDate":"2022-01-17"},{"lineNumber":19,"author":{"gitId":"bakano98"},"content":"            System.out.println(new DukeException(Parser.formatMsg(\"☹ OOPS!!! Item to unmark does not exist.\")));","lastModifiedDate":"2022-01-17"},{"lineNumber":20,"author":{"gitId":"bakano98"},"content":"        }","lastModifiedDate":"2022-01-17"},{"lineNumber":21,"author":{"gitId":"bakano98"},"content":"    }","lastModifiedDate":"2022-01-17"},{"lineNumber":22,"author":{"gitId":"bakano98"},"content":"}","lastModifiedDate":"2022-01-17"}],"authorContributionMap":{"bakano98":22}},{"path":"src/main/java/duke/main/Duke.java","fileType":"java","lines":[{"lineNumber":1,"author":{"gitId":"bakano98"},"content":"package duke.main;","lastModifiedDate":"2022-01-17"},{"lineNumber":2,"author":{"gitId":"bakano98"},"content":"","lastModifiedDate":"2022-01-17"},{"lineNumber":3,"author":{"gitId":"bakano98"},"content":"import java.io.BufferedReader;","lastModifiedDate":"2022-01-17"},{"lineNumber":4,"author":{"gitId":"bakano98"},"content":"import java.io.IOException;","lastModifiedDate":"2022-01-17"},{"lineNumber":5,"author":{"gitId":"bakano98"},"content":"import java.io.InputStreamReader;","lastModifiedDate":"2022-01-17"},{"lineNumber":6,"author":{"gitId":"bakano98"},"content":"import java.io.File;","lastModifiedDate":"2022-01-17"},{"lineNumber":7,"author":{"gitId":"bakano98"},"content":"import java.io.FileNotFoundException;","lastModifiedDate":"2022-01-17"},{"lineNumber":8,"author":{"gitId":"bakano98"},"content":"","lastModifiedDate":"2022-01-17"},{"lineNumber":9,"author":{"gitId":"bakano98"},"content":"","lastModifiedDate":"2022-01-17"},{"lineNumber":10,"author":{"gitId":"bakano98"},"content":"public class Duke {","lastModifiedDate":"2022-01-17"},{"lineNumber":11,"author":{"gitId":"bakano98"},"content":"    private TaskList toDoList;","lastModifiedDate":"2022-01-17"},{"lineNumber":12,"author":{"gitId":"bakano98"},"content":"    private Storage storage;","lastModifiedDate":"2022-01-17"},{"lineNumber":13,"author":{"gitId":"bakano98"},"content":"    private Ui ui;","lastModifiedDate":"2022-01-17"},{"lineNumber":14,"author":{"gitId":"bakano98"},"content":"","lastModifiedDate":"2022-01-17"},{"lineNumber":15,"author":{"gitId":"bakano98"},"content":"    public Duke(String filepath) {","lastModifiedDate":"2022-01-17"},{"lineNumber":16,"author":{"gitId":"bakano98"},"content":"        storage \u003d new Storage(filepath);","lastModifiedDate":"2022-01-17"},{"lineNumber":17,"author":{"gitId":"bakano98"},"content":"        ui \u003d new Ui();","lastModifiedDate":"2022-01-17"},{"lineNumber":18,"author":{"gitId":"bakano98"},"content":"        // Attempt to open the storage file. If file does not exist, then create a new file.","lastModifiedDate":"2022-01-17"},{"lineNumber":19,"author":{"gitId":"bakano98"},"content":"        try {","lastModifiedDate":"2022-01-17"},{"lineNumber":20,"author":{"gitId":"bakano98"},"content":"            System.out.println(\"Loading content from file\");","lastModifiedDate":"2022-01-17"},{"lineNumber":21,"author":{"gitId":"bakano98"},"content":"            toDoList \u003d storage.addFileContent(\"./tasklist.txt\");","lastModifiedDate":"2022-01-17"},{"lineNumber":22,"author":{"gitId":"bakano98"},"content":"        } catch (FileNotFoundException e) {","lastModifiedDate":"2022-01-17"},{"lineNumber":23,"author":{"gitId":"bakano98"},"content":"            Ui.handleLoadError();","lastModifiedDate":"2022-01-17"},{"lineNumber":24,"author":{"gitId":"bakano98"},"content":"            // creates a new file in the current directory","lastModifiedDate":"2022-01-17"},{"lineNumber":25,"author":{"gitId":"bakano98"},"content":"            File f \u003d new File(\"./tasklist.txt\");","lastModifiedDate":"2022-01-17"},{"lineNumber":26,"author":{"gitId":"bakano98"},"content":"            toDoList \u003d new TaskList();","lastModifiedDate":"2022-01-17"},{"lineNumber":27,"author":{"gitId":"bakano98"},"content":"        }","lastModifiedDate":"2022-01-17"},{"lineNumber":28,"author":{"gitId":"bakano98"},"content":"    }","lastModifiedDate":"2022-01-17"},{"lineNumber":29,"author":{"gitId":"bakano98"},"content":"","lastModifiedDate":"2022-01-17"},{"lineNumber":30,"author":{"gitId":"bakano98"},"content":"    public void run() throws IOException {","lastModifiedDate":"2022-01-17"},{"lineNumber":31,"author":{"gitId":"bakano98"},"content":"        BufferedReader br \u003d new BufferedReader(new InputStreamReader(System.in));","lastModifiedDate":"2022-01-17"},{"lineNumber":32,"author":{"gitId":"bakano98"},"content":"        String cmd;","lastModifiedDate":"2022-01-17"},{"lineNumber":33,"author":{"gitId":"bakano98"},"content":"        Ui.showWelcome();","lastModifiedDate":"2022-01-17"},{"lineNumber":34,"author":{"gitId":"bakano98"},"content":"        while (!(cmd \u003d br.readLine()).equals(\"bye\")) {","lastModifiedDate":"2022-01-17"},{"lineNumber":35,"author":{"gitId":"bakano98"},"content":"            String commandType \u003d cmd.split(\" \")[0];","lastModifiedDate":"2022-01-17"},{"lineNumber":36,"author":{"gitId":"bakano98"},"content":"            ui.burpReply(ui.determineType(commandType), toDoList, cmd);","lastModifiedDate":"2022-01-17"},{"lineNumber":37,"author":{"gitId":"bakano98"},"content":"        }","lastModifiedDate":"2022-01-17"},{"lineNumber":38,"author":{"gitId":"bakano98"},"content":"        storage.writeFileContent(toDoList);","lastModifiedDate":"2022-01-17"},{"lineNumber":39,"author":{"gitId":"bakano98"},"content":"        Ui.showBye();","lastModifiedDate":"2022-01-17"},{"lineNumber":40,"author":{"gitId":"bakano98"},"content":"    }","lastModifiedDate":"2022-01-17"},{"lineNumber":41,"author":{"gitId":"bakano98"},"content":"","lastModifiedDate":"2022-01-17"},{"lineNumber":42,"author":{"gitId":"bakano98"},"content":"    public static void main(String[] args) throws IOException {","lastModifiedDate":"2022-01-17"},{"lineNumber":43,"author":{"gitId":"bakano98"},"content":"        new Duke(\"./tasklist.txt\").run();","lastModifiedDate":"2022-01-17"},{"lineNumber":44,"author":{"gitId":"bakano98"},"content":"    }","lastModifiedDate":"2022-01-17"},{"lineNumber":45,"author":{"gitId":"bakano98"},"content":"}","lastModifiedDate":"2022-01-17"}],"authorContributionMap":{"bakano98":45}},{"path":"src/main/java/duke/main/DukeException.java","fileType":"java","lines":[{"lineNumber":1,"author":{"gitId":"bakano98"},"content":"package duke.main;","lastModifiedDate":"2022-01-17"},{"lineNumber":2,"author":{"gitId":"bakano98"},"content":"","lastModifiedDate":"2022-01-17"},{"lineNumber":3,"author":{"gitId":"-"},"content":"public class DukeException extends Exception {","lastModifiedDate":"2022-01-13"},{"lineNumber":4,"author":{"gitId":"-"},"content":"    public DukeException(String msg) {","lastModifiedDate":"2022-01-13"},{"lineNumber":5,"author":{"gitId":"-"},"content":"        super(msg);","lastModifiedDate":"2022-01-13"},{"lineNumber":6,"author":{"gitId":"-"},"content":"    }","lastModifiedDate":"2022-01-13"},{"lineNumber":7,"author":{"gitId":"-"},"content":"","lastModifiedDate":"2022-01-13"},{"lineNumber":8,"author":{"gitId":"-"},"content":"    @Override","lastModifiedDate":"2022-01-13"},{"lineNumber":9,"author":{"gitId":"-"},"content":"    public String toString() {","lastModifiedDate":"2022-01-13"},{"lineNumber":10,"author":{"gitId":"-"},"content":"        return this.getMessage();","lastModifiedDate":"2022-01-13"},{"lineNumber":11,"author":{"gitId":"-"},"content":"    }","lastModifiedDate":"2022-01-13"},{"lineNumber":12,"author":{"gitId":"-"},"content":"}","lastModifiedDate":"2022-01-13"}],"authorContributionMap":{"bakano98":2,"-":10}},{"path":"src/main/java/duke/main/Parser.java","fileType":"java","lines":[{"lineNumber":1,"author":{"gitId":"bakano98"},"content":"package duke.main;","lastModifiedDate":"2022-01-17"},{"lineNumber":2,"author":{"gitId":"bakano98"},"content":"","lastModifiedDate":"2022-01-17"},{"lineNumber":3,"author":{"gitId":"bakano98"},"content":"import duke.commands.*;","lastModifiedDate":"2022-01-17"},{"lineNumber":4,"author":{"gitId":"bakano98"},"content":"","lastModifiedDate":"2022-01-17"},{"lineNumber":5,"author":{"gitId":"bakano98"},"content":"","lastModifiedDate":"2022-01-17"},{"lineNumber":6,"author":{"gitId":"bakano98"},"content":"public class Parser {","lastModifiedDate":"2022-01-17"},{"lineNumber":7,"author":{"gitId":"bakano98"},"content":"","lastModifiedDate":"2022-01-17"},{"lineNumber":8,"author":{"gitId":"bakano98"},"content":"    // logic that determines how Burp will reply","lastModifiedDate":"2022-01-17"},{"lineNumber":9,"author":{"gitId":"bakano98"},"content":"    public static void parseCommands(Ui.Reply type, TaskList toDoList, String cmd) {","lastModifiedDate":"2022-01-17"},{"lineNumber":10,"author":{"gitId":"bakano98"},"content":"        String[] cmd_split \u003d cmd.split(\" \");","lastModifiedDate":"2022-01-17"},{"lineNumber":11,"author":{"gitId":"bakano98"},"content":"        switch (type) {","lastModifiedDate":"2022-01-17"},{"lineNumber":12,"author":{"gitId":"bakano98"},"content":"        case LIST:","lastModifiedDate":"2022-01-17"},{"lineNumber":13,"author":{"gitId":"bakano98"},"content":"            new ListCommand(toDoList, cmd);","lastModifiedDate":"2022-01-17"},{"lineNumber":14,"author":{"gitId":"bakano98"},"content":"            break;","lastModifiedDate":"2022-01-17"},{"lineNumber":15,"author":{"gitId":"bakano98"},"content":"        case TODO:","lastModifiedDate":"2022-01-17"},{"lineNumber":16,"author":{"gitId":"bakano98"},"content":"            new AddToDoCommand(toDoList, cmd);","lastModifiedDate":"2022-01-17"},{"lineNumber":17,"author":{"gitId":"bakano98"},"content":"            break;","lastModifiedDate":"2022-01-17"},{"lineNumber":18,"author":{"gitId":"bakano98"},"content":"        case DEADLINE:","lastModifiedDate":"2022-01-17"},{"lineNumber":19,"author":{"gitId":"bakano98"},"content":"            new AddDeadlineCommand(toDoList, cmd);","lastModifiedDate":"2022-01-17"},{"lineNumber":20,"author":{"gitId":"bakano98"},"content":"            break;","lastModifiedDate":"2022-01-17"},{"lineNumber":21,"author":{"gitId":"bakano98"},"content":"        case EVENT:","lastModifiedDate":"2022-01-17"},{"lineNumber":22,"author":{"gitId":"bakano98"},"content":"            new AddEventCommand(toDoList, cmd);","lastModifiedDate":"2022-01-17"},{"lineNumber":23,"author":{"gitId":"bakano98"},"content":"            break;","lastModifiedDate":"2022-01-17"},{"lineNumber":24,"author":{"gitId":"bakano98"},"content":"        case MARK:","lastModifiedDate":"2022-01-17"},{"lineNumber":25,"author":{"gitId":"bakano98"},"content":"            new MarkCommand(toDoList, Integer.parseInt(cmd_split[1]) - 1);","lastModifiedDate":"2022-01-17"},{"lineNumber":26,"author":{"gitId":"bakano98"},"content":"            break;","lastModifiedDate":"2022-01-17"},{"lineNumber":27,"author":{"gitId":"bakano98"},"content":"        case UNMARK:","lastModifiedDate":"2022-01-17"},{"lineNumber":28,"author":{"gitId":"bakano98"},"content":"            new UnmarkCommand(toDoList, Integer.parseInt(cmd_split[1])-1);","lastModifiedDate":"2022-01-17"},{"lineNumber":29,"author":{"gitId":"bakano98"},"content":"            break;","lastModifiedDate":"2022-01-17"},{"lineNumber":30,"author":{"gitId":"bakano98"},"content":"        case DELETE:","lastModifiedDate":"2022-01-17"},{"lineNumber":31,"author":{"gitId":"bakano98"},"content":"            new DeleteCommand(toDoList, Integer.parseInt(cmd_split[1])-1);","lastModifiedDate":"2022-01-17"},{"lineNumber":32,"author":{"gitId":"bakano98"},"content":"            break;","lastModifiedDate":"2022-01-17"},{"lineNumber":33,"author":{"gitId":"bakano98"},"content":"        default:","lastModifiedDate":"2022-01-17"},{"lineNumber":34,"author":{"gitId":"bakano98"},"content":"            System.out.println(new DukeException(formatMsg(\"☹ OOPS!!! I\u0027m sorry, but I don\u0027t know what that means :-(\")));","lastModifiedDate":"2022-01-17"},{"lineNumber":35,"author":{"gitId":"bakano98"},"content":"            break;","lastModifiedDate":"2022-01-17"},{"lineNumber":36,"author":{"gitId":"bakano98"},"content":"        }","lastModifiedDate":"2022-01-17"},{"lineNumber":37,"author":{"gitId":"bakano98"},"content":"    }","lastModifiedDate":"2022-01-17"},{"lineNumber":38,"author":{"gitId":"bakano98"},"content":"","lastModifiedDate":"2022-01-17"},{"lineNumber":39,"author":{"gitId":"bakano98"},"content":"    public static String formatMsg(String msg) {","lastModifiedDate":"2022-01-17"},{"lineNumber":40,"author":{"gitId":"bakano98"},"content":"        String tabbedLine \u003d \"\\t----------------------------------------------\";","lastModifiedDate":"2022-01-17"},{"lineNumber":41,"author":{"gitId":"bakano98"},"content":"        return (tabbedLine + \"\\n\\t\" + msg + \"\\n\" + tabbedLine);","lastModifiedDate":"2022-01-17"},{"lineNumber":42,"author":{"gitId":"bakano98"},"content":"    }","lastModifiedDate":"2022-01-17"},{"lineNumber":43,"author":{"gitId":"bakano98"},"content":"}","lastModifiedDate":"2022-01-17"}],"authorContributionMap":{"bakano98":43}},{"path":"src/main/java/duke/main/Storage.java","fileType":"java","lines":[{"lineNumber":1,"author":{"gitId":"bakano98"},"content":"package duke.main;","lastModifiedDate":"2022-01-17"},{"lineNumber":2,"author":{"gitId":"bakano98"},"content":"","lastModifiedDate":"2022-01-17"},{"lineNumber":3,"author":{"gitId":"bakano98"},"content":"import duke.tasks.Deadline;","lastModifiedDate":"2022-01-17"},{"lineNumber":4,"author":{"gitId":"bakano98"},"content":"import duke.tasks.Event;","lastModifiedDate":"2022-01-17"},{"lineNumber":5,"author":{"gitId":"bakano98"},"content":"import duke.tasks.Task;","lastModifiedDate":"2022-01-17"},{"lineNumber":6,"author":{"gitId":"bakano98"},"content":"import duke.tasks.ToDo;","lastModifiedDate":"2022-01-17"},{"lineNumber":7,"author":{"gitId":"bakano98"},"content":"","lastModifiedDate":"2022-01-17"},{"lineNumber":8,"author":{"gitId":"bakano98"},"content":"import java.io.File;","lastModifiedDate":"2022-01-17"},{"lineNumber":9,"author":{"gitId":"bakano98"},"content":"import java.io.FileNotFoundException;","lastModifiedDate":"2022-01-17"},{"lineNumber":10,"author":{"gitId":"bakano98"},"content":"import java.io.FileWriter;","lastModifiedDate":"2022-01-17"},{"lineNumber":11,"author":{"gitId":"bakano98"},"content":"import java.io.IOException;","lastModifiedDate":"2022-01-17"},{"lineNumber":12,"author":{"gitId":"bakano98"},"content":"import java.util.Scanner;","lastModifiedDate":"2022-01-17"},{"lineNumber":13,"author":{"gitId":"bakano98"},"content":"","lastModifiedDate":"2022-01-17"},{"lineNumber":14,"author":{"gitId":"bakano98"},"content":"public class Storage {","lastModifiedDate":"2022-01-17"},{"lineNumber":15,"author":{"gitId":"bakano98"},"content":"    String filepath;","lastModifiedDate":"2022-01-17"},{"lineNumber":16,"author":{"gitId":"bakano98"},"content":"","lastModifiedDate":"2022-01-17"},{"lineNumber":17,"author":{"gitId":"bakano98"},"content":"    public Storage(String filepath) {","lastModifiedDate":"2022-01-17"},{"lineNumber":18,"author":{"gitId":"bakano98"},"content":"        this.filepath \u003d filepath;","lastModifiedDate":"2022-01-17"},{"lineNumber":19,"author":{"gitId":"bakano98"},"content":"    }","lastModifiedDate":"2022-01-17"},{"lineNumber":20,"author":{"gitId":"bakano98"},"content":"","lastModifiedDate":"2022-01-17"},{"lineNumber":21,"author":{"gitId":"bakano98"},"content":"    // Reads and adds the file\u0027s content into the array","lastModifiedDate":"2022-01-17"},{"lineNumber":22,"author":{"gitId":"bakano98"},"content":"    public static TaskList addFileContent(String filePath) throws FileNotFoundException {","lastModifiedDate":"2022-01-17"},{"lineNumber":23,"author":{"gitId":"bakano98"},"content":"        File f \u003d new File(filePath);","lastModifiedDate":"2022-01-17"},{"lineNumber":24,"author":{"gitId":"bakano98"},"content":"        TaskList toDoList \u003d new TaskList();","lastModifiedDate":"2022-01-17"},{"lineNumber":25,"author":{"gitId":"bakano98"},"content":"        // save commands into the file","lastModifiedDate":"2022-01-17"},{"lineNumber":26,"author":{"gitId":"bakano98"},"content":"        Scanner s \u003d new Scanner(f);","lastModifiedDate":"2022-01-17"},{"lineNumber":27,"author":{"gitId":"bakano98"},"content":"        while (s.hasNext()) {","lastModifiedDate":"2022-01-17"},{"lineNumber":28,"author":{"gitId":"bakano98"},"content":"            // mark status \u0026 type \u0026 descriptor \u0026 additional","lastModifiedDate":"2022-01-17"},{"lineNumber":29,"author":{"gitId":"bakano98"},"content":"            String cmd \u003d s.nextLine();","lastModifiedDate":"2022-01-17"},{"lineNumber":30,"author":{"gitId":"bakano98"},"content":"            String[] cmd_split \u003d cmd.split(\"\u0026\");","lastModifiedDate":"2022-01-17"},{"lineNumber":31,"author":{"gitId":"bakano98"},"content":"            boolean mark \u003d cmd_split[0].equals(\"[X]\") ? true : false;","lastModifiedDate":"2022-01-17"},{"lineNumber":32,"author":{"gitId":"bakano98"},"content":"","lastModifiedDate":"2022-01-17"},{"lineNumber":33,"author":{"gitId":"bakano98"},"content":"            switch (cmd_split[1]) {","lastModifiedDate":"2022-01-17"},{"lineNumber":34,"author":{"gitId":"bakano98"},"content":"            case \"T\":","lastModifiedDate":"2022-01-17"},{"lineNumber":35,"author":{"gitId":"bakano98"},"content":"                // ToDo(String task, boolean markStatus)","lastModifiedDate":"2022-01-17"},{"lineNumber":36,"author":{"gitId":"bakano98"},"content":"                toDoList.add(new ToDo(cmd_split[2], mark));","lastModifiedDate":"2022-01-17"},{"lineNumber":37,"author":{"gitId":"bakano98"},"content":"                break;","lastModifiedDate":"2022-01-17"},{"lineNumber":38,"author":{"gitId":"bakano98"},"content":"            case \"E\":","lastModifiedDate":"2022-01-17"},{"lineNumber":39,"author":{"gitId":"bakano98"},"content":"                // Event(String task, boolean markStatus, String dateTime)","lastModifiedDate":"2022-01-17"},{"lineNumber":40,"author":{"gitId":"bakano98"},"content":"                toDoList.add(new Event(cmd_split[2], mark, cmd_split[3]));","lastModifiedDate":"2022-01-17"},{"lineNumber":41,"author":{"gitId":"bakano98"},"content":"                break;","lastModifiedDate":"2022-01-17"},{"lineNumber":42,"author":{"gitId":"bakano98"},"content":"            case \"D\":","lastModifiedDate":"2022-01-17"},{"lineNumber":43,"author":{"gitId":"bakano98"},"content":"                // Deadline(String task, boolean markStatus, String deadline)","lastModifiedDate":"2022-01-17"},{"lineNumber":44,"author":{"gitId":"bakano98"},"content":"                toDoList.add(new Deadline(cmd_split[2], mark, cmd_split[3]));","lastModifiedDate":"2022-01-17"},{"lineNumber":45,"author":{"gitId":"bakano98"},"content":"                break;","lastModifiedDate":"2022-01-17"},{"lineNumber":46,"author":{"gitId":"bakano98"},"content":"            default:","lastModifiedDate":"2022-01-17"},{"lineNumber":47,"author":{"gitId":"bakano98"},"content":"                // do nothing","lastModifiedDate":"2022-01-17"},{"lineNumber":48,"author":{"gitId":"bakano98"},"content":"                System.out.println(\"aaaa\");","lastModifiedDate":"2022-01-17"},{"lineNumber":49,"author":{"gitId":"bakano98"},"content":"                break;","lastModifiedDate":"2022-01-17"},{"lineNumber":50,"author":{"gitId":"bakano98"},"content":"            }","lastModifiedDate":"2022-01-17"},{"lineNumber":51,"author":{"gitId":"bakano98"},"content":"        }","lastModifiedDate":"2022-01-17"},{"lineNumber":52,"author":{"gitId":"bakano98"},"content":"        return toDoList;","lastModifiedDate":"2022-01-17"},{"lineNumber":53,"author":{"gitId":"bakano98"},"content":"    }","lastModifiedDate":"2022-01-17"},{"lineNumber":54,"author":{"gitId":"bakano98"},"content":"","lastModifiedDate":"2022-01-17"},{"lineNumber":55,"author":{"gitId":"bakano98"},"content":"    // Writes the contents of toDoList into storage with specific formatting","lastModifiedDate":"2022-01-17"},{"lineNumber":56,"author":{"gitId":"bakano98"},"content":"    public static void writeFileContent(TaskList toDoList) throws IOException {","lastModifiedDate":"2022-01-17"},{"lineNumber":57,"author":{"gitId":"bakano98"},"content":"        FileWriter fw \u003d new FileWriter(\"./tasklist.txt\");","lastModifiedDate":"2022-01-17"},{"lineNumber":58,"author":{"gitId":"bakano98"},"content":"        for (int i \u003d 0; i \u003c toDoList.size(); i++) {","lastModifiedDate":"2022-01-17"},{"lineNumber":59,"author":{"gitId":"bakano98"},"content":"            Task currentTask \u003d toDoList.get(i);","lastModifiedDate":"2022-01-17"},{"lineNumber":60,"author":{"gitId":"bakano98"},"content":"            fw.write(currentTask.getStringCmd());","lastModifiedDate":"2022-01-17"},{"lineNumber":61,"author":{"gitId":"bakano98"},"content":"            fw.write(\"\\n\");","lastModifiedDate":"2022-01-17"},{"lineNumber":62,"author":{"gitId":"bakano98"},"content":"        }","lastModifiedDate":"2022-01-17"},{"lineNumber":63,"author":{"gitId":"bakano98"},"content":"        fw.close();","lastModifiedDate":"2022-01-17"},{"lineNumber":64,"author":{"gitId":"bakano98"},"content":"    }","lastModifiedDate":"2022-01-17"},{"lineNumber":65,"author":{"gitId":"bakano98"},"content":"","lastModifiedDate":"2022-01-17"},{"lineNumber":66,"author":{"gitId":"bakano98"},"content":"}","lastModifiedDate":"2022-01-17"}],"authorContributionMap":{"bakano98":66}},{"path":"src/main/java/duke/main/TaskList.java","fileType":"java","lines":[{"lineNumber":1,"author":{"gitId":"bakano98"},"content":"package duke.main;","lastModifiedDate":"2022-01-17"},{"lineNumber":2,"author":{"gitId":"bakano98"},"content":"","lastModifiedDate":"2022-01-17"},{"lineNumber":3,"author":{"gitId":"bakano98"},"content":"import duke.tasks.*;","lastModifiedDate":"2022-01-17"},{"lineNumber":4,"author":{"gitId":"bakano98"},"content":"import java.util.*;","lastModifiedDate":"2022-01-17"},{"lineNumber":5,"author":{"gitId":"bakano98"},"content":"","lastModifiedDate":"2022-01-17"},{"lineNumber":6,"author":{"gitId":"bakano98"},"content":"public class TaskList {","lastModifiedDate":"2022-01-17"},{"lineNumber":7,"author":{"gitId":"bakano98"},"content":"    private List\u003cTask\u003e toDoList;","lastModifiedDate":"2022-01-17"},{"lineNumber":8,"author":{"gitId":"bakano98"},"content":"","lastModifiedDate":"2022-01-17"},{"lineNumber":9,"author":{"gitId":"bakano98"},"content":"    public TaskList() {","lastModifiedDate":"2022-01-17"},{"lineNumber":10,"author":{"gitId":"bakano98"},"content":"        this.toDoList \u003d new ArrayList\u003c\u003e();","lastModifiedDate":"2022-01-17"},{"lineNumber":11,"author":{"gitId":"bakano98"},"content":"    }","lastModifiedDate":"2022-01-17"},{"lineNumber":12,"author":{"gitId":"bakano98"},"content":"","lastModifiedDate":"2022-01-17"},{"lineNumber":13,"author":{"gitId":"bakano98"},"content":"    public void add(Task t) {","lastModifiedDate":"2022-01-17"},{"lineNumber":14,"author":{"gitId":"bakano98"},"content":"        this.toDoList.add(t);","lastModifiedDate":"2022-01-17"},{"lineNumber":15,"author":{"gitId":"bakano98"},"content":"    }","lastModifiedDate":"2022-01-17"},{"lineNumber":16,"author":{"gitId":"bakano98"},"content":"    public Task remove(int index) {","lastModifiedDate":"2022-01-17"},{"lineNumber":17,"author":{"gitId":"bakano98"},"content":"        return this.toDoList.remove(index);","lastModifiedDate":"2022-01-17"},{"lineNumber":18,"author":{"gitId":"bakano98"},"content":"    }","lastModifiedDate":"2022-01-17"},{"lineNumber":19,"author":{"gitId":"bakano98"},"content":"","lastModifiedDate":"2022-01-17"},{"lineNumber":20,"author":{"gitId":"bakano98"},"content":"    public int size() {","lastModifiedDate":"2022-01-17"},{"lineNumber":21,"author":{"gitId":"bakano98"},"content":"        return this.toDoList.size();","lastModifiedDate":"2022-01-17"},{"lineNumber":22,"author":{"gitId":"bakano98"},"content":"    }","lastModifiedDate":"2022-01-17"},{"lineNumber":23,"author":{"gitId":"bakano98"},"content":"","lastModifiedDate":"2022-01-17"},{"lineNumber":24,"author":{"gitId":"bakano98"},"content":"    public Task get(int i) {","lastModifiedDate":"2022-01-17"},{"lineNumber":25,"author":{"gitId":"bakano98"},"content":"        return this.toDoList.get(i);","lastModifiedDate":"2022-01-17"},{"lineNumber":26,"author":{"gitId":"bakano98"},"content":"    }","lastModifiedDate":"2022-01-17"},{"lineNumber":27,"author":{"gitId":"bakano98"},"content":"}","lastModifiedDate":"2022-01-17"}],"authorContributionMap":{"bakano98":27}},{"path":"src/main/java/duke/main/Ui.java","fileType":"java","lines":[{"lineNumber":1,"author":{"gitId":"bakano98"},"content":"package duke.main;","lastModifiedDate":"2022-01-17"},{"lineNumber":2,"author":{"gitId":"bakano98"},"content":"","lastModifiedDate":"2022-01-17"},{"lineNumber":3,"author":{"gitId":"bakano98"},"content":"public class Ui {","lastModifiedDate":"2022-01-17"},{"lineNumber":4,"author":{"gitId":"bakano98"},"content":"    private static Parser parser;","lastModifiedDate":"2022-01-17"},{"lineNumber":5,"author":{"gitId":"bakano98"},"content":"","lastModifiedDate":"2022-01-17"},{"lineNumber":6,"author":{"gitId":"bakano98"},"content":"    public enum Reply {","lastModifiedDate":"2022-01-17"},{"lineNumber":7,"author":{"gitId":"bakano98"},"content":"        LIST, TODO, DEADLINE, EVENT, MARK, UNMARK, DELETE, DEFAULT","lastModifiedDate":"2022-01-17"},{"lineNumber":8,"author":{"gitId":"bakano98"},"content":"    }","lastModifiedDate":"2022-01-17"},{"lineNumber":9,"author":{"gitId":"bakano98"},"content":"","lastModifiedDate":"2022-01-17"},{"lineNumber":10,"author":{"gitId":"bakano98"},"content":"    public Ui() {","lastModifiedDate":"2022-01-17"},{"lineNumber":11,"author":{"gitId":"bakano98"},"content":"        parser \u003d new Parser();","lastModifiedDate":"2022-01-17"},{"lineNumber":12,"author":{"gitId":"bakano98"},"content":"    }","lastModifiedDate":"2022-01-17"},{"lineNumber":13,"author":{"gitId":"bakano98"},"content":"","lastModifiedDate":"2022-01-17"},{"lineNumber":14,"author":{"gitId":"bakano98"},"content":"    // to determine what kind of reply Burp should give","lastModifiedDate":"2022-01-17"},{"lineNumber":15,"author":{"gitId":"bakano98"},"content":"    public static Reply determineType(String command) {","lastModifiedDate":"2022-01-17"},{"lineNumber":16,"author":{"gitId":"bakano98"},"content":"        switch (command) {","lastModifiedDate":"2022-01-17"},{"lineNumber":17,"author":{"gitId":"bakano98"},"content":"        case \"list\":","lastModifiedDate":"2022-01-17"},{"lineNumber":18,"author":{"gitId":"bakano98"},"content":"            return Reply.LIST;","lastModifiedDate":"2022-01-17"},{"lineNumber":19,"author":{"gitId":"bakano98"},"content":"        case \"todo\":","lastModifiedDate":"2022-01-17"},{"lineNumber":20,"author":{"gitId":"bakano98"},"content":"            return Reply.TODO;","lastModifiedDate":"2022-01-17"},{"lineNumber":21,"author":{"gitId":"bakano98"},"content":"        case \"deadline\":","lastModifiedDate":"2022-01-17"},{"lineNumber":22,"author":{"gitId":"bakano98"},"content":"            return Reply.DEADLINE;","lastModifiedDate":"2022-01-17"},{"lineNumber":23,"author":{"gitId":"bakano98"},"content":"        case \"event\":","lastModifiedDate":"2022-01-17"},{"lineNumber":24,"author":{"gitId":"bakano98"},"content":"            return Reply.EVENT;","lastModifiedDate":"2022-01-17"},{"lineNumber":25,"author":{"gitId":"bakano98"},"content":"        case \"mark\":","lastModifiedDate":"2022-01-17"},{"lineNumber":26,"author":{"gitId":"bakano98"},"content":"            return Reply.MARK;","lastModifiedDate":"2022-01-17"},{"lineNumber":27,"author":{"gitId":"bakano98"},"content":"        case \"unmark\":","lastModifiedDate":"2022-01-17"},{"lineNumber":28,"author":{"gitId":"bakano98"},"content":"            return Reply.UNMARK;","lastModifiedDate":"2022-01-17"},{"lineNumber":29,"author":{"gitId":"bakano98"},"content":"        case \"delete\":","lastModifiedDate":"2022-01-17"},{"lineNumber":30,"author":{"gitId":"bakano98"},"content":"            return Reply.DELETE;","lastModifiedDate":"2022-01-17"},{"lineNumber":31,"author":{"gitId":"bakano98"},"content":"        default:","lastModifiedDate":"2022-01-17"},{"lineNumber":32,"author":{"gitId":"bakano98"},"content":"            return Reply.DEFAULT;","lastModifiedDate":"2022-01-17"},{"lineNumber":33,"author":{"gitId":"bakano98"},"content":"        }","lastModifiedDate":"2022-01-17"},{"lineNumber":34,"author":{"gitId":"bakano98"},"content":"    }","lastModifiedDate":"2022-01-17"},{"lineNumber":35,"author":{"gitId":"bakano98"},"content":"","lastModifiedDate":"2022-01-17"},{"lineNumber":36,"author":{"gitId":"bakano98"},"content":"    public static void showBye() {","lastModifiedDate":"2022-01-17"},{"lineNumber":37,"author":{"gitId":"bakano98"},"content":"        System.out.println(parser.formatMsg(\"Bye. Hope to see you again soon!\"));","lastModifiedDate":"2022-01-17"},{"lineNumber":38,"author":{"gitId":"bakano98"},"content":"    }","lastModifiedDate":"2022-01-17"},{"lineNumber":39,"author":{"gitId":"bakano98"},"content":"","lastModifiedDate":"2022-01-17"},{"lineNumber":40,"author":{"gitId":"bakano98"},"content":"    public static void burpReply(Ui.Reply type, TaskList toDoList, String cmd) {","lastModifiedDate":"2022-01-17"},{"lineNumber":41,"author":{"gitId":"bakano98"},"content":"        Parser.parseCommands(type, toDoList, cmd);","lastModifiedDate":"2022-01-17"},{"lineNumber":42,"author":{"gitId":"bakano98"},"content":"    }","lastModifiedDate":"2022-01-17"},{"lineNumber":43,"author":{"gitId":"bakano98"},"content":"","lastModifiedDate":"2022-01-17"},{"lineNumber":44,"author":{"gitId":"bakano98"},"content":"    public static void showWelcome() {","lastModifiedDate":"2022-01-17"},{"lineNumber":45,"author":{"gitId":"bakano98"},"content":"        System.out.println(parser.formatMsg(\"Hello from Burp\\n\\tWhat can I do for you?\"));","lastModifiedDate":"2022-01-17"},{"lineNumber":46,"author":{"gitId":"bakano98"},"content":"    }","lastModifiedDate":"2022-01-17"},{"lineNumber":47,"author":{"gitId":"bakano98"},"content":"","lastModifiedDate":"2022-01-17"},{"lineNumber":48,"author":{"gitId":"bakano98"},"content":"    public static void handleLoadError() {","lastModifiedDate":"2022-01-17"},{"lineNumber":49,"author":{"gitId":"bakano98"},"content":"        System.out.println(\"File could not be loaded -- most likely it has not been created\");","lastModifiedDate":"2022-01-17"},{"lineNumber":50,"author":{"gitId":"bakano98"},"content":"    }","lastModifiedDate":"2022-01-17"},{"lineNumber":51,"author":{"gitId":"bakano98"},"content":"","lastModifiedDate":"2022-01-17"},{"lineNumber":52,"author":{"gitId":"bakano98"},"content":"}","lastModifiedDate":"2022-01-17"}],"authorContributionMap":{"bakano98":52}},{"path":"src/main/java/duke/tasks/Deadline.java","fileType":"java","lines":[{"lineNumber":1,"author":{"gitId":"bakano98"},"content":"package duke.tasks;","lastModifiedDate":"2022-01-17"},{"lineNumber":2,"author":{"gitId":"-"},"content":"","lastModifiedDate":"2022-01-13"},{"lineNumber":3,"author":{"gitId":"bakano98"},"content":"import java.time.LocalDate;","lastModifiedDate":"2022-01-16"},{"lineNumber":4,"author":{"gitId":"bakano98"},"content":"","lastModifiedDate":"2022-01-16"},{"lineNumber":5,"author":{"gitId":"-"},"content":"public class Deadline extends Task {","lastModifiedDate":"2022-01-13"},{"lineNumber":6,"author":{"gitId":"bakano98"},"content":"    String time;","lastModifiedDate":"2022-01-16"},{"lineNumber":7,"author":{"gitId":"bakano98"},"content":"    // Keeping this for now since we do not know what to use LocalDate date for...","lastModifiedDate":"2022-01-16"},{"lineNumber":8,"author":{"gitId":"bakano98"},"content":"    String deadline;","lastModifiedDate":"2022-01-16"},{"lineNumber":9,"author":{"gitId":"bakano98"},"content":"    LocalDate date;","lastModifiedDate":"2022-01-16"},{"lineNumber":10,"author":{"gitId":"bakano98"},"content":"","lastModifiedDate":"2022-01-16"},{"lineNumber":11,"author":{"gitId":"-"},"content":"    public Deadline(String task, boolean markStatus, String deadline) {","lastModifiedDate":"2022-01-13"},{"lineNumber":12,"author":{"gitId":"-"},"content":"        super(task, markStatus);","lastModifiedDate":"2022-01-13"},{"lineNumber":13,"author":{"gitId":"-"},"content":"        this.deadline \u003d deadline;","lastModifiedDate":"2022-01-13"},{"lineNumber":14,"author":{"gitId":"bakano98"},"content":"        this.dateFormatter(deadline);","lastModifiedDate":"2022-01-16"},{"lineNumber":15,"author":{"gitId":"-"},"content":"    }","lastModifiedDate":"2022-01-13"},{"lineNumber":16,"author":{"gitId":"-"},"content":"","lastModifiedDate":"2022-01-13"},{"lineNumber":17,"author":{"gitId":"bakano98"},"content":"    @Override","lastModifiedDate":"2022-01-16"},{"lineNumber":18,"author":{"gitId":"bakano98"},"content":"    public String getStringCmd() {","lastModifiedDate":"2022-01-16"},{"lineNumber":19,"author":{"gitId":"bakano98"},"content":"        // mark status | type | descriptor | deadline","lastModifiedDate":"2022-01-16"},{"lineNumber":20,"author":{"gitId":"bakano98"},"content":"        return super.getMarkStatus() + \"\u0026D\u0026\" + super.getTask() + \"\u0026\" + this.deadline;","lastModifiedDate":"2022-01-16"},{"lineNumber":21,"author":{"gitId":"bakano98"},"content":"    }","lastModifiedDate":"2022-01-16"},{"lineNumber":22,"author":{"gitId":"bakano98"},"content":"","lastModifiedDate":"2022-01-16"},{"lineNumber":23,"author":{"gitId":"bakano98"},"content":"    private void dateFormatter(String dateTime) {","lastModifiedDate":"2022-01-16"},{"lineNumber":24,"author":{"gitId":"bakano98"},"content":"        // the string is of the form: 2/12/2019 1800","lastModifiedDate":"2022-01-16"},{"lineNumber":25,"author":{"gitId":"bakano98"},"content":"        dateTime \u003d dateTime.replace(\u0027/\u0027, \u0027-\u0027);","lastModifiedDate":"2022-01-16"},{"lineNumber":26,"author":{"gitId":"bakano98"},"content":"        String[] splitDateTime \u003d dateTime.split(\" \");","lastModifiedDate":"2022-01-16"},{"lineNumber":27,"author":{"gitId":"bakano98"},"content":"        try {","lastModifiedDate":"2022-01-16"},{"lineNumber":28,"author":{"gitId":"bakano98"},"content":"            this.date \u003d LocalDate.parse(splitDateTime[0]);","lastModifiedDate":"2022-01-16"},{"lineNumber":29,"author":{"gitId":"bakano98"},"content":"        } catch (Exception e) {","lastModifiedDate":"2022-01-16"},{"lineNumber":30,"author":{"gitId":"bakano98"},"content":"            System.out.println(\"Wrong date format\");","lastModifiedDate":"2022-01-16"},{"lineNumber":31,"author":{"gitId":"bakano98"},"content":"        }","lastModifiedDate":"2022-01-16"},{"lineNumber":32,"author":{"gitId":"bakano98"},"content":"        this.time \u003d splitDateTime[1];","lastModifiedDate":"2022-01-16"},{"lineNumber":33,"author":{"gitId":"bakano98"},"content":"    }","lastModifiedDate":"2022-01-16"},{"lineNumber":34,"author":{"gitId":"bakano98"},"content":"","lastModifiedDate":"2022-01-16"},{"lineNumber":35,"author":{"gitId":"bakano98"},"content":"    public String getDate() {","lastModifiedDate":"2022-01-16"},{"lineNumber":36,"author":{"gitId":"bakano98"},"content":"        return date.toString();","lastModifiedDate":"2022-01-16"},{"lineNumber":37,"author":{"gitId":"bakano98"},"content":"    }","lastModifiedDate":"2022-01-16"},{"lineNumber":38,"author":{"gitId":"bakano98"},"content":"","lastModifiedDate":"2022-01-16"},{"lineNumber":39,"author":{"gitId":"-"},"content":"    public String getDeadline() {","lastModifiedDate":"2022-01-13"},{"lineNumber":40,"author":{"gitId":"-"},"content":"        return \"(by:\" + this.deadline + \")\";","lastModifiedDate":"2022-01-13"},{"lineNumber":41,"author":{"gitId":"-"},"content":"    }","lastModifiedDate":"2022-01-13"},{"lineNumber":42,"author":{"gitId":"-"},"content":"","lastModifiedDate":"2022-01-13"},{"lineNumber":43,"author":{"gitId":"-"},"content":"    @Override","lastModifiedDate":"2022-01-13"},{"lineNumber":44,"author":{"gitId":"-"},"content":"    public String toString() {","lastModifiedDate":"2022-01-13"},{"lineNumber":45,"author":{"gitId":"-"},"content":"        return \"[D]\" + super.toString() + this.getDeadline();","lastModifiedDate":"2022-01-13"},{"lineNumber":46,"author":{"gitId":"-"},"content":"    }","lastModifiedDate":"2022-01-13"},{"lineNumber":47,"author":{"gitId":"-"},"content":"}","lastModifiedDate":"2022-01-13"}],"authorContributionMap":{"bakano98":31,"-":16}},{"path":"src/main/java/duke/tasks/Event.java","fileType":"java","lines":[{"lineNumber":1,"author":{"gitId":"bakano98"},"content":"package duke.tasks;","lastModifiedDate":"2022-01-17"},{"lineNumber":2,"author":{"gitId":"-"},"content":"","lastModifiedDate":"2022-01-13"},{"lineNumber":3,"author":{"gitId":"-"},"content":"public class Event extends Task {","lastModifiedDate":"2022-01-13"},{"lineNumber":4,"author":{"gitId":"-"},"content":"    String dateTime; // (at: date time)","lastModifiedDate":"2022-01-13"},{"lineNumber":5,"author":{"gitId":"bakano98"},"content":"","lastModifiedDate":"2022-01-17"},{"lineNumber":6,"author":{"gitId":"-"},"content":"    public Event(String task, boolean markStatus, String dateTime) {","lastModifiedDate":"2022-01-13"},{"lineNumber":7,"author":{"gitId":"-"},"content":"        super(task, markStatus);","lastModifiedDate":"2022-01-13"},{"lineNumber":8,"author":{"gitId":"-"},"content":"        this.dateTime \u003d dateTime;","lastModifiedDate":"2022-01-13"},{"lineNumber":9,"author":{"gitId":"-"},"content":"    }","lastModifiedDate":"2022-01-13"},{"lineNumber":10,"author":{"gitId":"-"},"content":"","lastModifiedDate":"2022-01-13"},{"lineNumber":11,"author":{"gitId":"bakano98"},"content":"    @Override","lastModifiedDate":"2022-01-16"},{"lineNumber":12,"author":{"gitId":"bakano98"},"content":"    public String getStringCmd() {","lastModifiedDate":"2022-01-16"},{"lineNumber":13,"author":{"gitId":"bakano98"},"content":"        // mark status | type | descriptor | datetime","lastModifiedDate":"2022-01-16"},{"lineNumber":14,"author":{"gitId":"bakano98"},"content":"        return super.getMarkStatus() + \"\u0026E\u0026\" + super.getTask() + \"\u0026\" + this.dateTime;","lastModifiedDate":"2022-01-16"},{"lineNumber":15,"author":{"gitId":"bakano98"},"content":"    }","lastModifiedDate":"2022-01-16"},{"lineNumber":16,"author":{"gitId":"bakano98"},"content":"","lastModifiedDate":"2022-01-16"},{"lineNumber":17,"author":{"gitId":"-"},"content":"    public String getDateTime() {","lastModifiedDate":"2022-01-13"},{"lineNumber":18,"author":{"gitId":"-"},"content":"        return \"(at:\" + this.dateTime + \")\";","lastModifiedDate":"2022-01-13"},{"lineNumber":19,"author":{"gitId":"-"},"content":"    }","lastModifiedDate":"2022-01-13"},{"lineNumber":20,"author":{"gitId":"-"},"content":"","lastModifiedDate":"2022-01-13"},{"lineNumber":21,"author":{"gitId":"-"},"content":"    @Override","lastModifiedDate":"2022-01-13"},{"lineNumber":22,"author":{"gitId":"-"},"content":"    public String toString() {","lastModifiedDate":"2022-01-13"},{"lineNumber":23,"author":{"gitId":"-"},"content":"        return \"[E]\" + super.toString() + this.getDateTime();","lastModifiedDate":"2022-01-13"},{"lineNumber":24,"author":{"gitId":"-"},"content":"    }","lastModifiedDate":"2022-01-13"},{"lineNumber":25,"author":{"gitId":"-"},"content":"}","lastModifiedDate":"2022-01-13"}],"authorContributionMap":{"bakano98":8,"-":17}},{"path":"src/main/java/duke/tasks/Task.java","fileType":"java","lines":[{"lineNumber":1,"author":{"gitId":"bakano98"},"content":"package duke.tasks;","lastModifiedDate":"2022-01-17"},{"lineNumber":2,"author":{"gitId":"-"},"content":"","lastModifiedDate":"2022-01-13"},{"lineNumber":3,"author":{"gitId":"-"},"content":"// can actually change this to an Abstract Class","lastModifiedDate":"2022-01-13"},{"lineNumber":4,"author":{"gitId":"bakano98"},"content":"public abstract class Task {","lastModifiedDate":"2022-01-16"},{"lineNumber":5,"author":{"gitId":"-"},"content":"    private String task;","lastModifiedDate":"2022-01-13"},{"lineNumber":6,"author":{"gitId":"-"},"content":"    private boolean markStatus;","lastModifiedDate":"2022-01-13"},{"lineNumber":7,"author":{"gitId":"-"},"content":"","lastModifiedDate":"2022-01-13"},{"lineNumber":8,"author":{"gitId":"bakano98"},"content":"    public abstract String getStringCmd();","lastModifiedDate":"2022-01-16"},{"lineNumber":9,"author":{"gitId":"-"},"content":"","lastModifiedDate":"2022-01-13"},{"lineNumber":10,"author":{"gitId":"-"},"content":"    public Task(String task, boolean markStatus) {","lastModifiedDate":"2022-01-13"},{"lineNumber":11,"author":{"gitId":"-"},"content":"        this.task \u003d task;","lastModifiedDate":"2022-01-13"},{"lineNumber":12,"author":{"gitId":"-"},"content":"        this.markStatus \u003d markStatus;","lastModifiedDate":"2022-01-13"},{"lineNumber":13,"author":{"gitId":"-"},"content":"    }","lastModifiedDate":"2022-01-13"},{"lineNumber":14,"author":{"gitId":"-"},"content":"","lastModifiedDate":"2022-01-13"},{"lineNumber":15,"author":{"gitId":"-"},"content":"    public String getMarkStatus() {","lastModifiedDate":"2022-01-13"},{"lineNumber":16,"author":{"gitId":"-"},"content":"        if (markStatus) {","lastModifiedDate":"2022-01-13"},{"lineNumber":17,"author":{"gitId":"-"},"content":"            return \"[X]\";","lastModifiedDate":"2022-01-13"},{"lineNumber":18,"author":{"gitId":"-"},"content":"        } else {","lastModifiedDate":"2022-01-13"},{"lineNumber":19,"author":{"gitId":"-"},"content":"            return \"[ ]\";","lastModifiedDate":"2022-01-13"},{"lineNumber":20,"author":{"gitId":"-"},"content":"        }","lastModifiedDate":"2022-01-13"},{"lineNumber":21,"author":{"gitId":"-"},"content":"    }","lastModifiedDate":"2022-01-13"},{"lineNumber":22,"author":{"gitId":"-"},"content":"","lastModifiedDate":"2022-01-13"},{"lineNumber":23,"author":{"gitId":"-"},"content":"    public String getTask() {","lastModifiedDate":"2022-01-13"},{"lineNumber":24,"author":{"gitId":"-"},"content":"        return this.task;","lastModifiedDate":"2022-01-13"},{"lineNumber":25,"author":{"gitId":"-"},"content":"    }","lastModifiedDate":"2022-01-13"},{"lineNumber":26,"author":{"gitId":"-"},"content":"","lastModifiedDate":"2022-01-13"},{"lineNumber":27,"author":{"gitId":"-"},"content":"    public void mark() {","lastModifiedDate":"2022-01-13"},{"lineNumber":28,"author":{"gitId":"-"},"content":"        this.markStatus \u003d true;","lastModifiedDate":"2022-01-13"},{"lineNumber":29,"author":{"gitId":"-"},"content":"    }","lastModifiedDate":"2022-01-13"},{"lineNumber":30,"author":{"gitId":"-"},"content":"","lastModifiedDate":"2022-01-13"},{"lineNumber":31,"author":{"gitId":"-"},"content":"    public void unmark() {","lastModifiedDate":"2022-01-13"},{"lineNumber":32,"author":{"gitId":"-"},"content":"        this.markStatus \u003d false;","lastModifiedDate":"2022-01-13"},{"lineNumber":33,"author":{"gitId":"-"},"content":"    }","lastModifiedDate":"2022-01-13"},{"lineNumber":34,"author":{"gitId":"-"},"content":"","lastModifiedDate":"2022-01-13"},{"lineNumber":35,"author":{"gitId":"-"},"content":"    @Override","lastModifiedDate":"2022-01-13"},{"lineNumber":36,"author":{"gitId":"-"},"content":"    public String toString() {","lastModifiedDate":"2022-01-13"},{"lineNumber":37,"author":{"gitId":"-"},"content":"        return this.getMarkStatus() + this.getTask();","lastModifiedDate":"2022-01-13"},{"lineNumber":38,"author":{"gitId":"-"},"content":"    }","lastModifiedDate":"2022-01-13"},{"lineNumber":39,"author":{"gitId":"-"},"content":"}","lastModifiedDate":"2022-01-13"}],"authorContributionMap":{"bakano98":3,"-":36}},{"path":"src/main/java/duke/tasks/ToDo.java","fileType":"java","lines":[{"lineNumber":1,"author":{"gitId":"bakano98"},"content":"package duke.tasks;","lastModifiedDate":"2022-01-17"},{"lineNumber":2,"author":{"gitId":"-"},"content":"","lastModifiedDate":"2022-01-13"},{"lineNumber":3,"author":{"gitId":"bakano98"},"content":"// duke.Tasks.ToDo is a duke.Tasks.Task","lastModifiedDate":"2022-01-17"},{"lineNumber":4,"author":{"gitId":"-"},"content":"public class ToDo extends Task {","lastModifiedDate":"2022-01-13"},{"lineNumber":5,"author":{"gitId":"-"},"content":"    public ToDo(String task, boolean markStatus) {","lastModifiedDate":"2022-01-13"},{"lineNumber":6,"author":{"gitId":"-"},"content":"        super(task, markStatus);","lastModifiedDate":"2022-01-13"},{"lineNumber":7,"author":{"gitId":"-"},"content":"    }","lastModifiedDate":"2022-01-13"},{"lineNumber":8,"author":{"gitId":"-"},"content":"","lastModifiedDate":"2022-01-13"},{"lineNumber":9,"author":{"gitId":"bakano98"},"content":"    @Override","lastModifiedDate":"2022-01-16"},{"lineNumber":10,"author":{"gitId":"bakano98"},"content":"    public String getStringCmd() {","lastModifiedDate":"2022-01-16"},{"lineNumber":11,"author":{"gitId":"bakano98"},"content":"        // mark status | type | descriptor","lastModifiedDate":"2022-01-16"},{"lineNumber":12,"author":{"gitId":"bakano98"},"content":"        return super.getMarkStatus() + \"\u0026T\u0026\" + super.getTask();","lastModifiedDate":"2022-01-16"},{"lineNumber":13,"author":{"gitId":"bakano98"},"content":"    }","lastModifiedDate":"2022-01-16"},{"lineNumber":14,"author":{"gitId":"bakano98"},"content":"","lastModifiedDate":"2022-01-16"},{"lineNumber":15,"author":{"gitId":"-"},"content":"    @Override","lastModifiedDate":"2022-01-13"},{"lineNumber":16,"author":{"gitId":"-"},"content":"    public String toString() {","lastModifiedDate":"2022-01-13"},{"lineNumber":17,"author":{"gitId":"-"},"content":"        return \"[T]\" + super.toString();","lastModifiedDate":"2022-01-13"},{"lineNumber":18,"author":{"gitId":"-"},"content":"    }","lastModifiedDate":"2022-01-13"},{"lineNumber":19,"author":{"gitId":"-"},"content":"}","lastModifiedDate":"2022-01-13"}],"authorContributionMap":{"bakano98":8,"-":11}},{"path":"text-ui-test/input.txt","fileType":"txt","lines":[{"lineNumber":1,"author":{"gitId":"bakano98"},"content":"todo 1","lastModifiedDate":"2022-01-16"},{"lineNumber":2,"author":{"gitId":"bakano98"},"content":"deadline return book /by Sunday","lastModifiedDate":"2022-01-16"},{"lineNumber":3,"author":{"gitId":"bakano98"},"content":"event project meeting /at Mon 2-4pm","lastModifiedDate":"2022-01-16"},{"lineNumber":4,"author":{"gitId":"bakano98"},"content":"bye","lastModifiedDate":"2022-01-16"}],"authorContributionMap":{"bakano98":4}},{"path":"text-ui-test/runtest.bat","fileType":"bat","lines":[{"lineNumber":1,"author":{"gitId":"-"},"content":"@ECHO OFF","lastModifiedDate":"2020-05-25"},{"lineNumber":2,"author":{"gitId":"-"},"content":"","lastModifiedDate":"2020-05-25"},{"lineNumber":3,"author":{"gitId":"-"},"content":"REM create bin directory if it doesn\u0027t exist","lastModifiedDate":"2020-05-25"},{"lineNumber":4,"author":{"gitId":"-"},"content":"if not exist ..\\bin mkdir ..\\bin","lastModifiedDate":"2020-05-25"},{"lineNumber":5,"author":{"gitId":"-"},"content":"","lastModifiedDate":"2020-05-25"},{"lineNumber":6,"author":{"gitId":"-"},"content":"REM delete output from previous run","lastModifiedDate":"2020-05-25"},{"lineNumber":7,"author":{"gitId":"-"},"content":"if exist ACTUAL.TXT del ACTUAL.TXT","lastModifiedDate":"2020-08-25"},{"lineNumber":8,"author":{"gitId":"-"},"content":"","lastModifiedDate":"2020-05-25"},{"lineNumber":9,"author":{"gitId":"-"},"content":"REM compile the code into the bin folder","lastModifiedDate":"2020-05-25"},{"lineNumber":10,"author":{"gitId":"bakano98"},"content":"javac  -cp ..\\src\\duke.main\\java -Xlint:none -d ..\\bin ..\\src\\duke.main\\java\\*.java","lastModifiedDate":"2022-01-17"},{"lineNumber":11,"author":{"gitId":"-"},"content":"IF ERRORLEVEL 1 (","lastModifiedDate":"2020-05-25"},{"lineNumber":12,"author":{"gitId":"-"},"content":"    echo ********** BUILD FAILURE **********","lastModifiedDate":"2020-05-25"},{"lineNumber":13,"author":{"gitId":"-"},"content":"    exit /b 1","lastModifiedDate":"2020-05-25"},{"lineNumber":14,"author":{"gitId":"-"},"content":")","lastModifiedDate":"2020-05-25"},{"lineNumber":15,"author":{"gitId":"-"},"content":"REM no error here, errorlevel \u003d\u003d 0","lastModifiedDate":"2020-05-25"},{"lineNumber":16,"author":{"gitId":"-"},"content":"","lastModifiedDate":"2020-05-25"},{"lineNumber":17,"author":{"gitId":"-"},"content":"REM run the program, feed commands from input.txt file and redirect the output to the ACTUAL.TXT","lastModifiedDate":"2020-05-25"},{"lineNumber":18,"author":{"gitId":"bakano98"},"content":"java -classpath ..\\bin duke.main.Duke \u003c input.txt \u003e ACTUAL.TXT","lastModifiedDate":"2022-01-17"},{"lineNumber":19,"author":{"gitId":"-"},"content":"","lastModifiedDate":"2020-05-25"},{"lineNumber":20,"author":{"gitId":"-"},"content":"REM compare the output to the expected output","lastModifiedDate":"2020-05-25"},{"lineNumber":21,"author":{"gitId":"-"},"content":"FC ACTUAL.TXT EXPECTED.TXT","lastModifiedDate":"2020-05-25"}],"authorContributionMap":{"bakano98":2,"-":19}}]
