[{"path":"src/main/java/Deadlines.java","fileType":"java","lines":[{"lineNumber":1,"author":{"gitId":"vanessaxuuan"},"content":"package gary;","lastModifiedDate":"2022-02-09"},{"lineNumber":2,"author":{"gitId":"vanessaxuuan"},"content":"import gary.Task;","lastModifiedDate":"2022-02-09"},{"lineNumber":3,"author":{"gitId":"vanessaxuuan"},"content":"public class Deadlines extends Task {","lastModifiedDate":"2022-01-24"},{"lineNumber":4,"author":{"gitId":"vanessaxuuan"},"content":"    String date;","lastModifiedDate":"2022-01-24"},{"lineNumber":5,"author":{"gitId":"vanessaxuuan"},"content":"","lastModifiedDate":"2022-01-24"},{"lineNumber":6,"author":{"gitId":"vanessaxuuan"},"content":"    public Deadlines(String str, String date) {","lastModifiedDate":"2022-01-24"},{"lineNumber":7,"author":{"gitId":"vanessaxuuan"},"content":"        super(str);","lastModifiedDate":"2022-01-24"},{"lineNumber":8,"author":{"gitId":"vanessaxuuan"},"content":"        this.date \u003d date;","lastModifiedDate":"2022-01-24"},{"lineNumber":9,"author":{"gitId":"vanessaxuuan"},"content":"    }","lastModifiedDate":"2022-01-24"},{"lineNumber":10,"author":{"gitId":"vanessaxuuan"},"content":"","lastModifiedDate":"2022-01-24"},{"lineNumber":11,"author":{"gitId":"vanessaxuuan"},"content":"    @Override","lastModifiedDate":"2022-01-24"},{"lineNumber":12,"author":{"gitId":"vanessaxuuan"},"content":"    public String toString() {","lastModifiedDate":"2022-01-24"},{"lineNumber":13,"author":{"gitId":"vanessaxuuan"},"content":"        return \"D\" + super.toString() + \" by: \" + date;","lastModifiedDate":"2022-01-24"},{"lineNumber":14,"author":{"gitId":"vanessaxuuan"},"content":"    }","lastModifiedDate":"2022-01-24"},{"lineNumber":15,"author":{"gitId":"vanessaxuuan"},"content":"}","lastModifiedDate":"2022-01-24"}],"authorContributionMap":{"vanessaxuuan":15}},{"path":"src/main/java/Event.java","fileType":"java","lines":[{"lineNumber":1,"author":{"gitId":"vanessaxuuan"},"content":"package gary;","lastModifiedDate":"2022-02-09"},{"lineNumber":2,"author":{"gitId":"vanessaxuuan"},"content":"import gary.Task;","lastModifiedDate":"2022-02-09"},{"lineNumber":3,"author":{"gitId":"vanessaxuuan"},"content":"public class Event extends Task {","lastModifiedDate":"2022-01-24"},{"lineNumber":4,"author":{"gitId":"vanessaxuuan"},"content":"    String date;","lastModifiedDate":"2022-01-24"},{"lineNumber":5,"author":{"gitId":"vanessaxuuan"},"content":"","lastModifiedDate":"2022-01-24"},{"lineNumber":6,"author":{"gitId":"vanessaxuuan"},"content":"    public Event(String str, String date) {","lastModifiedDate":"2022-01-24"},{"lineNumber":7,"author":{"gitId":"vanessaxuuan"},"content":"        super(str);","lastModifiedDate":"2022-01-24"},{"lineNumber":8,"author":{"gitId":"vanessaxuuan"},"content":"        this.date \u003d date;","lastModifiedDate":"2022-01-24"},{"lineNumber":9,"author":{"gitId":"vanessaxuuan"},"content":"    }","lastModifiedDate":"2022-01-24"},{"lineNumber":10,"author":{"gitId":"vanessaxuuan"},"content":"","lastModifiedDate":"2022-01-24"},{"lineNumber":11,"author":{"gitId":"vanessaxuuan"},"content":"    @Override","lastModifiedDate":"2022-01-24"},{"lineNumber":12,"author":{"gitId":"vanessaxuuan"},"content":"    public String toString() {","lastModifiedDate":"2022-01-24"},{"lineNumber":13,"author":{"gitId":"vanessaxuuan"},"content":"        return \"E\" + super.toString() + \" on: \" + date;","lastModifiedDate":"2022-01-24"},{"lineNumber":14,"author":{"gitId":"vanessaxuuan"},"content":"    }","lastModifiedDate":"2022-01-24"},{"lineNumber":15,"author":{"gitId":"vanessaxuuan"},"content":"}","lastModifiedDate":"2022-01-24"}],"authorContributionMap":{"vanessaxuuan":15}},{"path":"src/main/java/Gary.java","fileType":"java","lines":[{"lineNumber":1,"author":{"gitId":"vanessaxuuan"},"content":"package gary;","lastModifiedDate":"2022-02-09"},{"lineNumber":2,"author":{"gitId":"vanessaxuuan"},"content":"import gary.Storage;","lastModifiedDate":"2022-02-09"},{"lineNumber":3,"author":{"gitId":"vanessaxuuan"},"content":"import gary.Ui;","lastModifiedDate":"2022-02-09"},{"lineNumber":4,"author":{"gitId":"vanessaxuuan"},"content":"import gary.Parser;","lastModifiedDate":"2022-02-09"},{"lineNumber":5,"author":{"gitId":"vanessaxuuan"},"content":"import gary.TaskList;","lastModifiedDate":"2022-02-09"},{"lineNumber":6,"author":{"gitId":"vanessaxuuan"},"content":"import gary.GaryException;","lastModifiedDate":"2022-02-09"},{"lineNumber":7,"author":{"gitId":"vanessaxuuan"},"content":"import java.util.ArrayList;","lastModifiedDate":"2022-02-02"},{"lineNumber":8,"author":{"gitId":"vanessaxuuan"},"content":"import java.util.Scanner;","lastModifiedDate":"2022-02-02"},{"lineNumber":9,"author":{"gitId":"vanessaxuuan"},"content":"","lastModifiedDate":"2022-01-23"},{"lineNumber":10,"author":{"gitId":"vanessaxuuan"},"content":"public class Gary {","lastModifiedDate":"2022-01-23"},{"lineNumber":11,"author":{"gitId":"vanessaxuuan"},"content":"","lastModifiedDate":"2022-01-24"},{"lineNumber":12,"author":{"gitId":"vanessaxuuan"},"content":"    private static Storage storage;","lastModifiedDate":"2022-02-09"},{"lineNumber":13,"author":{"gitId":"vanessaxuuan"},"content":"    private static TaskList tasks;","lastModifiedDate":"2022-02-09"},{"lineNumber":14,"author":{"gitId":"vanessaxuuan"},"content":"    private static Ui ui;","lastModifiedDate":"2022-02-09"},{"lineNumber":15,"author":{"gitId":"vanessaxuuan"},"content":"    private static Parser parser;","lastModifiedDate":"2022-02-09"},{"lineNumber":16,"author":{"gitId":"vanessaxuuan"},"content":"","lastModifiedDate":"2022-01-24"},{"lineNumber":17,"author":{"gitId":"vanessaxuuan"},"content":"    public Gary(String filePath) {","lastModifiedDate":"2022-02-09"},{"lineNumber":18,"author":{"gitId":"vanessaxuuan"},"content":"        ui \u003d new Ui();","lastModifiedDate":"2022-02-09"},{"lineNumber":19,"author":{"gitId":"vanessaxuuan"},"content":"        storage \u003d new Storage(filePath);","lastModifiedDate":"2022-02-09"},{"lineNumber":20,"author":{"gitId":"vanessaxuuan"},"content":"        parser \u003d new Parser();","lastModifiedDate":"2022-02-09"},{"lineNumber":21,"author":{"gitId":"vanessaxuuan"},"content":"        tasks \u003d new TaskList(storage.loadFile());","lastModifiedDate":"2022-02-09"},{"lineNumber":22,"author":{"gitId":"vanessaxuuan"},"content":"    }","lastModifiedDate":"2022-01-24"},{"lineNumber":23,"author":{"gitId":"vanessaxuuan"},"content":"","lastModifiedDate":"2022-01-24"},{"lineNumber":24,"author":{"gitId":"vanessaxuuan"},"content":"    public static void main(String[] args) throws GaryException {","lastModifiedDate":"2022-02-09"},{"lineNumber":25,"author":{"gitId":"vanessaxuuan"},"content":"        new Gary(\"./gary.txt\").run();","lastModifiedDate":"2022-02-09"},{"lineNumber":26,"author":{"gitId":"vanessaxuuan"},"content":"    }","lastModifiedDate":"2022-02-02"},{"lineNumber":27,"author":{"gitId":"vanessaxuuan"},"content":"","lastModifiedDate":"2022-02-02"},{"lineNumber":28,"author":{"gitId":"vanessaxuuan"},"content":"    public static void run() {","lastModifiedDate":"2022-02-09"},{"lineNumber":29,"author":{"gitId":"vanessaxuuan"},"content":"        boolean isEnd \u003d false;","lastModifiedDate":"2022-02-09"},{"lineNumber":30,"author":{"gitId":"vanessaxuuan"},"content":"        ui.welcomeUser(tasks);","lastModifiedDate":"2022-02-09"},{"lineNumber":31,"author":{"gitId":"vanessaxuuan"},"content":"        while (!isEnd) {","lastModifiedDate":"2022-02-09"},{"lineNumber":32,"author":{"gitId":"vanessaxuuan"},"content":"            isEnd \u003d ui.startBot(parser, tasks);","lastModifiedDate":"2022-02-09"},{"lineNumber":33,"author":{"gitId":"vanessaxuuan"},"content":"        }","lastModifiedDate":"2022-02-02"},{"lineNumber":34,"author":{"gitId":"vanessaxuuan"},"content":"    }","lastModifiedDate":"2022-02-02"},{"lineNumber":35,"author":{"gitId":"vanessaxuuan"},"content":"}","lastModifiedDate":"2022-01-23"}],"authorContributionMap":{"vanessaxuuan":35}},{"path":"src/main/java/GaryException.java","fileType":"java","lines":[{"lineNumber":1,"author":{"gitId":"vanessaxuuan"},"content":"package gary;","lastModifiedDate":"2022-02-09"},{"lineNumber":2,"author":{"gitId":"vanessaxuuan"},"content":"import java.lang.Exception;","lastModifiedDate":"2022-02-09"},{"lineNumber":3,"author":{"gitId":"vanessaxuuan"},"content":"","lastModifiedDate":"2022-02-09"},{"lineNumber":4,"author":{"gitId":"vanessaxuuan"},"content":"public class GaryException extends Exception {","lastModifiedDate":"2022-01-24"},{"lineNumber":5,"author":{"gitId":"vanessaxuuan"},"content":"    String msg;","lastModifiedDate":"2022-01-24"},{"lineNumber":6,"author":{"gitId":"vanessaxuuan"},"content":"","lastModifiedDate":"2022-01-24"},{"lineNumber":7,"author":{"gitId":"vanessaxuuan"},"content":"    public GaryException(String msg) {","lastModifiedDate":"2022-01-24"},{"lineNumber":8,"author":{"gitId":"vanessaxuuan"},"content":"       this.msg \u003d msg;","lastModifiedDate":"2022-01-24"},{"lineNumber":9,"author":{"gitId":"vanessaxuuan"},"content":"    }","lastModifiedDate":"2022-01-24"},{"lineNumber":10,"author":{"gitId":"vanessaxuuan"},"content":"","lastModifiedDate":"2022-01-24"},{"lineNumber":11,"author":{"gitId":"vanessaxuuan"},"content":"    public void garyError() {","lastModifiedDate":"2022-02-09"},{"lineNumber":12,"author":{"gitId":"vanessaxuuan"},"content":"        System.out.printf(\"Sorry, what is %s ?\\n\", this.msg);","lastModifiedDate":"2022-01-24"},{"lineNumber":13,"author":{"gitId":"vanessaxuuan"},"content":"    }","lastModifiedDate":"2022-01-24"},{"lineNumber":14,"author":{"gitId":"vanessaxuuan"},"content":"}","lastModifiedDate":"2022-01-24"}],"authorContributionMap":{"vanessaxuuan":14}},{"path":"src/main/java/Parser.java","fileType":"java","lines":[{"lineNumber":1,"author":{"gitId":"vanessaxuuan"},"content":"package gary;","lastModifiedDate":"2022-02-09"},{"lineNumber":2,"author":{"gitId":"vanessaxuuan"},"content":"import gary.ToDo;","lastModifiedDate":"2022-02-09"},{"lineNumber":3,"author":{"gitId":"vanessaxuuan"},"content":"import gary.Event;","lastModifiedDate":"2022-02-09"},{"lineNumber":4,"author":{"gitId":"vanessaxuuan"},"content":"import gary.Deadlines;","lastModifiedDate":"2022-02-09"},{"lineNumber":5,"author":{"gitId":"vanessaxuuan"},"content":"import gary.TaskList;","lastModifiedDate":"2022-02-09"},{"lineNumber":6,"author":{"gitId":"vanessaxuuan"},"content":"import gary.GaryException;","lastModifiedDate":"2022-02-09"},{"lineNumber":7,"author":{"gitId":"vanessaxuuan"},"content":"import java.time.LocalDateTime;","lastModifiedDate":"2022-02-09"},{"lineNumber":8,"author":{"gitId":"vanessaxuuan"},"content":"import java.time.format.DateTimeFormatter;","lastModifiedDate":"2022-02-09"},{"lineNumber":9,"author":{"gitId":"vanessaxuuan"},"content":"import java.time.format.DateTimeParseException;","lastModifiedDate":"2022-02-09"},{"lineNumber":10,"author":{"gitId":"vanessaxuuan"},"content":"","lastModifiedDate":"2022-02-09"},{"lineNumber":11,"author":{"gitId":"vanessaxuuan"},"content":"public class Parser {","lastModifiedDate":"2022-02-09"},{"lineNumber":12,"author":{"gitId":"vanessaxuuan"},"content":"    String command \u003d \"\";","lastModifiedDate":"2022-02-09"},{"lineNumber":13,"author":{"gitId":"vanessaxuuan"},"content":"","lastModifiedDate":"2022-02-09"},{"lineNumber":14,"author":{"gitId":"vanessaxuuan"},"content":"    public Parser() {","lastModifiedDate":"2022-02-09"},{"lineNumber":15,"author":{"gitId":"vanessaxuuan"},"content":"    }","lastModifiedDate":"2022-02-09"},{"lineNumber":16,"author":{"gitId":"vanessaxuuan"},"content":"","lastModifiedDate":"2022-02-09"},{"lineNumber":17,"author":{"gitId":"vanessaxuuan"},"content":"    public boolean parse(String input, TaskList tsk) {","lastModifiedDate":"2022-02-09"},{"lineNumber":18,"author":{"gitId":"vanessaxuuan"},"content":"        try {","lastModifiedDate":"2022-02-09"},{"lineNumber":19,"author":{"gitId":"vanessaxuuan"},"content":"            String[] type \u003d input.split(\" \");","lastModifiedDate":"2022-02-09"},{"lineNumber":20,"author":{"gitId":"vanessaxuuan"},"content":"            String theTask \u003d type[0];","lastModifiedDate":"2022-02-09"},{"lineNumber":21,"author":{"gitId":"vanessaxuuan"},"content":"            switch (theTask) {","lastModifiedDate":"2022-02-09"},{"lineNumber":22,"author":{"gitId":"vanessaxuuan"},"content":"                case \"bye\":","lastModifiedDate":"2022-02-09"},{"lineNumber":23,"author":{"gitId":"vanessaxuuan"},"content":"                    System.out.println(\"Bye, have a productive day!\");","lastModifiedDate":"2022-02-09"},{"lineNumber":24,"author":{"gitId":"vanessaxuuan"},"content":"                    return true;","lastModifiedDate":"2022-02-09"},{"lineNumber":25,"author":{"gitId":"vanessaxuuan"},"content":"                case \"todo\":","lastModifiedDate":"2022-02-09"},{"lineNumber":26,"author":{"gitId":"vanessaxuuan"},"content":"                    tsk.addTodo(input.substring(5));","lastModifiedDate":"2022-02-09"},{"lineNumber":27,"author":{"gitId":"vanessaxuuan"},"content":"                    break;","lastModifiedDate":"2022-02-09"},{"lineNumber":28,"author":{"gitId":"vanessaxuuan"},"content":"                case \"event\":","lastModifiedDate":"2022-02-09"},{"lineNumber":29,"author":{"gitId":"vanessaxuuan"},"content":"                    String[] e \u003d input.split(\"/\", 5);","lastModifiedDate":"2022-02-09"},{"lineNumber":30,"author":{"gitId":"vanessaxuuan"},"content":"                    DateTimeFormatter inputFormat \u003d DateTimeFormatter.ofPattern(\"dd-MM-yyyy,HHmm\");","lastModifiedDate":"2022-02-09"},{"lineNumber":31,"author":{"gitId":"vanessaxuuan"},"content":"                    LocalDateTime e1 \u003d LocalDateTime.parse(e[1].strip(), inputFormat);","lastModifiedDate":"2022-02-09"},{"lineNumber":32,"author":{"gitId":"vanessaxuuan"},"content":"                    DateTimeFormatter outputFormat \u003d DateTimeFormatter.ofPattern(\"dd LLL yyyy HH:mm a\");","lastModifiedDate":"2022-02-09"},{"lineNumber":33,"author":{"gitId":"vanessaxuuan"},"content":"                    tsk.addEvent(e[0].substring(6), e1.format(outputFormat));","lastModifiedDate":"2022-02-09"},{"lineNumber":34,"author":{"gitId":"vanessaxuuan"},"content":"                    break;","lastModifiedDate":"2022-02-09"},{"lineNumber":35,"author":{"gitId":"vanessaxuuan"},"content":"                case \"deadline\":","lastModifiedDate":"2022-02-09"},{"lineNumber":36,"author":{"gitId":"vanessaxuuan"},"content":"                    String[] d \u003d input.split(\"/\", 5);","lastModifiedDate":"2022-02-09"},{"lineNumber":37,"author":{"gitId":"vanessaxuuan"},"content":"                    DateTimeFormatter inFormat \u003d DateTimeFormatter.ofPattern(\"dd-MM-yyyy,HHmm\");","lastModifiedDate":"2022-02-09"},{"lineNumber":38,"author":{"gitId":"vanessaxuuan"},"content":"                    LocalDateTime d1 \u003d LocalDateTime.parse(d[1].strip(), inFormat);","lastModifiedDate":"2022-02-09"},{"lineNumber":39,"author":{"gitId":"vanessaxuuan"},"content":"                    DateTimeFormatter outFormat \u003d DateTimeFormatter.ofPattern(\"dd LLL yyyy HH:mm a\");","lastModifiedDate":"2022-02-09"},{"lineNumber":40,"author":{"gitId":"vanessaxuuan"},"content":"                    tsk.addDeadline(d[0].substring(9), d1.format(outFormat));","lastModifiedDate":"2022-02-09"},{"lineNumber":41,"author":{"gitId":"vanessaxuuan"},"content":"                    break;","lastModifiedDate":"2022-02-09"},{"lineNumber":42,"author":{"gitId":"vanessaxuuan"},"content":"                default:","lastModifiedDate":"2022-02-09"},{"lineNumber":43,"author":{"gitId":"vanessaxuuan"},"content":"                    command \u003d input;","lastModifiedDate":"2022-02-09"},{"lineNumber":44,"author":{"gitId":"vanessaxuuan"},"content":"                    tsk.invoke(input);","lastModifiedDate":"2022-02-09"},{"lineNumber":45,"author":{"gitId":"vanessaxuuan"},"content":"            }","lastModifiedDate":"2022-02-09"},{"lineNumber":46,"author":{"gitId":"vanessaxuuan"},"content":"        } catch (StringIndexOutOfBoundsException | GaryException e) {","lastModifiedDate":"2022-02-09"},{"lineNumber":47,"author":{"gitId":"vanessaxuuan"},"content":"            System.out.println(\"Ah please enter a valid description e.g. task_type name / date\");","lastModifiedDate":"2022-02-09"},{"lineNumber":48,"author":{"gitId":"vanessaxuuan"},"content":"        } catch (DateTimeParseException e) {","lastModifiedDate":"2022-02-09"},{"lineNumber":49,"author":{"gitId":"vanessaxuuan"},"content":"            System.out.println(\"Ah please enter a valid date e.g. 19-01-2022,2359\");","lastModifiedDate":"2022-02-09"},{"lineNumber":50,"author":{"gitId":"vanessaxuuan"},"content":"        }","lastModifiedDate":"2022-02-09"},{"lineNumber":51,"author":{"gitId":"vanessaxuuan"},"content":"        return false;","lastModifiedDate":"2022-02-09"},{"lineNumber":52,"author":{"gitId":"vanessaxuuan"},"content":"    }","lastModifiedDate":"2022-02-09"},{"lineNumber":53,"author":{"gitId":"vanessaxuuan"},"content":"}","lastModifiedDate":"2022-02-09"}],"authorContributionMap":{"vanessaxuuan":53}},{"path":"src/main/java/Storage.java","fileType":"java","lines":[{"lineNumber":1,"author":{"gitId":"vanessaxuuan"},"content":"package gary;","lastModifiedDate":"2022-02-09"},{"lineNumber":2,"author":{"gitId":"vanessaxuuan"},"content":"import gary.Task;","lastModifiedDate":"2022-02-09"},{"lineNumber":3,"author":{"gitId":"vanessaxuuan"},"content":"import java.util.ArrayList;","lastModifiedDate":"2022-02-09"},{"lineNumber":4,"author":{"gitId":"vanessaxuuan"},"content":"import java.io.File;","lastModifiedDate":"2022-02-09"},{"lineNumber":5,"author":{"gitId":"vanessaxuuan"},"content":"import java.io.FileNotFoundException;","lastModifiedDate":"2022-02-09"},{"lineNumber":6,"author":{"gitId":"vanessaxuuan"},"content":"import java.io.FileWriter;","lastModifiedDate":"2022-02-09"},{"lineNumber":7,"author":{"gitId":"vanessaxuuan"},"content":"import java.io.IOException;","lastModifiedDate":"2022-02-09"},{"lineNumber":8,"author":{"gitId":"vanessaxuuan"},"content":"import java.util.Scanner;","lastModifiedDate":"2022-02-09"},{"lineNumber":9,"author":{"gitId":"vanessaxuuan"},"content":"","lastModifiedDate":"2022-02-09"},{"lineNumber":10,"author":{"gitId":"vanessaxuuan"},"content":"public class Storage {","lastModifiedDate":"2022-02-09"},{"lineNumber":11,"author":{"gitId":"vanessaxuuan"},"content":"    private static String file;","lastModifiedDate":"2022-02-09"},{"lineNumber":12,"author":{"gitId":"vanessaxuuan"},"content":"","lastModifiedDate":"2022-02-09"},{"lineNumber":13,"author":{"gitId":"vanessaxuuan"},"content":"    public Storage(String path) {","lastModifiedDate":"2022-02-09"},{"lineNumber":14,"author":{"gitId":"vanessaxuuan"},"content":"        file \u003d path;","lastModifiedDate":"2022-02-09"},{"lineNumber":15,"author":{"gitId":"vanessaxuuan"},"content":"    }","lastModifiedDate":"2022-02-09"},{"lineNumber":16,"author":{"gitId":"vanessaxuuan"},"content":"","lastModifiedDate":"2022-02-09"},{"lineNumber":17,"author":{"gitId":"vanessaxuuan"},"content":"    public ArrayList\u003cString\u003e loadFile() {","lastModifiedDate":"2022-02-09"},{"lineNumber":18,"author":{"gitId":"vanessaxuuan"},"content":"        ArrayList\u003cString\u003e content \u003d new ArrayList\u003c\u003e();","lastModifiedDate":"2022-02-09"},{"lineNumber":19,"author":{"gitId":"vanessaxuuan"},"content":"        try {","lastModifiedDate":"2022-02-09"},{"lineNumber":20,"author":{"gitId":"vanessaxuuan"},"content":"            File f \u003d new File(file);","lastModifiedDate":"2022-02-09"},{"lineNumber":21,"author":{"gitId":"vanessaxuuan"},"content":"            Scanner sc \u003d new Scanner(f);","lastModifiedDate":"2022-02-09"},{"lineNumber":22,"author":{"gitId":"vanessaxuuan"},"content":"            while (sc.hasNext()) {","lastModifiedDate":"2022-02-09"},{"lineNumber":23,"author":{"gitId":"vanessaxuuan"},"content":"                content.add(sc.nextLine());","lastModifiedDate":"2022-02-09"},{"lineNumber":24,"author":{"gitId":"vanessaxuuan"},"content":"            }","lastModifiedDate":"2022-02-09"},{"lineNumber":25,"author":{"gitId":"vanessaxuuan"},"content":"        } catch (FileNotFoundException e) {","lastModifiedDate":"2022-02-09"},{"lineNumber":26,"author":{"gitId":"vanessaxuuan"},"content":"            System.out.println(\"New file created:\");","lastModifiedDate":"2022-02-09"},{"lineNumber":27,"author":{"gitId":"vanessaxuuan"},"content":"            File newFile \u003d new File(\"./gary.txt\");","lastModifiedDate":"2022-02-09"},{"lineNumber":28,"author":{"gitId":"vanessaxuuan"},"content":"        }","lastModifiedDate":"2022-02-09"},{"lineNumber":29,"author":{"gitId":"vanessaxuuan"},"content":"        return content;","lastModifiedDate":"2022-02-09"},{"lineNumber":30,"author":{"gitId":"vanessaxuuan"},"content":"    }","lastModifiedDate":"2022-02-09"},{"lineNumber":31,"author":{"gitId":"vanessaxuuan"},"content":"","lastModifiedDate":"2022-02-09"},{"lineNumber":32,"author":{"gitId":"vanessaxuuan"},"content":"    public static void saveTask(ArrayList\u003cTask\u003e list) {","lastModifiedDate":"2022-02-09"},{"lineNumber":33,"author":{"gitId":"vanessaxuuan"},"content":"        try {","lastModifiedDate":"2022-02-09"},{"lineNumber":34,"author":{"gitId":"vanessaxuuan"},"content":"            FileWriter fw \u003d new FileWriter(file);","lastModifiedDate":"2022-02-09"},{"lineNumber":35,"author":{"gitId":"vanessaxuuan"},"content":"            fw.write(\"1. \" + list.get(0).toString() + System.lineSeparator()); // overwrite first line","lastModifiedDate":"2022-02-09"},{"lineNumber":36,"author":{"gitId":"vanessaxuuan"},"content":"            fw.close();","lastModifiedDate":"2022-02-09"},{"lineNumber":37,"author":{"gitId":"vanessaxuuan"},"content":"            FileWriter fw2 \u003d new FileWriter(file, true);","lastModifiedDate":"2022-02-09"},{"lineNumber":38,"author":{"gitId":"vanessaxuuan"},"content":"            int len \u003d list.size();","lastModifiedDate":"2022-02-09"},{"lineNumber":39,"author":{"gitId":"vanessaxuuan"},"content":"            for (int i \u003d 1; i \u003c len; i++) {","lastModifiedDate":"2022-02-09"},{"lineNumber":40,"author":{"gitId":"vanessaxuuan"},"content":"                fw2.write(i + 1 + \". \" + list.get(i).toString() + System.lineSeparator()); // append","lastModifiedDate":"2022-02-09"},{"lineNumber":41,"author":{"gitId":"vanessaxuuan"},"content":"            }","lastModifiedDate":"2022-02-09"},{"lineNumber":42,"author":{"gitId":"vanessaxuuan"},"content":"            fw2.close();","lastModifiedDate":"2022-02-09"},{"lineNumber":43,"author":{"gitId":"vanessaxuuan"},"content":"        } catch (IOException e) {","lastModifiedDate":"2022-02-09"},{"lineNumber":44,"author":{"gitId":"vanessaxuuan"},"content":"            System.out.println(\"No file to save into???\");","lastModifiedDate":"2022-02-09"},{"lineNumber":45,"author":{"gitId":"vanessaxuuan"},"content":"        }","lastModifiedDate":"2022-02-09"},{"lineNumber":46,"author":{"gitId":"vanessaxuuan"},"content":"    }","lastModifiedDate":"2022-02-09"},{"lineNumber":47,"author":{"gitId":"vanessaxuuan"},"content":"}","lastModifiedDate":"2022-02-09"}],"authorContributionMap":{"vanessaxuuan":47}},{"path":"src/main/java/Task.java","fileType":"java","lines":[{"lineNumber":1,"author":{"gitId":"vanessaxuuan"},"content":"package gary;","lastModifiedDate":"2022-02-09"},{"lineNumber":2,"author":{"gitId":"vanessaxuuan"},"content":"","lastModifiedDate":"2022-01-24"},{"lineNumber":3,"author":{"gitId":"vanessaxuuan"},"content":"public class Task {","lastModifiedDate":"2022-01-24"},{"lineNumber":4,"author":{"gitId":"vanessaxuuan"},"content":"    protected String task;","lastModifiedDate":"2022-01-24"},{"lineNumber":5,"author":{"gitId":"vanessaxuuan"},"content":"    protected boolean isDone;","lastModifiedDate":"2022-01-24"},{"lineNumber":6,"author":{"gitId":"vanessaxuuan"},"content":"","lastModifiedDate":"2022-01-24"},{"lineNumber":7,"author":{"gitId":"vanessaxuuan"},"content":"    public Task(String task) {","lastModifiedDate":"2022-01-24"},{"lineNumber":8,"author":{"gitId":"vanessaxuuan"},"content":"        this.task \u003d task;","lastModifiedDate":"2022-01-24"},{"lineNumber":9,"author":{"gitId":"vanessaxuuan"},"content":"        this.isDone \u003d false;","lastModifiedDate":"2022-01-24"},{"lineNumber":10,"author":{"gitId":"vanessaxuuan"},"content":"    }","lastModifiedDate":"2022-01-24"},{"lineNumber":11,"author":{"gitId":"vanessaxuuan"},"content":"","lastModifiedDate":"2022-01-24"},{"lineNumber":12,"author":{"gitId":"vanessaxuuan"},"content":"    public void toMark() {","lastModifiedDate":"2022-01-24"},{"lineNumber":13,"author":{"gitId":"vanessaxuuan"},"content":"        this.isDone \u003d true;","lastModifiedDate":"2022-01-24"},{"lineNumber":14,"author":{"gitId":"vanessaxuuan"},"content":"    }","lastModifiedDate":"2022-01-24"},{"lineNumber":15,"author":{"gitId":"vanessaxuuan"},"content":"","lastModifiedDate":"2022-01-24"},{"lineNumber":16,"author":{"gitId":"vanessaxuuan"},"content":"    public void toUnmark() {","lastModifiedDate":"2022-01-24"},{"lineNumber":17,"author":{"gitId":"vanessaxuuan"},"content":"        this.isDone \u003d false;","lastModifiedDate":"2022-01-24"},{"lineNumber":18,"author":{"gitId":"vanessaxuuan"},"content":"    }","lastModifiedDate":"2022-01-24"},{"lineNumber":19,"author":{"gitId":"vanessaxuuan"},"content":"","lastModifiedDate":"2022-01-24"},{"lineNumber":20,"author":{"gitId":"vanessaxuuan"},"content":"    @Override","lastModifiedDate":"2022-01-24"},{"lineNumber":21,"author":{"gitId":"vanessaxuuan"},"content":"    public String toString() {","lastModifiedDate":"2022-01-24"},{"lineNumber":22,"author":{"gitId":"vanessaxuuan"},"content":"        String done \u003d this.isDone ? \"X\" : \" \";","lastModifiedDate":"2022-01-24"},{"lineNumber":23,"author":{"gitId":"vanessaxuuan"},"content":"        return \"[\" + done + \"] \" + this.task;","lastModifiedDate":"2022-01-24"},{"lineNumber":24,"author":{"gitId":"vanessaxuuan"},"content":"    }","lastModifiedDate":"2022-01-24"},{"lineNumber":25,"author":{"gitId":"vanessaxuuan"},"content":"}","lastModifiedDate":"2022-01-24"}],"authorContributionMap":{"vanessaxuuan":25}},{"path":"src/main/java/TaskList.java","fileType":"java","lines":[{"lineNumber":1,"author":{"gitId":"vanessaxuuan"},"content":"package gary;","lastModifiedDate":"2022-02-09"},{"lineNumber":2,"author":{"gitId":"vanessaxuuan"},"content":"import gary.ToDo;","lastModifiedDate":"2022-02-09"},{"lineNumber":3,"author":{"gitId":"vanessaxuuan"},"content":"import gary.Event;","lastModifiedDate":"2022-02-09"},{"lineNumber":4,"author":{"gitId":"vanessaxuuan"},"content":"import gary.Deadlines;","lastModifiedDate":"2022-02-09"},{"lineNumber":5,"author":{"gitId":"vanessaxuuan"},"content":"import gary.Task;","lastModifiedDate":"2022-02-09"},{"lineNumber":6,"author":{"gitId":"vanessaxuuan"},"content":"import gary.GaryException;","lastModifiedDate":"2022-02-09"},{"lineNumber":7,"author":{"gitId":"vanessaxuuan"},"content":"import gary.Storage;","lastModifiedDate":"2022-02-09"},{"lineNumber":8,"author":{"gitId":"vanessaxuuan"},"content":"import gary.TaskList;","lastModifiedDate":"2022-02-09"},{"lineNumber":9,"author":{"gitId":"vanessaxuuan"},"content":"import gary.GaryException;","lastModifiedDate":"2022-02-09"},{"lineNumber":10,"author":{"gitId":"vanessaxuuan"},"content":"import java.util.ArrayList;","lastModifiedDate":"2022-02-09"},{"lineNumber":11,"author":{"gitId":"vanessaxuuan"},"content":"import java.util.Scanner;","lastModifiedDate":"2022-02-09"},{"lineNumber":12,"author":{"gitId":"vanessaxuuan"},"content":"","lastModifiedDate":"2022-02-09"},{"lineNumber":13,"author":{"gitId":"vanessaxuuan"},"content":"public class TaskList {","lastModifiedDate":"2022-02-09"},{"lineNumber":14,"author":{"gitId":"vanessaxuuan"},"content":"    public ArrayList\u003cTask\u003e tasks;","lastModifiedDate":"2022-02-09"},{"lineNumber":15,"author":{"gitId":"vanessaxuuan"},"content":"","lastModifiedDate":"2022-02-09"},{"lineNumber":16,"author":{"gitId":"vanessaxuuan"},"content":"    public TaskList(ArrayList\u003cString\u003e t) {","lastModifiedDate":"2022-02-09"},{"lineNumber":17,"author":{"gitId":"vanessaxuuan"},"content":"        tasks \u003d new ArrayList\u003cTask\u003e();","lastModifiedDate":"2022-02-09"},{"lineNumber":18,"author":{"gitId":"vanessaxuuan"},"content":"        this.decode(t);","lastModifiedDate":"2022-02-09"},{"lineNumber":19,"author":{"gitId":"vanessaxuuan"},"content":"    }","lastModifiedDate":"2022-02-09"},{"lineNumber":20,"author":{"gitId":"vanessaxuuan"},"content":"","lastModifiedDate":"2022-02-09"},{"lineNumber":21,"author":{"gitId":"vanessaxuuan"},"content":"    public void decode(ArrayList\u003cString\u003e lst) {","lastModifiedDate":"2022-02-09"},{"lineNumber":22,"author":{"gitId":"vanessaxuuan"},"content":"        for (String str : lst) {","lastModifiedDate":"2022-02-09"},{"lineNumber":23,"author":{"gitId":"vanessaxuuan"},"content":"            char type \u003d str.charAt(3);","lastModifiedDate":"2022-02-09"},{"lineNumber":24,"author":{"gitId":"vanessaxuuan"},"content":"            boolean isDone \u003d str.charAt(5) \u003d\u003d \u0027X\u0027;","lastModifiedDate":"2022-02-09"},{"lineNumber":25,"author":{"gitId":"vanessaxuuan"},"content":"            switch (type) {","lastModifiedDate":"2022-02-09"},{"lineNumber":26,"author":{"gitId":"vanessaxuuan"},"content":"                case \u0027T\u0027:","lastModifiedDate":"2022-02-09"},{"lineNumber":27,"author":{"gitId":"vanessaxuuan"},"content":"                    this.tasks.add(new ToDo(str.substring(8)));","lastModifiedDate":"2022-02-09"},{"lineNumber":28,"author":{"gitId":"vanessaxuuan"},"content":"                    break;","lastModifiedDate":"2022-02-09"},{"lineNumber":29,"author":{"gitId":"vanessaxuuan"},"content":"                case \u0027E\u0027:","lastModifiedDate":"2022-02-09"},{"lineNumber":30,"author":{"gitId":"vanessaxuuan"},"content":"                    String[] e \u003d str.split(\"on:\", 5);","lastModifiedDate":"2022-02-09"},{"lineNumber":31,"author":{"gitId":"vanessaxuuan"},"content":"                    this.tasks.add(new Event(e[0].substring(8), e[1]));","lastModifiedDate":"2022-02-09"},{"lineNumber":32,"author":{"gitId":"vanessaxuuan"},"content":"                    break;","lastModifiedDate":"2022-02-09"},{"lineNumber":33,"author":{"gitId":"vanessaxuuan"},"content":"                case \u0027D\u0027:","lastModifiedDate":"2022-02-09"},{"lineNumber":34,"author":{"gitId":"vanessaxuuan"},"content":"                    String[] d \u003d str.split(\"by:\", 5);","lastModifiedDate":"2022-02-09"},{"lineNumber":35,"author":{"gitId":"vanessaxuuan"},"content":"                    this.tasks.add(new Deadlines(d[0].substring(8), d[1]));","lastModifiedDate":"2022-02-09"},{"lineNumber":36,"author":{"gitId":"vanessaxuuan"},"content":"                    break;","lastModifiedDate":"2022-02-09"},{"lineNumber":37,"author":{"gitId":"vanessaxuuan"},"content":"            }","lastModifiedDate":"2022-02-09"},{"lineNumber":38,"author":{"gitId":"vanessaxuuan"},"content":"            if (isDone) {","lastModifiedDate":"2022-02-09"},{"lineNumber":39,"author":{"gitId":"vanessaxuuan"},"content":"                int len \u003d this.tasks.size();","lastModifiedDate":"2022-02-09"},{"lineNumber":40,"author":{"gitId":"vanessaxuuan"},"content":"                this.tasks.get(len - 1).toMark();","lastModifiedDate":"2022-02-09"},{"lineNumber":41,"author":{"gitId":"vanessaxuuan"},"content":"            }","lastModifiedDate":"2022-02-09"},{"lineNumber":42,"author":{"gitId":"vanessaxuuan"},"content":"        }","lastModifiedDate":"2022-02-09"},{"lineNumber":43,"author":{"gitId":"vanessaxuuan"},"content":"    }","lastModifiedDate":"2022-02-09"},{"lineNumber":44,"author":{"gitId":"vanessaxuuan"},"content":"","lastModifiedDate":"2022-02-09"},{"lineNumber":45,"author":{"gitId":"vanessaxuuan"},"content":"    public void invoke(String method) throws GaryException {","lastModifiedDate":"2022-02-09"},{"lineNumber":46,"author":{"gitId":"vanessaxuuan"},"content":"        switch (method) {","lastModifiedDate":"2022-02-09"},{"lineNumber":47,"author":{"gitId":"vanessaxuuan"},"content":"            case \"bye\":","lastModifiedDate":"2022-02-09"},{"lineNumber":48,"author":{"gitId":"vanessaxuuan"},"content":"","lastModifiedDate":"2022-02-09"},{"lineNumber":49,"author":{"gitId":"vanessaxuuan"},"content":"            case \"list\":","lastModifiedDate":"2022-02-09"},{"lineNumber":50,"author":{"gitId":"vanessaxuuan"},"content":"                this.printList(2);","lastModifiedDate":"2022-02-09"},{"lineNumber":51,"author":{"gitId":"vanessaxuuan"},"content":"                break;","lastModifiedDate":"2022-02-09"},{"lineNumber":52,"author":{"gitId":"vanessaxuuan"},"content":"            case \"mark\":","lastModifiedDate":"2022-02-09"},{"lineNumber":53,"author":{"gitId":"vanessaxuuan"},"content":"                this.mark();","lastModifiedDate":"2022-02-09"},{"lineNumber":54,"author":{"gitId":"vanessaxuuan"},"content":"                break;","lastModifiedDate":"2022-02-09"},{"lineNumber":55,"author":{"gitId":"vanessaxuuan"},"content":"            case \"unmark\":","lastModifiedDate":"2022-02-09"},{"lineNumber":56,"author":{"gitId":"vanessaxuuan"},"content":"                this.unmark();","lastModifiedDate":"2022-02-09"},{"lineNumber":57,"author":{"gitId":"vanessaxuuan"},"content":"                break;","lastModifiedDate":"2022-02-09"},{"lineNumber":58,"author":{"gitId":"vanessaxuuan"},"content":"            case \"delete\":","lastModifiedDate":"2022-02-09"},{"lineNumber":59,"author":{"gitId":"vanessaxuuan"},"content":"                this.delete();","lastModifiedDate":"2022-02-09"},{"lineNumber":60,"author":{"gitId":"vanessaxuuan"},"content":"                break;","lastModifiedDate":"2022-02-09"},{"lineNumber":61,"author":{"gitId":"vanessaxuuan"},"content":"            default:","lastModifiedDate":"2022-02-09"},{"lineNumber":62,"author":{"gitId":"vanessaxuuan"},"content":"                throw new GaryException(method);","lastModifiedDate":"2022-02-09"},{"lineNumber":63,"author":{"gitId":"vanessaxuuan"},"content":"        }","lastModifiedDate":"2022-02-09"},{"lineNumber":64,"author":{"gitId":"vanessaxuuan"},"content":"    }","lastModifiedDate":"2022-02-09"},{"lineNumber":65,"author":{"gitId":"vanessaxuuan"},"content":"","lastModifiedDate":"2022-02-09"},{"lineNumber":66,"author":{"gitId":"vanessaxuuan"},"content":"    public void printList(int x) {","lastModifiedDate":"2022-02-09"},{"lineNumber":67,"author":{"gitId":"vanessaxuuan"},"content":"        String msg \u003d x \u003d\u003d 1 ? \"Welcome back, this is your current to-do list:\" : \"to do list:\";","lastModifiedDate":"2022-02-09"},{"lineNumber":68,"author":{"gitId":"vanessaxuuan"},"content":"        if (this.tasks.isEmpty()) {","lastModifiedDate":"2022-02-09"},{"lineNumber":69,"author":{"gitId":"vanessaxuuan"},"content":"            System.out.println(\"No history recorded, what would you like to do today?\");","lastModifiedDate":"2022-02-09"},{"lineNumber":70,"author":{"gitId":"vanessaxuuan"},"content":"        } else {","lastModifiedDate":"2022-02-09"},{"lineNumber":71,"author":{"gitId":"vanessaxuuan"},"content":"            System.out.println(msg);","lastModifiedDate":"2022-02-09"},{"lineNumber":72,"author":{"gitId":"vanessaxuuan"},"content":"            int i \u003d 1;","lastModifiedDate":"2022-02-09"},{"lineNumber":73,"author":{"gitId":"vanessaxuuan"},"content":"            for (Task curr : this.tasks) {","lastModifiedDate":"2022-02-09"},{"lineNumber":74,"author":{"gitId":"vanessaxuuan"},"content":"                System.out.printf(\"%d: %s\\n\", i, curr);","lastModifiedDate":"2022-02-09"},{"lineNumber":75,"author":{"gitId":"vanessaxuuan"},"content":"                i++;","lastModifiedDate":"2022-02-09"},{"lineNumber":76,"author":{"gitId":"vanessaxuuan"},"content":"            }","lastModifiedDate":"2022-02-09"},{"lineNumber":77,"author":{"gitId":"vanessaxuuan"},"content":"        }","lastModifiedDate":"2022-02-09"},{"lineNumber":78,"author":{"gitId":"vanessaxuuan"},"content":"    }","lastModifiedDate":"2022-02-09"},{"lineNumber":79,"author":{"gitId":"vanessaxuuan"},"content":"","lastModifiedDate":"2022-02-09"},{"lineNumber":80,"author":{"gitId":"vanessaxuuan"},"content":"    public void addTodo(String t) {","lastModifiedDate":"2022-02-09"},{"lineNumber":81,"author":{"gitId":"vanessaxuuan"},"content":"        tasks.add(new ToDo(t));","lastModifiedDate":"2022-02-09"},{"lineNumber":82,"author":{"gitId":"vanessaxuuan"},"content":"        Storage.saveTask(tasks);","lastModifiedDate":"2022-02-09"},{"lineNumber":83,"author":{"gitId":"vanessaxuuan"},"content":"    }","lastModifiedDate":"2022-02-09"},{"lineNumber":84,"author":{"gitId":"vanessaxuuan"},"content":"","lastModifiedDate":"2022-02-09"},{"lineNumber":85,"author":{"gitId":"vanessaxuuan"},"content":"    public void addEvent(String e, String date) {","lastModifiedDate":"2022-02-09"},{"lineNumber":86,"author":{"gitId":"vanessaxuuan"},"content":"        tasks.add(new Event(e, date));","lastModifiedDate":"2022-02-09"},{"lineNumber":87,"author":{"gitId":"vanessaxuuan"},"content":"        Storage.saveTask(tasks);","lastModifiedDate":"2022-02-09"},{"lineNumber":88,"author":{"gitId":"vanessaxuuan"},"content":"    }","lastModifiedDate":"2022-02-09"},{"lineNumber":89,"author":{"gitId":"vanessaxuuan"},"content":"","lastModifiedDate":"2022-02-09"},{"lineNumber":90,"author":{"gitId":"vanessaxuuan"},"content":"    public void addDeadline(String d, String date) {","lastModifiedDate":"2022-02-09"},{"lineNumber":91,"author":{"gitId":"vanessaxuuan"},"content":"        tasks.add(new Deadlines(d, date));","lastModifiedDate":"2022-02-09"},{"lineNumber":92,"author":{"gitId":"vanessaxuuan"},"content":"        Storage.saveTask(tasks);","lastModifiedDate":"2022-02-09"},{"lineNumber":93,"author":{"gitId":"vanessaxuuan"},"content":"    }","lastModifiedDate":"2022-02-09"},{"lineNumber":94,"author":{"gitId":"vanessaxuuan"},"content":"","lastModifiedDate":"2022-02-09"},{"lineNumber":95,"author":{"gitId":"vanessaxuuan"},"content":"    public void delete() {","lastModifiedDate":"2022-02-09"},{"lineNumber":96,"author":{"gitId":"vanessaxuuan"},"content":"        System.out.println(\"Please key in what you would like to remove in descending order!\");","lastModifiedDate":"2022-02-09"},{"lineNumber":97,"author":{"gitId":"vanessaxuuan"},"content":"        try {","lastModifiedDate":"2022-02-09"},{"lineNumber":98,"author":{"gitId":"vanessaxuuan"},"content":"            Scanner sc \u003d new Scanner(System.in);","lastModifiedDate":"2022-02-09"},{"lineNumber":99,"author":{"gitId":"vanessaxuuan"},"content":"            String nums \u003d sc.nextLine();","lastModifiedDate":"2022-02-09"},{"lineNumber":100,"author":{"gitId":"vanessaxuuan"},"content":"            String[] first \u003d nums.split(\" \");","lastModifiedDate":"2022-02-09"},{"lineNumber":101,"author":{"gitId":"vanessaxuuan"},"content":"            int k \u003d 0;","lastModifiedDate":"2022-02-09"},{"lineNumber":102,"author":{"gitId":"vanessaxuuan"},"content":"            for (String str : first) {","lastModifiedDate":"2022-02-09"},{"lineNumber":103,"author":{"gitId":"vanessaxuuan"},"content":"                tasks.remove(Integer.parseInt(first[k]) - 1);","lastModifiedDate":"2022-02-09"},{"lineNumber":104,"author":{"gitId":"vanessaxuuan"},"content":"                k++;","lastModifiedDate":"2022-02-09"},{"lineNumber":105,"author":{"gitId":"vanessaxuuan"},"content":"            }","lastModifiedDate":"2022-02-09"},{"lineNumber":106,"author":{"gitId":"vanessaxuuan"},"content":"            printList(2);","lastModifiedDate":"2022-02-09"},{"lineNumber":107,"author":{"gitId":"vanessaxuuan"},"content":"        } catch (IndexOutOfBoundsException e) {","lastModifiedDate":"2022-02-09"},{"lineNumber":108,"author":{"gitId":"vanessaxuuan"},"content":"            System.out.println(\"Ah please enter a valid number or sequence e.g. 5 3 1\");","lastModifiedDate":"2022-02-09"},{"lineNumber":109,"author":{"gitId":"vanessaxuuan"},"content":"        }","lastModifiedDate":"2022-02-09"},{"lineNumber":110,"author":{"gitId":"vanessaxuuan"},"content":"        if(!tasks.isEmpty()) {","lastModifiedDate":"2022-02-09"},{"lineNumber":111,"author":{"gitId":"vanessaxuuan"},"content":"            Storage.saveTask(tasks);","lastModifiedDate":"2022-02-09"},{"lineNumber":112,"author":{"gitId":"vanessaxuuan"},"content":"        }","lastModifiedDate":"2022-02-09"},{"lineNumber":113,"author":{"gitId":"vanessaxuuan"},"content":"    }","lastModifiedDate":"2022-02-09"},{"lineNumber":114,"author":{"gitId":"vanessaxuuan"},"content":"","lastModifiedDate":"2022-02-09"},{"lineNumber":115,"author":{"gitId":"vanessaxuuan"},"content":"    public void mark() {","lastModifiedDate":"2022-02-09"},{"lineNumber":116,"author":{"gitId":"vanessaxuuan"},"content":"        System.out.println(\"which tasks have you completed? e.g. 2 3\");","lastModifiedDate":"2022-02-09"},{"lineNumber":117,"author":{"gitId":"vanessaxuuan"},"content":"        Scanner sc \u003d new Scanner(System.in);","lastModifiedDate":"2022-02-09"},{"lineNumber":118,"author":{"gitId":"vanessaxuuan"},"content":"        String nums \u003d sc.nextLine();","lastModifiedDate":"2022-02-09"},{"lineNumber":119,"author":{"gitId":"vanessaxuuan"},"content":"        String[] first \u003d nums.split(\" \");","lastModifiedDate":"2022-02-09"},{"lineNumber":120,"author":{"gitId":"vanessaxuuan"},"content":"        int i \u003d 0;","lastModifiedDate":"2022-02-09"},{"lineNumber":121,"author":{"gitId":"vanessaxuuan"},"content":"        for (String str : first) {","lastModifiedDate":"2022-02-09"},{"lineNumber":122,"author":{"gitId":"vanessaxuuan"},"content":"            tasks.get(Integer.parseInt(first[i]) - 1).toMark();","lastModifiedDate":"2022-02-09"},{"lineNumber":123,"author":{"gitId":"vanessaxuuan"},"content":"            i++;","lastModifiedDate":"2022-02-09"},{"lineNumber":124,"author":{"gitId":"vanessaxuuan"},"content":"        }","lastModifiedDate":"2022-02-09"},{"lineNumber":125,"author":{"gitId":"vanessaxuuan"},"content":"        Storage.saveTask(tasks);","lastModifiedDate":"2022-02-09"},{"lineNumber":126,"author":{"gitId":"vanessaxuuan"},"content":"        System.out.print(\"Alright, this is your updated \");","lastModifiedDate":"2022-02-09"},{"lineNumber":127,"author":{"gitId":"vanessaxuuan"},"content":"        printList(2);","lastModifiedDate":"2022-02-09"},{"lineNumber":128,"author":{"gitId":"vanessaxuuan"},"content":"    }","lastModifiedDate":"2022-02-09"},{"lineNumber":129,"author":{"gitId":"vanessaxuuan"},"content":"","lastModifiedDate":"2022-02-09"},{"lineNumber":130,"author":{"gitId":"vanessaxuuan"},"content":"    public void unmark() {","lastModifiedDate":"2022-02-09"},{"lineNumber":131,"author":{"gitId":"vanessaxuuan"},"content":"        System.out.println(\"made some mistakes, which tasks would you want to un-mark?\");","lastModifiedDate":"2022-02-09"},{"lineNumber":132,"author":{"gitId":"vanessaxuuan"},"content":"        Scanner sc \u003d new Scanner(System.in);","lastModifiedDate":"2022-02-09"},{"lineNumber":133,"author":{"gitId":"vanessaxuuan"},"content":"        String nums \u003d sc.nextLine();","lastModifiedDate":"2022-02-09"},{"lineNumber":134,"author":{"gitId":"vanessaxuuan"},"content":"        String[] first \u003d nums.split(\" \");","lastModifiedDate":"2022-02-09"},{"lineNumber":135,"author":{"gitId":"vanessaxuuan"},"content":"        int k \u003d 0;","lastModifiedDate":"2022-02-09"},{"lineNumber":136,"author":{"gitId":"vanessaxuuan"},"content":"        for (String str : first) {","lastModifiedDate":"2022-02-09"},{"lineNumber":137,"author":{"gitId":"vanessaxuuan"},"content":"            tasks.get(Integer.parseInt(first[k]) - 1).toUnmark();","lastModifiedDate":"2022-02-09"},{"lineNumber":138,"author":{"gitId":"vanessaxuuan"},"content":"            k++;","lastModifiedDate":"2022-02-09"},{"lineNumber":139,"author":{"gitId":"vanessaxuuan"},"content":"        }","lastModifiedDate":"2022-02-09"},{"lineNumber":140,"author":{"gitId":"vanessaxuuan"},"content":"        Storage.saveTask(tasks);","lastModifiedDate":"2022-02-09"},{"lineNumber":141,"author":{"gitId":"vanessaxuuan"},"content":"        System.out.print(\"Alright, this is your updated \");","lastModifiedDate":"2022-02-09"},{"lineNumber":142,"author":{"gitId":"vanessaxuuan"},"content":"        printList(2);","lastModifiedDate":"2022-02-09"},{"lineNumber":143,"author":{"gitId":"vanessaxuuan"},"content":"    }","lastModifiedDate":"2022-02-09"},{"lineNumber":144,"author":{"gitId":"vanessaxuuan"},"content":"}","lastModifiedDate":"2022-02-09"}],"authorContributionMap":{"vanessaxuuan":144}},{"path":"src/main/java/ToDo.java","fileType":"java","lines":[{"lineNumber":1,"author":{"gitId":"vanessaxuuan"},"content":"package gary;","lastModifiedDate":"2022-02-09"},{"lineNumber":2,"author":{"gitId":"vanessaxuuan"},"content":"import gary.Task;","lastModifiedDate":"2022-02-09"},{"lineNumber":3,"author":{"gitId":"vanessaxuuan"},"content":"public class ToDo extends Task {","lastModifiedDate":"2022-01-24"},{"lineNumber":4,"author":{"gitId":"vanessaxuuan"},"content":"","lastModifiedDate":"2022-01-24"},{"lineNumber":5,"author":{"gitId":"vanessaxuuan"},"content":"    public ToDo(String str) {","lastModifiedDate":"2022-01-24"},{"lineNumber":6,"author":{"gitId":"vanessaxuuan"},"content":"        super(str);","lastModifiedDate":"2022-01-24"},{"lineNumber":7,"author":{"gitId":"vanessaxuuan"},"content":"    }","lastModifiedDate":"2022-01-24"},{"lineNumber":8,"author":{"gitId":"vanessaxuuan"},"content":"","lastModifiedDate":"2022-01-24"},{"lineNumber":9,"author":{"gitId":"vanessaxuuan"},"content":"    @Override","lastModifiedDate":"2022-01-24"},{"lineNumber":10,"author":{"gitId":"vanessaxuuan"},"content":"    public String toString() {","lastModifiedDate":"2022-01-24"},{"lineNumber":11,"author":{"gitId":"vanessaxuuan"},"content":"        return \"T\" + super.toString();","lastModifiedDate":"2022-01-24"},{"lineNumber":12,"author":{"gitId":"vanessaxuuan"},"content":"    }","lastModifiedDate":"2022-01-24"},{"lineNumber":13,"author":{"gitId":"vanessaxuuan"},"content":"}","lastModifiedDate":"2022-01-24"}],"authorContributionMap":{"vanessaxuuan":13}},{"path":"src/main/java/Ui.java","fileType":"java","lines":[{"lineNumber":1,"author":{"gitId":"vanessaxuuan"},"content":"package gary;","lastModifiedDate":"2022-02-09"},{"lineNumber":2,"author":{"gitId":"vanessaxuuan"},"content":"import gary.TaskList;","lastModifiedDate":"2022-02-09"},{"lineNumber":3,"author":{"gitId":"vanessaxuuan"},"content":"import gary.Parser;","lastModifiedDate":"2022-02-09"},{"lineNumber":4,"author":{"gitId":"vanessaxuuan"},"content":"import java.util.Scanner;","lastModifiedDate":"2022-02-09"},{"lineNumber":5,"author":{"gitId":"vanessaxuuan"},"content":"","lastModifiedDate":"2022-02-09"},{"lineNumber":6,"author":{"gitId":"vanessaxuuan"},"content":"public class Ui {","lastModifiedDate":"2022-02-09"},{"lineNumber":7,"author":{"gitId":"vanessaxuuan"},"content":"","lastModifiedDate":"2022-02-09"},{"lineNumber":8,"author":{"gitId":"vanessaxuuan"},"content":"    public Ui() {","lastModifiedDate":"2022-02-09"},{"lineNumber":9,"author":{"gitId":"vanessaxuuan"},"content":"    }","lastModifiedDate":"2022-02-09"},{"lineNumber":10,"author":{"gitId":"vanessaxuuan"},"content":"","lastModifiedDate":"2022-02-09"},{"lineNumber":11,"author":{"gitId":"vanessaxuuan"},"content":"    public void welcomeUser(TaskList tsk) {","lastModifiedDate":"2022-02-09"},{"lineNumber":12,"author":{"gitId":"vanessaxuuan"},"content":"        System.out.println(\"Hello, i\u0027m Gary!\\n\");","lastModifiedDate":"2022-02-09"},{"lineNumber":13,"author":{"gitId":"vanessaxuuan"},"content":"        tsk.printList(1);","lastModifiedDate":"2022-02-09"},{"lineNumber":14,"author":{"gitId":"vanessaxuuan"},"content":"    }","lastModifiedDate":"2022-02-09"},{"lineNumber":15,"author":{"gitId":"vanessaxuuan"},"content":"","lastModifiedDate":"2022-02-09"},{"lineNumber":16,"author":{"gitId":"vanessaxuuan"},"content":"    public boolean startBot(Parser par, TaskList tsk) {","lastModifiedDate":"2022-02-09"},{"lineNumber":17,"author":{"gitId":"vanessaxuuan"},"content":"        Scanner sc \u003d new Scanner(System.in);","lastModifiedDate":"2022-02-09"},{"lineNumber":18,"author":{"gitId":"vanessaxuuan"},"content":"        String nxt \u003d sc.nextLine();","lastModifiedDate":"2022-02-09"},{"lineNumber":19,"author":{"gitId":"vanessaxuuan"},"content":"        return par.parse(nxt, tsk);","lastModifiedDate":"2022-02-09"},{"lineNumber":20,"author":{"gitId":"vanessaxuuan"},"content":"    }","lastModifiedDate":"2022-02-09"},{"lineNumber":21,"author":{"gitId":"vanessaxuuan"},"content":"}","lastModifiedDate":"2022-02-09"}],"authorContributionMap":{"vanessaxuuan":21}},{"path":"src/test/java/gary/EventTest.java","fileType":"java","lines":[{"lineNumber":1,"author":{"gitId":"vanessaxuuan"},"content":"package gary;public class EventTest {","lastModifiedDate":"2022-02-10"},{"lineNumber":2,"author":{"gitId":"vanessaxuuan"},"content":"}","lastModifiedDate":"2022-02-10"}],"authorContributionMap":{"vanessaxuuan":2}},{"path":"src/test/java/gary/ParserTest.java","fileType":"java","lines":[{"lineNumber":1,"author":{"gitId":"vanessaxuuan"},"content":"package gary;public class ParserTest {","lastModifiedDate":"2022-02-10"},{"lineNumber":2,"author":{"gitId":"vanessaxuuan"},"content":"}","lastModifiedDate":"2022-02-10"}],"authorContributionMap":{"vanessaxuuan":2}},{"path":"src/test/java/gary/TaskListTest.java","fileType":"java","lines":[{"lineNumber":1,"author":{"gitId":"vanessaxuuan"},"content":"package gary;public class TaskListTest {","lastModifiedDate":"2022-02-10"},{"lineNumber":2,"author":{"gitId":"vanessaxuuan"},"content":"}","lastModifiedDate":"2022-02-10"}],"authorContributionMap":{"vanessaxuuan":2}},{"path":"text-ui-test/input.txt","fileType":"txt","lines":[{"lineNumber":1,"author":{"gitId":"vanessaxuuan"},"content":"todo watch Red Notice","lastModifiedDate":"2022-01-24"},{"lineNumber":2,"author":{"gitId":"vanessaxuuan"},"content":"mark","lastModifiedDate":"2022-01-24"},{"lineNumber":3,"author":{"gitId":"vanessaxuuan"},"content":"1","lastModifiedDate":"2022-01-24"},{"lineNumber":4,"author":{"gitId":"vanessaxuuan"},"content":"bye","lastModifiedDate":"2022-01-24"}],"authorContributionMap":{"vanessaxuuan":4}},{"path":"text-ui-test/runtest.sh","fileType":"sh","lines":[{"lineNumber":1,"author":{"gitId":"-"},"content":"#!/usr/bin/env bash","lastModifiedDate":"2020-05-25"},{"lineNumber":2,"author":{"gitId":"-"},"content":"","lastModifiedDate":"2020-05-25"},{"lineNumber":3,"author":{"gitId":"-"},"content":"# create bin directory if it doesn\u0027t exist","lastModifiedDate":"2020-05-25"},{"lineNumber":4,"author":{"gitId":"-"},"content":"if [ ! -d \"../bin\" ]","lastModifiedDate":"2020-05-25"},{"lineNumber":5,"author":{"gitId":"-"},"content":"then","lastModifiedDate":"2020-05-25"},{"lineNumber":6,"author":{"gitId":"-"},"content":"    mkdir ../bin","lastModifiedDate":"2020-05-25"},{"lineNumber":7,"author":{"gitId":"-"},"content":"fi","lastModifiedDate":"2020-05-25"},{"lineNumber":8,"author":{"gitId":"-"},"content":"","lastModifiedDate":"2020-05-25"},{"lineNumber":9,"author":{"gitId":"-"},"content":"# delete output from previous run","lastModifiedDate":"2020-05-25"},{"lineNumber":10,"author":{"gitId":"-"},"content":"if [ -e \"./ACTUAL.TXT\" ]","lastModifiedDate":"2020-05-25"},{"lineNumber":11,"author":{"gitId":"-"},"content":"then","lastModifiedDate":"2020-05-25"},{"lineNumber":12,"author":{"gitId":"-"},"content":"    rm ACTUAL.TXT","lastModifiedDate":"2020-05-25"},{"lineNumber":13,"author":{"gitId":"-"},"content":"fi","lastModifiedDate":"2020-05-25"},{"lineNumber":14,"author":{"gitId":"-"},"content":"","lastModifiedDate":"2020-05-25"},{"lineNumber":15,"author":{"gitId":"-"},"content":"# compile the code into the bin folder, terminates if error occurred","lastModifiedDate":"2020-05-25"},{"lineNumber":16,"author":{"gitId":"-"},"content":"if ! javac -cp ../src/main/java -Xlint:none -d ../bin ../src/main/java/*.java","lastModifiedDate":"2020-08-25"},{"lineNumber":17,"author":{"gitId":"-"},"content":"then","lastModifiedDate":"2020-05-25"},{"lineNumber":18,"author":{"gitId":"-"},"content":"    echo \"********** BUILD FAILURE **********\"","lastModifiedDate":"2020-05-25"},{"lineNumber":19,"author":{"gitId":"-"},"content":"    exit 1","lastModifiedDate":"2020-05-25"},{"lineNumber":20,"author":{"gitId":"-"},"content":"fi","lastModifiedDate":"2020-05-25"},{"lineNumber":21,"author":{"gitId":"-"},"content":"","lastModifiedDate":"2020-05-25"},{"lineNumber":22,"author":{"gitId":"-"},"content":"# run the program, feed commands from input.txt file and redirect the output to the ACTUAL.TXT","lastModifiedDate":"2020-05-25"},{"lineNumber":23,"author":{"gitId":"vanessaxuuan"},"content":"java -classpath ../bin Gary \u003c input.txt \u003e ACTUAL.TXT","lastModifiedDate":"2022-01-24"},{"lineNumber":24,"author":{"gitId":"-"},"content":"","lastModifiedDate":"2020-05-25"},{"lineNumber":25,"author":{"gitId":"-"},"content":"# convert to UNIX format","lastModifiedDate":"2020-05-25"},{"lineNumber":26,"author":{"gitId":"-"},"content":"cp EXPECTED.TXT EXPECTED-UNIX.TXT","lastModifiedDate":"2020-05-25"},{"lineNumber":27,"author":{"gitId":"-"},"content":"dos2unix ACTUAL.TXT EXPECTED-UNIX.TXT","lastModifiedDate":"2020-05-25"},{"lineNumber":28,"author":{"gitId":"-"},"content":"","lastModifiedDate":"2020-05-25"},{"lineNumber":29,"author":{"gitId":"-"},"content":"# compare the output to the expected output","lastModifiedDate":"2020-05-25"},{"lineNumber":30,"author":{"gitId":"-"},"content":"diff ACTUAL.TXT EXPECTED-UNIX.TXT","lastModifiedDate":"2020-05-25"},{"lineNumber":31,"author":{"gitId":"-"},"content":"if [ $? -eq 0 ]","lastModifiedDate":"2020-05-25"},{"lineNumber":32,"author":{"gitId":"-"},"content":"then","lastModifiedDate":"2020-05-25"},{"lineNumber":33,"author":{"gitId":"-"},"content":"    echo \"Test result: PASSED\"","lastModifiedDate":"2020-05-25"},{"lineNumber":34,"author":{"gitId":"-"},"content":"    exit 0","lastModifiedDate":"2020-05-25"},{"lineNumber":35,"author":{"gitId":"-"},"content":"else","lastModifiedDate":"2020-05-25"},{"lineNumber":36,"author":{"gitId":"-"},"content":"    echo \"Test result: FAILED\"","lastModifiedDate":"2020-05-25"},{"lineNumber":37,"author":{"gitId":"-"},"content":"    exit 1","lastModifiedDate":"2020-05-25"},{"lineNumber":38,"author":{"gitId":"-"},"content":"fi","lastModifiedDate":"2020-05-25"}],"authorContributionMap":{"vanessaxuuan":1,"-":37}}]
