[{"path":"src/main/java/Deadlines.java","fileType":"java","lines":[{"lineNumber":1,"author":{"gitId":"vanessaxuuan"},"content":"public class Deadlines extends Task {","lastModifiedDate":"2022-01-24"},{"lineNumber":2,"author":{"gitId":"vanessaxuuan"},"content":"    String date;","lastModifiedDate":"2022-01-24"},{"lineNumber":3,"author":{"gitId":"vanessaxuuan"},"content":"","lastModifiedDate":"2022-01-24"},{"lineNumber":4,"author":{"gitId":"vanessaxuuan"},"content":"    public Deadlines(String str, String date) {","lastModifiedDate":"2022-01-24"},{"lineNumber":5,"author":{"gitId":"vanessaxuuan"},"content":"        super(str);","lastModifiedDate":"2022-01-24"},{"lineNumber":6,"author":{"gitId":"vanessaxuuan"},"content":"        this.date \u003d date;","lastModifiedDate":"2022-01-24"},{"lineNumber":7,"author":{"gitId":"vanessaxuuan"},"content":"    }","lastModifiedDate":"2022-01-24"},{"lineNumber":8,"author":{"gitId":"vanessaxuuan"},"content":"","lastModifiedDate":"2022-01-24"},{"lineNumber":9,"author":{"gitId":"vanessaxuuan"},"content":"    @Override","lastModifiedDate":"2022-01-24"},{"lineNumber":10,"author":{"gitId":"vanessaxuuan"},"content":"    public String toString() {","lastModifiedDate":"2022-01-24"},{"lineNumber":11,"author":{"gitId":"vanessaxuuan"},"content":"        return \"D\" + super.toString() + \" by: \" + date;","lastModifiedDate":"2022-01-24"},{"lineNumber":12,"author":{"gitId":"vanessaxuuan"},"content":"    }","lastModifiedDate":"2022-01-24"},{"lineNumber":13,"author":{"gitId":"vanessaxuuan"},"content":"}","lastModifiedDate":"2022-01-24"}],"authorContributionMap":{"vanessaxuuan":13}},{"path":"src/main/java/Event.java","fileType":"java","lines":[{"lineNumber":1,"author":{"gitId":"vanessaxuuan"},"content":"public class Event extends Task {","lastModifiedDate":"2022-01-24"},{"lineNumber":2,"author":{"gitId":"vanessaxuuan"},"content":"    String date;","lastModifiedDate":"2022-01-24"},{"lineNumber":3,"author":{"gitId":"vanessaxuuan"},"content":"","lastModifiedDate":"2022-01-24"},{"lineNumber":4,"author":{"gitId":"vanessaxuuan"},"content":"    public Event(String str, String date) {","lastModifiedDate":"2022-01-24"},{"lineNumber":5,"author":{"gitId":"vanessaxuuan"},"content":"        super(str);","lastModifiedDate":"2022-01-24"},{"lineNumber":6,"author":{"gitId":"vanessaxuuan"},"content":"        this.date \u003d date;","lastModifiedDate":"2022-01-24"},{"lineNumber":7,"author":{"gitId":"vanessaxuuan"},"content":"    }","lastModifiedDate":"2022-01-24"},{"lineNumber":8,"author":{"gitId":"vanessaxuuan"},"content":"","lastModifiedDate":"2022-01-24"},{"lineNumber":9,"author":{"gitId":"vanessaxuuan"},"content":"    @Override","lastModifiedDate":"2022-01-24"},{"lineNumber":10,"author":{"gitId":"vanessaxuuan"},"content":"    public String toString() {","lastModifiedDate":"2022-01-24"},{"lineNumber":11,"author":{"gitId":"vanessaxuuan"},"content":"        return \"E\" + super.toString() + \" on: \" + date;","lastModifiedDate":"2022-01-24"},{"lineNumber":12,"author":{"gitId":"vanessaxuuan"},"content":"    }","lastModifiedDate":"2022-01-24"},{"lineNumber":13,"author":{"gitId":"vanessaxuuan"},"content":"}","lastModifiedDate":"2022-01-24"}],"authorContributionMap":{"vanessaxuuan":13}},{"path":"src/main/java/Gary.java","fileType":"java","lines":[{"lineNumber":1,"author":{"gitId":"vanessaxuuan"},"content":"import java.io.FileNotFoundException;","lastModifiedDate":"2022-02-02"},{"lineNumber":2,"author":{"gitId":"vanessaxuuan"},"content":"import java.nio.file.Files;","lastModifiedDate":"2022-02-02"},{"lineNumber":3,"author":{"gitId":"vanessaxuuan"},"content":"import java.sql.Array;","lastModifiedDate":"2022-01-23"},{"lineNumber":4,"author":{"gitId":"vanessaxuuan"},"content":"import java.util.ArrayList;","lastModifiedDate":"2022-02-02"},{"lineNumber":5,"author":{"gitId":"vanessaxuuan"},"content":"import java.util.Scanner;","lastModifiedDate":"2022-02-02"},{"lineNumber":6,"author":{"gitId":"vanessaxuuan"},"content":"import java.io.FileWriter;","lastModifiedDate":"2022-02-02"},{"lineNumber":7,"author":{"gitId":"vanessaxuuan"},"content":"import java.io.IOException;","lastModifiedDate":"2022-02-02"},{"lineNumber":8,"author":{"gitId":"vanessaxuuan"},"content":"import java.io.File;","lastModifiedDate":"2022-02-02"},{"lineNumber":9,"author":{"gitId":"vanessaxuuan"},"content":"import java.time.format.DateTimeParseException;","lastModifiedDate":"2022-02-07"},{"lineNumber":10,"author":{"gitId":"vanessaxuuan"},"content":"import java.time.format.FormatStyle;","lastModifiedDate":"2022-02-07"},{"lineNumber":11,"author":{"gitId":"vanessaxuuan"},"content":"import java.util.ArrayList;","lastModifiedDate":"2022-02-07"},{"lineNumber":12,"author":{"gitId":"vanessaxuuan"},"content":"import java.util.Scanner;","lastModifiedDate":"2022-02-07"},{"lineNumber":13,"author":{"gitId":"vanessaxuuan"},"content":"import java.time.LocalDateTime;","lastModifiedDate":"2022-02-07"},{"lineNumber":14,"author":{"gitId":"vanessaxuuan"},"content":"import java.time.format.DateTimeFormatter;","lastModifiedDate":"2022-02-07"},{"lineNumber":15,"author":{"gitId":"vanessaxuuan"},"content":"import java.time.temporal.ChronoUnit;","lastModifiedDate":"2022-02-07"},{"lineNumber":16,"author":{"gitId":"vanessaxuuan"},"content":"","lastModifiedDate":"2022-01-23"},{"lineNumber":17,"author":{"gitId":"vanessaxuuan"},"content":"public class Gary {","lastModifiedDate":"2022-01-23"},{"lineNumber":18,"author":{"gitId":"vanessaxuuan"},"content":"    public static void main(String[] args) throws GaryException {","lastModifiedDate":"2022-01-24"},{"lineNumber":19,"author":{"gitId":"vanessaxuuan"},"content":"","lastModifiedDate":"2022-01-23"},{"lineNumber":20,"author":{"gitId":"vanessaxuuan"},"content":"        ArrayList\u003cTask\u003e items \u003d new ArrayList\u003c\u003e();","lastModifiedDate":"2022-01-24"},{"lineNumber":21,"author":{"gitId":"vanessaxuuan"},"content":"        System.out.println(\"Hello, i\u0027m Gary! What\u0027s on your to do list today?\\n\");","lastModifiedDate":"2022-02-02"},{"lineNumber":22,"author":{"gitId":"vanessaxuuan"},"content":"        try {","lastModifiedDate":"2022-02-02"},{"lineNumber":23,"author":{"gitId":"vanessaxuuan"},"content":"            File f \u003d new File(\"./gary.txt\");","lastModifiedDate":"2022-02-02"},{"lineNumber":24,"author":{"gitId":"vanessaxuuan"},"content":"            Scanner sc2 \u003d new Scanner(f);","lastModifiedDate":"2022-02-02"},{"lineNumber":25,"author":{"gitId":"vanessaxuuan"},"content":"            System.out.println(\"This is your current to do list.\\n\");","lastModifiedDate":"2022-02-02"},{"lineNumber":26,"author":{"gitId":"vanessaxuuan"},"content":"            while (sc2.hasNext()) {","lastModifiedDate":"2022-02-02"},{"lineNumber":27,"author":{"gitId":"vanessaxuuan"},"content":"                Gary.decode(sc2.nextLine(), items);","lastModifiedDate":"2022-02-02"},{"lineNumber":28,"author":{"gitId":"vanessaxuuan"},"content":"            }","lastModifiedDate":"2022-02-02"},{"lineNumber":29,"author":{"gitId":"vanessaxuuan"},"content":"        } catch (FileNotFoundException e) {","lastModifiedDate":"2022-02-02"},{"lineNumber":30,"author":{"gitId":"vanessaxuuan"},"content":"            System.out.println(\"No history recorded, let\u0027s start being productive today!\");","lastModifiedDate":"2022-02-02"},{"lineNumber":31,"author":{"gitId":"vanessaxuuan"},"content":"        }","lastModifiedDate":"2022-02-02"},{"lineNumber":32,"author":{"gitId":"vanessaxuuan"},"content":"","lastModifiedDate":"2022-01-24"},{"lineNumber":33,"author":{"gitId":"vanessaxuuan"},"content":"        Scanner sc \u003d new Scanner(System.in);","lastModifiedDate":"2022-02-02"},{"lineNumber":34,"author":{"gitId":"vanessaxuuan"},"content":"        String nxt \u003d sc.nextLine();","lastModifiedDate":"2022-01-23"},{"lineNumber":35,"author":{"gitId":"vanessaxuuan"},"content":"","lastModifiedDate":"2022-01-24"},{"lineNumber":36,"author":{"gitId":"vanessaxuuan"},"content":"        while (!nxt.equals(\"bye\")) {","lastModifiedDate":"2022-01-23"},{"lineNumber":37,"author":{"gitId":"vanessaxuuan"},"content":"            try {","lastModifiedDate":"2022-02-02"},{"lineNumber":38,"author":{"gitId":"vanessaxuuan"},"content":"","lastModifiedDate":"2022-01-24"},{"lineNumber":39,"author":{"gitId":"vanessaxuuan"},"content":"                if (nxt.equals(\"list\")) {","lastModifiedDate":"2022-01-23"},{"lineNumber":40,"author":{"gitId":"vanessaxuuan"},"content":"                    Gary.printList(1, items);","lastModifiedDate":"2022-01-24"},{"lineNumber":41,"author":{"gitId":"vanessaxuuan"},"content":"                } else if (nxt.equals(\"mark\")) {","lastModifiedDate":"2022-01-24"},{"lineNumber":42,"author":{"gitId":"vanessaxuuan"},"content":"                    System.out.println(\"which tasks have you completed? e.g. 2 3\");","lastModifiedDate":"2022-01-24"},{"lineNumber":43,"author":{"gitId":"vanessaxuuan"},"content":"                    String nums \u003d sc.nextLine();","lastModifiedDate":"2022-01-24"},{"lineNumber":44,"author":{"gitId":"vanessaxuuan"},"content":"                    String[] first \u003d nums.split(\" \");","lastModifiedDate":"2022-01-24"},{"lineNumber":45,"author":{"gitId":"vanessaxuuan"},"content":"                    int i \u003d 0;","lastModifiedDate":"2022-01-24"},{"lineNumber":46,"author":{"gitId":"vanessaxuuan"},"content":"                    for (String str : first) {","lastModifiedDate":"2022-01-24"},{"lineNumber":47,"author":{"gitId":"vanessaxuuan"},"content":"                        items.get(Integer.parseInt(first[i]) - 1).toMark();","lastModifiedDate":"2022-01-24"},{"lineNumber":48,"author":{"gitId":"vanessaxuuan"},"content":"                        i++;","lastModifiedDate":"2022-01-24"},{"lineNumber":49,"author":{"gitId":"vanessaxuuan"},"content":"                    }","lastModifiedDate":"2022-01-24"},{"lineNumber":50,"author":{"gitId":"vanessaxuuan"},"content":"                    saveTask(\"./gary.txt\", items);","lastModifiedDate":"2022-02-02"},{"lineNumber":51,"author":{"gitId":"vanessaxuuan"},"content":"                    Gary.printList(2, items);","lastModifiedDate":"2022-01-24"},{"lineNumber":52,"author":{"gitId":"vanessaxuuan"},"content":"","lastModifiedDate":"2022-01-24"},{"lineNumber":53,"author":{"gitId":"vanessaxuuan"},"content":"                } else if (nxt.equals(\"unmark\")) {","lastModifiedDate":"2022-01-24"},{"lineNumber":54,"author":{"gitId":"vanessaxuuan"},"content":"                    System.out.println(\"made some mistakes?\");","lastModifiedDate":"2022-01-24"},{"lineNumber":55,"author":{"gitId":"vanessaxuuan"},"content":"                    String nums \u003d sc.nextLine();","lastModifiedDate":"2022-01-24"},{"lineNumber":56,"author":{"gitId":"vanessaxuuan"},"content":"                    String[] first \u003d nums.split(\" \");","lastModifiedDate":"2022-01-24"},{"lineNumber":57,"author":{"gitId":"vanessaxuuan"},"content":"                    int k \u003d 0;","lastModifiedDate":"2022-01-24"},{"lineNumber":58,"author":{"gitId":"vanessaxuuan"},"content":"                    for (String str : first) {","lastModifiedDate":"2022-01-24"},{"lineNumber":59,"author":{"gitId":"vanessaxuuan"},"content":"                        items.get(Integer.parseInt(first[k]) - 1).toUnmark();","lastModifiedDate":"2022-01-24"},{"lineNumber":60,"author":{"gitId":"vanessaxuuan"},"content":"                        k++;","lastModifiedDate":"2022-01-24"},{"lineNumber":61,"author":{"gitId":"vanessaxuuan"},"content":"                    }","lastModifiedDate":"2022-01-24"},{"lineNumber":62,"author":{"gitId":"vanessaxuuan"},"content":"                    saveTask(\"./gary.txt\", items);","lastModifiedDate":"2022-02-02"},{"lineNumber":63,"author":{"gitId":"vanessaxuuan"},"content":"","lastModifiedDate":"2022-02-02"},{"lineNumber":64,"author":{"gitId":"vanessaxuuan"},"content":"                } else if (nxt.equals(\"delete\")) {","lastModifiedDate":"2022-01-24"},{"lineNumber":65,"author":{"gitId":"vanessaxuuan"},"content":"                    System.out.println(\"Please key in what you would like to remove in descending order!\");","lastModifiedDate":"2022-01-24"},{"lineNumber":66,"author":{"gitId":"vanessaxuuan"},"content":"                    try {","lastModifiedDate":"2022-01-24"},{"lineNumber":67,"author":{"gitId":"vanessaxuuan"},"content":"                        String nums \u003d sc.nextLine();","lastModifiedDate":"2022-01-24"},{"lineNumber":68,"author":{"gitId":"vanessaxuuan"},"content":"                        String[] first \u003d nums.split(\" \");","lastModifiedDate":"2022-01-24"},{"lineNumber":69,"author":{"gitId":"vanessaxuuan"},"content":"                        int k \u003d 0;","lastModifiedDate":"2022-01-24"},{"lineNumber":70,"author":{"gitId":"vanessaxuuan"},"content":"                        for (String str : first) {","lastModifiedDate":"2022-01-24"},{"lineNumber":71,"author":{"gitId":"vanessaxuuan"},"content":"                            items.remove(Integer.parseInt(first[k]) - 1);","lastModifiedDate":"2022-01-24"},{"lineNumber":72,"author":{"gitId":"vanessaxuuan"},"content":"                            k++;","lastModifiedDate":"2022-01-24"},{"lineNumber":73,"author":{"gitId":"vanessaxuuan"},"content":"                        }","lastModifiedDate":"2022-01-24"},{"lineNumber":74,"author":{"gitId":"vanessaxuuan"},"content":"                        Gary.printList(2, items);","lastModifiedDate":"2022-01-24"},{"lineNumber":75,"author":{"gitId":"vanessaxuuan"},"content":"                    } catch (IndexOutOfBoundsException e) {","lastModifiedDate":"2022-01-24"},{"lineNumber":76,"author":{"gitId":"vanessaxuuan"},"content":"                        System.out.println(\"Ah please enter a valid number or sequence e.g. 5 3 1\");","lastModifiedDate":"2022-01-24"},{"lineNumber":77,"author":{"gitId":"vanessaxuuan"},"content":"                    }","lastModifiedDate":"2022-01-24"},{"lineNumber":78,"author":{"gitId":"vanessaxuuan"},"content":"                    saveTask(\"./gary.txt\", items);","lastModifiedDate":"2022-02-02"},{"lineNumber":79,"author":{"gitId":"vanessaxuuan"},"content":"","lastModifiedDate":"2022-01-24"},{"lineNumber":80,"author":{"gitId":"vanessaxuuan"},"content":"                } else {","lastModifiedDate":"2022-01-24"},{"lineNumber":81,"author":{"gitId":"vanessaxuuan"},"content":"                    String[] type \u003d nxt.split(\" \");","lastModifiedDate":"2022-01-24"},{"lineNumber":82,"author":{"gitId":"vanessaxuuan"},"content":"                    String theTask \u003d type[0];","lastModifiedDate":"2022-01-24"},{"lineNumber":83,"author":{"gitId":"vanessaxuuan"},"content":"                    try {","lastModifiedDate":"2022-01-24"},{"lineNumber":84,"author":{"gitId":"vanessaxuuan"},"content":"                        if (!theTask.equals(\"todo\") \u0026\u0026 !theTask.equals(\"event\") \u0026\u0026 !theTask.equals(\"deadline\")) {","lastModifiedDate":"2022-01-24"},{"lineNumber":85,"author":{"gitId":"vanessaxuuan"},"content":"                            throw new GaryException(nxt); // invalid input","lastModifiedDate":"2022-01-24"},{"lineNumber":86,"author":{"gitId":"vanessaxuuan"},"content":"                        }","lastModifiedDate":"2022-01-24"},{"lineNumber":87,"author":{"gitId":"vanessaxuuan"},"content":"                    } catch (GaryException e) {","lastModifiedDate":"2022-01-24"},{"lineNumber":88,"author":{"gitId":"vanessaxuuan"},"content":"                        e.GaryError();","lastModifiedDate":"2022-01-24"},{"lineNumber":89,"author":{"gitId":"vanessaxuuan"},"content":"                    }","lastModifiedDate":"2022-01-24"},{"lineNumber":90,"author":{"gitId":"vanessaxuuan"},"content":"","lastModifiedDate":"2022-01-24"},{"lineNumber":91,"author":{"gitId":"vanessaxuuan"},"content":"                    try {","lastModifiedDate":"2022-01-24"},{"lineNumber":92,"author":{"gitId":"vanessaxuuan"},"content":"                        switch (theTask) {","lastModifiedDate":"2022-01-24"},{"lineNumber":93,"author":{"gitId":"vanessaxuuan"},"content":"                            case \"todo\":","lastModifiedDate":"2022-01-24"},{"lineNumber":94,"author":{"gitId":"vanessaxuuan"},"content":"                                items.add(new ToDo(nxt.substring(5)));","lastModifiedDate":"2022-01-24"},{"lineNumber":95,"author":{"gitId":"vanessaxuuan"},"content":"                                break;","lastModifiedDate":"2022-01-24"},{"lineNumber":96,"author":{"gitId":"vanessaxuuan"},"content":"                            case \"event\":","lastModifiedDate":"2022-01-24"},{"lineNumber":97,"author":{"gitId":"vanessaxuuan"},"content":"                                String[] e \u003d nxt.split(\"/\", 5);","lastModifiedDate":"2022-01-24"},{"lineNumber":98,"author":{"gitId":"vanessaxuuan"},"content":"                                DateTimeFormatter inputFormat \u003d DateTimeFormatter.ofPattern(\"dd-MM-yyyy,HHmm\");","lastModifiedDate":"2022-02-07"},{"lineNumber":99,"author":{"gitId":"vanessaxuuan"},"content":"                                LocalDateTime e1 \u003d LocalDateTime.parse(e[1].strip(), inputFormat);","lastModifiedDate":"2022-02-07"},{"lineNumber":100,"author":{"gitId":"vanessaxuuan"},"content":"                                DateTimeFormatter outputFormat \u003d DateTimeFormatter.ofPattern(\"dd LLL yyyy HH:mm a\");","lastModifiedDate":"2022-02-07"},{"lineNumber":101,"author":{"gitId":"vanessaxuuan"},"content":"                                items.add(new Event(e[0].substring(6), e1.format(outputFormat)));","lastModifiedDate":"2022-02-07"},{"lineNumber":102,"author":{"gitId":"vanessaxuuan"},"content":"                                break;","lastModifiedDate":"2022-01-24"},{"lineNumber":103,"author":{"gitId":"vanessaxuuan"},"content":"                            case \"deadline\":","lastModifiedDate":"2022-01-24"},{"lineNumber":104,"author":{"gitId":"vanessaxuuan"},"content":"                                String[] d \u003d nxt.split(\"/\", 5);","lastModifiedDate":"2022-01-24"},{"lineNumber":105,"author":{"gitId":"vanessaxuuan"},"content":"                                DateTimeFormatter inFormat \u003d DateTimeFormatter.ofPattern(\"dd-MM-yyyy,HHmm\");","lastModifiedDate":"2022-02-07"},{"lineNumber":106,"author":{"gitId":"vanessaxuuan"},"content":"                                LocalDateTime d1 \u003d LocalDateTime.parse(d[1].strip(), inFormat);","lastModifiedDate":"2022-02-07"},{"lineNumber":107,"author":{"gitId":"vanessaxuuan"},"content":"                                DateTimeFormatter outFormat \u003d DateTimeFormatter.ofPattern(\"dd LLL yyyy HH:mm a\");","lastModifiedDate":"2022-02-07"},{"lineNumber":108,"author":{"gitId":"vanessaxuuan"},"content":"                                items.add(new Deadlines(d[0].substring(9), d1.format(outFormat)));","lastModifiedDate":"2022-02-07"},{"lineNumber":109,"author":{"gitId":"vanessaxuuan"},"content":"                                break;","lastModifiedDate":"2022-01-24"},{"lineNumber":110,"author":{"gitId":"vanessaxuuan"},"content":"                        }","lastModifiedDate":"2022-01-24"},{"lineNumber":111,"author":{"gitId":"vanessaxuuan"},"content":"                        saveTask(\"./gary.txt\", items);","lastModifiedDate":"2022-02-02"},{"lineNumber":112,"author":{"gitId":"vanessaxuuan"},"content":"                    } catch (StringIndexOutOfBoundsException e) {","lastModifiedDate":"2022-01-24"},{"lineNumber":113,"author":{"gitId":"vanessaxuuan"},"content":"                        System.out.println(\"Ah please enter a valid description e.g. task_type name / date\");","lastModifiedDate":"2022-01-24"},{"lineNumber":114,"author":{"gitId":"vanessaxuuan"},"content":"                    } catch (DateTimeParseException e) {","lastModifiedDate":"2022-02-07"},{"lineNumber":115,"author":{"gitId":"vanessaxuuan"},"content":"                        System.out.println(\"Ah please enter a valid date e.g. 19-01-2022,2359\");","lastModifiedDate":"2022-02-07"},{"lineNumber":116,"author":{"gitId":"vanessaxuuan"},"content":"                    }","lastModifiedDate":"2022-01-24"},{"lineNumber":117,"author":{"gitId":"vanessaxuuan"},"content":"                }","lastModifiedDate":"2022-01-23"},{"lineNumber":118,"author":{"gitId":"vanessaxuuan"},"content":"            } catch (IOException e) {","lastModifiedDate":"2022-02-02"},{"lineNumber":119,"author":{"gitId":"vanessaxuuan"},"content":"                File newFile \u003d new File(\"./gary.txt\");","lastModifiedDate":"2022-02-02"},{"lineNumber":120,"author":{"gitId":"vanessaxuuan"},"content":"                System.out.println(\"please try again\");","lastModifiedDate":"2022-02-02"},{"lineNumber":121,"author":{"gitId":"vanessaxuuan"},"content":"            }","lastModifiedDate":"2022-02-02"},{"lineNumber":122,"author":{"gitId":"vanessaxuuan"},"content":"                nxt \u003d sc.nextLine(); // continue getting inputs","lastModifiedDate":"2022-01-24"},{"lineNumber":123,"author":{"gitId":"vanessaxuuan"},"content":"            }","lastModifiedDate":"2022-01-23"},{"lineNumber":124,"author":{"gitId":"vanessaxuuan"},"content":"        System.out.println(\"Bye, hope you stay productive!\\n\");","lastModifiedDate":"2022-01-23"},{"lineNumber":125,"author":{"gitId":"vanessaxuuan"},"content":"    }","lastModifiedDate":"2022-01-23"},{"lineNumber":126,"author":{"gitId":"vanessaxuuan"},"content":"","lastModifiedDate":"2022-01-24"},{"lineNumber":127,"author":{"gitId":"vanessaxuuan"},"content":"    private static void printList(int type, ArrayList\u003cTask\u003e item) {","lastModifiedDate":"2022-02-02"},{"lineNumber":128,"author":{"gitId":"vanessaxuuan"},"content":"        if (type \u003d\u003d 1) {","lastModifiedDate":"2022-01-24"},{"lineNumber":129,"author":{"gitId":"vanessaxuuan"},"content":"            System.out.println(\"Tasks:\");","lastModifiedDate":"2022-01-24"},{"lineNumber":130,"author":{"gitId":"vanessaxuuan"},"content":"        } else {","lastModifiedDate":"2022-01-24"},{"lineNumber":131,"author":{"gitId":"vanessaxuuan"},"content":"            System.out.println(\"Alright, this is your updated to do list\");","lastModifiedDate":"2022-01-24"},{"lineNumber":132,"author":{"gitId":"vanessaxuuan"},"content":"        }","lastModifiedDate":"2022-01-24"},{"lineNumber":133,"author":{"gitId":"vanessaxuuan"},"content":"        int j \u003d 1;","lastModifiedDate":"2022-01-24"},{"lineNumber":134,"author":{"gitId":"vanessaxuuan"},"content":"        for (Task str : item) {","lastModifiedDate":"2022-01-24"},{"lineNumber":135,"author":{"gitId":"vanessaxuuan"},"content":"            System.out.printf(\"%d. %s\\n\", j, str);","lastModifiedDate":"2022-01-24"},{"lineNumber":136,"author":{"gitId":"vanessaxuuan"},"content":"            j++;","lastModifiedDate":"2022-01-24"},{"lineNumber":137,"author":{"gitId":"vanessaxuuan"},"content":"        }","lastModifiedDate":"2022-01-24"},{"lineNumber":138,"author":{"gitId":"vanessaxuuan"},"content":"    }","lastModifiedDate":"2022-01-24"},{"lineNumber":139,"author":{"gitId":"vanessaxuuan"},"content":"","lastModifiedDate":"2022-02-02"},{"lineNumber":140,"author":{"gitId":"vanessaxuuan"},"content":"    private static void saveTask(String fpath,ArrayList\u003cTask\u003e list) throws IOException {","lastModifiedDate":"2022-02-02"},{"lineNumber":141,"author":{"gitId":"vanessaxuuan"},"content":"        FileWriter fw \u003d new FileWriter(fpath);","lastModifiedDate":"2022-02-02"},{"lineNumber":142,"author":{"gitId":"vanessaxuuan"},"content":"        fw.write(\"1. \" + list.get(0).toString() + System.lineSeparator()); // overwrite first line","lastModifiedDate":"2022-02-02"},{"lineNumber":143,"author":{"gitId":"vanessaxuuan"},"content":"        fw.close();","lastModifiedDate":"2022-02-02"},{"lineNumber":144,"author":{"gitId":"vanessaxuuan"},"content":"        FileWriter fw2 \u003d new FileWriter(fpath, true);","lastModifiedDate":"2022-02-02"},{"lineNumber":145,"author":{"gitId":"vanessaxuuan"},"content":"        int len \u003d list.size();","lastModifiedDate":"2022-02-02"},{"lineNumber":146,"author":{"gitId":"vanessaxuuan"},"content":"        for (int i \u003d 1; i \u003c len; i++) {","lastModifiedDate":"2022-02-02"},{"lineNumber":147,"author":{"gitId":"vanessaxuuan"},"content":"            fw2.write(i+1 + \". \" + list.get(i).toString() + System.lineSeparator()); // append","lastModifiedDate":"2022-02-02"},{"lineNumber":148,"author":{"gitId":"vanessaxuuan"},"content":"        }","lastModifiedDate":"2022-02-02"},{"lineNumber":149,"author":{"gitId":"vanessaxuuan"},"content":"        fw2.close();","lastModifiedDate":"2022-02-02"},{"lineNumber":150,"author":{"gitId":"vanessaxuuan"},"content":"    }","lastModifiedDate":"2022-02-02"},{"lineNumber":151,"author":{"gitId":"vanessaxuuan"},"content":"","lastModifiedDate":"2022-02-02"},{"lineNumber":152,"author":{"gitId":"vanessaxuuan"},"content":"    private static void decode(String str, ArrayList\u003cTask\u003e items) {","lastModifiedDate":"2022-02-02"},{"lineNumber":153,"author":{"gitId":"vanessaxuuan"},"content":"        System.out.println(str);","lastModifiedDate":"2022-02-02"},{"lineNumber":154,"author":{"gitId":"vanessaxuuan"},"content":"        char type \u003d str.charAt(3);","lastModifiedDate":"2022-02-02"},{"lineNumber":155,"author":{"gitId":"vanessaxuuan"},"content":"        boolean isDone \u003d str.charAt(5) \u003d\u003d \u0027X\u0027;","lastModifiedDate":"2022-02-02"},{"lineNumber":156,"author":{"gitId":"vanessaxuuan"},"content":"        switch (type) {","lastModifiedDate":"2022-02-02"},{"lineNumber":157,"author":{"gitId":"vanessaxuuan"},"content":"            case \u0027T\u0027:","lastModifiedDate":"2022-02-02"},{"lineNumber":158,"author":{"gitId":"vanessaxuuan"},"content":"                items.add(new ToDo(str.substring(8)));","lastModifiedDate":"2022-02-02"},{"lineNumber":159,"author":{"gitId":"vanessaxuuan"},"content":"                break;","lastModifiedDate":"2022-02-02"},{"lineNumber":160,"author":{"gitId":"vanessaxuuan"},"content":"            case \u0027E\u0027:","lastModifiedDate":"2022-02-02"},{"lineNumber":161,"author":{"gitId":"vanessaxuuan"},"content":"                String[] e \u003d str.split(\"on:\", 5);","lastModifiedDate":"2022-02-02"},{"lineNumber":162,"author":{"gitId":"vanessaxuuan"},"content":"                items.add(new Event(e[0].substring(8), e[1]));","lastModifiedDate":"2022-02-02"},{"lineNumber":163,"author":{"gitId":"vanessaxuuan"},"content":"                break;","lastModifiedDate":"2022-02-02"},{"lineNumber":164,"author":{"gitId":"vanessaxuuan"},"content":"            case \u0027D\u0027:","lastModifiedDate":"2022-02-02"},{"lineNumber":165,"author":{"gitId":"vanessaxuuan"},"content":"                String[] d \u003d str.split(\"by:\", 5);","lastModifiedDate":"2022-02-02"},{"lineNumber":166,"author":{"gitId":"vanessaxuuan"},"content":"                items.add(new Deadlines(d[0].substring(8), d[1]));","lastModifiedDate":"2022-02-02"},{"lineNumber":167,"author":{"gitId":"vanessaxuuan"},"content":"                break;","lastModifiedDate":"2022-02-02"},{"lineNumber":168,"author":{"gitId":"vanessaxuuan"},"content":"        }","lastModifiedDate":"2022-02-02"},{"lineNumber":169,"author":{"gitId":"vanessaxuuan"},"content":"        if(isDone) {","lastModifiedDate":"2022-02-02"},{"lineNumber":170,"author":{"gitId":"vanessaxuuan"},"content":"            int len \u003d items.size();","lastModifiedDate":"2022-02-02"},{"lineNumber":171,"author":{"gitId":"vanessaxuuan"},"content":"            items.get(len - 1).toMark();","lastModifiedDate":"2022-02-02"},{"lineNumber":172,"author":{"gitId":"vanessaxuuan"},"content":"        }","lastModifiedDate":"2022-02-02"},{"lineNumber":173,"author":{"gitId":"vanessaxuuan"},"content":"    }","lastModifiedDate":"2022-02-02"},{"lineNumber":174,"author":{"gitId":"vanessaxuuan"},"content":"}","lastModifiedDate":"2022-01-23"}],"authorContributionMap":{"vanessaxuuan":174}},{"path":"src/main/java/GaryException.java","fileType":"java","lines":[{"lineNumber":1,"author":{"gitId":"vanessaxuuan"},"content":"public class GaryException extends Exception {","lastModifiedDate":"2022-01-24"},{"lineNumber":2,"author":{"gitId":"vanessaxuuan"},"content":"    // represent exceptions specific to Gary","lastModifiedDate":"2022-01-24"},{"lineNumber":3,"author":{"gitId":"vanessaxuuan"},"content":"    // int err;","lastModifiedDate":"2022-01-24"},{"lineNumber":4,"author":{"gitId":"vanessaxuuan"},"content":"    String msg;","lastModifiedDate":"2022-01-24"},{"lineNumber":5,"author":{"gitId":"vanessaxuuan"},"content":"","lastModifiedDate":"2022-01-24"},{"lineNumber":6,"author":{"gitId":"vanessaxuuan"},"content":"    public GaryException(String msg) {","lastModifiedDate":"2022-01-24"},{"lineNumber":7,"author":{"gitId":"vanessaxuuan"},"content":"       // this.err \u003d err;","lastModifiedDate":"2022-01-24"},{"lineNumber":8,"author":{"gitId":"vanessaxuuan"},"content":"       this.msg \u003d msg;","lastModifiedDate":"2022-01-24"},{"lineNumber":9,"author":{"gitId":"vanessaxuuan"},"content":"    }","lastModifiedDate":"2022-01-24"},{"lineNumber":10,"author":{"gitId":"vanessaxuuan"},"content":"","lastModifiedDate":"2022-01-24"},{"lineNumber":11,"author":{"gitId":"vanessaxuuan"},"content":"    public void GaryError() {","lastModifiedDate":"2022-01-24"},{"lineNumber":12,"author":{"gitId":"vanessaxuuan"},"content":"        System.out.printf(\"Sorry, what is %s ?\\n\", this.msg);","lastModifiedDate":"2022-01-24"},{"lineNumber":13,"author":{"gitId":"vanessaxuuan"},"content":"    }","lastModifiedDate":"2022-01-24"},{"lineNumber":14,"author":{"gitId":"vanessaxuuan"},"content":"}","lastModifiedDate":"2022-01-24"}],"authorContributionMap":{"vanessaxuuan":14}},{"path":"src/main/java/Task.java","fileType":"java","lines":[{"lineNumber":1,"author":{"gitId":"vanessaxuuan"},"content":"import java.util.*;","lastModifiedDate":"2022-01-24"},{"lineNumber":2,"author":{"gitId":"vanessaxuuan"},"content":"","lastModifiedDate":"2022-01-24"},{"lineNumber":3,"author":{"gitId":"vanessaxuuan"},"content":"public class Task {","lastModifiedDate":"2022-01-24"},{"lineNumber":4,"author":{"gitId":"vanessaxuuan"},"content":"    protected String task;","lastModifiedDate":"2022-01-24"},{"lineNumber":5,"author":{"gitId":"vanessaxuuan"},"content":"    protected boolean isDone;","lastModifiedDate":"2022-01-24"},{"lineNumber":6,"author":{"gitId":"vanessaxuuan"},"content":"","lastModifiedDate":"2022-01-24"},{"lineNumber":7,"author":{"gitId":"vanessaxuuan"},"content":"    public Task(String task) {","lastModifiedDate":"2022-01-24"},{"lineNumber":8,"author":{"gitId":"vanessaxuuan"},"content":"        this.task \u003d task;","lastModifiedDate":"2022-01-24"},{"lineNumber":9,"author":{"gitId":"vanessaxuuan"},"content":"        this.isDone \u003d false;","lastModifiedDate":"2022-01-24"},{"lineNumber":10,"author":{"gitId":"vanessaxuuan"},"content":"    }","lastModifiedDate":"2022-01-24"},{"lineNumber":11,"author":{"gitId":"vanessaxuuan"},"content":"","lastModifiedDate":"2022-01-24"},{"lineNumber":12,"author":{"gitId":"vanessaxuuan"},"content":"    public void toMark() {","lastModifiedDate":"2022-01-24"},{"lineNumber":13,"author":{"gitId":"vanessaxuuan"},"content":"        this.isDone \u003d true;","lastModifiedDate":"2022-01-24"},{"lineNumber":14,"author":{"gitId":"vanessaxuuan"},"content":"    }","lastModifiedDate":"2022-01-24"},{"lineNumber":15,"author":{"gitId":"vanessaxuuan"},"content":"","lastModifiedDate":"2022-01-24"},{"lineNumber":16,"author":{"gitId":"vanessaxuuan"},"content":"    public void toUnmark() {","lastModifiedDate":"2022-01-24"},{"lineNumber":17,"author":{"gitId":"vanessaxuuan"},"content":"        this.isDone \u003d false;","lastModifiedDate":"2022-01-24"},{"lineNumber":18,"author":{"gitId":"vanessaxuuan"},"content":"    }","lastModifiedDate":"2022-01-24"},{"lineNumber":19,"author":{"gitId":"vanessaxuuan"},"content":"","lastModifiedDate":"2022-01-24"},{"lineNumber":20,"author":{"gitId":"vanessaxuuan"},"content":"    @Override","lastModifiedDate":"2022-01-24"},{"lineNumber":21,"author":{"gitId":"vanessaxuuan"},"content":"    public String toString() {","lastModifiedDate":"2022-01-24"},{"lineNumber":22,"author":{"gitId":"vanessaxuuan"},"content":"        String done \u003d this.isDone ? \"X\" : \" \";","lastModifiedDate":"2022-01-24"},{"lineNumber":23,"author":{"gitId":"vanessaxuuan"},"content":"        return \"[\" + done + \"] \" + this.task;","lastModifiedDate":"2022-01-24"},{"lineNumber":24,"author":{"gitId":"vanessaxuuan"},"content":"    }","lastModifiedDate":"2022-01-24"},{"lineNumber":25,"author":{"gitId":"vanessaxuuan"},"content":"}","lastModifiedDate":"2022-01-24"}],"authorContributionMap":{"vanessaxuuan":25}},{"path":"src/main/java/ToDo.java","fileType":"java","lines":[{"lineNumber":1,"author":{"gitId":"vanessaxuuan"},"content":"public class ToDo extends Task {","lastModifiedDate":"2022-01-24"},{"lineNumber":2,"author":{"gitId":"vanessaxuuan"},"content":"","lastModifiedDate":"2022-01-24"},{"lineNumber":3,"author":{"gitId":"vanessaxuuan"},"content":"    public ToDo(String str) {","lastModifiedDate":"2022-01-24"},{"lineNumber":4,"author":{"gitId":"vanessaxuuan"},"content":"        super(str);","lastModifiedDate":"2022-01-24"},{"lineNumber":5,"author":{"gitId":"vanessaxuuan"},"content":"    }","lastModifiedDate":"2022-01-24"},{"lineNumber":6,"author":{"gitId":"vanessaxuuan"},"content":"","lastModifiedDate":"2022-01-24"},{"lineNumber":7,"author":{"gitId":"vanessaxuuan"},"content":"    @Override","lastModifiedDate":"2022-01-24"},{"lineNumber":8,"author":{"gitId":"vanessaxuuan"},"content":"    public String toString() {","lastModifiedDate":"2022-01-24"},{"lineNumber":9,"author":{"gitId":"vanessaxuuan"},"content":"        return \"T\" + super.toString();","lastModifiedDate":"2022-01-24"},{"lineNumber":10,"author":{"gitId":"vanessaxuuan"},"content":"    }","lastModifiedDate":"2022-01-24"},{"lineNumber":11,"author":{"gitId":"vanessaxuuan"},"content":"}","lastModifiedDate":"2022-01-24"}],"authorContributionMap":{"vanessaxuuan":11}},{"path":"text-ui-test/input.txt","fileType":"txt","lines":[{"lineNumber":1,"author":{"gitId":"vanessaxuuan"},"content":"todo watch Red Notice","lastModifiedDate":"2022-01-24"},{"lineNumber":2,"author":{"gitId":"vanessaxuuan"},"content":"mark","lastModifiedDate":"2022-01-24"},{"lineNumber":3,"author":{"gitId":"vanessaxuuan"},"content":"1","lastModifiedDate":"2022-01-24"},{"lineNumber":4,"author":{"gitId":"vanessaxuuan"},"content":"bye","lastModifiedDate":"2022-01-24"}],"authorContributionMap":{"vanessaxuuan":4}},{"path":"text-ui-test/runtest.sh","fileType":"sh","lines":[{"lineNumber":1,"author":{"gitId":"-"},"content":"#!/usr/bin/env bash","lastModifiedDate":"2020-05-25"},{"lineNumber":2,"author":{"gitId":"-"},"content":"","lastModifiedDate":"2020-05-25"},{"lineNumber":3,"author":{"gitId":"-"},"content":"# create bin directory if it doesn\u0027t exist","lastModifiedDate":"2020-05-25"},{"lineNumber":4,"author":{"gitId":"-"},"content":"if [ ! -d \"../bin\" ]","lastModifiedDate":"2020-05-25"},{"lineNumber":5,"author":{"gitId":"-"},"content":"then","lastModifiedDate":"2020-05-25"},{"lineNumber":6,"author":{"gitId":"-"},"content":"    mkdir ../bin","lastModifiedDate":"2020-05-25"},{"lineNumber":7,"author":{"gitId":"-"},"content":"fi","lastModifiedDate":"2020-05-25"},{"lineNumber":8,"author":{"gitId":"-"},"content":"","lastModifiedDate":"2020-05-25"},{"lineNumber":9,"author":{"gitId":"-"},"content":"# delete output from previous run","lastModifiedDate":"2020-05-25"},{"lineNumber":10,"author":{"gitId":"-"},"content":"if [ -e \"./ACTUAL.TXT\" ]","lastModifiedDate":"2020-05-25"},{"lineNumber":11,"author":{"gitId":"-"},"content":"then","lastModifiedDate":"2020-05-25"},{"lineNumber":12,"author":{"gitId":"-"},"content":"    rm ACTUAL.TXT","lastModifiedDate":"2020-05-25"},{"lineNumber":13,"author":{"gitId":"-"},"content":"fi","lastModifiedDate":"2020-05-25"},{"lineNumber":14,"author":{"gitId":"-"},"content":"","lastModifiedDate":"2020-05-25"},{"lineNumber":15,"author":{"gitId":"-"},"content":"# compile the code into the bin folder, terminates if error occurred","lastModifiedDate":"2020-05-25"},{"lineNumber":16,"author":{"gitId":"-"},"content":"if ! javac -cp ../src/main/java -Xlint:none -d ../bin ../src/main/java/*.java","lastModifiedDate":"2020-08-25"},{"lineNumber":17,"author":{"gitId":"-"},"content":"then","lastModifiedDate":"2020-05-25"},{"lineNumber":18,"author":{"gitId":"-"},"content":"    echo \"********** BUILD FAILURE **********\"","lastModifiedDate":"2020-05-25"},{"lineNumber":19,"author":{"gitId":"-"},"content":"    exit 1","lastModifiedDate":"2020-05-25"},{"lineNumber":20,"author":{"gitId":"-"},"content":"fi","lastModifiedDate":"2020-05-25"},{"lineNumber":21,"author":{"gitId":"-"},"content":"","lastModifiedDate":"2020-05-25"},{"lineNumber":22,"author":{"gitId":"-"},"content":"# run the program, feed commands from input.txt file and redirect the output to the ACTUAL.TXT","lastModifiedDate":"2020-05-25"},{"lineNumber":23,"author":{"gitId":"vanessaxuuan"},"content":"java -classpath ../bin Gary \u003c input.txt \u003e ACTUAL.TXT","lastModifiedDate":"2022-01-24"},{"lineNumber":24,"author":{"gitId":"-"},"content":"","lastModifiedDate":"2020-05-25"},{"lineNumber":25,"author":{"gitId":"-"},"content":"# convert to UNIX format","lastModifiedDate":"2020-05-25"},{"lineNumber":26,"author":{"gitId":"-"},"content":"cp EXPECTED.TXT EXPECTED-UNIX.TXT","lastModifiedDate":"2020-05-25"},{"lineNumber":27,"author":{"gitId":"-"},"content":"dos2unix ACTUAL.TXT EXPECTED-UNIX.TXT","lastModifiedDate":"2020-05-25"},{"lineNumber":28,"author":{"gitId":"-"},"content":"","lastModifiedDate":"2020-05-25"},{"lineNumber":29,"author":{"gitId":"-"},"content":"# compare the output to the expected output","lastModifiedDate":"2020-05-25"},{"lineNumber":30,"author":{"gitId":"-"},"content":"diff ACTUAL.TXT EXPECTED-UNIX.TXT","lastModifiedDate":"2020-05-25"},{"lineNumber":31,"author":{"gitId":"-"},"content":"if [ $? -eq 0 ]","lastModifiedDate":"2020-05-25"},{"lineNumber":32,"author":{"gitId":"-"},"content":"then","lastModifiedDate":"2020-05-25"},{"lineNumber":33,"author":{"gitId":"-"},"content":"    echo \"Test result: PASSED\"","lastModifiedDate":"2020-05-25"},{"lineNumber":34,"author":{"gitId":"-"},"content":"    exit 0","lastModifiedDate":"2020-05-25"},{"lineNumber":35,"author":{"gitId":"-"},"content":"else","lastModifiedDate":"2020-05-25"},{"lineNumber":36,"author":{"gitId":"-"},"content":"    echo \"Test result: FAILED\"","lastModifiedDate":"2020-05-25"},{"lineNumber":37,"author":{"gitId":"-"},"content":"    exit 1","lastModifiedDate":"2020-05-25"},{"lineNumber":38,"author":{"gitId":"-"},"content":"fi","lastModifiedDate":"2020-05-25"}],"authorContributionMap":{"vanessaxuuan":1,"-":37}}]
