{"authorDailyContributionsMap":{"Denniszedead":[{"date":"2022-01-20","commitResults":[{"hash":"c24245afbcb0e75cb8081727595fb4b4e24b0651","messageTitle":"Completed Greet, Echo and Exit feature","messageBody":"","tags":["Level-1"],"fileTypesAndContributionMap":{"java":{"insertions":49,"deletions":7}}},{"hash":"1bb7bd7ea5103bbc016ad6d49e231c02acf0657e","messageTitle":"Added add and list functions","messageBody":"","tags":["Level-2"],"fileTypesAndContributionMap":{"java":{"insertions":63,"deletions":5}}},{"hash":"6bf6042aaa7286161d914ebbcccac96d4ea6fadd","messageTitle":"Added Mark as Done feature","messageBody":"","tags":["Level-3"],"fileTypesAndContributionMap":{"java":{"insertions":86,"deletions":20}}},{"hash":"7350b1cef4427628e481fd012835448a73f3f3b0","messageTitle":"Added Todo, Events and Deadlines features","messageBody":"","fileTypesAndContributionMap":{"java":{"insertions":122,"deletions":28}}},{"hash":"bcbc9e1d79b87434cd61bc191772d2d0e49c8e69","messageTitle":"Changed method from \"printEndRun\" to \"printAddEndRun\"","messageBody":"","tags":["Level-4"],"fileTypesAndContributionMap":{"java":{"insertions":4,"deletions":4}}},{"hash":"03544f132a74857654a9e560e13d9f9c8ddfb0f9","messageTitle":"Added Automated Text UI Testing","messageBody":"","tags":["A-TextUiTesting"],"fileTypesAndContributionMap":{"txt":{"insertions":12,"deletions":0},"java":{"insertions":7,"deletions":6},"bat":{"insertions":1,"deletions":0}}},{"hash":"ad50555abe73453e1167564ae8ea5ebc1b549993","messageTitle":"Added error handling functionality","messageBody":"","tags":["Level-5"],"fileTypesAndContributionMap":{"txt":{"insertions":17,"deletions":0},"java":{"insertions":165,"deletions":39}}},{"hash":"2a1fa00a4cce99625144cdceaf25e1383a260642","messageTitle":"Added delete functionality","messageBody":"","tags":["Level-6"],"fileTypesAndContributionMap":{"txt":{"insertions":5,"deletions":1},"java":{"insertions":29,"deletions":0}}},{"hash":"6fa142fb4c4596e07311b6d1ec1cace74792e09c","messageTitle":"Modified code with java enum","messageBody":"","tags":["A-Enums"],"fileTypesAndContributionMap":{"java":{"insertions":143,"deletions":221}}}]},{"date":"2022-01-27","commitResults":[{"hash":"5795f63916dc9e4a2b7de011350c68cc022cc81b","messageTitle":"Change ItemList to TaskList","messageBody":"","fileTypesAndContributionMap":{"java":{"insertions":40,"deletions":41}}},{"hash":"ee1323dcb335ba91991520d07d4dfdb540a9333b","messageTitle":"Remove all auto TODOs comments","messageBody":"","fileTypesAndContributionMap":{"java":{"insertions":0,"deletions":5}}},{"hash":"7f88664abf23113da5e215bb2e498ac7673fcad0","messageTitle":"Change ItemList.java to TaskList.java","messageBody":"","fileTypesAndContributionMap":{"java":{"insertions":0,"deletions":0}}},{"hash":"30cd5c6b9106e0819dc4eacb56d2e848b368bb70","messageTitle":"Revert \"Remove all auto TODOs comments\"","messageBody":"This reverts commit ee1323dcb335ba91991520d07d4dfdb540a9333b.\n","fileTypesAndContributionMap":{"java":{"insertions":5,"deletions":0}}},{"hash":"6ef4ca2739ad674818882a9d9264c1f2c772ad43","messageTitle":"Remane ItemList.java to TaskList.java","messageBody":"","fileTypesAndContributionMap":{"java":{"insertions":0,"deletions":0}}},{"hash":"749d8f4ccc72fbf9dca7f0c67c272a5c5b5c42f6","messageTitle":"Implement Save feature","messageBody":"","tags":["Level-7"],"fileTypesAndContributionMap":{"txt":{"insertions":0,"deletions":0},"java":{"insertions":138,"deletions":36}}},{"hash":"ceb046de16ebc28d599afaf2d454c16f20aa3347","messageTitle":"Add date time functionality for deadline and event","messageBody":"","fileTypesAndContributionMap":{"txt":{"insertions":6,"deletions":6},"java":{"insertions":52,"deletions":28}}},{"hash":"0974d0cab6c221a33b42b7a94bcbda3085817479","messageTitle":"Remove todo comments","messageBody":"","fileTypesAndContributionMap":{"java":{"insertions":1,"deletions":6}}},{"hash":"899bf80dbf3ee5ad505b35296c7d802c6aa928a6","messageTitle":"Fix date format on event tasks","messageBody":"","tags":["Level-8"],"fileTypesAndContributionMap":{"java":{"insertions":1,"deletions":1}}}]},{"date":"2022-01-29","commitResults":[{"hash":"d352a73afd9020bb9babe3d417e0522c7aa59bff","messageTitle":"Implement More OOP","messageBody":"","tags":["A-MoreOOP"],"fileTypesAndContributionMap":{"java":{"insertions":429,"deletions":215}}},{"hash":"52501a014b7a62eebdd9184bf635dd4d13812229","messageTitle":"Divide all classes into package","messageBody":"","fileTypesAndContributionMap":{"txt":{"insertions":5,"deletions":0},"java":{"insertions":197,"deletions":128}}},{"hash":"da959b3e8bff49cba835d257047a40a88d4431ed","messageTitle":"Move all source files to duke folder","messageBody":"","fileTypesAndContributionMap":{"txt":{"insertions":5,"deletions":1},"java":{"insertions":2,"deletions":2}}},{"hash":"f5a1d3b9093442d66a4d10f5ea1066e9e824a1fd","messageTitle":"Move all source code files to duke folder","messageBody":"","tags":["A-Packages"],"fileTypesAndContributionMap":{"txt":{"insertions":1,"deletions":9}}},{"hash":"886418453db53532cb7b4f6b9572a6baaa259943","messageTitle":"Add JUnit testing","messageBody":"","tags":["A-JUnit"],"fileTypesAndContributionMap":{"txt":{"insertions":0,"deletions":1},"java":{"insertions":37,"deletions":0}}},{"hash":"ab6af426f0b3a810d0fc7c86f284521ed0e337ce","messageTitle":"Package ip as jar file","messageBody":"","tags":["v1.0","A-Jar"],"fileTypesAndContributionMap":{"txt":{"insertions":0,"deletions":0},"java":{"insertions":14,"deletions":3}}}]}]},"authorFileTypeContributionMap":{"Denniszedead":{"java":799,"md":0,"fxml":0,"sh":0,"bat":1,"gradle":0,"txt":33}},"authorContributionVariance":{"Denniszedead":120541.43},"authorDisplayNameMap":{"Denniszedead":"NG W..NNIS"}}
