{"authorDailyContributionsMap":{"HanJiyao":[{"date":"2022-01-19","commitResults":[{"hash":"1c58c465dd4f31a020d7174b319887a8010ec1ab","messageTitle":"Greet, Echo, Exit","messageBody":"","tags":["level-1"],"fileTypesAndContributionMap":{"java":{"insertions":18,"deletions":1}}},{"hash":"c9eb14cf81dd4f6cecfa4340d3b54ea27a324a17","messageTitle":"Add, List","messageBody":"","tags":["Level-2"],"fileTypesAndContributionMap":{"java":{"insertions":36,"deletions":4}}},{"hash":"155a6433599bbb8ef3f2798cc9381b4acce8a2e6","messageTitle":"Mark as Done","messageBody":"","tags":["Level-3"],"fileTypesAndContributionMap":{"java":{"insertions":52,"deletions":18}}},{"hash":"495705376eadf41a8efd1f38100804fcf9bc73fd","messageTitle":"ToDos, Events, Deadlines","messageBody":"","tags":["Level-4"],"fileTypesAndContributionMap":{"java":{"insertions":131,"deletions":21}}},{"hash":"f2253e1be8aa113ec76eb80a4817be2b31b14f3a","messageTitle":"Automated Text UI Testing","messageBody":"","tags":["A-TextUiTesting"],"fileTypesAndContributionMap":{"txt":{"insertions":11,"deletions":0},"java":{"insertions":73,"deletions":71}}},{"hash":"3838a1846f0e46e984627999764aaa75e649a5c4","messageTitle":"Handle Errors","messageBody":"","tags":["Level-5"],"fileTypesAndContributionMap":{"java":{"insertions":75,"deletions":33}}},{"hash":"b597f58a090e0ee7aeced806b253ae38892b46e1","messageTitle":"Delete","messageBody":"","tags":["Level-6"],"fileTypesAndContributionMap":{"java":{"insertions":12,"deletions":0}}}]},{"date":"2022-01-20","commitResults":[{"hash":"487f7433d44537a300ec9ea5eb67f7d5af7abfbd","messageTitle":"Use Enums","messageBody":"","tags":["A-Enums"],"fileTypesAndContributionMap":{"java":{"insertions":6,"deletions":3}}}]},{"date":"2022-02-04","commitResults":[{"hash":"48e2f6db8e06c7ad49ee5ecc821e3bb94b281533","messageTitle":"Save","messageBody":"","tags":["Level-7"],"fileTypesAndContributionMap":{"txt":{"insertions":8,"deletions":0},"java":{"insertions":100,"deletions":10}}},{"hash":"4d1eb8078c1bebb395fee75694b5d8b6b2078ad1","messageTitle":"Dates and Times","messageBody":"","tags":["Level-8"],"fileTypesAndContributionMap":{"java":{"insertions":71,"deletions":14}}},{"hash":"8b9cda89128077382e539f6cd4e5ce20a92cbc28","messageTitle":"Mark correction","messageBody":"","fileTypesAndContributionMap":{"txt":{"insertions":2,"deletions":1},"java":{"insertions":8,"deletions":6}}},{"hash":"2e9dc51d2686fc56edca5d7b87284507ea1c9e01","messageTitle":"Use More OOP","messageBody":"","tags":["A-MoreOOP"],"fileTypesAndContributionMap":{"txt":{"insertions":4,"deletions":1},"java":{"insertions":529,"deletions":240}}},{"hash":"1c8552d0f072bb31eb9d46ac72b24746fa90d091","messageTitle":"Organize into Packages","messageBody":"","tags":["A-Packages"],"fileTypesAndContributionMap":{"txt":{"insertions":1,"deletions":4},"java":{"insertions":146,"deletions":29}}}]},{"date":"2022-02-05","commitResults":[{"hash":"eff6e718577ea8c271cb71cba90f7ace6b8ab028","messageTitle":"Create New Gradle and put in source","messageBody":"","tags":["A-Gradle"],"fileTypesAndContributionMap":{"gradle":{"insertions":3,"deletions":3},"bat":{"insertions":4,"deletions":18}}},{"hash":"c56753c27fb2cacc997867bd98b69c5f8d035a0e","messageTitle":"Add JUnit Tests","messageBody":"","tags":["A-JUnit"],"fileTypesAndContributionMap":{"java":{"insertions":55,"deletions":0}}},{"hash":"08c07f85d84377515217fb8060d1adbc176ad184","messageTitle":"Create a JAR File","messageBody":"","tags":["A-Jar"],"fileTypesAndContributionMap":{"java":{"insertions":108,"deletions":106},"bat":{"insertions":1,"deletions":1}}},{"hash":"dce93d4769527ec1f17216bdc2e89cdde91b094f","messageTitle":"Find","messageBody":"","tags":["Level-9"],"fileTypesAndContributionMap":{"txt":{"insertions":6,"deletions":0},"java":{"insertions":35,"deletions":0}}},{"hash":"81fc65582f43ad759cd8ea9b3104cda227cefeb2","messageTitle":"Add JavaDoc comments","messageBody":"","tags":["A-JavaDoc"],"fileTypesAndContributionMap":{"java":{"insertions":171,"deletions":3}}},{"hash":"101e5d51fece86789b02daec387a7a48a5a20711","messageTitle":"Tweak the code to comply with a coding standard","messageBody":"","tags":["A-CodingStandard"],"fileTypesAndContributionMap":{"txt":{"insertions":0,"deletions":0},"java":{"insertions":4,"deletions":11},"bat":{"insertions":1,"deletions":1}}},{"hash":"d10fbdf3ad72d9cf1761e9f2e0fe02262a7c61bc","messageTitle":"Use CheckStyle","messageBody":"","tags":["A-CheckStyle"],"fileTypesAndContributionMap":{"java":{"insertions":174,"deletions":155}}},{"hash":"b101cee3c096adb4abb23254b492e2267b79517e","messageTitle":"Update find","messageBody":"","fileTypesAndContributionMap":{"java":{"insertions":9,"deletions":4}}}]},{"date":"2022-02-06","commitResults":[{"hash":"950a50a78e325ec4a8dbc099da0173a554996dc1","messageTitle":"GUI","messageBody":"","tags":["Level-10"],"fileTypesAndContributionMap":{"gradle":{"insertions":16,"deletions":1},"txt":{"insertions":4,"deletions":1},"fxml":{"insertions":42,"deletions":0},"java":{"insertions":405,"deletions":46}}}]}]},"authorFileTypeContributionMap":{"HanJiyao":{"java":1453,"md":0,"fxml":42,"sh":0,"bat":6,"gradle":16,"txt":25}},"authorContributionVariance":{"HanJiyao":96142.695},"authorDisplayNameMap":{"HanJiyao":"CS2103-W17-1 HAN ..IYAO"}}
