{"authorDailyContributionsMap":{"kev-intq":[{"date":"2022-01-18","commitResults":[{"hash":"393626eaac1e7657ab48174c53f39fb6e88bb9e2","messageTitle":"Level-1","messageBody":"","tags":["Level-1"],"fileTypesAndContributionMap":{"java":{"insertions":28,"deletions":6}}},{"hash":"90fa9d8a6f5a28369cf9c418c44c50daf903b90e","messageTitle":"Level-2","messageBody":"","tags":["Level-2"],"fileTypesAndContributionMap":{"java":{"insertions":51,"deletions":14}}},{"hash":"ad54cb415fee5e37e50d43af6034517bb1f02864","messageTitle":"Level-3","messageBody":"","tags":["Level-3"],"fileTypesAndContributionMap":{"java":{"insertions":75,"deletions":3}}},{"hash":"d4f2215245b3a883937492af054cdc9be3fc5037","messageTitle":"Level-4","messageBody":"","fileTypesAndContributionMap":{"java":{"insertions":90,"deletions":8}}},{"hash":"4d42a2e1eaa6459e39dcfafbc9a7d49c60e328a8","messageTitle":"Level-4","messageBody":"","fileTypesAndContributionMap":{"java":{"insertions":1,"deletions":1}}},{"hash":"737d60580b034d8f3cca5f7b42a4ff4801106666","messageTitle":"Level-4 Final","messageBody":"","tags":["Level-4"],"fileTypesAndContributionMap":{"java":{"insertions":16,"deletions":13}}},{"hash":"22445c77c2bcb6970c3c4b808e37024c22a49b3f","messageTitle":"A-TextUiTesting","messageBody":"","tags":["A-TextUiTesting"],"fileTypesAndContributionMap":{"txt":{"insertions":11,"deletions":0},"java":{"insertions":8,"deletions":8},"bat":{"insertions":2,"deletions":0}}},{"hash":"68f246965d4996eeb1de4c2cab6dd107f5640f20","messageTitle":"Level-5","messageBody":"","fileTypesAndContributionMap":{"java":{"insertions":47,"deletions":32}}},{"hash":"89987fe59a1faedbabe24a38c6e70914d26d17e7","messageTitle":"Level-5.1","messageBody":"","tags":["Level-5"],"fileTypesAndContributionMap":{"java":{"insertions":3,"deletions":3}}},{"hash":"1161b499f8917d752c4a99e51bfd114d357e01bd","messageTitle":"Level-6","messageBody":"","tags":["Level-6"],"fileTypesAndContributionMap":{"java":{"insertions":32,"deletions":13}}}]},{"date":"2022-01-20","commitResults":[{"hash":"dd3a61272eed91666c1fdf691968b65a76c345dd","messageTitle":"Refactor code for more OOP","messageBody":"","fileTypesAndContributionMap":{"java":{"insertions":179,"deletions":147}}},{"hash":"36b744445c5ebea882e4bcba360423cba9ff6c19","messageTitle":"Refactor code for more OOP","messageBody":"Refactor code \n\n","fileTypesAndContributionMap":{"txt":{"insertions":2,"deletions":0},"java":{"insertions":180,"deletions":147}}},{"hash":"1be558a442a965cd158c1fcb413de306cca23455","messageTitle":"Revert \"Merge remote-tracking branch \u0027origin/experimental-parser\u0027 into experimental-parser\"","messageBody":"This reverts commit c7d17fa91645d47bf862786588794f2df6854cfc.\n","fileTypesAndContributionMap":{"java":{"insertions":54,"deletions":1}}},{"hash":"91add602d1cd0ec089a070fef0e50a23d679ffb5","messageTitle":"Cleaned up code","messageBody":"Cleaned up code\n\n","fileTypesAndContributionMap":{"java":{"insertions":27,"deletions":56}}}]},{"date":"2022-01-22","commitResults":[{"hash":"e1233d24a9508f57e9be36e97f72b76bd06bbef8","messageTitle":"Add save and load functionality","messageBody":"","fileTypesAndContributionMap":{"java":{"insertions":113,"deletions":4}}},{"hash":"4ab1f992982cad44f955c58e88f79aaf81251da9","messageTitle":"Add date and time support","messageBody":"","fileTypesAndContributionMap":{"txt":{"insertions":0,"deletions":0},"java":{"insertions":32,"deletions":16}}}]},{"date":"2022-01-23","commitResults":[{"hash":"2963793b04d16e46b43bfd41c81a963920dba597","messageTitle":"Add command classes and refactor existing classes","messageBody":"","tags":["A-MoreOOP"],"fileTypesAndContributionMap":{"txt":{"insertions":26,"deletions":8},"java":{"insertions":498,"deletions":206}}}]},{"date":"2022-01-26","commitResults":[{"hash":"f569d69de3c016c7d9c586ab9b72c05c6015d60f","messageTitle":"Arrange classes into packages","messageBody":"Commands and CommandResults classes moved to com.duke.command package.\n\nDukeException classes moved to com.duke.exception package.\n\nTask classes moved to com.duke.tasks package.\n\nParser, Ui, Tasklist, Storage moved to com.duke.modules package,","tags":["A-Packages"],"fileTypesAndContributionMap":{"java":{"insertions":95,"deletions":11}}},{"hash":"f8a40ba86795bff5c6ff810244cd883d578501a4","messageTitle":"Add JUnit tests","messageBody":"Added Junit tests for Parser and Tasklist","tags":["A-Jar","A-JUnit"],"fileTypesAndContributionMap":{"java":{"insertions":75,"deletions":0}}},{"hash":"e1f97416d569e8bea3558588dbee76a5489de959","messageTitle":"Add documentation to project","messageBody":"Java documentation has been added to all classes other than Tasks (and its subclasses)","tags":["A-JavaDoc"],"fileTypesAndContributionMap":{"java":{"insertions":237,"deletions":4}}},{"hash":"5e665be02c2971a4e958fc03067724d0c413e2f2","messageTitle":"Reformat code to fit coding convention","messageBody":"","tags":["A-CodingStandard"],"fileTypesAndContributionMap":{"java":{"insertions":602,"deletions":571}}},{"hash":"996e981378bfeea3032567afe37c3c346182dc44","messageTitle":"Implement find keyword functionality","messageBody":"Implemented functionality to find tasks in the task list containing specified keywords by the user.","fileTypesAndContributionMap":{"java":{"insertions":52,"deletions":0}}},{"hash":"d9f33aba43e3b8ed44baa38e32ae2b2273858c1c","messageTitle":"Update classes with Java Documentation","messageBody":"Updated TaskList, CommandFind with Java Documentation on added methods.","fileTypesAndContributionMap":{"java":{"insertions":25,"deletions":2}}}]},{"date":"2022-02-01","commitResults":[{"hash":"f3faa169d863be056da4a8a47e1e4c406aafef08","messageTitle":"Add Gradle support","messageBody":"Added Gradle support for project.\nAdded more JUnit tests for commands and Duke module classes.","tags":["A-Gradle"],"fileTypesAndContributionMap":{"java":{"insertions":215,"deletions":2}}},{"hash":"762c84bb412dad215d3bbf70c41b03081ea3b517","messageTitle":"Add checkstyle to project and fix coding style violations","messageBody":"","tags":["A-CheckStyle"],"fileTypesAndContributionMap":{"gradle":{"insertions":1,"deletions":1},"java":{"insertions":136,"deletions":94},"bat":{"insertions":3,"deletions":2},"md":{"insertions":2,"deletions":2}}}]},{"date":"2022-02-05","commitResults":[{"hash":"d2ea154860989d61d26c9a49d29cb33fafdb3d71","messageTitle":"Add GUI to Duke","messageBody":"Added GUI support to Duke.\nRefactored Duke to take in user input from GUI.","tags":["Level-10"],"fileTypesAndContributionMap":{"gradle":{"insertions":7,"deletions":1},"fxml":{"insertions":94,"deletions":0},"java":{"insertions":198,"deletions":33}}}]},{"date":"2022-02-06","commitResults":[{"hash":"1d662a70828a915a049b400eb7bfff3843974d4e","messageTitle":"Clean up coding violations and unused variables","messageBody":"","fileTypesAndContributionMap":{"java":{"insertions":16,"deletions":18}}},{"hash":"a1a076ccb07b10c7eca655176fcbe32dd91af853","messageTitle":"Fix errors due to renamed variables","messageBody":"","fileTypesAndContributionMap":{"java":{"insertions":3,"deletions":3}}},{"hash":"a24ebadb93fe35933a7cb3cf724b50e5573213ee","messageTitle":"Update README.md","messageBody":"","fileTypesAndContributionMap":{"md":{"insertions":52,"deletions":24}}},{"hash":"368626f4899c15272a9ab967ba5493745ebb8c39","messageTitle":"Add Java Assertions and bug fixes","messageBody":"Added assert checks to private methods in class CommandAdd.\n\nThis ensures type of task (Tiodo, Deadline or Event) is specified in the methods.\n\nBug fixes:\n* Removed smiley face character in messages containing it. Avoids incompatibility issues with different device formats. ","tags":["A-FullCommitMessage"],"fileTypesAndContributionMap":{"java":{"insertions":7,"deletions":3}}},{"hash":"a307582b45fea73adc73f49f11f5d5db7938e3d1","messageTitle":"Improve code quality","messageBody":"Removed redundant methods which were unused through the lifetime of the program.\n\nChanged access modifier for taskMarker to private, since it is only used within the CommandMark class itself.","fileTypesAndContributionMap":{"java":{"insertions":1,"deletions":12}}},{"hash":"9e331fcb3382e578385f9bab7897d62963dceedb","messageTitle":"Set up Continuous Integration","messageBody":"Used GitHub Actions to set up Continuous Integration (CI).\n\nRemoved unused imports in class Duke.\n\nFixed assertion tests related to class CommandAdd.","fileTypesAndContributionMap":{"java":{"insertions":4,"deletions":5}}},{"hash":"bdb9c323834bd1e7c83955bae2f9853140bce1fb","messageTitle":"Expand GUI for extension","messageBody":"Included tab support in GUI in preparation for BCD-Extensions.","fileTypesAndContributionMap":{"fxml":{"insertions":47,"deletions":1},"java":{"insertions":64,"deletions":4}}}]},{"date":"2022-02-07","commitResults":[{"hash":"cbd3bf967387df48724cd3acc991cc2bdfa670e8","messageTitle":"Update README.md","messageBody":"","fileTypesAndContributionMap":{"md":{"insertions":2,"deletions":0}}},{"hash":"c81cf467432080bd0a62625078b53eb51846ff1d","messageTitle":"Add C-Help Extension","messageBody":"Added help menu extension with tab support.","fileTypesAndContributionMap":{"fxml":{"insertions":57,"deletions":32},"java":{"insertions":262,"deletions":72}}}]},{"date":"2022-02-09","commitResults":[{"hash":"858006f0ee43f6417f2a68e76831191dc35b8f2c","messageTitle":"Fix typo causing jar errors","messageBody":"Corrected case-sensitive filepaths. This is done as IDE is case-insensitive when dealing with filepaths, but built-jar is not.\n\nAdded extra bot reaction image.\n\nAdjusted insets for dialog boxes.","fileTypesAndContributionMap":{"fxml":{"insertions":3,"deletions":3},"java":{"insertions":10,"deletions":12}}},{"hash":"5a8f1e776fd8483ec9d719bcf4c755baf6e473d6","messageTitle":"Fix unused imports","messageBody":"","fileTypesAndContributionMap":{"java":{"insertions":0,"deletions":6}}},{"hash":"07e2ef692fa453243929baf70a7320f5f4c0ac31","messageTitle":"Fixed tests","messageBody":"","fileTypesAndContributionMap":{"java":{"insertions":4,"deletions":4}}}]},{"date":"2022-02-17","commitResults":[{"hash":"4ddb02be7be7941f0dd103beddb62ba78a53a1c3","messageTitle":"Fix boolean names","messageBody":"Changed boolean names to be more in accordance to Java coding standard.","tags":["A-BetterGui"],"fileTypesAndContributionMap":{"java":{"insertions":2,"deletions":2}}}]},{"date":"2022-02-18","commitResults":[{"hash":"c7f27e697c2a5eaf21c1972c7274b01bf5e4722a","messageTitle":"Update README.md Update README.md Update README.md Update README.md","messageBody":"","tags":["A-UserGuide"],"fileTypesAndContributionMap":{"md":{"insertions":154,"deletions":14}}},{"hash":"c3bd577f449e4eda572ab4caa268d8e42e8435d5","messageTitle":"Finalize iP","messageBody":"Remove redundant strings from Ui class.\nAdded welcome message.\n","fileTypesAndContributionMap":{"fxml":{"insertions":2,"deletions":2},"java":{"insertions":17,"deletions":9}}}]}]},"authorFileTypeContributionMap":{"kev-intq":{"java":1870,"md":203,"fxml":165,"sh":0,"bat":5,"gradle":7,"txt":33}},"authorContributionVariance":{"kev-intq":110354.84},"authorDisplayNameMap":{"kev-intq":"CS2103T-W13-2 QUEK..EVIN"}}
