{"authorDailyContributionsMap":{"kev-intq":[{"date":"2022-01-18","commitResults":[{"hash":"393626eaac1e7657ab48174c53f39fb6e88bb9e2","messageTitle":"Level-1","messageBody":"","tags":["Level-1"],"fileTypesAndContributionMap":{"java":{"insertions":28,"deletions":6}}},{"hash":"90fa9d8a6f5a28369cf9c418c44c50daf903b90e","messageTitle":"Level-2","messageBody":"","tags":["Level-2"],"fileTypesAndContributionMap":{"java":{"insertions":51,"deletions":14}}},{"hash":"ad54cb415fee5e37e50d43af6034517bb1f02864","messageTitle":"Level-3","messageBody":"","tags":["Level-3"],"fileTypesAndContributionMap":{"java":{"insertions":75,"deletions":3}}},{"hash":"d4f2215245b3a883937492af054cdc9be3fc5037","messageTitle":"Level-4","messageBody":"","fileTypesAndContributionMap":{"java":{"insertions":90,"deletions":8}}},{"hash":"4d42a2e1eaa6459e39dcfafbc9a7d49c60e328a8","messageTitle":"Level-4","messageBody":"","fileTypesAndContributionMap":{"java":{"insertions":1,"deletions":1}}},{"hash":"737d60580b034d8f3cca5f7b42a4ff4801106666","messageTitle":"Level-4 Final","messageBody":"","tags":["Level-4"],"fileTypesAndContributionMap":{"java":{"insertions":16,"deletions":13}}},{"hash":"22445c77c2bcb6970c3c4b808e37024c22a49b3f","messageTitle":"A-TextUiTesting","messageBody":"","tags":["A-TextUiTesting"],"fileTypesAndContributionMap":{"txt":{"insertions":11,"deletions":0},"java":{"insertions":8,"deletions":8},"bat":{"insertions":2,"deletions":0}}},{"hash":"68f246965d4996eeb1de4c2cab6dd107f5640f20","messageTitle":"Level-5","messageBody":"","fileTypesAndContributionMap":{"java":{"insertions":47,"deletions":32}}},{"hash":"89987fe59a1faedbabe24a38c6e70914d26d17e7","messageTitle":"Level-5.1","messageBody":"","tags":["Level-5"],"fileTypesAndContributionMap":{"java":{"insertions":3,"deletions":3}}},{"hash":"1161b499f8917d752c4a99e51bfd114d357e01bd","messageTitle":"Level-6","messageBody":"","tags":["Level-6"],"fileTypesAndContributionMap":{"java":{"insertions":32,"deletions":13}}}]},{"date":"2022-01-20","commitResults":[{"hash":"dd3a61272eed91666c1fdf691968b65a76c345dd","messageTitle":"Refactor code for more OOP","messageBody":"","fileTypesAndContributionMap":{"java":{"insertions":179,"deletions":147}}},{"hash":"36b744445c5ebea882e4bcba360423cba9ff6c19","messageTitle":"Refactor code for more OOP","messageBody":"Refactor code \n\n","fileTypesAndContributionMap":{"txt":{"insertions":2,"deletions":0},"java":{"insertions":180,"deletions":147}}},{"hash":"1be558a442a965cd158c1fcb413de306cca23455","messageTitle":"Revert \"Merge remote-tracking branch \u0027origin/experimental-parser\u0027 into experimental-parser\"","messageBody":"This reverts commit c7d17fa91645d47bf862786588794f2df6854cfc.\n","fileTypesAndContributionMap":{"java":{"insertions":54,"deletions":1}}},{"hash":"91add602d1cd0ec089a070fef0e50a23d679ffb5","messageTitle":"Cleaned up code","messageBody":"Cleaned up code\n\n","fileTypesAndContributionMap":{"java":{"insertions":27,"deletions":56}}}]},{"date":"2022-01-22","commitResults":[{"hash":"e1233d24a9508f57e9be36e97f72b76bd06bbef8","messageTitle":"Add save and load functionality","messageBody":"","fileTypesAndContributionMap":{"java":{"insertions":113,"deletions":4}}},{"hash":"4ab1f992982cad44f955c58e88f79aaf81251da9","messageTitle":"Add date and time support","messageBody":"","fileTypesAndContributionMap":{"txt":{"insertions":0,"deletions":0},"java":{"insertions":32,"deletions":16}}}]},{"date":"2022-01-23","commitResults":[{"hash":"2963793b04d16e46b43bfd41c81a963920dba597","messageTitle":"Add command classes and refactor existing classes","messageBody":"","tags":["A-MoreOOP"],"fileTypesAndContributionMap":{"txt":{"insertions":26,"deletions":8},"java":{"insertions":498,"deletions":206}}}]}]},"authorFileTypeContributionMap":{"kev-intq":{"java":683,"md":0,"fxml":0,"sh":0,"bat":2,"gradle":0,"txt":33}},"authorContributionVariance":{"kev-intq":94995.09},"authorDisplayNameMap":{"kev-intq":"QUEK..EVIN"}}
