{"authorDailyContributionsMap":{"cashewnade":[{"date":"2022-01-19","commitResults":[{"hash":"d2eb0fd84e45e36cb3226a7264f57474a7672f42","messageTitle":"Level-1","messageBody":"Completed Level-1","tags":["Level-1"],"fileTypesAndContributionMap":{"java":{"insertions":16,"deletions":6}}},{"hash":"79c287fde30019215428bbd617bda6162188dfae","messageTitle":"Level-2","messageBody":"Completed Level-2. Changed the greeting and farewell message, as well as renamed the chatbot.","tags":["Level-2"],"fileTypesAndContributionMap":{"java":{"insertions":16,"deletions":4}}},{"hash":"6f6df03724aca8e5a706ccd60c7376558f55ee3e","messageTitle":"Level-3","messageBody":"Completed Level-3","tags":["Level-3"],"fileTypesAndContributionMap":{"java":{"insertions":43,"deletions":3}}}]},{"date":"2022-01-20","commitResults":[{"hash":"5d267d13ec16e9475ad0a09ebc9b2b2e70ba84fa","messageTitle":"Level-4","messageBody":"Completed Level-4","tags":["Level-4"],"fileTypesAndContributionMap":{"java":{"insertions":60,"deletions":5}}},{"hash":"1c5e654f6ed5aa79750ffd54552ce0a3ff12c973","messageTitle":"A-TextUiTesting","messageBody":"Completed TextUiTesting","tags":["A-TextUiTesting"],"fileTypesAndContributionMap":{"txt":{"insertions":17,"deletions":0},"bat":{"insertions":2,"deletions":0}}},{"hash":"caefce4e1f019d48cf766efce843b4b5698186f5","messageTitle":"Level-5","messageBody":"Completed Level-5","tags":["Level-5"],"fileTypesAndContributionMap":{"java":{"insertions":98,"deletions":45}}},{"hash":"19d4325ec004fbeac0c7d8cecce512b8a8f0c2a1","messageTitle":"Level-6","messageBody":"Completed Level-6","tags":["Level-6"],"fileTypesAndContributionMap":{"java":{"insertions":12,"deletions":4}}},{"hash":"254523a97da59bd6e5a6f3dc8e2cd86233ad336a","messageTitle":"Javadocs","messageBody":"Updated javadocs","fileTypesAndContributionMap":{"java":{"insertions":40,"deletions":3}}},{"hash":"a924e55eb046fce96696a0fb35fd9ab993e75c6d","messageTitle":"Cleanup","messageBody":"Cleaned up code by using switch and case statements","fileTypesAndContributionMap":{"java":{"insertions":74,"deletions":37}}}]},{"date":"2022-01-27","commitResults":[{"hash":"8ee459ebdfb061ac5de67c4811ae1fcf9baafd67","messageTitle":"Add feature to save tasks locally","messageBody":"","tags":["branch-Level-7"],"fileTypesAndContributionMap":{"txt":{"insertions":4,"deletions":0},"java":{"insertions":264,"deletions":172}}},{"hash":"5efc225ff19d212f3e9d8f1a85eaeae57a150be2","messageTitle":"Add features to read dates for Deadline and Todo","messageBody":"","fileTypesAndContributionMap":{"java":{"insertions":14,"deletions":6}}},{"hash":"487990f107aa9df41b3a0a1d3b1cf78c53e564f4","messageTitle":"Edit features to read dates","messageBody":"","fileTypesAndContributionMap":{"txt":{"insertions":3,"deletions":4},"java":{"insertions":9,"deletions":8}}},{"hash":"4aaa7a269ece8ad0b436194f74503f28204f226e","messageTitle":"Refactor the code to extract out closely related code as classes.","messageBody":"","fileTypesAndContributionMap":{"txt":{"insertions":1,"deletions":3},"java":{"insertions":347,"deletions":213}}},{"hash":"3b4843edbbd28e1b6fef66460ef0af0e34926a30","messageTitle":"Organize the classes into suitable java packages.","messageBody":"","fileTypesAndContributionMap":{"java":{"insertions":4,"deletions":2}}},{"hash":"9c717858b6c1e008e6552390d025340efba445e3","messageTitle":"Fix bugs when committing and pushing","messageBody":"","tags":["A-Packages","A-MoreOOP"],"fileTypesAndContributionMap":{"java":{"insertions":77,"deletions":9}}}]}]},"authorFileTypeContributionMap":{"cashewnade":{"java":567,"md":0,"fxml":0,"sh":0,"bat":2,"gradle":0,"txt":18}},"authorContributionVariance":{"cashewnade":91166.93},"authorDisplayNameMap":{"cashewnade":"CS2103T-T17-3 SHI ..EXIN"}}
