[{"path":"src/main/java/Deadline.java","fileType":"java","lines":[{"lineNumber":1,"author":{"gitId":"xSaints19x"},"content":"public class Deadline extends Task {","lastModifiedDate":"2022-01-17"},{"lineNumber":2,"author":{"gitId":"xSaints19x"},"content":"","lastModifiedDate":"2022-01-17"},{"lineNumber":3,"author":{"gitId":"xSaints19x"},"content":"    protected String by;","lastModifiedDate":"2022-01-17"},{"lineNumber":4,"author":{"gitId":"xSaints19x"},"content":"","lastModifiedDate":"2022-01-17"},{"lineNumber":5,"author":{"gitId":"xSaints19x"},"content":"    public Deadline(String description, String by) {","lastModifiedDate":"2022-01-17"},{"lineNumber":6,"author":{"gitId":"xSaints19x"},"content":"        super(description);","lastModifiedDate":"2022-01-17"},{"lineNumber":7,"author":{"gitId":"xSaints19x"},"content":"        this.by \u003d by;","lastModifiedDate":"2022-01-17"},{"lineNumber":8,"author":{"gitId":"xSaints19x"},"content":"    }","lastModifiedDate":"2022-01-17"},{"lineNumber":9,"author":{"gitId":"xSaints19x"},"content":"","lastModifiedDate":"2022-01-17"},{"lineNumber":10,"author":{"gitId":"xSaints19x"},"content":"    @Override","lastModifiedDate":"2022-01-17"},{"lineNumber":11,"author":{"gitId":"xSaints19x"},"content":"    public String toString() {","lastModifiedDate":"2022-01-17"},{"lineNumber":12,"author":{"gitId":"xSaints19x"},"content":"        return \"[D]\" + super.toString() + \" (by: \" + by + \")\";","lastModifiedDate":"2022-01-17"},{"lineNumber":13,"author":{"gitId":"xSaints19x"},"content":"    }","lastModifiedDate":"2022-01-17"},{"lineNumber":14,"author":{"gitId":"xSaints19x"},"content":"}","lastModifiedDate":"2022-01-17"}],"authorContributionMap":{"xSaints19x":14}},{"path":"src/main/java/Duke.java","fileType":"java","lines":[{"lineNumber":1,"author":{"gitId":"xSaints19x"},"content":"import java.util.ArrayList;","lastModifiedDate":"2022-01-19"},{"lineNumber":2,"author":{"gitId":"xSaints19x"},"content":"import java.util.Scanner;  // Import the Scanner class","lastModifiedDate":"2022-01-17"},{"lineNumber":3,"author":{"gitId":"xSaints19x"},"content":"","lastModifiedDate":"2022-01-17"},{"lineNumber":4,"author":{"gitId":"-"},"content":"public class Duke {","lastModifiedDate":"2019-07-29"},{"lineNumber":5,"author":{"gitId":"xSaints19x"},"content":"","lastModifiedDate":"2022-01-17"},{"lineNumber":6,"author":{"gitId":"-"},"content":"    public static void main(String[] args) {","lastModifiedDate":"2019-07-29"},{"lineNumber":7,"author":{"gitId":"xSaints19x"},"content":"        String line \u003d \"\\t----------------------------------------------------------\\n\";","lastModifiedDate":"2022-01-17"},{"lineNumber":8,"author":{"gitId":"xSaints19x"},"content":"        String welcomeMessage \u003d \"\\tAhoy! Welcome aboard adventurer, Cap\u0027n Dave at your service.\\n\";","lastModifiedDate":"2022-01-17"},{"lineNumber":9,"author":{"gitId":"xSaints19x"},"content":"        String welcomeQuestion \u003d \"\\tWhat can I do for you?\\n\";","lastModifiedDate":"2022-01-17"},{"lineNumber":10,"author":{"gitId":"xSaints19x"},"content":"        String help \u003d \"\\tA \u0027bye\u0027 command will exit the bot, yarr.\\n\";","lastModifiedDate":"2022-01-17"},{"lineNumber":11,"author":{"gitId":"xSaints19x"},"content":"        System.out.println(line + welcomeMessage + welcomeQuestion + help + line);","lastModifiedDate":"2022-01-17"},{"lineNumber":12,"author":{"gitId":"xSaints19x"},"content":"","lastModifiedDate":"2022-01-17"},{"lineNumber":13,"author":{"gitId":"xSaints19x"},"content":"        Scanner sc\u003d new Scanner(System.in);","lastModifiedDate":"2022-01-17"},{"lineNumber":14,"author":{"gitId":"xSaints19x"},"content":"        System.out.println(\"\\tYour wish is my command. Your command:\");","lastModifiedDate":"2022-01-17"},{"lineNumber":15,"author":{"gitId":"xSaints19x"},"content":"        String command \u003d \"\"; // Read user input","lastModifiedDate":"2022-01-17"},{"lineNumber":16,"author":{"gitId":"xSaints19x"},"content":"        String bye \u003d \"bye\";","lastModifiedDate":"2022-01-17"},{"lineNumber":17,"author":{"gitId":"xSaints19x"},"content":"//        Task[] taskList \u003d new Task[100];","lastModifiedDate":"2022-01-19"},{"lineNumber":18,"author":{"gitId":"xSaints19x"},"content":"        ArrayList\u003cTask\u003e taskList \u003d new ArrayList\u003cTask\u003e();","lastModifiedDate":"2022-01-19"},{"lineNumber":19,"author":{"gitId":"xSaints19x"},"content":"        int taskCount \u003d 0;","lastModifiedDate":"2022-01-17"},{"lineNumber":20,"author":{"gitId":"xSaints19x"},"content":"        while (!command.equalsIgnoreCase(bye)) { // Checks if user wants to exit or not","lastModifiedDate":"2022-01-17"},{"lineNumber":21,"author":{"gitId":"xSaints19x"},"content":"            command \u003d sc.nextLine();","lastModifiedDate":"2022-01-17"},{"lineNumber":22,"author":{"gitId":"xSaints19x"},"content":"            String requestNextCommand \u003d \"\\tAye, Aye. Your next command:\";","lastModifiedDate":"2022-01-17"},{"lineNumber":23,"author":{"gitId":"xSaints19x"},"content":"            String requestNextCommandAngry \u003d \"\\tAye Aye, better get it right this time. Your next command:\";","lastModifiedDate":"2022-01-19"},{"lineNumber":24,"author":{"gitId":"xSaints19x"},"content":"            String reply \u003d \"\\tAye, Aye. Your command:\";","lastModifiedDate":"2022-01-17"},{"lineNumber":25,"author":{"gitId":"xSaints19x"},"content":"            String taskAdded \u003d \"\\tTask Added, arrgh:\\n\";","lastModifiedDate":"2022-01-17"},{"lineNumber":26,"author":{"gitId":"xSaints19x"},"content":"            String taskCall \u003d \"\\tAvast ye Matey. Here goes your task list:\\n\";","lastModifiedDate":"2022-01-17"},{"lineNumber":27,"author":{"gitId":"xSaints19x"},"content":"            String taskCompleted \u003d \"\\tTask completed, good job matey!\\n\";","lastModifiedDate":"2022-01-17"},{"lineNumber":28,"author":{"gitId":"xSaints19x"},"content":"            String taskDeleted \u003d \"\\tAlright matey, task has been deleted good on ya.\\n\";","lastModifiedDate":"2022-01-19"},{"lineNumber":29,"author":{"gitId":"xSaints19x"},"content":"            String taskUnchecked \u003d \"\\tAlright matey, hurry up and finish up this task arrr:\\n\";","lastModifiedDate":"2022-01-17"},{"lineNumber":30,"author":{"gitId":"xSaints19x"},"content":"            String[] splitCommand \u003d command.split(\" \", 2);","lastModifiedDate":"2022-01-17"},{"lineNumber":31,"author":{"gitId":"xSaints19x"},"content":"            switch (splitCommand[0].toLowerCase()) {","lastModifiedDate":"2022-01-17"},{"lineNumber":32,"author":{"gitId":"xSaints19x"},"content":"                case \"bye\":","lastModifiedDate":"2022-01-17"},{"lineNumber":33,"author":{"gitId":"xSaints19x"},"content":"                    // Error handling","lastModifiedDate":"2022-01-19"},{"lineNumber":34,"author":{"gitId":"xSaints19x"},"content":"                    System.out.println(\"\\tFair winds adventurer, till we meet next time yarr. Bye for now.\\n\" + line);","lastModifiedDate":"2022-01-17"},{"lineNumber":35,"author":{"gitId":"xSaints19x"},"content":"                    break;","lastModifiedDate":"2022-01-17"},{"lineNumber":36,"author":{"gitId":"xSaints19x"},"content":"                case \"list\":","lastModifiedDate":"2022-01-17"},{"lineNumber":37,"author":{"gitId":"xSaints19x"},"content":"                    // Error handling","lastModifiedDate":"2022-01-19"},{"lineNumber":38,"author":{"gitId":"xSaints19x"},"content":"                    System.out.println(line + taskCall);","lastModifiedDate":"2022-01-17"},{"lineNumber":39,"author":{"gitId":"xSaints19x"},"content":"                    for (int i \u003d 0; i \u003c taskCount; i++) {","lastModifiedDate":"2022-01-17"},{"lineNumber":40,"author":{"gitId":"xSaints19x"},"content":"                        System.out.println(\"\\t\" + (i + 1) + \".\" + taskList.get(i).toString());","lastModifiedDate":"2022-01-19"},{"lineNumber":41,"author":{"gitId":"xSaints19x"},"content":"                    }","lastModifiedDate":"2022-01-17"},{"lineNumber":42,"author":{"gitId":"xSaints19x"},"content":"                    System.out.println(line + requestNextCommand);","lastModifiedDate":"2022-01-17"},{"lineNumber":43,"author":{"gitId":"xSaints19x"},"content":"                    break;","lastModifiedDate":"2022-01-17"},{"lineNumber":44,"author":{"gitId":"xSaints19x"},"content":"                case \"delete\":","lastModifiedDate":"2022-01-19"},{"lineNumber":45,"author":{"gitId":"xSaints19x"},"content":"                    // Error handling","lastModifiedDate":"2022-01-19"},{"lineNumber":46,"author":{"gitId":"xSaints19x"},"content":"                    int taskIndex \u003d Integer.parseInt(splitCommand[1]) - 1;","lastModifiedDate":"2022-01-17"},{"lineNumber":47,"author":{"gitId":"xSaints19x"},"content":"                    Task curr \u003d taskList.get(taskIndex);","lastModifiedDate":"2022-01-19"},{"lineNumber":48,"author":{"gitId":"xSaints19x"},"content":"                    taskList.remove(taskIndex);","lastModifiedDate":"2022-01-19"},{"lineNumber":49,"author":{"gitId":"xSaints19x"},"content":"                    System.out.println(line + taskDeleted);","lastModifiedDate":"2022-01-19"},{"lineNumber":50,"author":{"gitId":"xSaints19x"},"content":"                    System.out.println(\"\\t\" + curr);","lastModifiedDate":"2022-01-19"},{"lineNumber":51,"author":{"gitId":"xSaints19x"},"content":"                    System.out.println(line + requestNextCommand);","lastModifiedDate":"2022-01-19"},{"lineNumber":52,"author":{"gitId":"xSaints19x"},"content":"                    break;","lastModifiedDate":"2022-01-19"},{"lineNumber":53,"author":{"gitId":"xSaints19x"},"content":"                case \"mark\":","lastModifiedDate":"2022-01-19"},{"lineNumber":54,"author":{"gitId":"xSaints19x"},"content":"                    // Error handling","lastModifiedDate":"2022-01-19"},{"lineNumber":55,"author":{"gitId":"xSaints19x"},"content":"                    taskIndex \u003d Integer.parseInt(splitCommand[1]) - 1;","lastModifiedDate":"2022-01-19"},{"lineNumber":56,"author":{"gitId":"xSaints19x"},"content":"                    curr \u003d taskList.get(taskIndex);","lastModifiedDate":"2022-01-19"},{"lineNumber":57,"author":{"gitId":"xSaints19x"},"content":"                    curr.markAsDone();","lastModifiedDate":"2022-01-17"},{"lineNumber":58,"author":{"gitId":"xSaints19x"},"content":"                    System.out.println(taskCompleted);","lastModifiedDate":"2022-01-17"},{"lineNumber":59,"author":{"gitId":"xSaints19x"},"content":"                    System.out.println(\"\\t\" + curr);","lastModifiedDate":"2022-01-19"},{"lineNumber":60,"author":{"gitId":"xSaints19x"},"content":"                    System.out.println(line + requestNextCommand);","lastModifiedDate":"2022-01-17"},{"lineNumber":61,"author":{"gitId":"xSaints19x"},"content":"                    break;","lastModifiedDate":"2022-01-17"},{"lineNumber":62,"author":{"gitId":"xSaints19x"},"content":"                case \"unmark\":","lastModifiedDate":"2022-01-17"},{"lineNumber":63,"author":{"gitId":"xSaints19x"},"content":"                    // Error handling","lastModifiedDate":"2022-01-19"},{"lineNumber":64,"author":{"gitId":"xSaints19x"},"content":"                    taskIndex \u003d Integer.parseInt(splitCommand[1]) - 1;","lastModifiedDate":"2022-01-17"},{"lineNumber":65,"author":{"gitId":"xSaints19x"},"content":"                    curr \u003d taskList.get(taskIndex);","lastModifiedDate":"2022-01-19"},{"lineNumber":66,"author":{"gitId":"xSaints19x"},"content":"                    curr.markAsUndone();","lastModifiedDate":"2022-01-17"},{"lineNumber":67,"author":{"gitId":"xSaints19x"},"content":"                    System.out.println(taskUnchecked);","lastModifiedDate":"2022-01-17"},{"lineNumber":68,"author":{"gitId":"xSaints19x"},"content":"                    System.out.println(\"\\t\" + curr);","lastModifiedDate":"2022-01-19"},{"lineNumber":69,"author":{"gitId":"xSaints19x"},"content":"                    System.out.println(line + requestNextCommand);","lastModifiedDate":"2022-01-17"},{"lineNumber":70,"author":{"gitId":"xSaints19x"},"content":"                    break;","lastModifiedDate":"2022-01-17"},{"lineNumber":71,"author":{"gitId":"xSaints19x"},"content":"                case \"deadline\":","lastModifiedDate":"2022-01-17"},{"lineNumber":72,"author":{"gitId":"xSaints19x"},"content":"                    // Error handling","lastModifiedDate":"2022-01-19"},{"lineNumber":73,"author":{"gitId":"xSaints19x"},"content":"                    if (splitCommand.length \u003d\u003d 1) {","lastModifiedDate":"2022-01-19"},{"lineNumber":74,"author":{"gitId":"xSaints19x"},"content":"                        System.out.println(line + \"\\tAaaarrrrgggghhhh deadline description can\u0027t be empty matey!\\n\");","lastModifiedDate":"2022-01-19"},{"lineNumber":75,"author":{"gitId":"xSaints19x"},"content":"                        System.out.println(\"\\tEnter something like this: deadline return book /by Sunday\\n\" + line);","lastModifiedDate":"2022-01-19"},{"lineNumber":76,"author":{"gitId":"xSaints19x"},"content":"                        System.out.println(requestNextCommandAngry);","lastModifiedDate":"2022-01-19"},{"lineNumber":77,"author":{"gitId":"xSaints19x"},"content":"                        break;","lastModifiedDate":"2022-01-19"},{"lineNumber":78,"author":{"gitId":"xSaints19x"},"content":"                    }","lastModifiedDate":"2022-01-19"},{"lineNumber":79,"author":{"gitId":"xSaints19x"},"content":"                    String[] furtherSplitCommand \u003d splitCommand[1].split(\" /by \", 2);","lastModifiedDate":"2022-01-17"},{"lineNumber":80,"author":{"gitId":"xSaints19x"},"content":"                    taskList.add(new Deadline(furtherSplitCommand[0], furtherSplitCommand[1]));","lastModifiedDate":"2022-01-19"},{"lineNumber":81,"author":{"gitId":"xSaints19x"},"content":"                    taskCount++;","lastModifiedDate":"2022-01-17"},{"lineNumber":82,"author":{"gitId":"xSaints19x"},"content":"                    System.out.println(taskAdded + \"\\t\" + taskList.get(taskCount - 1).toString());","lastModifiedDate":"2022-01-19"},{"lineNumber":83,"author":{"gitId":"xSaints19x"},"content":"                    System.out.println(\"\\tNow you have \" + String.valueOf(taskCount) + \" tasks in your task list arrr, better get workin\u0027 aye!\\n\");","lastModifiedDate":"2022-01-17"},{"lineNumber":84,"author":{"gitId":"xSaints19x"},"content":"                    System.out.println(line + requestNextCommand);","lastModifiedDate":"2022-01-17"},{"lineNumber":85,"author":{"gitId":"xSaints19x"},"content":"                    break;","lastModifiedDate":"2022-01-17"},{"lineNumber":86,"author":{"gitId":"xSaints19x"},"content":"                case \"event\":","lastModifiedDate":"2022-01-17"},{"lineNumber":87,"author":{"gitId":"xSaints19x"},"content":"                    // Error handling","lastModifiedDate":"2022-01-19"},{"lineNumber":88,"author":{"gitId":"xSaints19x"},"content":"                    if (splitCommand.length \u003d\u003d 1) {","lastModifiedDate":"2022-01-19"},{"lineNumber":89,"author":{"gitId":"xSaints19x"},"content":"                        System.out.println(line + \"\\tAaaarrrrgggghhhh event description can\u0027t be empty matey!\\n\");","lastModifiedDate":"2022-01-19"},{"lineNumber":90,"author":{"gitId":"xSaints19x"},"content":"                        System.out.println(\"\\tEnter something like this: event project meeting /at Monday 2pm\\n\" + line);","lastModifiedDate":"2022-01-19"},{"lineNumber":91,"author":{"gitId":"xSaints19x"},"content":"                        System.out.println(requestNextCommandAngry);","lastModifiedDate":"2022-01-19"},{"lineNumber":92,"author":{"gitId":"xSaints19x"},"content":"                        break;","lastModifiedDate":"2022-01-19"},{"lineNumber":93,"author":{"gitId":"xSaints19x"},"content":"                    }","lastModifiedDate":"2022-01-19"},{"lineNumber":94,"author":{"gitId":"xSaints19x"},"content":"                    furtherSplitCommand \u003d splitCommand[1].split(\" /at \", 2);","lastModifiedDate":"2022-01-17"},{"lineNumber":95,"author":{"gitId":"xSaints19x"},"content":"                    taskList.add(new Event(furtherSplitCommand[0], furtherSplitCommand[1]));","lastModifiedDate":"2022-01-19"},{"lineNumber":96,"author":{"gitId":"xSaints19x"},"content":"                    taskCount++;","lastModifiedDate":"2022-01-17"},{"lineNumber":97,"author":{"gitId":"xSaints19x"},"content":"                    System.out.println(taskAdded + \"\\t\" + taskList.get(taskCount - 1).toString());","lastModifiedDate":"2022-01-19"},{"lineNumber":98,"author":{"gitId":"xSaints19x"},"content":"                    System.out.println(\"\\tNow you have \" + String.valueOf(taskCount) + \" tasks in your task list arrr, better get workin\u0027 aye!\\n\");","lastModifiedDate":"2022-01-17"},{"lineNumber":99,"author":{"gitId":"xSaints19x"},"content":"                    System.out.println(line + requestNextCommand);","lastModifiedDate":"2022-01-17"},{"lineNumber":100,"author":{"gitId":"xSaints19x"},"content":"                    break;","lastModifiedDate":"2022-01-17"},{"lineNumber":101,"author":{"gitId":"xSaints19x"},"content":"                case \"todo\":","lastModifiedDate":"2022-01-17"},{"lineNumber":102,"author":{"gitId":"xSaints19x"},"content":"                    // Error handling","lastModifiedDate":"2022-01-19"},{"lineNumber":103,"author":{"gitId":"xSaints19x"},"content":"                    if (splitCommand.length \u003d\u003d 1) {","lastModifiedDate":"2022-01-19"},{"lineNumber":104,"author":{"gitId":"xSaints19x"},"content":"                        System.out.println(line + \"\\tAaaarrrrgggghhhh todo description can\u0027t be empty matey!\\n\");","lastModifiedDate":"2022-01-19"},{"lineNumber":105,"author":{"gitId":"xSaints19x"},"content":"                        System.out.println(\"\\tEnter something like this: todo return book\\n\" + line);","lastModifiedDate":"2022-01-19"},{"lineNumber":106,"author":{"gitId":"xSaints19x"},"content":"                        System.out.println(requestNextCommandAngry);","lastModifiedDate":"2022-01-19"},{"lineNumber":107,"author":{"gitId":"xSaints19x"},"content":"                        break;","lastModifiedDate":"2022-01-19"},{"lineNumber":108,"author":{"gitId":"xSaints19x"},"content":"                    }","lastModifiedDate":"2022-01-19"},{"lineNumber":109,"author":{"gitId":"xSaints19x"},"content":"                    taskList.add(new Todo(splitCommand[1]));","lastModifiedDate":"2022-01-19"},{"lineNumber":110,"author":{"gitId":"xSaints19x"},"content":"                    taskCount++;","lastModifiedDate":"2022-01-17"},{"lineNumber":111,"author":{"gitId":"xSaints19x"},"content":"                    System.out.println(taskAdded + \"\\t\" + taskList.get(taskCount - 1).toString());","lastModifiedDate":"2022-01-19"},{"lineNumber":112,"author":{"gitId":"xSaints19x"},"content":"                    System.out.println(\"\\tNow you have \" + String.valueOf(taskCount) + \" tasks in your task list arrr, better get workin\u0027 aye!\\n\");","lastModifiedDate":"2022-01-17"},{"lineNumber":113,"author":{"gitId":"xSaints19x"},"content":"                    System.out.println(line + requestNextCommand);","lastModifiedDate":"2022-01-17"},{"lineNumber":114,"author":{"gitId":"xSaints19x"},"content":"                    break;","lastModifiedDate":"2022-01-17"},{"lineNumber":115,"author":{"gitId":"xSaints19x"},"content":"                default:","lastModifiedDate":"2022-01-17"},{"lineNumber":116,"author":{"gitId":"xSaints19x"},"content":"                    // Error handling","lastModifiedDate":"2022-01-19"},{"lineNumber":117,"author":{"gitId":"xSaints19x"},"content":"                    System.out.println(line + \"\\tAaaarrrrgggghhhh this ain\u0027t no command matey!!\\n\" + line);","lastModifiedDate":"2022-01-19"},{"lineNumber":118,"author":{"gitId":"xSaints19x"},"content":"                    System.out.println(requestNextCommandAngry);","lastModifiedDate":"2022-01-19"},{"lineNumber":119,"author":{"gitId":"xSaints19x"},"content":"                    break;","lastModifiedDate":"2022-01-19"},{"lineNumber":120,"author":{"gitId":"xSaints19x"},"content":"            }","lastModifiedDate":"2022-01-17"},{"lineNumber":121,"author":{"gitId":"xSaints19x"},"content":"        }","lastModifiedDate":"2022-01-17"},{"lineNumber":122,"author":{"gitId":"-"},"content":"    }","lastModifiedDate":"2019-07-29"},{"lineNumber":123,"author":{"gitId":"-"},"content":"}","lastModifiedDate":"2019-07-29"}],"authorContributionMap":{"xSaints19x":119,"-":4}},{"path":"src/main/java/Event.java","fileType":"java","lines":[{"lineNumber":1,"author":{"gitId":"xSaints19x"},"content":"public class Event extends Task {","lastModifiedDate":"2022-01-17"},{"lineNumber":2,"author":{"gitId":"xSaints19x"},"content":"","lastModifiedDate":"2022-01-17"},{"lineNumber":3,"author":{"gitId":"xSaints19x"},"content":"    protected String at;","lastModifiedDate":"2022-01-17"},{"lineNumber":4,"author":{"gitId":"xSaints19x"},"content":"","lastModifiedDate":"2022-01-17"},{"lineNumber":5,"author":{"gitId":"xSaints19x"},"content":"    public Event(String description, String at) {","lastModifiedDate":"2022-01-17"},{"lineNumber":6,"author":{"gitId":"xSaints19x"},"content":"        super(description);","lastModifiedDate":"2022-01-17"},{"lineNumber":7,"author":{"gitId":"xSaints19x"},"content":"        this.at \u003d at;","lastModifiedDate":"2022-01-17"},{"lineNumber":8,"author":{"gitId":"xSaints19x"},"content":"    }","lastModifiedDate":"2022-01-17"},{"lineNumber":9,"author":{"gitId":"xSaints19x"},"content":"","lastModifiedDate":"2022-01-17"},{"lineNumber":10,"author":{"gitId":"xSaints19x"},"content":"    @Override","lastModifiedDate":"2022-01-17"},{"lineNumber":11,"author":{"gitId":"xSaints19x"},"content":"    public String toString() {","lastModifiedDate":"2022-01-17"},{"lineNumber":12,"author":{"gitId":"xSaints19x"},"content":"        return \"[E]\" + super.toString() + \" (at: \" + at + \")\";","lastModifiedDate":"2022-01-17"},{"lineNumber":13,"author":{"gitId":"xSaints19x"},"content":"    }","lastModifiedDate":"2022-01-17"},{"lineNumber":14,"author":{"gitId":"xSaints19x"},"content":"}","lastModifiedDate":"2022-01-17"}],"authorContributionMap":{"xSaints19x":14}},{"path":"src/main/java/Task.java","fileType":"java","lines":[{"lineNumber":1,"author":{"gitId":"xSaints19x"},"content":"public class Task {","lastModifiedDate":"2022-01-17"},{"lineNumber":2,"author":{"gitId":"xSaints19x"},"content":"    protected String description;","lastModifiedDate":"2022-01-17"},{"lineNumber":3,"author":{"gitId":"xSaints19x"},"content":"    protected boolean isDone;","lastModifiedDate":"2022-01-17"},{"lineNumber":4,"author":{"gitId":"xSaints19x"},"content":"","lastModifiedDate":"2022-01-17"},{"lineNumber":5,"author":{"gitId":"xSaints19x"},"content":"    public Task(String description) {","lastModifiedDate":"2022-01-17"},{"lineNumber":6,"author":{"gitId":"xSaints19x"},"content":"        this.description \u003d description;","lastModifiedDate":"2022-01-17"},{"lineNumber":7,"author":{"gitId":"xSaints19x"},"content":"        this.isDone \u003d false;","lastModifiedDate":"2022-01-17"},{"lineNumber":8,"author":{"gitId":"xSaints19x"},"content":"    }","lastModifiedDate":"2022-01-17"},{"lineNumber":9,"author":{"gitId":"xSaints19x"},"content":"","lastModifiedDate":"2022-01-17"},{"lineNumber":10,"author":{"gitId":"xSaints19x"},"content":"    public String getStatusIcon() {","lastModifiedDate":"2022-01-17"},{"lineNumber":11,"author":{"gitId":"xSaints19x"},"content":"        return (isDone ? \"X\" : \" \"); // mark done task with X","lastModifiedDate":"2022-01-17"},{"lineNumber":12,"author":{"gitId":"xSaints19x"},"content":"    }","lastModifiedDate":"2022-01-17"},{"lineNumber":13,"author":{"gitId":"xSaints19x"},"content":"    public String getTaskDescription() {","lastModifiedDate":"2022-01-17"},{"lineNumber":14,"author":{"gitId":"xSaints19x"},"content":"        return this.description;","lastModifiedDate":"2022-01-17"},{"lineNumber":15,"author":{"gitId":"xSaints19x"},"content":"    }","lastModifiedDate":"2022-01-17"},{"lineNumber":16,"author":{"gitId":"xSaints19x"},"content":"","lastModifiedDate":"2022-01-17"},{"lineNumber":17,"author":{"gitId":"xSaints19x"},"content":"    public void markAsDone() {","lastModifiedDate":"2022-01-17"},{"lineNumber":18,"author":{"gitId":"xSaints19x"},"content":"        this.isDone \u003d true;","lastModifiedDate":"2022-01-17"},{"lineNumber":19,"author":{"gitId":"xSaints19x"},"content":"    }","lastModifiedDate":"2022-01-17"},{"lineNumber":20,"author":{"gitId":"xSaints19x"},"content":"","lastModifiedDate":"2022-01-17"},{"lineNumber":21,"author":{"gitId":"xSaints19x"},"content":"    public void markAsUndone() {","lastModifiedDate":"2022-01-17"},{"lineNumber":22,"author":{"gitId":"xSaints19x"},"content":"        this.isDone \u003d false;","lastModifiedDate":"2022-01-17"},{"lineNumber":23,"author":{"gitId":"xSaints19x"},"content":"    }","lastModifiedDate":"2022-01-17"},{"lineNumber":24,"author":{"gitId":"xSaints19x"},"content":"","lastModifiedDate":"2022-01-17"},{"lineNumber":25,"author":{"gitId":"xSaints19x"},"content":"    @Override","lastModifiedDate":"2022-01-17"},{"lineNumber":26,"author":{"gitId":"xSaints19x"},"content":"    public String toString() {","lastModifiedDate":"2022-01-17"},{"lineNumber":27,"author":{"gitId":"xSaints19x"},"content":"        return \"[\" + this.getStatusIcon() + \"] \" + this.getTaskDescription();","lastModifiedDate":"2022-01-17"},{"lineNumber":28,"author":{"gitId":"xSaints19x"},"content":"    }","lastModifiedDate":"2022-01-17"},{"lineNumber":29,"author":{"gitId":"xSaints19x"},"content":"}","lastModifiedDate":"2022-01-17"}],"authorContributionMap":{"xSaints19x":29}},{"path":"src/main/java/Todo.java","fileType":"java","lines":[{"lineNumber":1,"author":{"gitId":"xSaints19x"},"content":"public class Todo extends Task {","lastModifiedDate":"2022-01-17"},{"lineNumber":2,"author":{"gitId":"xSaints19x"},"content":"","lastModifiedDate":"2022-01-17"},{"lineNumber":3,"author":{"gitId":"xSaints19x"},"content":"    public Todo(String description) {","lastModifiedDate":"2022-01-17"},{"lineNumber":4,"author":{"gitId":"xSaints19x"},"content":"        super(description);","lastModifiedDate":"2022-01-17"},{"lineNumber":5,"author":{"gitId":"xSaints19x"},"content":"    }","lastModifiedDate":"2022-01-17"},{"lineNumber":6,"author":{"gitId":"xSaints19x"},"content":"","lastModifiedDate":"2022-01-17"},{"lineNumber":7,"author":{"gitId":"xSaints19x"},"content":"    @Override","lastModifiedDate":"2022-01-17"},{"lineNumber":8,"author":{"gitId":"xSaints19x"},"content":"    public String toString() {","lastModifiedDate":"2022-01-17"},{"lineNumber":9,"author":{"gitId":"xSaints19x"},"content":"        return \"[T]\" + super.toString();","lastModifiedDate":"2022-01-17"},{"lineNumber":10,"author":{"gitId":"xSaints19x"},"content":"    }","lastModifiedDate":"2022-01-17"},{"lineNumber":11,"author":{"gitId":"xSaints19x"},"content":"}","lastModifiedDate":"2022-01-17"}],"authorContributionMap":{"xSaints19x":11}},{"path":"text-ui-test/input.txt","fileType":"txt","lines":[{"lineNumber":1,"author":{"gitId":"xSaints19x"},"content":"todo borrow book","lastModifiedDate":"2022-01-19"},{"lineNumber":2,"author":{"gitId":"xSaints19x"},"content":"list","lastModifiedDate":"2022-01-19"},{"lineNumber":3,"author":{"gitId":"xSaints19x"},"content":"deadline return book /by Sunday","lastModifiedDate":"2022-01-19"},{"lineNumber":4,"author":{"gitId":"xSaints19x"},"content":"event project meeting /at Mon 2-4pm","lastModifiedDate":"2022-01-19"},{"lineNumber":5,"author":{"gitId":"xSaints19x"},"content":"bye","lastModifiedDate":"2022-01-19"}],"authorContributionMap":{"xSaints19x":5}}]
