[{"path":"src/main/java/johnny/Deadline.java","fileType":"java","lines":[{"lineNumber":1,"author":{"gitId":"viki0526"},"content":"package johnny;","lastModifiedDate":"2022-01-27"},{"lineNumber":2,"author":{"gitId":"viki0526"},"content":"","lastModifiedDate":"2022-01-27"},{"lineNumber":3,"author":{"gitId":"viki0526"},"content":"import java.time.LocalDate;","lastModifiedDate":"2022-01-26"},{"lineNumber":4,"author":{"gitId":"viki0526"},"content":"import java.time.format.DateTimeFormatter;","lastModifiedDate":"2022-01-26"},{"lineNumber":5,"author":{"gitId":"viki0526"},"content":"","lastModifiedDate":"2022-01-26"},{"lineNumber":6,"author":{"gitId":"viki0526"},"content":"public class Deadline extends Task {","lastModifiedDate":"2022-01-20"},{"lineNumber":7,"author":{"gitId":"viki0526"},"content":"","lastModifiedDate":"2022-01-26"},{"lineNumber":8,"author":{"gitId":"viki0526"},"content":"    private LocalDate dueDate;","lastModifiedDate":"2022-01-26"},{"lineNumber":9,"author":{"gitId":"viki0526"},"content":"","lastModifiedDate":"2022-01-20"},{"lineNumber":10,"author":{"gitId":"viki0526"},"content":"    public Deadline(String description, LocalDate dueDate, boolean isDone) {","lastModifiedDate":"2022-01-26"},{"lineNumber":11,"author":{"gitId":"viki0526"},"content":"        super(description, isDone);","lastModifiedDate":"2022-01-26"},{"lineNumber":12,"author":{"gitId":"viki0526"},"content":"        this.dueDate \u003d dueDate;","lastModifiedDate":"2022-01-20"},{"lineNumber":13,"author":{"gitId":"viki0526"},"content":"    }","lastModifiedDate":"2022-01-20"},{"lineNumber":14,"author":{"gitId":"viki0526"},"content":"","lastModifiedDate":"2022-01-20"},{"lineNumber":15,"author":{"gitId":"viki0526"},"content":"    /**","lastModifiedDate":"2022-01-28"},{"lineNumber":16,"author":{"gitId":"viki0526"},"content":"     * Overrides parent method to return","lastModifiedDate":"2022-01-28"},{"lineNumber":17,"author":{"gitId":"viki0526"},"content":"     * string that can be written to the text","lastModifiedDate":"2022-01-28"},{"lineNumber":18,"author":{"gitId":"viki0526"},"content":"     * file (formatted for Deadline objects)","lastModifiedDate":"2022-01-28"},{"lineNumber":19,"author":{"gitId":"viki0526"},"content":"     *","lastModifiedDate":"2022-01-28"},{"lineNumber":20,"author":{"gitId":"viki0526"},"content":"     * @return String to write to file.","lastModifiedDate":"2022-01-28"},{"lineNumber":21,"author":{"gitId":"viki0526"},"content":"     */","lastModifiedDate":"2022-01-28"},{"lineNumber":22,"author":{"gitId":"viki0526"},"content":"    @Override","lastModifiedDate":"2022-01-26"},{"lineNumber":23,"author":{"gitId":"viki0526"},"content":"    public String getTaskString() {","lastModifiedDate":"2022-01-26"},{"lineNumber":24,"author":{"gitId":"viki0526"},"content":"        return \"DEADLINE\" + \",\" + super.isDone + \",\" + super.description + \",\" + this.dueDate;","lastModifiedDate":"2022-01-26"},{"lineNumber":25,"author":{"gitId":"viki0526"},"content":"    }","lastModifiedDate":"2022-01-26"},{"lineNumber":26,"author":{"gitId":"viki0526"},"content":"","lastModifiedDate":"2022-01-26"},{"lineNumber":27,"author":{"gitId":"viki0526"},"content":"    public LocalDate getDueDate() {","lastModifiedDate":"2022-01-26"},{"lineNumber":28,"author":{"gitId":"viki0526"},"content":"        return dueDate;","lastModifiedDate":"2022-01-20"},{"lineNumber":29,"author":{"gitId":"viki0526"},"content":"    }","lastModifiedDate":"2022-01-20"},{"lineNumber":30,"author":{"gitId":"viki0526"},"content":"","lastModifiedDate":"2022-01-20"},{"lineNumber":31,"author":{"gitId":"viki0526"},"content":"    @Override","lastModifiedDate":"2022-01-20"},{"lineNumber":32,"author":{"gitId":"viki0526"},"content":"    public String toString() {","lastModifiedDate":"2022-01-20"},{"lineNumber":33,"author":{"gitId":"viki0526"},"content":"        return \"[D] [\" + this.getStatusIcon() + \"] \" +","lastModifiedDate":"2022-01-26"},{"lineNumber":34,"author":{"gitId":"viki0526"},"content":"                super.getDescription() + \" (\" +","lastModifiedDate":"2022-01-26"},{"lineNumber":35,"author":{"gitId":"viki0526"},"content":"                this.getDueDate().format(DateTimeFormatter.ofPattern(\"MMM dd yyyy\")) + \")\";","lastModifiedDate":"2022-01-26"},{"lineNumber":36,"author":{"gitId":"viki0526"},"content":"    }","lastModifiedDate":"2022-01-20"},{"lineNumber":37,"author":{"gitId":"viki0526"},"content":"}","lastModifiedDate":"2022-01-20"}],"authorContributionMap":{"viki0526":37}},{"path":"src/main/java/johnny/EmptyDescriptionException.java","fileType":"java","lines":[{"lineNumber":1,"author":{"gitId":"viki0526"},"content":"package johnny;","lastModifiedDate":"2022-01-27"},{"lineNumber":2,"author":{"gitId":"viki0526"},"content":"","lastModifiedDate":"2022-01-27"},{"lineNumber":3,"author":{"gitId":"viki0526"},"content":"public class EmptyDescriptionException extends Exception{","lastModifiedDate":"2022-01-20"},{"lineNumber":4,"author":{"gitId":"viki0526"},"content":"","lastModifiedDate":"2022-01-20"},{"lineNumber":5,"author":{"gitId":"viki0526"},"content":"    /**","lastModifiedDate":"2022-01-28"},{"lineNumber":6,"author":{"gitId":"viki0526"},"content":"     * Returns error message for empty","lastModifiedDate":"2022-01-28"},{"lineNumber":7,"author":{"gitId":"viki0526"},"content":"     * description","lastModifiedDate":"2022-01-28"},{"lineNumber":8,"author":{"gitId":"viki0526"},"content":"     *","lastModifiedDate":"2022-01-28"},{"lineNumber":9,"author":{"gitId":"viki0526"},"content":"     * @return error message String.","lastModifiedDate":"2022-01-28"},{"lineNumber":10,"author":{"gitId":"viki0526"},"content":"     */","lastModifiedDate":"2022-01-28"},{"lineNumber":11,"author":{"gitId":"viki0526"},"content":"    public String errorMessage() {","lastModifiedDate":"2022-01-22"},{"lineNumber":12,"author":{"gitId":"viki0526"},"content":"        return \"Error! Please enter a description for your todo task\";","lastModifiedDate":"2022-01-20"},{"lineNumber":13,"author":{"gitId":"viki0526"},"content":"    }","lastModifiedDate":"2022-01-20"},{"lineNumber":14,"author":{"gitId":"viki0526"},"content":"}","lastModifiedDate":"2022-01-20"}],"authorContributionMap":{"viki0526":14}},{"path":"src/main/java/johnny/Event.java","fileType":"java","lines":[{"lineNumber":1,"author":{"gitId":"viki0526"},"content":"package johnny;","lastModifiedDate":"2022-01-27"},{"lineNumber":2,"author":{"gitId":"viki0526"},"content":"","lastModifiedDate":"2022-01-27"},{"lineNumber":3,"author":{"gitId":"viki0526"},"content":"import java.time.LocalDate;","lastModifiedDate":"2022-01-26"},{"lineNumber":4,"author":{"gitId":"viki0526"},"content":"import java.time.format.DateTimeFormatter;","lastModifiedDate":"2022-01-26"},{"lineNumber":5,"author":{"gitId":"viki0526"},"content":"","lastModifiedDate":"2022-01-26"},{"lineNumber":6,"author":{"gitId":"viki0526"},"content":"public class Event extends Task {","lastModifiedDate":"2022-01-20"},{"lineNumber":7,"author":{"gitId":"viki0526"},"content":"","lastModifiedDate":"2022-01-20"},{"lineNumber":8,"author":{"gitId":"viki0526"},"content":"    private LocalDate eventDate;","lastModifiedDate":"2022-01-26"},{"lineNumber":9,"author":{"gitId":"viki0526"},"content":"","lastModifiedDate":"2022-01-20"},{"lineNumber":10,"author":{"gitId":"viki0526"},"content":"    public Event(String description, LocalDate eventDate, boolean isDone) {","lastModifiedDate":"2022-01-26"},{"lineNumber":11,"author":{"gitId":"viki0526"},"content":"        super(description, isDone);","lastModifiedDate":"2022-01-26"},{"lineNumber":12,"author":{"gitId":"viki0526"},"content":"        this.eventDate \u003d eventDate;","lastModifiedDate":"2022-01-20"},{"lineNumber":13,"author":{"gitId":"viki0526"},"content":"    }","lastModifiedDate":"2022-01-20"},{"lineNumber":14,"author":{"gitId":"viki0526"},"content":"","lastModifiedDate":"2022-01-20"},{"lineNumber":15,"author":{"gitId":"viki0526"},"content":"    /**","lastModifiedDate":"2022-01-28"},{"lineNumber":16,"author":{"gitId":"viki0526"},"content":"     * Overrides parent method to return","lastModifiedDate":"2022-01-28"},{"lineNumber":17,"author":{"gitId":"viki0526"},"content":"     * string that can be written to the text","lastModifiedDate":"2022-01-28"},{"lineNumber":18,"author":{"gitId":"viki0526"},"content":"     * file (formatted for Event objects)","lastModifiedDate":"2022-01-28"},{"lineNumber":19,"author":{"gitId":"viki0526"},"content":"     *","lastModifiedDate":"2022-01-28"},{"lineNumber":20,"author":{"gitId":"viki0526"},"content":"     * @return String to write to file.","lastModifiedDate":"2022-01-28"},{"lineNumber":21,"author":{"gitId":"viki0526"},"content":"     */","lastModifiedDate":"2022-01-28"},{"lineNumber":22,"author":{"gitId":"viki0526"},"content":"    @Override","lastModifiedDate":"2022-01-26"},{"lineNumber":23,"author":{"gitId":"viki0526"},"content":"    public String getTaskString() {","lastModifiedDate":"2022-01-26"},{"lineNumber":24,"author":{"gitId":"viki0526"},"content":"        return \"EVENT\" + \",\" + super.isDone + \",\" + super.description + \",\" + this.eventDate;","lastModifiedDate":"2022-01-26"},{"lineNumber":25,"author":{"gitId":"viki0526"},"content":"    }","lastModifiedDate":"2022-01-26"},{"lineNumber":26,"author":{"gitId":"viki0526"},"content":"","lastModifiedDate":"2022-01-26"},{"lineNumber":27,"author":{"gitId":"viki0526"},"content":"    public LocalDate getEventDate() {","lastModifiedDate":"2022-01-26"},{"lineNumber":28,"author":{"gitId":"viki0526"},"content":"        return eventDate;","lastModifiedDate":"2022-01-20"},{"lineNumber":29,"author":{"gitId":"viki0526"},"content":"    }","lastModifiedDate":"2022-01-20"},{"lineNumber":30,"author":{"gitId":"viki0526"},"content":"","lastModifiedDate":"2022-01-20"},{"lineNumber":31,"author":{"gitId":"viki0526"},"content":"    @Override","lastModifiedDate":"2022-01-20"},{"lineNumber":32,"author":{"gitId":"viki0526"},"content":"    public String toString() {","lastModifiedDate":"2022-01-20"},{"lineNumber":33,"author":{"gitId":"viki0526"},"content":"        return \"[E] [\" + this.getStatusIcon() + \"] \" +","lastModifiedDate":"2022-01-26"},{"lineNumber":34,"author":{"gitId":"viki0526"},"content":"                super.getDescription() + \" (\" +","lastModifiedDate":"2022-01-26"},{"lineNumber":35,"author":{"gitId":"viki0526"},"content":"                this.getEventDate().format(DateTimeFormatter.ofPattern(\"MMM dd yyyy\")) + \")\";","lastModifiedDate":"2022-01-26"},{"lineNumber":36,"author":{"gitId":"viki0526"},"content":"    }","lastModifiedDate":"2022-01-20"},{"lineNumber":37,"author":{"gitId":"viki0526"},"content":"}","lastModifiedDate":"2022-01-20"}],"authorContributionMap":{"viki0526":37}},{"path":"src/main/java/johnny/InputList.java","fileType":"java","lines":[{"lineNumber":1,"author":{"gitId":"viki0526"},"content":"package johnny;","lastModifiedDate":"2022-01-27"},{"lineNumber":2,"author":{"gitId":"viki0526"},"content":"","lastModifiedDate":"2022-01-27"},{"lineNumber":3,"author":{"gitId":"viki0526"},"content":"import java.util.ArrayList;","lastModifiedDate":"2022-01-20"},{"lineNumber":4,"author":{"gitId":"viki0526"},"content":"","lastModifiedDate":"2022-01-20"},{"lineNumber":5,"author":{"gitId":"viki0526"},"content":"public class InputList {","lastModifiedDate":"2022-01-20"},{"lineNumber":6,"author":{"gitId":"viki0526"},"content":"","lastModifiedDate":"2022-01-20"},{"lineNumber":7,"author":{"gitId":"viki0526"},"content":"    private ArrayList\u003cTask\u003e tasks;","lastModifiedDate":"2022-01-20"},{"lineNumber":8,"author":{"gitId":"viki0526"},"content":"","lastModifiedDate":"2022-01-20"},{"lineNumber":9,"author":{"gitId":"viki0526"},"content":"    public InputList(ArrayList\u003cTask\u003e tasks) {","lastModifiedDate":"2022-01-27"},{"lineNumber":10,"author":{"gitId":"viki0526"},"content":"        this.tasks \u003d tasks;","lastModifiedDate":"2022-01-27"},{"lineNumber":11,"author":{"gitId":"viki0526"},"content":"    }","lastModifiedDate":"2022-01-26"},{"lineNumber":12,"author":{"gitId":"viki0526"},"content":"","lastModifiedDate":"2022-01-26"},{"lineNumber":13,"author":{"gitId":"viki0526"},"content":"    /**","lastModifiedDate":"2022-01-28"},{"lineNumber":14,"author":{"gitId":"viki0526"},"content":"     * Writes the current list of tasks to","lastModifiedDate":"2022-01-28"},{"lineNumber":15,"author":{"gitId":"viki0526"},"content":"     * the text file","lastModifiedDate":"2022-01-28"},{"lineNumber":16,"author":{"gitId":"viki0526"},"content":"     *","lastModifiedDate":"2022-01-28"},{"lineNumber":17,"author":{"gitId":"viki0526"},"content":"     * @param store  Storage object.","lastModifiedDate":"2022-01-28"},{"lineNumber":18,"author":{"gitId":"viki0526"},"content":"     */","lastModifiedDate":"2022-01-28"},{"lineNumber":19,"author":{"gitId":"viki0526"},"content":"    public void writeToFile(Storage store) {","lastModifiedDate":"2022-01-27"},{"lineNumber":20,"author":{"gitId":"viki0526"},"content":"        store.writeTasks(this.tasks);","lastModifiedDate":"2022-01-27"},{"lineNumber":21,"author":{"gitId":"viki0526"},"content":"    }","lastModifiedDate":"2022-01-20"},{"lineNumber":22,"author":{"gitId":"viki0526"},"content":"","lastModifiedDate":"2022-01-20"},{"lineNumber":23,"author":{"gitId":"viki0526"},"content":"    /**","lastModifiedDate":"2022-01-28"},{"lineNumber":24,"author":{"gitId":"viki0526"},"content":"     * Prints the current list of tasks","lastModifiedDate":"2022-01-28"},{"lineNumber":25,"author":{"gitId":"viki0526"},"content":"     *","lastModifiedDate":"2022-01-28"},{"lineNumber":26,"author":{"gitId":"viki0526"},"content":"     */","lastModifiedDate":"2022-01-28"},{"lineNumber":27,"author":{"gitId":"viki0526"},"content":"    public void printList() {","lastModifiedDate":"2022-01-20"},{"lineNumber":28,"author":{"gitId":"viki0526"},"content":"        for(int i \u003d 0; i \u003c tasks.size(); i++) {","lastModifiedDate":"2022-01-26"},{"lineNumber":29,"author":{"gitId":"viki0526"},"content":"            System.out.print(i + 1);","lastModifiedDate":"2022-01-20"},{"lineNumber":30,"author":{"gitId":"viki0526"},"content":"            System.out.println(\". \" + tasks.get(i).toString());","lastModifiedDate":"2022-01-20"},{"lineNumber":31,"author":{"gitId":"viki0526"},"content":"        }","lastModifiedDate":"2022-01-20"},{"lineNumber":32,"author":{"gitId":"viki0526"},"content":"    }","lastModifiedDate":"2022-01-20"},{"lineNumber":33,"author":{"gitId":"viki0526"},"content":"","lastModifiedDate":"2022-01-20"},{"lineNumber":34,"author":{"gitId":"viki0526"},"content":"    /**","lastModifiedDate":"2022-01-28"},{"lineNumber":35,"author":{"gitId":"viki0526"},"content":"     * Adds new task to the list","lastModifiedDate":"2022-01-28"},{"lineNumber":36,"author":{"gitId":"viki0526"},"content":"     *","lastModifiedDate":"2022-01-28"},{"lineNumber":37,"author":{"gitId":"viki0526"},"content":"     */","lastModifiedDate":"2022-01-28"},{"lineNumber":38,"author":{"gitId":"viki0526"},"content":"    public void add(Task newTask) {","lastModifiedDate":"2022-01-20"},{"lineNumber":39,"author":{"gitId":"viki0526"},"content":"        tasks.add(newTask);","lastModifiedDate":"2022-01-20"},{"lineNumber":40,"author":{"gitId":"viki0526"},"content":"    }","lastModifiedDate":"2022-01-20"},{"lineNumber":41,"author":{"gitId":"viki0526"},"content":"","lastModifiedDate":"2022-01-20"},{"lineNumber":42,"author":{"gitId":"viki0526"},"content":"    /**","lastModifiedDate":"2022-01-28"},{"lineNumber":43,"author":{"gitId":"viki0526"},"content":"     * Deletes task at a particular index from","lastModifiedDate":"2022-01-28"},{"lineNumber":44,"author":{"gitId":"viki0526"},"content":"     * the list","lastModifiedDate":"2022-01-28"},{"lineNumber":45,"author":{"gitId":"viki0526"},"content":"     *","lastModifiedDate":"2022-01-28"},{"lineNumber":46,"author":{"gitId":"viki0526"},"content":"     * @param index  Index of task to delete","lastModifiedDate":"2022-01-28"},{"lineNumber":47,"author":{"gitId":"viki0526"},"content":"     */","lastModifiedDate":"2022-01-28"},{"lineNumber":48,"author":{"gitId":"viki0526"},"content":"    public void delete(int index) {","lastModifiedDate":"2022-01-20"},{"lineNumber":49,"author":{"gitId":"viki0526"},"content":"        System.out.println(\"Noted. I\u0027ve removed this task:\");","lastModifiedDate":"2022-01-20"},{"lineNumber":50,"author":{"gitId":"viki0526"},"content":"        System.out.println(tasks.get(index - 1).toString());","lastModifiedDate":"2022-01-20"},{"lineNumber":51,"author":{"gitId":"viki0526"},"content":"        tasks.remove(index - 1);","lastModifiedDate":"2022-01-20"},{"lineNumber":52,"author":{"gitId":"viki0526"},"content":"    }","lastModifiedDate":"2022-01-20"},{"lineNumber":53,"author":{"gitId":"viki0526"},"content":"","lastModifiedDate":"2022-01-20"},{"lineNumber":54,"author":{"gitId":"viki0526"},"content":"    /**","lastModifiedDate":"2022-01-28"},{"lineNumber":55,"author":{"gitId":"viki0526"},"content":"     * Marks task at a particular index from","lastModifiedDate":"2022-01-28"},{"lineNumber":56,"author":{"gitId":"viki0526"},"content":"     * the list as done","lastModifiedDate":"2022-01-28"},{"lineNumber":57,"author":{"gitId":"viki0526"},"content":"     *","lastModifiedDate":"2022-01-28"},{"lineNumber":58,"author":{"gitId":"viki0526"},"content":"     * @param index  Index of task to mark as done","lastModifiedDate":"2022-01-28"},{"lineNumber":59,"author":{"gitId":"viki0526"},"content":"     */","lastModifiedDate":"2022-01-28"},{"lineNumber":60,"author":{"gitId":"viki0526"},"content":"    public void mark(int index) {","lastModifiedDate":"2022-01-20"},{"lineNumber":61,"author":{"gitId":"viki0526"},"content":"        tasks.get(index - 1).markAsDone();","lastModifiedDate":"2022-01-20"},{"lineNumber":62,"author":{"gitId":"viki0526"},"content":"        System.out.println(\"Nice! I\u0027ve marked this task as done:\");","lastModifiedDate":"2022-01-20"},{"lineNumber":63,"author":{"gitId":"viki0526"},"content":"        System.out.println(tasks.get(index - 1).toString());","lastModifiedDate":"2022-01-20"},{"lineNumber":64,"author":{"gitId":"viki0526"},"content":"    }","lastModifiedDate":"2022-01-20"},{"lineNumber":65,"author":{"gitId":"viki0526"},"content":"","lastModifiedDate":"2022-01-20"},{"lineNumber":66,"author":{"gitId":"viki0526"},"content":"    /**","lastModifiedDate":"2022-01-28"},{"lineNumber":67,"author":{"gitId":"viki0526"},"content":"     * Unmarks task at a particular index from","lastModifiedDate":"2022-01-28"},{"lineNumber":68,"author":{"gitId":"viki0526"},"content":"     * the list as not done yet","lastModifiedDate":"2022-01-28"},{"lineNumber":69,"author":{"gitId":"viki0526"},"content":"     *","lastModifiedDate":"2022-01-28"},{"lineNumber":70,"author":{"gitId":"viki0526"},"content":"     * @param index  Index of task to unmark","lastModifiedDate":"2022-01-28"},{"lineNumber":71,"author":{"gitId":"viki0526"},"content":"     */","lastModifiedDate":"2022-01-28"},{"lineNumber":72,"author":{"gitId":"viki0526"},"content":"    public void unmark(int index) {","lastModifiedDate":"2022-01-20"},{"lineNumber":73,"author":{"gitId":"viki0526"},"content":"        tasks.get(index - 1).markAsUndone();","lastModifiedDate":"2022-01-20"},{"lineNumber":74,"author":{"gitId":"viki0526"},"content":"        System.out.println(\"OK, I\u0027ve marked this task as not done yet:\");","lastModifiedDate":"2022-01-20"},{"lineNumber":75,"author":{"gitId":"viki0526"},"content":"        System.out.println(tasks.get(index - 1).toString());","lastModifiedDate":"2022-01-20"},{"lineNumber":76,"author":{"gitId":"viki0526"},"content":"    }","lastModifiedDate":"2022-01-20"},{"lineNumber":77,"author":{"gitId":"viki0526"},"content":"","lastModifiedDate":"2022-01-20"},{"lineNumber":78,"author":{"gitId":"viki0526"},"content":"    public void searchEventAndPrint(String searchString) {","lastModifiedDate":"2022-01-28"},{"lineNumber":79,"author":{"gitId":"viki0526"},"content":"        for(int i \u003d 0; i \u003c tasks.size(); i++) {","lastModifiedDate":"2022-01-28"},{"lineNumber":80,"author":{"gitId":"viki0526"},"content":"            if(tasks.get(i).getDescription().contains(searchString)) {","lastModifiedDate":"2022-01-28"},{"lineNumber":81,"author":{"gitId":"viki0526"},"content":"                System.out.print(i + 1);","lastModifiedDate":"2022-01-28"},{"lineNumber":82,"author":{"gitId":"viki0526"},"content":"                System.out.println(\". \" + tasks.get(i).toString());","lastModifiedDate":"2022-01-28"},{"lineNumber":83,"author":{"gitId":"viki0526"},"content":"            }","lastModifiedDate":"2022-01-28"},{"lineNumber":84,"author":{"gitId":"viki0526"},"content":"        }","lastModifiedDate":"2022-01-28"},{"lineNumber":85,"author":{"gitId":"viki0526"},"content":"    }","lastModifiedDate":"2022-01-28"},{"lineNumber":86,"author":{"gitId":"viki0526"},"content":"","lastModifiedDate":"2022-01-28"},{"lineNumber":87,"author":{"gitId":"viki0526"},"content":"    /**","lastModifiedDate":"2022-01-28"},{"lineNumber":88,"author":{"gitId":"viki0526"},"content":"     * Returns number of tasks in list","lastModifiedDate":"2022-01-28"},{"lineNumber":89,"author":{"gitId":"viki0526"},"content":"     *","lastModifiedDate":"2022-01-28"},{"lineNumber":90,"author":{"gitId":"viki0526"},"content":"     * @return Number of tasks in list","lastModifiedDate":"2022-01-28"},{"lineNumber":91,"author":{"gitId":"viki0526"},"content":"     * @throws IllegalArgumentException  If zone is \u003c\u003d 0.","lastModifiedDate":"2022-01-28"},{"lineNumber":92,"author":{"gitId":"viki0526"},"content":"     */","lastModifiedDate":"2022-01-28"},{"lineNumber":93,"author":{"gitId":"viki0526"},"content":"    public int getCount() {","lastModifiedDate":"2022-01-20"},{"lineNumber":94,"author":{"gitId":"viki0526"},"content":"        return tasks.size();","lastModifiedDate":"2022-01-26"},{"lineNumber":95,"author":{"gitId":"viki0526"},"content":"    }","lastModifiedDate":"2022-01-20"},{"lineNumber":96,"author":{"gitId":"viki0526"},"content":"}","lastModifiedDate":"2022-01-20"}],"authorContributionMap":{"viki0526":96}},{"path":"src/main/java/johnny/InvalidArgumentsException.java","fileType":"java","lines":[{"lineNumber":1,"author":{"gitId":"viki0526"},"content":"package johnny;","lastModifiedDate":"2022-01-27"},{"lineNumber":2,"author":{"gitId":"viki0526"},"content":"","lastModifiedDate":"2022-01-27"},{"lineNumber":3,"author":{"gitId":"viki0526"},"content":"public class InvalidArgumentsException extends Exception{","lastModifiedDate":"2022-01-20"},{"lineNumber":4,"author":{"gitId":"viki0526"},"content":"","lastModifiedDate":"2022-01-20"},{"lineNumber":5,"author":{"gitId":"viki0526"},"content":"    private String invalidInput;","lastModifiedDate":"2022-01-20"},{"lineNumber":6,"author":{"gitId":"viki0526"},"content":"","lastModifiedDate":"2022-01-20"},{"lineNumber":7,"author":{"gitId":"viki0526"},"content":"    public InvalidArgumentsException(String invalidInput) {","lastModifiedDate":"2022-01-20"},{"lineNumber":8,"author":{"gitId":"viki0526"},"content":"        this.invalidInput \u003d invalidInput;","lastModifiedDate":"2022-01-20"},{"lineNumber":9,"author":{"gitId":"viki0526"},"content":"    }","lastModifiedDate":"2022-01-20"},{"lineNumber":10,"author":{"gitId":"viki0526"},"content":"","lastModifiedDate":"2022-01-20"},{"lineNumber":11,"author":{"gitId":"viki0526"},"content":"    /**","lastModifiedDate":"2022-01-28"},{"lineNumber":12,"author":{"gitId":"viki0526"},"content":"     * Returns error message for Invalid","lastModifiedDate":"2022-01-28"},{"lineNumber":13,"author":{"gitId":"viki0526"},"content":"     * Arguments","lastModifiedDate":"2022-01-28"},{"lineNumber":14,"author":{"gitId":"viki0526"},"content":"     *","lastModifiedDate":"2022-01-28"},{"lineNumber":15,"author":{"gitId":"viki0526"},"content":"     * @return error message String.","lastModifiedDate":"2022-01-28"},{"lineNumber":16,"author":{"gitId":"viki0526"},"content":"     */","lastModifiedDate":"2022-01-28"},{"lineNumber":17,"author":{"gitId":"viki0526"},"content":"    public String errorMessage() {","lastModifiedDate":"2022-01-22"},{"lineNumber":18,"author":{"gitId":"viki0526"},"content":"        return \"I\u0027m sorry, I didn\u0027t quite get that\";","lastModifiedDate":"2022-01-20"},{"lineNumber":19,"author":{"gitId":"viki0526"},"content":"    }","lastModifiedDate":"2022-01-20"},{"lineNumber":20,"author":{"gitId":"viki0526"},"content":"","lastModifiedDate":"2022-01-22"},{"lineNumber":21,"author":{"gitId":"viki0526"},"content":"}","lastModifiedDate":"2022-01-20"}],"authorContributionMap":{"viki0526":21}},{"path":"src/main/java/johnny/Johnny.java","fileType":"java","lines":[{"lineNumber":1,"author":{"gitId":"viki0526"},"content":"package johnny;","lastModifiedDate":"2022-01-27"},{"lineNumber":2,"author":{"gitId":"viki0526"},"content":"","lastModifiedDate":"2022-01-27"},{"lineNumber":3,"author":{"gitId":"viki0526"},"content":"import java.io.IOException;","lastModifiedDate":"2022-01-26"},{"lineNumber":4,"author":{"gitId":"viki0526"},"content":"import java.time.DateTimeException;","lastModifiedDate":"2022-01-26"},{"lineNumber":5,"author":{"gitId":"viki0526"},"content":"","lastModifiedDate":"2022-01-27"},{"lineNumber":6,"author":{"gitId":"viki0526"},"content":"public class Johnny {","lastModifiedDate":"2022-01-20"},{"lineNumber":7,"author":{"gitId":"viki0526"},"content":"    private Ui ui;","lastModifiedDate":"2022-01-27"},{"lineNumber":8,"author":{"gitId":"viki0526"},"content":"    private Storage store;","lastModifiedDate":"2022-01-27"},{"lineNumber":9,"author":{"gitId":"viki0526"},"content":"    private InputList tasks;","lastModifiedDate":"2022-01-27"},{"lineNumber":10,"author":{"gitId":"viki0526"},"content":"","lastModifiedDate":"2022-01-20"},{"lineNumber":11,"author":{"gitId":"viki0526"},"content":"    public Johnny(String filepath) {","lastModifiedDate":"2022-01-27"},{"lineNumber":12,"author":{"gitId":"viki0526"},"content":"        store \u003d new Storage(filepath);","lastModifiedDate":"2022-01-27"},{"lineNumber":13,"author":{"gitId":"viki0526"},"content":"","lastModifiedDate":"2022-01-22"},{"lineNumber":14,"author":{"gitId":"viki0526"},"content":"        try {","lastModifiedDate":"2022-01-22"},{"lineNumber":15,"author":{"gitId":"viki0526"},"content":"            tasks \u003d new InputList(store.readTasks());","lastModifiedDate":"2022-01-27"},{"lineNumber":16,"author":{"gitId":"viki0526"},"content":"        } catch (IOException e) {","lastModifiedDate":"2022-01-27"},{"lineNumber":17,"author":{"gitId":"viki0526"},"content":"            e.getMessage();","lastModifiedDate":"2022-01-27"},{"lineNumber":18,"author":{"gitId":"viki0526"},"content":"        }","lastModifiedDate":"2022-01-20"},{"lineNumber":19,"author":{"gitId":"viki0526"},"content":"","lastModifiedDate":"2022-01-20"},{"lineNumber":20,"author":{"gitId":"viki0526"},"content":"        ui \u003d new Ui(this.tasks, this.store);","lastModifiedDate":"2022-01-27"},{"lineNumber":21,"author":{"gitId":"viki0526"},"content":"    }","lastModifiedDate":"2022-01-20"},{"lineNumber":22,"author":{"gitId":"viki0526"},"content":"","lastModifiedDate":"2022-01-20"},{"lineNumber":23,"author":{"gitId":"viki0526"},"content":"    /**","lastModifiedDate":"2022-01-28"},{"lineNumber":24,"author":{"gitId":"viki0526"},"content":"     * Starts running the program by calling","lastModifiedDate":"2022-01-28"},{"lineNumber":25,"author":{"gitId":"viki0526"},"content":"     * the Ui.handleUi() method","lastModifiedDate":"2022-01-28"},{"lineNumber":26,"author":{"gitId":"viki0526"},"content":"     *","lastModifiedDate":"2022-01-28"},{"lineNumber":27,"author":{"gitId":"viki0526"},"content":"     */","lastModifiedDate":"2022-01-28"},{"lineNumber":28,"author":{"gitId":"viki0526"},"content":"    public void run() {","lastModifiedDate":"2022-01-27"},{"lineNumber":29,"author":{"gitId":"viki0526"},"content":"        try {","lastModifiedDate":"2022-01-27"},{"lineNumber":30,"author":{"gitId":"viki0526"},"content":"            ui.handleUi();","lastModifiedDate":"2022-01-27"},{"lineNumber":31,"author":{"gitId":"viki0526"},"content":"        } catch (InvalidArgumentsException e) {","lastModifiedDate":"2022-01-27"},{"lineNumber":32,"author":{"gitId":"viki0526"},"content":"            System.out.println(e.errorMessage());","lastModifiedDate":"2022-01-22"},{"lineNumber":33,"author":{"gitId":"viki0526"},"content":"        } catch (EmptyDescriptionException e) {","lastModifiedDate":"2022-01-27"},{"lineNumber":34,"author":{"gitId":"viki0526"},"content":"            System.out.println(e.errorMessage());","lastModifiedDate":"2022-01-22"},{"lineNumber":35,"author":{"gitId":"viki0526"},"content":"        } catch (NoDateException e) {","lastModifiedDate":"2022-01-27"},{"lineNumber":36,"author":{"gitId":"viki0526"},"content":"            System.out.println(e.errorMessage());","lastModifiedDate":"2022-01-22"},{"lineNumber":37,"author":{"gitId":"viki0526"},"content":"        } catch (DateTimeException e) {","lastModifiedDate":"2022-01-26"},{"lineNumber":38,"author":{"gitId":"viki0526"},"content":"            System.out.println(e.getMessage() +","lastModifiedDate":"2022-01-27"},{"lineNumber":39,"author":{"gitId":"viki0526"},"content":"                    \"--- Invalid date entered. Please enter in format \u0027yyyy-mm-dd\u0027\");","lastModifiedDate":"2022-01-27"},{"lineNumber":40,"author":{"gitId":"viki0526"},"content":"        }","lastModifiedDate":"2022-01-22"},{"lineNumber":41,"author":{"gitId":"viki0526"},"content":"    }","lastModifiedDate":"2022-01-22"},{"lineNumber":42,"author":{"gitId":"viki0526"},"content":"","lastModifiedDate":"2022-01-27"},{"lineNumber":43,"author":{"gitId":"viki0526"},"content":"    public static void main(String[] args) throws InvalidArgumentsException, EmptyDescriptionException, NoDateException {","lastModifiedDate":"2022-01-27"},{"lineNumber":44,"author":{"gitId":"viki0526"},"content":"        new Johnny(\"tasklist.txt\").run();","lastModifiedDate":"2022-01-27"},{"lineNumber":45,"author":{"gitId":"viki0526"},"content":"    }","lastModifiedDate":"2022-01-20"},{"lineNumber":46,"author":{"gitId":"viki0526"},"content":"","lastModifiedDate":"2022-01-27"},{"lineNumber":47,"author":{"gitId":"viki0526"},"content":"","lastModifiedDate":"2022-01-27"},{"lineNumber":48,"author":{"gitId":"viki0526"},"content":"}","lastModifiedDate":"2022-01-20"}],"authorContributionMap":{"viki0526":48}},{"path":"src/main/java/johnny/NoDateException.java","fileType":"java","lines":[{"lineNumber":1,"author":{"gitId":"viki0526"},"content":"package johnny;","lastModifiedDate":"2022-01-27"},{"lineNumber":2,"author":{"gitId":"viki0526"},"content":"","lastModifiedDate":"2022-01-27"},{"lineNumber":3,"author":{"gitId":"viki0526"},"content":"public class NoDateException extends Exception{","lastModifiedDate":"2022-01-20"},{"lineNumber":4,"author":{"gitId":"viki0526"},"content":"","lastModifiedDate":"2022-01-22"},{"lineNumber":5,"author":{"gitId":"viki0526"},"content":"    /**","lastModifiedDate":"2022-01-28"},{"lineNumber":6,"author":{"gitId":"viki0526"},"content":"     * Returns error message for No Date","lastModifiedDate":"2022-01-28"},{"lineNumber":7,"author":{"gitId":"viki0526"},"content":"     * Exception","lastModifiedDate":"2022-01-28"},{"lineNumber":8,"author":{"gitId":"viki0526"},"content":"     *","lastModifiedDate":"2022-01-28"},{"lineNumber":9,"author":{"gitId":"viki0526"},"content":"     * @return error message String.","lastModifiedDate":"2022-01-28"},{"lineNumber":10,"author":{"gitId":"viki0526"},"content":"     */","lastModifiedDate":"2022-01-28"},{"lineNumber":11,"author":{"gitId":"viki0526"},"content":"    public String errorMessage() {","lastModifiedDate":"2022-01-22"},{"lineNumber":12,"author":{"gitId":"viki0526"},"content":"        return \"Error! Please enter a date for your deadline or event following a slash after the task description\";","lastModifiedDate":"2022-01-20"},{"lineNumber":13,"author":{"gitId":"viki0526"},"content":"    }","lastModifiedDate":"2022-01-20"},{"lineNumber":14,"author":{"gitId":"viki0526"},"content":"","lastModifiedDate":"2022-01-22"},{"lineNumber":15,"author":{"gitId":"viki0526"},"content":"}","lastModifiedDate":"2022-01-20"}],"authorContributionMap":{"viki0526":15}},{"path":"src/main/java/johnny/Parser.java","fileType":"java","lines":[{"lineNumber":1,"author":{"gitId":"viki0526"},"content":"package johnny;","lastModifiedDate":"2022-01-27"},{"lineNumber":2,"author":{"gitId":"viki0526"},"content":"","lastModifiedDate":"2022-01-27"},{"lineNumber":3,"author":{"gitId":"viki0526"},"content":"import java.util.ArrayList;","lastModifiedDate":"2022-01-27"},{"lineNumber":4,"author":{"gitId":"viki0526"},"content":"","lastModifiedDate":"2022-01-27"},{"lineNumber":5,"author":{"gitId":"viki0526"},"content":"public class Parser {","lastModifiedDate":"2022-01-27"},{"lineNumber":6,"author":{"gitId":"viki0526"},"content":"","lastModifiedDate":"2022-01-27"},{"lineNumber":7,"author":{"gitId":"viki0526"},"content":"    private String input;","lastModifiedDate":"2022-01-27"},{"lineNumber":8,"author":{"gitId":"viki0526"},"content":"","lastModifiedDate":"2022-01-27"},{"lineNumber":9,"author":{"gitId":"viki0526"},"content":"    public static String TERMINATE \u003d \"TERMINATE\";","lastModifiedDate":"2022-01-27"},{"lineNumber":10,"author":{"gitId":"viki0526"},"content":"    public static String PRINT_LIST \u003d \"PRINT_LIST\";","lastModifiedDate":"2022-01-27"},{"lineNumber":11,"author":{"gitId":"viki0526"},"content":"    public static String MARK \u003d \"MARK\";","lastModifiedDate":"2022-01-27"},{"lineNumber":12,"author":{"gitId":"viki0526"},"content":"    public static String UNMARK \u003d \"UNMARK\";","lastModifiedDate":"2022-01-27"},{"lineNumber":13,"author":{"gitId":"viki0526"},"content":"    public static String DELETE \u003d \"DELETE\";","lastModifiedDate":"2022-01-27"},{"lineNumber":14,"author":{"gitId":"viki0526"},"content":"    public static String ADD_TODO \u003d \"ADD_TODO\";","lastModifiedDate":"2022-01-27"},{"lineNumber":15,"author":{"gitId":"viki0526"},"content":"    public static String ADD_DEADLINE \u003d \"ADD_DEADLINE\";","lastModifiedDate":"2022-01-27"},{"lineNumber":16,"author":{"gitId":"viki0526"},"content":"    public static String ADD_EVENT \u003d \"ADD_EVENT\";","lastModifiedDate":"2022-01-27"},{"lineNumber":17,"author":{"gitId":"viki0526"},"content":"    public static String FIND_EVENT \u003d \"FIND_EVENT\";","lastModifiedDate":"2022-01-28"},{"lineNumber":18,"author":{"gitId":"viki0526"},"content":"","lastModifiedDate":"2022-01-27"},{"lineNumber":19,"author":{"gitId":"viki0526"},"content":"","lastModifiedDate":"2022-01-27"},{"lineNumber":20,"author":{"gitId":"viki0526"},"content":"    public Parser(String userInput) {","lastModifiedDate":"2022-01-27"},{"lineNumber":21,"author":{"gitId":"viki0526"},"content":"        this.input \u003d userInput;","lastModifiedDate":"2022-01-27"},{"lineNumber":22,"author":{"gitId":"viki0526"},"content":"    }","lastModifiedDate":"2022-01-27"},{"lineNumber":23,"author":{"gitId":"viki0526"},"content":"","lastModifiedDate":"2022-01-27"},{"lineNumber":24,"author":{"gitId":"viki0526"},"content":"    private static boolean isNumeric(String str) {","lastModifiedDate":"2022-01-28"},{"lineNumber":25,"author":{"gitId":"viki0526"},"content":"        try {","lastModifiedDate":"2022-01-27"},{"lineNumber":26,"author":{"gitId":"viki0526"},"content":"            Integer.parseInt(str);","lastModifiedDate":"2022-01-27"},{"lineNumber":27,"author":{"gitId":"viki0526"},"content":"            return true;","lastModifiedDate":"2022-01-27"},{"lineNumber":28,"author":{"gitId":"viki0526"},"content":"        } catch(NumberFormatException e){","lastModifiedDate":"2022-01-27"},{"lineNumber":29,"author":{"gitId":"viki0526"},"content":"            return false;","lastModifiedDate":"2022-01-27"},{"lineNumber":30,"author":{"gitId":"viki0526"},"content":"        }","lastModifiedDate":"2022-01-27"},{"lineNumber":31,"author":{"gitId":"viki0526"},"content":"    }","lastModifiedDate":"2022-01-27"},{"lineNumber":32,"author":{"gitId":"viki0526"},"content":"","lastModifiedDate":"2022-01-27"},{"lineNumber":33,"author":{"gitId":"viki0526"},"content":"    /**","lastModifiedDate":"2022-01-28"},{"lineNumber":34,"author":{"gitId":"viki0526"},"content":"     * Parses input String into an Arraylist","lastModifiedDate":"2022-01-28"},{"lineNumber":35,"author":{"gitId":"viki0526"},"content":"     * of tags depending on command","lastModifiedDate":"2022-01-28"},{"lineNumber":36,"author":{"gitId":"viki0526"},"content":"     *","lastModifiedDate":"2022-01-28"},{"lineNumber":37,"author":{"gitId":"viki0526"},"content":"     * @return Arraylist of tags.","lastModifiedDate":"2022-01-28"},{"lineNumber":38,"author":{"gitId":"viki0526"},"content":"     * @throws EmptyDescriptionException  If description for tasks is not mentioned.","lastModifiedDate":"2022-01-28"},{"lineNumber":39,"author":{"gitId":"viki0526"},"content":"     * @throws NoDateException  If no/incorrectly formatted date is entered for tasks.","lastModifiedDate":"2022-01-28"},{"lineNumber":40,"author":{"gitId":"viki0526"},"content":"     * @throws InvalidArgumentsException  If input command is invalid.","lastModifiedDate":"2022-01-28"},{"lineNumber":41,"author":{"gitId":"viki0526"},"content":"     */","lastModifiedDate":"2022-01-28"},{"lineNumber":42,"author":{"gitId":"viki0526"},"content":"    public ArrayList\u003cString\u003e parse() throws EmptyDescriptionException, NoDateException, InvalidArgumentsException {","lastModifiedDate":"2022-01-27"},{"lineNumber":43,"author":{"gitId":"viki0526"},"content":"        String[] tags \u003d input.split(\" \", 2);","lastModifiedDate":"2022-01-27"},{"lineNumber":44,"author":{"gitId":"viki0526"},"content":"        ArrayList\u003cString\u003e result \u003d new ArrayList\u003c\u003e();","lastModifiedDate":"2022-01-27"},{"lineNumber":45,"author":{"gitId":"viki0526"},"content":"","lastModifiedDate":"2022-01-27"},{"lineNumber":46,"author":{"gitId":"viki0526"},"content":"        if(input.equals(\"bye\")) {","lastModifiedDate":"2022-01-27"},{"lineNumber":47,"author":{"gitId":"viki0526"},"content":"            result.add(TERMINATE);","lastModifiedDate":"2022-01-27"},{"lineNumber":48,"author":{"gitId":"viki0526"},"content":"        } else if(input.equals(\"list\")) {","lastModifiedDate":"2022-01-27"},{"lineNumber":49,"author":{"gitId":"viki0526"},"content":"            result.add(PRINT_LIST);","lastModifiedDate":"2022-01-27"},{"lineNumber":50,"author":{"gitId":"viki0526"},"content":"        } else if(input.length() \u003e\u003d 5 \u0026\u0026 input.substring(0, 5).equals(\"mark \") \u0026\u0026 isNumeric(input.substring(5))) {","lastModifiedDate":"2022-01-27"},{"lineNumber":51,"author":{"gitId":"viki0526"},"content":"            result.add(MARK);","lastModifiedDate":"2022-01-27"},{"lineNumber":52,"author":{"gitId":"viki0526"},"content":"            result.add(input.substring(5));","lastModifiedDate":"2022-01-27"},{"lineNumber":53,"author":{"gitId":"viki0526"},"content":"        } else if(input.length() \u003e\u003d 7 \u0026\u0026 input.substring(0, 7).equals(\"unmark \") \u0026\u0026 isNumeric(input.substring(7))) {","lastModifiedDate":"2022-01-27"},{"lineNumber":54,"author":{"gitId":"viki0526"},"content":"            result.add(UNMARK);","lastModifiedDate":"2022-01-27"},{"lineNumber":55,"author":{"gitId":"viki0526"},"content":"            result.add(input.substring(7));","lastModifiedDate":"2022-01-27"},{"lineNumber":56,"author":{"gitId":"viki0526"},"content":"        } else if(input.length() \u003e\u003d 7 \u0026\u0026 input.substring(0, 7).equals(\"delete \") \u0026\u0026 isNumeric(input.substring(7))) {","lastModifiedDate":"2022-01-27"},{"lineNumber":57,"author":{"gitId":"viki0526"},"content":"            result.add(DELETE);","lastModifiedDate":"2022-01-27"},{"lineNumber":58,"author":{"gitId":"viki0526"},"content":"            result.add(input.substring(7));","lastModifiedDate":"2022-01-27"},{"lineNumber":59,"author":{"gitId":"viki0526"},"content":"        } else if(tags.length \u003d\u003d 2 \u0026\u0026 tags[0].equals(\"find\") \u0026\u0026 tags[1] instanceof String) {","lastModifiedDate":"2022-01-28"},{"lineNumber":60,"author":{"gitId":"viki0526"},"content":"            result.add(FIND_EVENT);","lastModifiedDate":"2022-01-28"},{"lineNumber":61,"author":{"gitId":"viki0526"},"content":"            result.add(tags[1]);","lastModifiedDate":"2022-01-28"},{"lineNumber":62,"author":{"gitId":"viki0526"},"content":"        } else if(tags[0].equals(\"todo\")) {","lastModifiedDate":"2022-01-27"},{"lineNumber":63,"author":{"gitId":"viki0526"},"content":"            if(tags.length \u003d\u003d 1 || tags[1].equals(\"\")) {","lastModifiedDate":"2022-01-27"},{"lineNumber":64,"author":{"gitId":"viki0526"},"content":"                throw new EmptyDescriptionException();","lastModifiedDate":"2022-01-27"},{"lineNumber":65,"author":{"gitId":"viki0526"},"content":"            }","lastModifiedDate":"2022-01-27"},{"lineNumber":66,"author":{"gitId":"viki0526"},"content":"","lastModifiedDate":"2022-01-27"},{"lineNumber":67,"author":{"gitId":"viki0526"},"content":"            String content \u003d tags[1];","lastModifiedDate":"2022-01-27"},{"lineNumber":68,"author":{"gitId":"viki0526"},"content":"            if(content.equals(\"\")) {","lastModifiedDate":"2022-01-27"},{"lineNumber":69,"author":{"gitId":"viki0526"},"content":"                throw new EmptyDescriptionException();","lastModifiedDate":"2022-01-27"},{"lineNumber":70,"author":{"gitId":"viki0526"},"content":"            }","lastModifiedDate":"2022-01-27"},{"lineNumber":71,"author":{"gitId":"viki0526"},"content":"            result.add(ADD_TODO);","lastModifiedDate":"2022-01-27"},{"lineNumber":72,"author":{"gitId":"viki0526"},"content":"            result.add(content);","lastModifiedDate":"2022-01-27"},{"lineNumber":73,"author":{"gitId":"viki0526"},"content":"        }","lastModifiedDate":"2022-01-27"},{"lineNumber":74,"author":{"gitId":"viki0526"},"content":"        else if(tags[0].equals(\"deadline\")) {","lastModifiedDate":"2022-01-27"},{"lineNumber":75,"author":{"gitId":"viki0526"},"content":"            if(tags.length \u003d\u003d 1 || tags[1].equals(\"\")) {","lastModifiedDate":"2022-01-27"},{"lineNumber":76,"author":{"gitId":"viki0526"},"content":"                throw new EmptyDescriptionException();","lastModifiedDate":"2022-01-27"},{"lineNumber":77,"author":{"gitId":"viki0526"},"content":"            }","lastModifiedDate":"2022-01-27"},{"lineNumber":78,"author":{"gitId":"viki0526"},"content":"","lastModifiedDate":"2022-01-27"},{"lineNumber":79,"author":{"gitId":"viki0526"},"content":"            if(!tags[1].contains(\"/\")) {","lastModifiedDate":"2022-01-27"},{"lineNumber":80,"author":{"gitId":"viki0526"},"content":"                throw new NoDateException();","lastModifiedDate":"2022-01-27"},{"lineNumber":81,"author":{"gitId":"viki0526"},"content":"            }","lastModifiedDate":"2022-01-27"},{"lineNumber":82,"author":{"gitId":"viki0526"},"content":"","lastModifiedDate":"2022-01-27"},{"lineNumber":83,"author":{"gitId":"viki0526"},"content":"            String content \u003d tags[1];","lastModifiedDate":"2022-01-27"},{"lineNumber":84,"author":{"gitId":"viki0526"},"content":"            String[] details \u003d content.split(\"/\", 2);","lastModifiedDate":"2022-01-27"},{"lineNumber":85,"author":{"gitId":"viki0526"},"content":"","lastModifiedDate":"2022-01-27"},{"lineNumber":86,"author":{"gitId":"viki0526"},"content":"            result.add(ADD_DEADLINE);","lastModifiedDate":"2022-01-27"},{"lineNumber":87,"author":{"gitId":"viki0526"},"content":"            result.add(details[0]);","lastModifiedDate":"2022-01-27"},{"lineNumber":88,"author":{"gitId":"viki0526"},"content":"            result.add(details[1]);","lastModifiedDate":"2022-01-27"},{"lineNumber":89,"author":{"gitId":"viki0526"},"content":"        }","lastModifiedDate":"2022-01-27"},{"lineNumber":90,"author":{"gitId":"viki0526"},"content":"        else if(tags[0].equals(\"event\")) {","lastModifiedDate":"2022-01-27"},{"lineNumber":91,"author":{"gitId":"viki0526"},"content":"            if(tags.length \u003d\u003d 1 || tags[1].equals(\"\")) {","lastModifiedDate":"2022-01-27"},{"lineNumber":92,"author":{"gitId":"viki0526"},"content":"                throw new EmptyDescriptionException();","lastModifiedDate":"2022-01-27"},{"lineNumber":93,"author":{"gitId":"viki0526"},"content":"            }","lastModifiedDate":"2022-01-27"},{"lineNumber":94,"author":{"gitId":"viki0526"},"content":"","lastModifiedDate":"2022-01-27"},{"lineNumber":95,"author":{"gitId":"viki0526"},"content":"            if(!tags[1].contains(\"/\")) {","lastModifiedDate":"2022-01-27"},{"lineNumber":96,"author":{"gitId":"viki0526"},"content":"                throw new NoDateException();","lastModifiedDate":"2022-01-27"},{"lineNumber":97,"author":{"gitId":"viki0526"},"content":"            }","lastModifiedDate":"2022-01-27"},{"lineNumber":98,"author":{"gitId":"viki0526"},"content":"","lastModifiedDate":"2022-01-27"},{"lineNumber":99,"author":{"gitId":"viki0526"},"content":"            String content \u003d tags[1];","lastModifiedDate":"2022-01-27"},{"lineNumber":100,"author":{"gitId":"viki0526"},"content":"            String[] details \u003d content.split(\"/\", 2);","lastModifiedDate":"2022-01-27"},{"lineNumber":101,"author":{"gitId":"viki0526"},"content":"","lastModifiedDate":"2022-01-27"},{"lineNumber":102,"author":{"gitId":"viki0526"},"content":"            result.add(ADD_EVENT);","lastModifiedDate":"2022-01-27"},{"lineNumber":103,"author":{"gitId":"viki0526"},"content":"            result.add(details[0]);","lastModifiedDate":"2022-01-27"},{"lineNumber":104,"author":{"gitId":"viki0526"},"content":"            result.add(details[1]);","lastModifiedDate":"2022-01-27"},{"lineNumber":105,"author":{"gitId":"viki0526"},"content":"        }","lastModifiedDate":"2022-01-27"},{"lineNumber":106,"author":{"gitId":"viki0526"},"content":"        else {","lastModifiedDate":"2022-01-27"},{"lineNumber":107,"author":{"gitId":"viki0526"},"content":"            throw new InvalidArgumentsException(input);","lastModifiedDate":"2022-01-27"},{"lineNumber":108,"author":{"gitId":"viki0526"},"content":"        }","lastModifiedDate":"2022-01-27"},{"lineNumber":109,"author":{"gitId":"viki0526"},"content":"        return result;","lastModifiedDate":"2022-01-27"},{"lineNumber":110,"author":{"gitId":"viki0526"},"content":"    }","lastModifiedDate":"2022-01-27"},{"lineNumber":111,"author":{"gitId":"viki0526"},"content":"}","lastModifiedDate":"2022-01-27"}],"authorContributionMap":{"viki0526":111}},{"path":"src/main/java/johnny/Storage.java","fileType":"java","lines":[{"lineNumber":1,"author":{"gitId":"viki0526"},"content":"package johnny;","lastModifiedDate":"2022-01-27"},{"lineNumber":2,"author":{"gitId":"viki0526"},"content":"","lastModifiedDate":"2022-01-27"},{"lineNumber":3,"author":{"gitId":"viki0526"},"content":"import java.io.BufferedReader;","lastModifiedDate":"2022-01-27"},{"lineNumber":4,"author":{"gitId":"viki0526"},"content":"import java.io.BufferedWriter;","lastModifiedDate":"2022-01-27"},{"lineNumber":5,"author":{"gitId":"viki0526"},"content":"import java.io.File;","lastModifiedDate":"2022-01-27"},{"lineNumber":6,"author":{"gitId":"viki0526"},"content":"import java.io.FileReader;","lastModifiedDate":"2022-01-27"},{"lineNumber":7,"author":{"gitId":"viki0526"},"content":"import java.io.FileWriter;","lastModifiedDate":"2022-01-27"},{"lineNumber":8,"author":{"gitId":"viki0526"},"content":"import java.io.IOException;","lastModifiedDate":"2022-01-27"},{"lineNumber":9,"author":{"gitId":"viki0526"},"content":"import java.time.LocalDate;","lastModifiedDate":"2022-01-27"},{"lineNumber":10,"author":{"gitId":"viki0526"},"content":"import java.util.ArrayList;","lastModifiedDate":"2022-01-27"},{"lineNumber":11,"author":{"gitId":"viki0526"},"content":"","lastModifiedDate":"2022-01-27"},{"lineNumber":12,"author":{"gitId":"viki0526"},"content":"public class Storage {","lastModifiedDate":"2022-01-27"},{"lineNumber":13,"author":{"gitId":"viki0526"},"content":"","lastModifiedDate":"2022-01-27"},{"lineNumber":14,"author":{"gitId":"viki0526"},"content":"    private String filepath;","lastModifiedDate":"2022-01-27"},{"lineNumber":15,"author":{"gitId":"viki0526"},"content":"","lastModifiedDate":"2022-01-27"},{"lineNumber":16,"author":{"gitId":"viki0526"},"content":"    public Storage(String filepath) {","lastModifiedDate":"2022-01-27"},{"lineNumber":17,"author":{"gitId":"viki0526"},"content":"        this.filepath \u003d filepath;","lastModifiedDate":"2022-01-27"},{"lineNumber":18,"author":{"gitId":"viki0526"},"content":"    }","lastModifiedDate":"2022-01-27"},{"lineNumber":19,"author":{"gitId":"viki0526"},"content":"","lastModifiedDate":"2022-01-27"},{"lineNumber":20,"author":{"gitId":"viki0526"},"content":"    /**","lastModifiedDate":"2022-01-28"},{"lineNumber":21,"author":{"gitId":"viki0526"},"content":"     * Reads tasks from the text file to","lastModifiedDate":"2022-01-28"},{"lineNumber":22,"author":{"gitId":"viki0526"},"content":"     * an ArrayList","lastModifiedDate":"2022-01-28"},{"lineNumber":23,"author":{"gitId":"viki0526"},"content":"     *","lastModifiedDate":"2022-01-28"},{"lineNumber":24,"author":{"gitId":"viki0526"},"content":"     * @return ArrayList of tasks.","lastModifiedDate":"2022-01-28"},{"lineNumber":25,"author":{"gitId":"viki0526"},"content":"     * @throws IOException","lastModifiedDate":"2022-01-28"},{"lineNumber":26,"author":{"gitId":"viki0526"},"content":"     */","lastModifiedDate":"2022-01-28"},{"lineNumber":27,"author":{"gitId":"viki0526"},"content":"    public ArrayList\u003cTask\u003e readTasks() throws IOException{","lastModifiedDate":"2022-01-27"},{"lineNumber":28,"author":{"gitId":"viki0526"},"content":"        ArrayList\u003cTask\u003e taskList \u003d new ArrayList\u003c\u003e();","lastModifiedDate":"2022-01-27"},{"lineNumber":29,"author":{"gitId":"viki0526"},"content":"","lastModifiedDate":"2022-01-27"},{"lineNumber":30,"author":{"gitId":"viki0526"},"content":"            File file \u003d new File(","lastModifiedDate":"2022-01-27"},{"lineNumber":31,"author":{"gitId":"viki0526"},"content":"                    filepath);","lastModifiedDate":"2022-01-27"},{"lineNumber":32,"author":{"gitId":"viki0526"},"content":"            file.createNewFile();","lastModifiedDate":"2022-01-27"},{"lineNumber":33,"author":{"gitId":"viki0526"},"content":"","lastModifiedDate":"2022-01-27"},{"lineNumber":34,"author":{"gitId":"viki0526"},"content":"            BufferedReader br","lastModifiedDate":"2022-01-27"},{"lineNumber":35,"author":{"gitId":"viki0526"},"content":"                    \u003d new BufferedReader(new FileReader(file));","lastModifiedDate":"2022-01-27"},{"lineNumber":36,"author":{"gitId":"viki0526"},"content":"","lastModifiedDate":"2022-01-27"},{"lineNumber":37,"author":{"gitId":"viki0526"},"content":"            String st;","lastModifiedDate":"2022-01-27"},{"lineNumber":38,"author":{"gitId":"viki0526"},"content":"","lastModifiedDate":"2022-01-27"},{"lineNumber":39,"author":{"gitId":"viki0526"},"content":"            while ((st \u003d br.readLine()) !\u003d null) {","lastModifiedDate":"2022-01-27"},{"lineNumber":40,"author":{"gitId":"viki0526"},"content":"                String[] words \u003d st.split(\",\");","lastModifiedDate":"2022-01-27"},{"lineNumber":41,"author":{"gitId":"viki0526"},"content":"                if(words[0].equals(\"TODO\")) {","lastModifiedDate":"2022-01-27"},{"lineNumber":42,"author":{"gitId":"viki0526"},"content":"                    taskList.add(new Todo(words[2], words[1].equals(\"true\")));","lastModifiedDate":"2022-01-27"},{"lineNumber":43,"author":{"gitId":"viki0526"},"content":"                } else if (words[0].equals(\"DEADLINE\")) {","lastModifiedDate":"2022-01-27"},{"lineNumber":44,"author":{"gitId":"viki0526"},"content":"                    taskList.add(new Deadline(words[2], LocalDate.parse(words[3]), words[1].equals(\"true\")));","lastModifiedDate":"2022-01-27"},{"lineNumber":45,"author":{"gitId":"viki0526"},"content":"                } else if (words[0].equals(\"EVENT\")) {","lastModifiedDate":"2022-01-27"},{"lineNumber":46,"author":{"gitId":"viki0526"},"content":"                    taskList.add(new Event(words[2], LocalDate.parse(words[3]), words[1].equals(\"true\")));","lastModifiedDate":"2022-01-27"},{"lineNumber":47,"author":{"gitId":"viki0526"},"content":"                }","lastModifiedDate":"2022-01-27"},{"lineNumber":48,"author":{"gitId":"viki0526"},"content":"            }","lastModifiedDate":"2022-01-27"},{"lineNumber":49,"author":{"gitId":"viki0526"},"content":"","lastModifiedDate":"2022-01-27"},{"lineNumber":50,"author":{"gitId":"viki0526"},"content":"        return taskList;","lastModifiedDate":"2022-01-27"},{"lineNumber":51,"author":{"gitId":"viki0526"},"content":"    }","lastModifiedDate":"2022-01-27"},{"lineNumber":52,"author":{"gitId":"viki0526"},"content":"","lastModifiedDate":"2022-01-27"},{"lineNumber":53,"author":{"gitId":"viki0526"},"content":"    /**","lastModifiedDate":"2022-01-28"},{"lineNumber":54,"author":{"gitId":"viki0526"},"content":"     * Writes task from ArrayList to text file","lastModifiedDate":"2022-01-28"},{"lineNumber":55,"author":{"gitId":"viki0526"},"content":"     *","lastModifiedDate":"2022-01-28"},{"lineNumber":56,"author":{"gitId":"viki0526"},"content":"     * @param t  ArrayList of tasks.","lastModifiedDate":"2022-01-28"},{"lineNumber":57,"author":{"gitId":"viki0526"},"content":"     */","lastModifiedDate":"2022-01-28"},{"lineNumber":58,"author":{"gitId":"viki0526"},"content":"    public void writeTasks(ArrayList\u003cTask\u003e t) {","lastModifiedDate":"2022-01-27"},{"lineNumber":59,"author":{"gitId":"viki0526"},"content":"        try {","lastModifiedDate":"2022-01-27"},{"lineNumber":60,"author":{"gitId":"viki0526"},"content":"            File file \u003d new File(\"tasklist.txt\");","lastModifiedDate":"2022-01-27"},{"lineNumber":61,"author":{"gitId":"viki0526"},"content":"            FileWriter writer \u003d new FileWriter(file);","lastModifiedDate":"2022-01-27"},{"lineNumber":62,"author":{"gitId":"viki0526"},"content":"            BufferedWriter bw \u003d new BufferedWriter(writer);","lastModifiedDate":"2022-01-27"},{"lineNumber":63,"author":{"gitId":"viki0526"},"content":"","lastModifiedDate":"2022-01-27"},{"lineNumber":64,"author":{"gitId":"viki0526"},"content":"            for(int i \u003d 0; i \u003c t.size(); i++) {","lastModifiedDate":"2022-01-27"},{"lineNumber":65,"author":{"gitId":"viki0526"},"content":"                bw.write(t.get(i).getTaskString() + \"\\n\");","lastModifiedDate":"2022-01-27"},{"lineNumber":66,"author":{"gitId":"viki0526"},"content":"            }","lastModifiedDate":"2022-01-27"},{"lineNumber":67,"author":{"gitId":"viki0526"},"content":"","lastModifiedDate":"2022-01-27"},{"lineNumber":68,"author":{"gitId":"viki0526"},"content":"            bw.close();","lastModifiedDate":"2022-01-27"},{"lineNumber":69,"author":{"gitId":"viki0526"},"content":"        } catch (IOException e) {","lastModifiedDate":"2022-01-27"},{"lineNumber":70,"author":{"gitId":"viki0526"},"content":"            e.printStackTrace();","lastModifiedDate":"2022-01-27"},{"lineNumber":71,"author":{"gitId":"viki0526"},"content":"        }","lastModifiedDate":"2022-01-27"},{"lineNumber":72,"author":{"gitId":"viki0526"},"content":"    }","lastModifiedDate":"2022-01-27"},{"lineNumber":73,"author":{"gitId":"viki0526"},"content":"}","lastModifiedDate":"2022-01-27"}],"authorContributionMap":{"viki0526":73}},{"path":"src/main/java/johnny/Task.java","fileType":"java","lines":[{"lineNumber":1,"author":{"gitId":"viki0526"},"content":"package johnny;","lastModifiedDate":"2022-01-27"},{"lineNumber":2,"author":{"gitId":"viki0526"},"content":"","lastModifiedDate":"2022-01-27"},{"lineNumber":3,"author":{"gitId":"viki0526"},"content":"public class Task {","lastModifiedDate":"2022-01-20"},{"lineNumber":4,"author":{"gitId":"viki0526"},"content":"    protected String description;","lastModifiedDate":"2022-01-26"},{"lineNumber":5,"author":{"gitId":"viki0526"},"content":"    protected boolean isDone;","lastModifiedDate":"2022-01-26"},{"lineNumber":6,"author":{"gitId":"viki0526"},"content":"","lastModifiedDate":"2022-01-20"},{"lineNumber":7,"author":{"gitId":"viki0526"},"content":"    public Task(String description, boolean isDone) {","lastModifiedDate":"2022-01-26"},{"lineNumber":8,"author":{"gitId":"viki0526"},"content":"        this.description \u003d description;","lastModifiedDate":"2022-01-20"},{"lineNumber":9,"author":{"gitId":"viki0526"},"content":"        this.isDone \u003d isDone;","lastModifiedDate":"2022-01-26"},{"lineNumber":10,"author":{"gitId":"viki0526"},"content":"    }","lastModifiedDate":"2022-01-20"},{"lineNumber":11,"author":{"gitId":"viki0526"},"content":"","lastModifiedDate":"2022-01-20"},{"lineNumber":12,"author":{"gitId":"viki0526"},"content":"    public String getStatusIcon() {","lastModifiedDate":"2022-01-20"},{"lineNumber":13,"author":{"gitId":"viki0526"},"content":"        return (isDone ? \"X\" : \" \");","lastModifiedDate":"2022-01-26"},{"lineNumber":14,"author":{"gitId":"viki0526"},"content":"    }","lastModifiedDate":"2022-01-26"},{"lineNumber":15,"author":{"gitId":"viki0526"},"content":"","lastModifiedDate":"2022-01-26"},{"lineNumber":16,"author":{"gitId":"viki0526"},"content":"    public String getTaskString() {","lastModifiedDate":"2022-01-26"},{"lineNumber":17,"author":{"gitId":"viki0526"},"content":"        return \"TASK\" + \",\" + this.isDone + \",\" + this.description;","lastModifiedDate":"2022-01-26"},{"lineNumber":18,"author":{"gitId":"viki0526"},"content":"    }","lastModifiedDate":"2022-01-20"},{"lineNumber":19,"author":{"gitId":"viki0526"},"content":"","lastModifiedDate":"2022-01-20"},{"lineNumber":20,"author":{"gitId":"viki0526"},"content":"    @Override","lastModifiedDate":"2022-01-20"},{"lineNumber":21,"author":{"gitId":"viki0526"},"content":"    public String toString() {","lastModifiedDate":"2022-01-20"},{"lineNumber":22,"author":{"gitId":"viki0526"},"content":"        return \"[\" + this.getStatusIcon() + \"] \" + this.description;","lastModifiedDate":"2022-01-20"},{"lineNumber":23,"author":{"gitId":"viki0526"},"content":"    }","lastModifiedDate":"2022-01-20"},{"lineNumber":24,"author":{"gitId":"viki0526"},"content":"","lastModifiedDate":"2022-01-20"},{"lineNumber":25,"author":{"gitId":"viki0526"},"content":"    public String getDescription() {","lastModifiedDate":"2022-01-20"},{"lineNumber":26,"author":{"gitId":"viki0526"},"content":"        return this.description;","lastModifiedDate":"2022-01-20"},{"lineNumber":27,"author":{"gitId":"viki0526"},"content":"    }","lastModifiedDate":"2022-01-20"},{"lineNumber":28,"author":{"gitId":"viki0526"},"content":"","lastModifiedDate":"2022-01-20"},{"lineNumber":29,"author":{"gitId":"viki0526"},"content":"    public void markAsDone() {","lastModifiedDate":"2022-01-20"},{"lineNumber":30,"author":{"gitId":"viki0526"},"content":"        this.isDone \u003d true;","lastModifiedDate":"2022-01-20"},{"lineNumber":31,"author":{"gitId":"viki0526"},"content":"    }","lastModifiedDate":"2022-01-20"},{"lineNumber":32,"author":{"gitId":"viki0526"},"content":"","lastModifiedDate":"2022-01-20"},{"lineNumber":33,"author":{"gitId":"viki0526"},"content":"    public void markAsUndone() {","lastModifiedDate":"2022-01-20"},{"lineNumber":34,"author":{"gitId":"viki0526"},"content":"        this.isDone \u003d false;","lastModifiedDate":"2022-01-20"},{"lineNumber":35,"author":{"gitId":"viki0526"},"content":"    }","lastModifiedDate":"2022-01-20"},{"lineNumber":36,"author":{"gitId":"viki0526"},"content":"}","lastModifiedDate":"2022-01-20"}],"authorContributionMap":{"viki0526":36}},{"path":"src/main/java/johnny/Todo.java","fileType":"java","lines":[{"lineNumber":1,"author":{"gitId":"viki0526"},"content":"package johnny;","lastModifiedDate":"2022-01-27"},{"lineNumber":2,"author":{"gitId":"viki0526"},"content":"","lastModifiedDate":"2022-01-27"},{"lineNumber":3,"author":{"gitId":"viki0526"},"content":"public class Todo extends Task {","lastModifiedDate":"2022-01-20"},{"lineNumber":4,"author":{"gitId":"viki0526"},"content":"","lastModifiedDate":"2022-01-20"},{"lineNumber":5,"author":{"gitId":"viki0526"},"content":"    public Todo(String description, boolean isDone) {","lastModifiedDate":"2022-01-26"},{"lineNumber":6,"author":{"gitId":"viki0526"},"content":"        super(description, isDone);","lastModifiedDate":"2022-01-26"},{"lineNumber":7,"author":{"gitId":"viki0526"},"content":"    }","lastModifiedDate":"2022-01-26"},{"lineNumber":8,"author":{"gitId":"viki0526"},"content":"","lastModifiedDate":"2022-01-26"},{"lineNumber":9,"author":{"gitId":"viki0526"},"content":"    @Override","lastModifiedDate":"2022-01-26"},{"lineNumber":10,"author":{"gitId":"viki0526"},"content":"    public String getTaskString() {","lastModifiedDate":"2022-01-26"},{"lineNumber":11,"author":{"gitId":"viki0526"},"content":"        return \"TODO\" + \",\" + super.isDone + \",\" + super.description;","lastModifiedDate":"2022-01-26"},{"lineNumber":12,"author":{"gitId":"viki0526"},"content":"    }","lastModifiedDate":"2022-01-20"},{"lineNumber":13,"author":{"gitId":"viki0526"},"content":"","lastModifiedDate":"2022-01-20"},{"lineNumber":14,"author":{"gitId":"viki0526"},"content":"    @Override","lastModifiedDate":"2022-01-20"},{"lineNumber":15,"author":{"gitId":"viki0526"},"content":"    public String toString() {","lastModifiedDate":"2022-01-20"},{"lineNumber":16,"author":{"gitId":"viki0526"},"content":"        return \"[T] [\" + this.getStatusIcon() + \"] \" + super.getDescription();","lastModifiedDate":"2022-01-20"},{"lineNumber":17,"author":{"gitId":"viki0526"},"content":"    }","lastModifiedDate":"2022-01-20"},{"lineNumber":18,"author":{"gitId":"viki0526"},"content":"","lastModifiedDate":"2022-01-20"},{"lineNumber":19,"author":{"gitId":"viki0526"},"content":"}","lastModifiedDate":"2022-01-20"}],"authorContributionMap":{"viki0526":19}},{"path":"src/main/java/johnny/Ui.java","fileType":"java","lines":[{"lineNumber":1,"author":{"gitId":"viki0526"},"content":"package johnny;","lastModifiedDate":"2022-01-27"},{"lineNumber":2,"author":{"gitId":"viki0526"},"content":"","lastModifiedDate":"2022-01-27"},{"lineNumber":3,"author":{"gitId":"viki0526"},"content":"import java.time.DateTimeException;","lastModifiedDate":"2022-01-27"},{"lineNumber":4,"author":{"gitId":"viki0526"},"content":"import java.time.LocalDate;","lastModifiedDate":"2022-01-27"},{"lineNumber":5,"author":{"gitId":"viki0526"},"content":"import java.util.ArrayList;","lastModifiedDate":"2022-01-27"},{"lineNumber":6,"author":{"gitId":"viki0526"},"content":"import java.util.Scanner;","lastModifiedDate":"2022-01-27"},{"lineNumber":7,"author":{"gitId":"viki0526"},"content":"","lastModifiedDate":"2022-01-27"},{"lineNumber":8,"author":{"gitId":"viki0526"},"content":"public class Ui {","lastModifiedDate":"2022-01-27"},{"lineNumber":9,"author":{"gitId":"viki0526"},"content":"","lastModifiedDate":"2022-01-27"},{"lineNumber":10,"author":{"gitId":"viki0526"},"content":"    private InputList tasks;","lastModifiedDate":"2022-01-27"},{"lineNumber":11,"author":{"gitId":"viki0526"},"content":"    private Storage store;","lastModifiedDate":"2022-01-27"},{"lineNumber":12,"author":{"gitId":"viki0526"},"content":"","lastModifiedDate":"2022-01-27"},{"lineNumber":13,"author":{"gitId":"viki0526"},"content":"    public Ui(InputList tasks, Storage store) {","lastModifiedDate":"2022-01-27"},{"lineNumber":14,"author":{"gitId":"viki0526"},"content":"        this.tasks \u003d tasks;","lastModifiedDate":"2022-01-27"},{"lineNumber":15,"author":{"gitId":"viki0526"},"content":"        this.store \u003d store;","lastModifiedDate":"2022-01-27"},{"lineNumber":16,"author":{"gitId":"viki0526"},"content":"    }","lastModifiedDate":"2022-01-27"},{"lineNumber":17,"author":{"gitId":"viki0526"},"content":"","lastModifiedDate":"2022-01-27"},{"lineNumber":18,"author":{"gitId":"viki0526"},"content":"    public void handleUi() throws InvalidArgumentsException, EmptyDescriptionException, NoDateException, DateTimeException{","lastModifiedDate":"2022-01-27"},{"lineNumber":19,"author":{"gitId":"viki0526"},"content":"        System.out.println(\"Hello! I\u0027m Johnny \\n\" + \"What can I do for you?\");","lastModifiedDate":"2022-01-28"},{"lineNumber":20,"author":{"gitId":"viki0526"},"content":"        Scanner sc \u003d new Scanner(System.in);","lastModifiedDate":"2022-01-27"},{"lineNumber":21,"author":{"gitId":"viki0526"},"content":"        String input;","lastModifiedDate":"2022-01-27"},{"lineNumber":22,"author":{"gitId":"viki0526"},"content":"        while(true) {","lastModifiedDate":"2022-01-27"},{"lineNumber":23,"author":{"gitId":"viki0526"},"content":"            input \u003d sc.nextLine();","lastModifiedDate":"2022-01-27"},{"lineNumber":24,"author":{"gitId":"viki0526"},"content":"            Parser parser \u003d new Parser(input);","lastModifiedDate":"2022-01-27"},{"lineNumber":25,"author":{"gitId":"viki0526"},"content":"            ArrayList\u003cString\u003e parseOutput \u003d parser.parse();","lastModifiedDate":"2022-01-27"},{"lineNumber":26,"author":{"gitId":"viki0526"},"content":"            String commandTag \u003d parseOutput.get(0);","lastModifiedDate":"2022-01-27"},{"lineNumber":27,"author":{"gitId":"viki0526"},"content":"","lastModifiedDate":"2022-01-27"},{"lineNumber":28,"author":{"gitId":"viki0526"},"content":"            if(commandTag.equals(Parser.TERMINATE)) {","lastModifiedDate":"2022-01-27"},{"lineNumber":29,"author":{"gitId":"viki0526"},"content":"                tasks.writeToFile(this.store);","lastModifiedDate":"2022-01-27"},{"lineNumber":30,"author":{"gitId":"viki0526"},"content":"","lastModifiedDate":"2022-01-27"},{"lineNumber":31,"author":{"gitId":"viki0526"},"content":"                System.out.println(\"Bye. Hope to see you again soon!\");","lastModifiedDate":"2022-01-27"},{"lineNumber":32,"author":{"gitId":"viki0526"},"content":"                break;","lastModifiedDate":"2022-01-27"},{"lineNumber":33,"author":{"gitId":"viki0526"},"content":"            }","lastModifiedDate":"2022-01-27"},{"lineNumber":34,"author":{"gitId":"viki0526"},"content":"            else if(commandTag.equals(Parser.PRINT_LIST)) {","lastModifiedDate":"2022-01-27"},{"lineNumber":35,"author":{"gitId":"viki0526"},"content":"                System.out.println(\"Here are the tasks in your list:\");","lastModifiedDate":"2022-01-27"},{"lineNumber":36,"author":{"gitId":"viki0526"},"content":"                tasks.printList();","lastModifiedDate":"2022-01-27"},{"lineNumber":37,"author":{"gitId":"viki0526"},"content":"            }","lastModifiedDate":"2022-01-27"},{"lineNumber":38,"author":{"gitId":"viki0526"},"content":"            else if(commandTag.equals(Parser.MARK)) {","lastModifiedDate":"2022-01-27"},{"lineNumber":39,"author":{"gitId":"viki0526"},"content":"                tasks.mark(Integer.parseInt(parseOutput.get(1)));","lastModifiedDate":"2022-01-27"},{"lineNumber":40,"author":{"gitId":"viki0526"},"content":"            }","lastModifiedDate":"2022-01-27"},{"lineNumber":41,"author":{"gitId":"viki0526"},"content":"            else if(commandTag.equals(Parser.UNMARK)) {","lastModifiedDate":"2022-01-27"},{"lineNumber":42,"author":{"gitId":"viki0526"},"content":"                tasks.unmark(Integer.parseInt(parseOutput.get(1)));","lastModifiedDate":"2022-01-27"},{"lineNumber":43,"author":{"gitId":"viki0526"},"content":"            }","lastModifiedDate":"2022-01-27"},{"lineNumber":44,"author":{"gitId":"viki0526"},"content":"            else if(commandTag.equals(Parser.DELETE)) {","lastModifiedDate":"2022-01-27"},{"lineNumber":45,"author":{"gitId":"viki0526"},"content":"                tasks.delete(Integer.parseInt(parseOutput.get(1)));","lastModifiedDate":"2022-01-27"},{"lineNumber":46,"author":{"gitId":"viki0526"},"content":"            }","lastModifiedDate":"2022-01-27"},{"lineNumber":47,"author":{"gitId":"viki0526"},"content":"            else if(commandTag.equals(Parser.FIND_EVENT)) {","lastModifiedDate":"2022-01-28"},{"lineNumber":48,"author":{"gitId":"viki0526"},"content":"                System.out.println(\"Here are the matching tasks in your list:\");","lastModifiedDate":"2022-01-28"},{"lineNumber":49,"author":{"gitId":"viki0526"},"content":"                tasks.searchEventAndPrint(parseOutput.get(1));","lastModifiedDate":"2022-01-28"},{"lineNumber":50,"author":{"gitId":"viki0526"},"content":"            }","lastModifiedDate":"2022-01-28"},{"lineNumber":51,"author":{"gitId":"viki0526"},"content":"            else if(commandTag.equals(Parser.ADD_TODO)) {","lastModifiedDate":"2022-01-27"},{"lineNumber":52,"author":{"gitId":"viki0526"},"content":"","lastModifiedDate":"2022-01-27"},{"lineNumber":53,"author":{"gitId":"viki0526"},"content":"                Task newTask \u003d new Todo(parseOutput.get(1), false);","lastModifiedDate":"2022-01-27"},{"lineNumber":54,"author":{"gitId":"viki0526"},"content":"                tasks.add(newTask);","lastModifiedDate":"2022-01-27"},{"lineNumber":55,"author":{"gitId":"viki0526"},"content":"","lastModifiedDate":"2022-01-27"},{"lineNumber":56,"author":{"gitId":"viki0526"},"content":"                System.out.println(\"Got it! I\u0027ve added this task:\");","lastModifiedDate":"2022-01-27"},{"lineNumber":57,"author":{"gitId":"viki0526"},"content":"                System.out.println(newTask);","lastModifiedDate":"2022-01-27"},{"lineNumber":58,"author":{"gitId":"viki0526"},"content":"                System.out.println(\"Now you have \" + tasks.getCount() + \" tasks in your list.\");","lastModifiedDate":"2022-01-27"},{"lineNumber":59,"author":{"gitId":"viki0526"},"content":"            }","lastModifiedDate":"2022-01-27"},{"lineNumber":60,"author":{"gitId":"viki0526"},"content":"            else if(commandTag.equals(Parser.ADD_DEADLINE)) {","lastModifiedDate":"2022-01-27"},{"lineNumber":61,"author":{"gitId":"viki0526"},"content":"","lastModifiedDate":"2022-01-27"},{"lineNumber":62,"author":{"gitId":"viki0526"},"content":"                Task newTask \u003d new Deadline(parseOutput.get(1),","lastModifiedDate":"2022-01-27"},{"lineNumber":63,"author":{"gitId":"viki0526"},"content":"                        LocalDate.parse(parseOutput.get(2)), false);","lastModifiedDate":"2022-01-27"},{"lineNumber":64,"author":{"gitId":"viki0526"},"content":"","lastModifiedDate":"2022-01-27"},{"lineNumber":65,"author":{"gitId":"viki0526"},"content":"                tasks.add(newTask);","lastModifiedDate":"2022-01-27"},{"lineNumber":66,"author":{"gitId":"viki0526"},"content":"","lastModifiedDate":"2022-01-27"},{"lineNumber":67,"author":{"gitId":"viki0526"},"content":"                System.out.println(\"Got it! I\u0027ve added this task:\");","lastModifiedDate":"2022-01-27"},{"lineNumber":68,"author":{"gitId":"viki0526"},"content":"                System.out.println(newTask);","lastModifiedDate":"2022-01-27"},{"lineNumber":69,"author":{"gitId":"viki0526"},"content":"                System.out.println(\"Now you have \" + tasks.getCount() + \" tasks in your list.\");","lastModifiedDate":"2022-01-27"},{"lineNumber":70,"author":{"gitId":"viki0526"},"content":"            }","lastModifiedDate":"2022-01-27"},{"lineNumber":71,"author":{"gitId":"viki0526"},"content":"            else if(commandTag.equals(Parser.ADD_EVENT)) {","lastModifiedDate":"2022-01-27"},{"lineNumber":72,"author":{"gitId":"viki0526"},"content":"","lastModifiedDate":"2022-01-27"},{"lineNumber":73,"author":{"gitId":"viki0526"},"content":"                Task newTask \u003d new Event(parseOutput.get(1),","lastModifiedDate":"2022-01-27"},{"lineNumber":74,"author":{"gitId":"viki0526"},"content":"                        LocalDate.parse(parseOutput.get(2)), false);","lastModifiedDate":"2022-01-27"},{"lineNumber":75,"author":{"gitId":"viki0526"},"content":"","lastModifiedDate":"2022-01-27"},{"lineNumber":76,"author":{"gitId":"viki0526"},"content":"                tasks.add(newTask);","lastModifiedDate":"2022-01-27"},{"lineNumber":77,"author":{"gitId":"viki0526"},"content":"","lastModifiedDate":"2022-01-27"},{"lineNumber":78,"author":{"gitId":"viki0526"},"content":"                System.out.println(\"Got it! I\u0027ve added this task:\");","lastModifiedDate":"2022-01-27"},{"lineNumber":79,"author":{"gitId":"viki0526"},"content":"                System.out.println(newTask);","lastModifiedDate":"2022-01-27"},{"lineNumber":80,"author":{"gitId":"viki0526"},"content":"                System.out.println(\"Now you have \" + tasks.getCount() + \" tasks in your list.\");","lastModifiedDate":"2022-01-27"},{"lineNumber":81,"author":{"gitId":"viki0526"},"content":"            }","lastModifiedDate":"2022-01-27"},{"lineNumber":82,"author":{"gitId":"viki0526"},"content":"            else {","lastModifiedDate":"2022-01-27"},{"lineNumber":83,"author":{"gitId":"viki0526"},"content":"                throw new InvalidArgumentsException(input);","lastModifiedDate":"2022-01-27"},{"lineNumber":84,"author":{"gitId":"viki0526"},"content":"            }","lastModifiedDate":"2022-01-27"},{"lineNumber":85,"author":{"gitId":"viki0526"},"content":"        }","lastModifiedDate":"2022-01-27"},{"lineNumber":86,"author":{"gitId":"viki0526"},"content":"    }","lastModifiedDate":"2022-01-27"},{"lineNumber":87,"author":{"gitId":"viki0526"},"content":"}","lastModifiedDate":"2022-01-27"},{"lineNumber":88,"author":{"gitId":"viki0526"},"content":"","lastModifiedDate":"2022-01-27"}],"authorContributionMap":{"viki0526":88}},{"path":"src/test/java/ParserTest.java","fileType":"java","lines":[{"lineNumber":1,"author":{"gitId":"viki0526"},"content":"import johnny.Parser;","lastModifiedDate":"2022-01-28"},{"lineNumber":2,"author":{"gitId":"viki0526"},"content":"import org.junit.jupiter.api.Test;","lastModifiedDate":"2022-01-28"},{"lineNumber":3,"author":{"gitId":"viki0526"},"content":"import static org.junit.jupiter.api.Assertions.assertEquals;","lastModifiedDate":"2022-01-28"},{"lineNumber":4,"author":{"gitId":"viki0526"},"content":"import static org.junit.jupiter.api.Assertions.fail;","lastModifiedDate":"2022-01-28"},{"lineNumber":5,"author":{"gitId":"viki0526"},"content":"","lastModifiedDate":"2022-01-28"},{"lineNumber":6,"author":{"gitId":"viki0526"},"content":"import java.util.ArrayList;","lastModifiedDate":"2022-01-28"},{"lineNumber":7,"author":{"gitId":"viki0526"},"content":"","lastModifiedDate":"2022-01-28"},{"lineNumber":8,"author":{"gitId":"viki0526"},"content":"public class ParserTest {","lastModifiedDate":"2022-01-28"},{"lineNumber":9,"author":{"gitId":"viki0526"},"content":"","lastModifiedDate":"2022-01-28"},{"lineNumber":10,"author":{"gitId":"viki0526"},"content":"    @Test","lastModifiedDate":"2022-01-28"},{"lineNumber":11,"author":{"gitId":"viki0526"},"content":"    public void parse_addTodoTask_success() throws Exception{","lastModifiedDate":"2022-01-28"},{"lineNumber":12,"author":{"gitId":"viki0526"},"content":"        ArrayList\u003cString\u003e expected \u003d new ArrayList\u003c\u003e();","lastModifiedDate":"2022-01-28"},{"lineNumber":13,"author":{"gitId":"viki0526"},"content":"        expected.add(Parser.ADD_TODO);","lastModifiedDate":"2022-01-28"},{"lineNumber":14,"author":{"gitId":"viki0526"},"content":"        expected.add(\"Attend tutorial\");","lastModifiedDate":"2022-01-28"},{"lineNumber":15,"author":{"gitId":"viki0526"},"content":"","lastModifiedDate":"2022-01-28"},{"lineNumber":16,"author":{"gitId":"viki0526"},"content":"        assertEquals(expected, new Parser(\"todo Attend tutorial\").parse());","lastModifiedDate":"2022-01-28"},{"lineNumber":17,"author":{"gitId":"viki0526"},"content":"    }","lastModifiedDate":"2022-01-28"},{"lineNumber":18,"author":{"gitId":"viki0526"},"content":"","lastModifiedDate":"2022-01-28"},{"lineNumber":19,"author":{"gitId":"viki0526"},"content":"","lastModifiedDate":"2022-01-28"},{"lineNumber":20,"author":{"gitId":"viki0526"},"content":"}","lastModifiedDate":"2022-01-28"}],"authorContributionMap":{"viki0526":20}},{"path":"src/test/java/TaskTest.java","fileType":"java","lines":[{"lineNumber":1,"author":{"gitId":"viki0526"},"content":"import johnny.Task;","lastModifiedDate":"2022-01-28"},{"lineNumber":2,"author":{"gitId":"viki0526"},"content":"import org.junit.jupiter.api.Test;","lastModifiedDate":"2022-01-28"},{"lineNumber":3,"author":{"gitId":"viki0526"},"content":"","lastModifiedDate":"2022-01-28"},{"lineNumber":4,"author":{"gitId":"viki0526"},"content":"import static org.junit.jupiter.api.Assertions.assertEquals;","lastModifiedDate":"2022-01-28"},{"lineNumber":5,"author":{"gitId":"viki0526"},"content":"","lastModifiedDate":"2022-01-28"},{"lineNumber":6,"author":{"gitId":"viki0526"},"content":"public class TaskTest {","lastModifiedDate":"2022-01-28"},{"lineNumber":7,"author":{"gitId":"viki0526"},"content":"","lastModifiedDate":"2022-01-28"},{"lineNumber":8,"author":{"gitId":"viki0526"},"content":"    @Test","lastModifiedDate":"2022-01-28"},{"lineNumber":9,"author":{"gitId":"viki0526"},"content":"    public void getTaskString_todoTask_success() {","lastModifiedDate":"2022-01-28"},{"lineNumber":10,"author":{"gitId":"viki0526"},"content":"        assertEquals(\"[ ] Attend tutorial\", new Task(\"Attend tutorial\", false).toString());","lastModifiedDate":"2022-01-28"},{"lineNumber":11,"author":{"gitId":"viki0526"},"content":"    }","lastModifiedDate":"2022-01-28"},{"lineNumber":12,"author":{"gitId":"viki0526"},"content":"}","lastModifiedDate":"2022-01-28"}],"authorContributionMap":{"viki0526":12}},{"path":"text-ui-test/input.txt","fileType":"txt","lines":[{"lineNumber":1,"author":{"gitId":"viki0526"},"content":"todo borrow book","lastModifiedDate":"2022-01-20"},{"lineNumber":2,"author":{"gitId":"viki0526"},"content":"list","lastModifiedDate":"2022-01-20"},{"lineNumber":3,"author":{"gitId":"viki0526"},"content":"deadline return book /by Sunday","lastModifiedDate":"2022-01-20"},{"lineNumber":4,"author":{"gitId":"viki0526"},"content":"event project meeting /at Mon 2-4pm","lastModifiedDate":"2022-01-20"}],"authorContributionMap":{"viki0526":4}},{"path":"text-ui-test/runtest.sh","fileType":"sh","lines":[{"lineNumber":1,"author":{"gitId":"-"},"content":"#!/usr/bin/env bash","lastModifiedDate":"2020-05-25"},{"lineNumber":2,"author":{"gitId":"-"},"content":"","lastModifiedDate":"2020-05-25"},{"lineNumber":3,"author":{"gitId":"-"},"content":"# create bin directory if it doesn\u0027t exist","lastModifiedDate":"2020-05-25"},{"lineNumber":4,"author":{"gitId":"-"},"content":"if [ ! -d \"../bin\" ]","lastModifiedDate":"2020-05-25"},{"lineNumber":5,"author":{"gitId":"-"},"content":"then","lastModifiedDate":"2020-05-25"},{"lineNumber":6,"author":{"gitId":"-"},"content":"    mkdir ../bin","lastModifiedDate":"2020-05-25"},{"lineNumber":7,"author":{"gitId":"-"},"content":"fi","lastModifiedDate":"2020-05-25"},{"lineNumber":8,"author":{"gitId":"-"},"content":"","lastModifiedDate":"2020-05-25"},{"lineNumber":9,"author":{"gitId":"-"},"content":"# delete output from previous run","lastModifiedDate":"2020-05-25"},{"lineNumber":10,"author":{"gitId":"-"},"content":"if [ -e \"./ACTUAL.TXT\" ]","lastModifiedDate":"2020-05-25"},{"lineNumber":11,"author":{"gitId":"-"},"content":"then","lastModifiedDate":"2020-05-25"},{"lineNumber":12,"author":{"gitId":"-"},"content":"    rm ACTUAL.TXT","lastModifiedDate":"2020-05-25"},{"lineNumber":13,"author":{"gitId":"-"},"content":"fi","lastModifiedDate":"2020-05-25"},{"lineNumber":14,"author":{"gitId":"-"},"content":"","lastModifiedDate":"2020-05-25"},{"lineNumber":15,"author":{"gitId":"-"},"content":"# compile the code into the bin folder, terminates if error occurred","lastModifiedDate":"2020-05-25"},{"lineNumber":16,"author":{"gitId":"-"},"content":"if ! javac -cp ../src/main/java -Xlint:none -d ../bin ../src/main/java/*.java","lastModifiedDate":"2020-08-25"},{"lineNumber":17,"author":{"gitId":"-"},"content":"then","lastModifiedDate":"2020-05-25"},{"lineNumber":18,"author":{"gitId":"-"},"content":"    echo \"********** BUILD FAILURE **********\"","lastModifiedDate":"2020-05-25"},{"lineNumber":19,"author":{"gitId":"-"},"content":"    exit 1","lastModifiedDate":"2020-05-25"},{"lineNumber":20,"author":{"gitId":"-"},"content":"fi","lastModifiedDate":"2020-05-25"},{"lineNumber":21,"author":{"gitId":"-"},"content":"","lastModifiedDate":"2020-05-25"},{"lineNumber":22,"author":{"gitId":"-"},"content":"# run the program, feed commands from input.txt file and redirect the output to the ACTUAL.TXT","lastModifiedDate":"2020-05-25"},{"lineNumber":23,"author":{"gitId":"viki0526"},"content":"java -classpath ../bin Johnny \u003c input.txt \u003e ACTUAL.TXT","lastModifiedDate":"2022-01-20"},{"lineNumber":24,"author":{"gitId":"-"},"content":"","lastModifiedDate":"2020-05-25"},{"lineNumber":25,"author":{"gitId":"-"},"content":"# convert to UNIX format","lastModifiedDate":"2020-05-25"},{"lineNumber":26,"author":{"gitId":"-"},"content":"cp EXPECTED.TXT EXPECTED-UNIX.TXT","lastModifiedDate":"2020-05-25"},{"lineNumber":27,"author":{"gitId":"-"},"content":"dos2unix ACTUAL.TXT EXPECTED-UNIX.TXT","lastModifiedDate":"2020-05-25"},{"lineNumber":28,"author":{"gitId":"-"},"content":"","lastModifiedDate":"2020-05-25"},{"lineNumber":29,"author":{"gitId":"-"},"content":"# compare the output to the expected output","lastModifiedDate":"2020-05-25"},{"lineNumber":30,"author":{"gitId":"-"},"content":"diff ACTUAL.TXT EXPECTED-UNIX.TXT","lastModifiedDate":"2020-05-25"},{"lineNumber":31,"author":{"gitId":"-"},"content":"if [ $? -eq 0 ]","lastModifiedDate":"2020-05-25"},{"lineNumber":32,"author":{"gitId":"-"},"content":"then","lastModifiedDate":"2020-05-25"},{"lineNumber":33,"author":{"gitId":"-"},"content":"    echo \"Test result: PASSED\"","lastModifiedDate":"2020-05-25"},{"lineNumber":34,"author":{"gitId":"-"},"content":"    exit 0","lastModifiedDate":"2020-05-25"},{"lineNumber":35,"author":{"gitId":"-"},"content":"else","lastModifiedDate":"2020-05-25"},{"lineNumber":36,"author":{"gitId":"-"},"content":"    echo \"Test result: FAILED\"","lastModifiedDate":"2020-05-25"},{"lineNumber":37,"author":{"gitId":"-"},"content":"    exit 1","lastModifiedDate":"2020-05-25"},{"lineNumber":38,"author":{"gitId":"-"},"content":"fi","lastModifiedDate":"2020-05-25"}],"authorContributionMap":{"viki0526":1,"-":37}}]
