{"authorDailyContributionsMap":{"cwq2326":[{"date":"2022-01-19","commitResults":[{"hash":"4daf162a7c65c0cc61638e40e3f1e4d60c31d25a","messageTitle":"Level 1. Greet, Echo, Exit","messageBody":"","tags":["Level-1"],"fileTypesAndContributionMap":{"java":{"insertions":21,"deletions":6}}},{"hash":"24c6d0ae8961278ec8f9b9db33d4d6fbafdb15d1","messageTitle":"Level 2. Add, List","messageBody":"","tags":["Level-2"],"fileTypesAndContributionMap":{"java":{"insertions":16,"deletions":1}}}]},{"date":"2022-01-20","commitResults":[{"hash":"a4a85500cac8bf2d28b5ca894be233fe91f6be9b","messageTitle":"Level 3. Mark/ Unmark as Done","messageBody":"","tags":["Level-3"],"fileTypesAndContributionMap":{"java":{"insertions":92,"deletions":17}}},{"hash":"c7bf15e307fca3380425d322b942772344ce5213","messageTitle":"Level 4. ToDos, Events, Deadlines","messageBody":"","tags":["Level-4"],"fileTypesAndContributionMap":{"java":{"insertions":65,"deletions":1}}},{"hash":"942ee22dc7afd2bf70004982da1808b0d026667e","messageTitle":"A-TextUiTesting: Automated Text UI Testing","messageBody":"","tags":["A-TextUiTesting"],"fileTypesAndContributionMap":{"txt":{"insertions":8,"deletions":0}}},{"hash":"e7fcbe04e9dece07bd15bdb538d814e506e511c6","messageTitle":"Level 5. Handle Errors","messageBody":"","tags":["Level-5"],"fileTypesAndContributionMap":{"java":{"insertions":90,"deletions":34}}},{"hash":"2c63b1ec81331fcdd6b4e5ca5917a0917850518c","messageTitle":"Level-6: Delete","messageBody":"","tags":["Level-6"],"fileTypesAndContributionMap":{"java":{"insertions":46,"deletions":38}}},{"hash":"59fb76d949b6d923e00202ab6c91b475987f8858","messageTitle":"A-Enums: Use Enums","messageBody":"","tags":["A-Enums"],"fileTypesAndContributionMap":{"java":{"insertions":18,"deletions":7}}},{"hash":"33485ebc4228ea266613edb69311a71fcf52f092","messageTitle":"Updated task bot welcome message and responses to bot commands","messageBody":"","fileTypesAndContributionMap":{"java":{"insertions":15,"deletions":14}}},{"hash":"67ec14e1b1e6cf6c7b6644fb5d1d3beba366dadd","messageTitle":"Updated input.txt, EXPECTED.TXT","messageBody":"","fileTypesAndContributionMap":{"txt":{"insertions":3,"deletions":0}}},{"hash":"9c60e95ada6583d9b745dc62beb4c60b51dfa7c3","messageTitle":"Categorised bot commands into those needing and not needing description. Added a \"commands\" command for the bot to generate list of bot commands for the user.","messageBody":"","fileTypesAndContributionMap":{"java":{"insertions":44,"deletions":3}}}]},{"date":"2022-01-23","commitResults":[{"hash":"d32c9c0a3de58f660b815f19157ce50aa367ae8b","messageTitle":"Update coding standard for switch case statement","messageBody":"","fileTypesAndContributionMap":{"java":{"insertions":38,"deletions":38}}},{"hash":"89393ba86a62b16e8ba385ec00b1674d3818a099","messageTitle":"Remove wildcard imports","messageBody":"","fileTypesAndContributionMap":{"java":{"insertions":6,"deletions":4}}}]},{"date":"2022-01-24","commitResults":[{"hash":"2d03638376ca738226fdca6b396222d40ee76471","messageTitle":"Implement Level-7: Save","messageBody":"","fileTypesAndContributionMap":{"java":{"insertions":172,"deletions":22}}},{"hash":"09175eb05d56cc53c667a3a36b19edf17e9f9fde","messageTitle":"Implement level 8. Dates and Times","messageBody":"","fileTypesAndContributionMap":{"java":{"insertions":23,"deletions":8}}},{"hash":"aa2b126ee3013583317f8d4d0e53c86077360eb9","messageTitle":"Update TaskFunctions.class to DukeFunctions.class, change input of DukeFunctions.addToList to type LocalDate","messageBody":"","fileTypesAndContributionMap":{"java":{"insertions":5,"deletions":7}}}]},{"date":"2022-01-25","commitResults":[{"hash":"e0bea7f75062395eee6696abab4f4efe65b93593","messageTitle":"Implement A-MoreOOP: Use More OOP","messageBody":"","tags":["A-MoreOOP"],"fileTypesAndContributionMap":{"txt":{"insertions":5,"deletions":9},"java":{"insertions":667,"deletions":297}}},{"hash":"1a95995f4d83ee57e309e30f501925680012b4bf","messageTitle":"Implement A-Packages: Organize into Packages","messageBody":"","tags":["A-Packages"],"fileTypesAndContributionMap":{"java":{"insertions":120,"deletions":24},"md":{"insertions":2,"deletions":2}}},{"hash":"d801ee9d4243a00004d4d9f43c453ed772641790","messageTitle":"Implement A-JUnit: Add JUnit Tests","messageBody":"","tags":["A-Jar","A-JUnit"],"fileTypesAndContributionMap":{"java":{"insertions":70,"deletions":1}}}]},{"date":"2022-01-26","commitResults":[{"hash":"af89840832e0acfc4906d06d0207835db445adbf","messageTitle":"Implement A-JavaDoc: JavaDoc","messageBody":"","fileTypesAndContributionMap":{"java":{"insertions":260,"deletions":164}}},{"hash":"f4dc4ce804c8da4a87d4b25e577c8b498edd2716","messageTitle":"Implement A-CodingStandard","messageBody":"","fileTypesAndContributionMap":{"java":{"insertions":142,"deletions":229}}},{"hash":"e3d7650da803933ebbc34c3771636128c1440574","messageTitle":"Implement Level 9. Find","messageBody":"","fileTypesAndContributionMap":{"java":{"insertions":52,"deletions":2}}},{"hash":"ca36cd110b04f3366c1f6c5517da9f1f07f096fc","messageTitle":"Update imports for test files","messageBody":"","fileTypesAndContributionMap":{"java":{"insertions":0,"deletions":7}}}]}]},"authorFileTypeContributionMap":{"cwq2326":{"java":1222,"md":2,"fxml":0,"sh":0,"bat":0,"gradle":0,"txt":7}},"authorContributionVariance":{"cwq2326":140187.56},"authorDisplayNameMap":{"cwq2326":"CS2103T-T12-3 CHUA..QUAN"}}
