{"authorDailyContributionsMap":{"TypeDefinition":[{"date":"2022-01-19","commitResults":[{"hash":"f9c12334145987be09a90ae7376301787b33e650","messageTitle":"Finished Level-1.","messageBody":"","tags":["Level-1"],"fileTypesAndContributionMap":{"java":{"insertions":14,"deletions":0}}},{"hash":"8ef7b703c42c0f51a4eda2dd43b8fa7342782e00","messageTitle":"Finished Level-2.","messageBody":"","tags":["Level-2"],"fileTypesAndContributionMap":{"java":{"insertions":13,"deletions":4}}}]},{"date":"2022-01-20","commitResults":[{"hash":"65003da01f08359c8a0323cded1d40c5bec7869f","messageTitle":"Finished Level-3 \u0026 Level-4.","messageBody":"","tags":["Level-4","Level-3"],"fileTypesAndContributionMap":{"java":{"insertions":310,"deletions":28}}},{"hash":"93840c234db8c709888e464c8b3ee8f2b46750d5","messageTitle":"Completed A-TextUiTesting \u0026 Level-5.","messageBody":"","tags":["Level-5","A-TextUiTesting"],"fileTypesAndContributionMap":{"txt":{"insertions":7,"deletions":0},"java":{"insertions":4,"deletions":6},"sh":{"insertions":0,"deletions":0}}},{"hash":"d27de44951455e077eaed95ad015ec68c9c1ef68","messageTitle":"Finished Level-6.","messageBody":"","tags":["Level-6"],"fileTypesAndContributionMap":{"txt":{"insertions":4,"deletions":0},"java":{"insertions":21,"deletions":0}}},{"hash":"99eabe0c06ab7004eccc2ef0fc3865308d943103","messageTitle":"Fixed a bug where the program will crash if a blank input is given.","messageBody":"","fileTypesAndContributionMap":{"java":{"insertions":5,"deletions":0}}}]},{"date":"2022-01-24","commitResults":[{"hash":"8c9cf154b3944fa4944bd8e8e48bf1a01d84008a","messageTitle":"Change boolean variable name to fit Java coding standard.","messageBody":"","fileTypesAndContributionMap":{"java":{"insertions":5,"deletions":5}}}]},{"date":"2022-01-26","commitResults":[{"hash":"72f0b3e50d32e1a9880d83a9cac9453ba77d6eae","messageTitle":"Remove unecessary function","messageBody":"","fileTypesAndContributionMap":{"java":{"insertions":1,"deletions":5}}},{"hash":"72e85d37b6c6c3668f0af3d524b74be1f0117d38","messageTitle":"Add saving and rename chat bot to Delphine.","messageBody":"","tags":["Level-7"],"fileTypesAndContributionMap":{"java":{"insertions":136,"deletions":44}}},{"hash":"df071fa7a3fadfdf286fc6ca287dbd7a386cf0cc","messageTitle":"Add date \u0026 time support for Event \u0026 Deadline.","messageBody":"","tags":["Level-8"],"fileTypesAndContributionMap":{"java":{"insertions":72,"deletions":22}}}]},{"date":"2022-01-27","commitResults":[{"hash":"f0380e00ad3c31876304bd42184da420f19ca872","messageTitle":"Finish A-MoreOOP","messageBody":"","tags":["A-MoreOOP"],"fileTypesAndContributionMap":{"java":{"insertions":178,"deletions":109}}},{"hash":"bc5f465607520e58cc4b14fe44f95a61f0bd1a3b","messageTitle":"Finish A-Packages","messageBody":"The project has already been organized into packages since the\nbeginning.\n","tags":["A-Packages"],"fileTypesAndContributionMap":{"java":{"insertions":1,"deletions":1}}},{"hash":"9d01bc25bcd21a97aae1c19016a2a6f4d92b8a62","messageTitle":"Add JUnit tests","messageBody":"","fileTypesAndContributionMap":{"java":{"insertions":184,"deletions":112}}},{"hash":"de46dd872b720b8091a17bf9e02d8f7ca7684c9e","messageTitle":"Fix compile error.","messageBody":"","tags":["A-JUnit"],"fileTypesAndContributionMap":{"java":{"insertions":10,"deletions":6}}},{"hash":"dbb0d7dd58000dea60328d3b19a79756d4695591","messageTitle":"Support building as JAR file.","messageBody":"The current method of accessing resource files only worked when running\nthe program from IntelliJ.\nThe program was not able to access resource files when ran as a JAR.\nThis caused the program to not be able to load, save or play audio.\n\nWrap all file streams with a buffered stream.\n\nThis lets the program to access resource files regardless of how it is\npackaged.\n","tags":["A-Jar"],"fileTypesAndContributionMap":{"java":{"insertions":38,"deletions":38},"sh":{"insertions":2,"deletions":0}}},{"hash":"6616e5609805b7275f3fe2d5b57233ff19aea7bc","messageTitle":"Finish Level-9","messageBody":"","tags":["Level-9"],"fileTypesAndContributionMap":{"java":{"insertions":164,"deletions":51}}},{"hash":"7b725bbc5605e42a6c2c642137a9f9fa76078e09","messageTitle":"Comply to coding iP standards","messageBody":"","tags":["A-CodingStandard"],"fileTypesAndContributionMap":{"java":{"insertions":44,"deletions":22}}},{"hash":"02df5fa43f1c0df2ea6b9a6c1cf04d824d2d31c5","messageTitle":"Add JavaDoc","messageBody":"","tags":["A-JavaDoc"],"fileTypesAndContributionMap":{"java":{"insertions":128,"deletions":13}}},{"hash":"ad0620dd1dfca1e8e2469fd192db26694cd75e18","messageTitle":"Merge A-CodingStandard, A-JavaDoc and A-Level-9 and solve merge conflicts","messageBody":"","fileTypesAndContributionMap":{"java":{"insertions":39,"deletions":5}}},{"hash":"e82846b348c255ec442c2234853de1603c13a6f1","messageTitle":"Modify find command to ignore casing","messageBody":"","fileTypesAndContributionMap":{"java":{"insertions":23,"deletions":12}}}]},{"date":"2022-02-01","commitResults":[{"hash":"c082c55e1387236be3d4c6cb467efdc025bd91ad","messageTitle":"Rename Storage.save \u0026 Storage.save function to use camelCasing.","messageBody":"","fileTypesAndContributionMap":{"java":{"insertions":8,"deletions":8}}},{"hash":"eecc17506b3802465103b75dc516298b65722a47","messageTitle":"Add comments to explain why certain exceptions are ignored.","messageBody":"","fileTypesAndContributionMap":{"java":{"insertions":7,"deletions":6}}}]},{"date":"2022-02-02","commitResults":[{"hash":"7651aa0898dbfe77cb3de61b0f5db192f7455e7c","messageTitle":"Refactor \"bye\" into a command of its own. Parser now actually parses the input.","messageBody":"","fileTypesAndContributionMap":{"java":{"insertions":143,"deletions":62}}},{"hash":"2a5aa609eb77133288c603e1acfec1212e8337ee","messageTitle":"Update README","messageBody":"","fileTypesAndContributionMap":{"md":{"insertions":28,"deletions":20}}},{"hash":"bd6ba22ed79d83420ffe0343495bf3212ec51123","messageTitle":"Add build.gradle","messageBody":"","fileTypesAndContributionMap":{"gradle":{"insertions":46,"deletions":0}}},{"hash":"dc07bb04ef175ebbe3e6ee57a4ef84d9bbc24895","messageTitle":"Add gradle support","messageBody":"","tags":["A-Gradle"],"fileTypesAndContributionMap":{"gradle":{"insertions":1,"deletions":1}}},{"hash":"1609c480bcb77e131ba0c1b9b45c2a4bfdb6bdd4","messageTitle":"Suppress warnings for statements already in a try-catch","messageBody":"","fileTypesAndContributionMap":{"java":{"insertions":2,"deletions":0}}},{"hash":"5a21d4711989c01edefb310aebc6d7d1f8ea177d","messageTitle":"Add checkstyle","messageBody":"","tags":["A-CheckStyle"],"fileTypesAndContributionMap":{"java":{"insertions":6,"deletions":4}}},{"hash":"024e30081bd90c1bd5274bcdf9ec7ca96c9a1465","messageTitle":"Make build.gradle code style consistent.","messageBody":"","fileTypesAndContributionMap":{"gradle":{"insertions":1,"deletions":1}}},{"hash":"8a738c33d46117728c81169cd54531d8a6e4b4d2","messageTitle":"Add JavaFX dependencies top build.gradle","messageBody":"","fileTypesAndContributionMap":{"gradle":{"insertions":14,"deletions":0}}}]},{"date":"2022-02-03","commitResults":[{"hash":"9c3c7504df4a0bc2d7285652cd5ce16c12b1ec13","messageTitle":"Add basic GUI","messageBody":"","fileTypesAndContributionMap":{"fxml":{"insertions":59,"deletions":0},"java":{"insertions":166,"deletions":116}}},{"hash":"6c086345e6de61aff8a1030e0083d263f7da9ba6","messageTitle":"Split MainWindow into MVC format","messageBody":"","fileTypesAndContributionMap":{"fxml":{"insertions":44,"deletions":32},"java":{"insertions":126,"deletions":101}}},{"hash":"6671ce910419a15cbb4e048c2dc1b584686d365a","messageTitle":"Add background, and style dialog boxes and main window","messageBody":"","fileTypesAndContributionMap":{"gradle":{"insertions":1,"deletions":1},"fxml":{"insertions":43,"deletions":33},"txt":{"insertions":0,"deletions":11},"java":{"insertions":50,"deletions":20},"bat":{"insertions":0,"deletions":21},"sh":{"insertions":1,"deletions":39}}}]},{"date":"2022-02-04","commitResults":[{"hash":"16d04aeb746b21c7990cd0715176bb5f00bef990","messageTitle":"Finish Level-10","messageBody":"","tags":["Level-10"],"fileTypesAndContributionMap":{"fxml":{"insertions":7,"deletions":7},"java":{"insertions":106,"deletions":60}}},{"hash":"080d6e7935c87621cacaa619eacaea517d8c92b6","messageTitle":"Update README","messageBody":"","tags":["v0.2.0"],"fileTypesAndContributionMap":{"java":{"insertions":1,"deletions":1},"md":{"insertions":6,"deletions":18}}},{"hash":"11a9356647b25e54d5fb621ec6cf7b85851c8969","messageTitle":"Update code to match coding style","messageBody":"","fileTypesAndContributionMap":{"java":{"insertions":36,"deletions":28}}},{"hash":"d68a902cd735e2cb75c9740184330788a0a0d06c","messageTitle":"Update README.md","messageBody":"","fileTypesAndContributionMap":{"md":{"insertions":3,"deletions":1}}},{"hash":"ff93a797d3b363991be072232f481c69de1ace6b","messageTitle":"Add UwuCommand \u0026 OwoCommand","messageBody":"","fileTypesAndContributionMap":{"fxml":{"insertions":1,"deletions":1},"java":{"insertions":109,"deletions":58},"md":{"insertions":2,"deletions":0}}},{"hash":"013bfbafa0be6ab483c0ce68ae5cf5a45a94b3b7","messageTitle":"Add HelloCommand","messageBody":"","fileTypesAndContributionMap":{"txt":{"insertions":55,"deletions":0},"java":{"insertions":65,"deletions":41}}},{"hash":"28e74968dd5c478288474e0e4c7f173c18e0f01e","messageTitle":"Update README.md","messageBody":"","fileTypesAndContributionMap":{"md":{"insertions":1,"deletions":0}}}]},{"date":"2022-02-07","commitResults":[{"hash":"ef83401737611396d2c2574cbf3c86b7edfa5b28","messageTitle":"Add voice-over","messageBody":"","tags":["v0.3.0"],"fileTypesAndContributionMap":{"gradle":{"insertions":1,"deletions":1},"fxml":{"insertions":51,"deletions":34},"txt":{"insertions":0,"deletions":55},"java":{"insertions":105,"deletions":58},"md":{"insertions":3,"deletions":3}}}]}]},"authorFileTypeContributionMap":{"TypeDefinition":{"java":1216,"md":20,"fxml":98,"sh":2,"bat":0,"gradle":60,"txt":0}},"authorContributionVariance":{"TypeDefinition":91699.49},"authorDisplayNameMap":{"TypeDefinition":"CS2103T-W09-2 LIM ..ERRY"}}
