{"authorDailyContributionsMap":{"TypeDefinition":[{"date":"2022-01-19","commitResults":[{"hash":"f9c12334145987be09a90ae7376301787b33e650","messageTitle":"Finished Level-1.","messageBody":"","tags":["Level-1"],"fileTypesAndContributionMap":{"java":{"insertions":14,"deletions":0}}},{"hash":"8ef7b703c42c0f51a4eda2dd43b8fa7342782e00","messageTitle":"Finished Level-2.","messageBody":"","tags":["Level-2"],"fileTypesAndContributionMap":{"java":{"insertions":13,"deletions":4}}}]},{"date":"2022-01-20","commitResults":[{"hash":"65003da01f08359c8a0323cded1d40c5bec7869f","messageTitle":"Finished Level-3 \u0026 Level-4.","messageBody":"","tags":["Level-4","Level-3"],"fileTypesAndContributionMap":{"java":{"insertions":310,"deletions":28}}},{"hash":"93840c234db8c709888e464c8b3ee8f2b46750d5","messageTitle":"Completed A-TextUiTesting \u0026 Level-5.","messageBody":"","tags":["Level-5","A-TextUiTesting"],"fileTypesAndContributionMap":{"txt":{"insertions":7,"deletions":0},"java":{"insertions":4,"deletions":6},"sh":{"insertions":0,"deletions":0}}},{"hash":"d27de44951455e077eaed95ad015ec68c9c1ef68","messageTitle":"Finished Level-6.","messageBody":"","tags":["Level-6"],"fileTypesAndContributionMap":{"txt":{"insertions":4,"deletions":0},"java":{"insertions":21,"deletions":0}}},{"hash":"99eabe0c06ab7004eccc2ef0fc3865308d943103","messageTitle":"Fixed a bug where the program will crash if a blank input is given.","messageBody":"","fileTypesAndContributionMap":{"java":{"insertions":5,"deletions":0}}}]},{"date":"2022-01-24","commitResults":[{"hash":"8c9cf154b3944fa4944bd8e8e48bf1a01d84008a","messageTitle":"Change boolean variable name to fit Java coding standard.","messageBody":"","fileTypesAndContributionMap":{"java":{"insertions":5,"deletions":5}}}]}]},"authorFileTypeContributionMap":{"TypeDefinition":{"java":335,"md":0,"fxml":0,"sh":0,"bat":0,"gradle":0,"txt":11}},"authorContributionVariance":{"TypeDefinition":12071.653},"authorDisplayNameMap":{"TypeDefinition":"CS2103T-W09-2 LIM ..ERRY"}}
