{"authorDailyContributionsMap":{"channne":[{"date":"2022-01-17","commitResults":[{"hash":"e973174ac440a8a65307702e2bbbd2d7581a1782","messageTitle":"Level 1: Greet, Echo, Exit","messageBody":"","tags":["Level-1"],"fileTypesAndContributionMap":{"java":{"insertions":21,"deletions":1}}},{"hash":"d832d0bbacebe96dce4cc9245966c59ef552855e","messageTitle":"Level 2","messageBody":"","tags":["Level-2"],"fileTypesAndContributionMap":{"java":{"insertions":29,"deletions":1}}},{"hash":"aa26d131df0032b41cd820a7b78dd42b5a4423e7","messageTitle":"Level 3: Mark as Done","messageBody":"","tags":["Level-3"],"fileTypesAndContributionMap":{"java":{"insertions":82,"deletions":27}}},{"hash":"ab084fb1564203535488c8b36d123d54d3cf2d0f","messageTitle":"Level 4: ToDo, Event, Deadline","messageBody":"","tags":["Level-4"],"fileTypesAndContributionMap":{"java":{"insertions":73,"deletions":2}}},{"hash":"ec3347925f17e33db4b3004dbc30ad6b7fba95fb","messageTitle":"A-TextUiTesting: Automated Text UI Testing","messageBody":"","fileTypesAndContributionMap":{"txt":{"insertions":15,"deletions":0},"java":{"insertions":1,"deletions":1}}},{"hash":"f87c4055549988400ed417c75aa20e595eebc65b","messageTitle":"A-TextUiTesting: Automated Text UI Testing","messageBody":"","tags":["A-TextUiTesting"],"fileTypesAndContributionMap":{"java":{"insertions":6,"deletions":6}}}]},{"date":"2022-01-18","commitResults":[{"hash":"5ac4ff63565a9358ee748e91249a9ac483876a66","messageTitle":"Level-5: Handle Errors","messageBody":"","tags":["Level-5"],"fileTypesAndContributionMap":{"java":{"insertions":170,"deletions":50}}},{"hash":"8e7362ad48732f20b665d69e7cf25a25549e7347","messageTitle":"Level-6: Delete","messageBody":"","tags":["Level-6"],"fileTypesAndContributionMap":{"java":{"insertions":9,"deletions":1}}}]},{"date":"2022-01-25","commitResults":[{"hash":"e206b8bc60986c595e419de36d027cf0e44c5565","messageTitle":"Add Level-7 features","messageBody":"","tags":["Level-7"],"fileTypesAndContributionMap":{"txt":{"insertions":4,"deletions":0},"java":{"insertions":244,"deletions":71}}},{"hash":"4cf285d05376f63c2c34333ad55d881167da5e97","messageTitle":"Add Level-8 features","messageBody":"","tags":["Level-8"],"fileTypesAndContributionMap":{"java":{"insertions":31,"deletions":15}}},{"hash":"d8e7be63f9952d41bba2925f8a0be7a608b37466","messageTitle":"Delete data directory","messageBody":"","fileTypesAndContributionMap":{"txt":{"insertions":0,"deletions":4}}},{"hash":"9e78e439fbe97f9f253de249acefe43bbff33f7e","messageTitle":"Add A-MoreOOP features","messageBody":"","tags":["A-MoreOOP"],"fileTypesAndContributionMap":{"java":{"insertions":289,"deletions":239}}},{"hash":"231672f639754afd0f71237b72d096b630ba7eb1","messageTitle":"Add A-Packages features","messageBody":"","tags":["A-Packages"],"fileTypesAndContributionMap":{"java":{"insertions":76,"deletions":24}}},{"hash":"565d4568f58c25278119207994b1598552029d1c","messageTitle":"Add A-JUnit features","messageBody":"","tags":["A-Jar","A-JUnit"],"fileTypesAndContributionMap":{"java":{"insertions":214,"deletions":1}}},{"hash":"822a3b69beac3f428db34f71df941a79e6a69791","messageTitle":"Add A-JavaDoc features","messageBody":"","tags":["A-JavaDoc"],"fileTypesAndContributionMap":{"java":{"insertions":340,"deletions":14}}},{"hash":"04cbd02ae7d96ebb266dbf92b9adb55cd7529216","messageTitle":"Add A-CodingStandard features","messageBody":"","tags":["A-CodingStandard"],"fileTypesAndContributionMap":{"java":{"insertions":19,"deletions":10}}},{"hash":"14719edd507c2f381da2906ddd049890f91f20cf","messageTitle":"Add Level-9 features","messageBody":"","tags":["Level-9"],"fileTypesAndContributionMap":{"java":{"insertions":51,"deletions":1}}}]},{"date":"2022-01-31","commitResults":[{"hash":"cbc86f376ab35a41e416071710a6fb1834ad2bac","messageTitle":"Add A-CheckStyle modifications","messageBody":"","tags":["A-CheckStyle"],"fileTypesAndContributionMap":{"gradle":{"insertions":1,"deletions":1},"java":{"insertions":79,"deletions":77}}}]},{"date":"2022-02-01","commitResults":[{"hash":"270a9d319889218bc7af6a539b426eb7bafc4ee2","messageTitle":"Add Level-10 features","messageBody":"","tags":["Level-10"],"fileTypesAndContributionMap":{"gradle":{"insertions":16,"deletions":1},"fxml":{"insertions":50,"deletions":0},"java":{"insertions":274,"deletions":93}}}]}]},"authorFileTypeContributionMap":{"channne":{"java":1377,"md":0,"fxml":50,"sh":0,"bat":0,"gradle":17,"txt":15}},"authorContributionVariance":{"channne":139770.84},"authorDisplayNameMap":{"channne":"CS2103-F10-1 CHWA..ANNE"}}
