{"authorDailyContributionsMap":{"lzan98":[{"date":"2022-01-15","commitResults":[{"hash":"2a4e767f1abdaf2c2694bc867c83e360ff59a9d6","messageTitle":"Level-1: Greet, Echo, Exit","messageBody":"","tags":["Level-1"],"fileTypesAndContributionMap":{"java":{"insertions":16,"deletions":6}}},{"hash":"91d9ffec1c2411291433abdba1e22528dcd546c5","messageTitle":"Level 2. Add, List","messageBody":"","tags":["Level-2"],"fileTypesAndContributionMap":{"java":{"insertions":14,"deletions":2}}}]},{"date":"2022-01-16","commitResults":[{"hash":"8597643340e914d46613e192fa78b8b6744e1641","messageTitle":"Level-3: Mark as Done","messageBody":"","tags":["Level-3"],"fileTypesAndContributionMap":{"java":{"insertions":53,"deletions":5}}},{"hash":"ab961801e8e48bdaac1105ca3c80baf8e2bca3ab","messageTitle":"Level-4: ToDo, Event, Deadline","messageBody":"","tags":["Level-4"],"fileTypesAndContributionMap":{"java":{"insertions":69,"deletions":15}}},{"hash":"14a4264a20e2d3412b9ca13d90c41e52df3195d2","messageTitle":"A-TextUiTesting: Automated Text UI Testing","messageBody":"","tags":["A-TextUiTesting"],"fileTypesAndContributionMap":{"txt":{"insertions":6,"deletions":0},"java":{"insertions":1,"deletions":1},"sh":{"insertions":0,"deletions":0}}}]},{"date":"2022-01-17","commitResults":[{"hash":"ffd2d3988b8fe92881ab02e46818a4d9564565b0","messageTitle":"Level-5: Handle Errors","messageBody":"","tags":["Level-5"],"fileTypesAndContributionMap":{"java":{"insertions":93,"deletions":48}}}]},{"date":"2022-01-18","commitResults":[{"hash":"8d37a9e6d4105c8c5e83116d2beb4decc6bedb89","messageTitle":"Level-6: Delete","messageBody":"","tags":["Level-6"],"fileTypesAndContributionMap":{"java":{"insertions":11,"deletions":8}}}]},{"date":"2022-01-22","commitResults":[{"hash":"372487e7dbaac4ad41acdbb155fdddfd751cef35","messageTitle":"Level-7: Save","messageBody":"","tags":["Level-7"],"fileTypesAndContributionMap":{"java":{"insertions":104,"deletions":36}}},{"hash":"6cc42e08b199cdca0c90613e275252951935ac07","messageTitle":"Level-8: Dates and Times","messageBody":"","tags":["Level-8"],"fileTypesAndContributionMap":{"java":{"insertions":14,"deletions":4}}},{"hash":"3187922d3d8ef43355d172a75c1920774d330952","messageTitle":"Level-7: Save (v2)","messageBody":"","fileTypesAndContributionMap":{"java":{"insertions":10,"deletions":15}}},{"hash":"0067cccd53d329a4672b4a8bd0479969e0993ecd","messageTitle":"Level-8: Dates and Times (v2)","messageBody":"","fileTypesAndContributionMap":{"java":{"insertions":7,"deletions":1}}},{"hash":"68f7ab54d3d20368ddc7e4f031428f364711d07d","messageTitle":"Modify output format for tasks","messageBody":"","fileTypesAndContributionMap":{"java":{"insertions":10,"deletions":4}}},{"hash":"a41578cf2b804e9a26bc7aac8dc165e747f13cf2","messageTitle":"Modify output format for tasks","messageBody":"","fileTypesAndContributionMap":{"java":{"insertions":4,"deletions":4}}}]},{"date":"2022-01-23","commitResults":[{"hash":"c62664fb0ee5a2e31eff4d37d4c8fab6c707a93b","messageTitle":"Created more OOP: TaskList and Storage classes","messageBody":"","fileTypesAndContributionMap":{"java":{"insertions":165,"deletions":62}}}]},{"date":"2022-01-24","commitResults":[{"hash":"9fa89568517c5771bf13ceac944500ca21e508cc","messageTitle":"Create more OOP: Ui and Parser classes","messageBody":"","tags":["A-MoreOOP"],"fileTypesAndContributionMap":{"java":{"insertions":151,"deletions":125}}},{"hash":"35035eb9002d1d1b4f9e38490efc92d16106fb7a","messageTitle":"Add packages Duke and Tasks","messageBody":"","tags":["A-Packages"],"fileTypesAndContributionMap":{"java":{"insertions":35,"deletions":4}}},{"hash":"be15ef6dd911ea647d3b1193dbd4ba0d676ffc6b","messageTitle":"Add JUnit Tests for Duke, TaskList and Parser","messageBody":"","tags":["A-Jar","A-JUnit"],"fileTypesAndContributionMap":{"java":{"insertions":103,"deletions":29},"bat":{"insertions":1,"deletions":1},"md":{"insertions":2,"deletions":2}}},{"hash":"600d682999ba618a8ea5e64a04f538dead1dbeda","messageTitle":"Add JavaDocs comments","messageBody":"","fileTypesAndContributionMap":{"java":{"insertions":116,"deletions":0}}},{"hash":"1081d4a5ff84828b00f2d59ceecb94ff7fd72989","messageTitle":"Update code to follow Coding Standard","messageBody":"","fileTypesAndContributionMap":{"java":{"insertions":17,"deletions":8}}},{"hash":"0cc78adbb2485d6e33dd3ae63e52f3d9c38624f0","messageTitle":"Add command to find tasks","messageBody":"","fileTypesAndContributionMap":{"java":{"insertions":9,"deletions":2}}}]},{"date":"2022-01-25","commitResults":[{"hash":"150f6cdd655df5b991c204f965894ec6d63e9eba","messageTitle":"Edit module from ip to main","messageBody":"","fileTypesAndContributionMap":{"java":{"insertions":3,"deletions":1}}}]},{"date":"2022-01-27","commitResults":[{"hash":"939c91ae4e230c2ef3c044a1e213e0f86b380213","messageTitle":"Change program logic to save tasks to hard disk after every command","messageBody":"","fileTypesAndContributionMap":{"java":{"insertions":5,"deletions":4}}}]},{"date":"2022-01-28","commitResults":[{"hash":"4e2512bdffee3ee036d32fc16c2a841092c98767","messageTitle":"Change text to be printed for find command","messageBody":"","fileTypesAndContributionMap":{"java":{"insertions":1,"deletions":1}}},{"hash":"8c952b9e161a35058e63c351ff92524ac18fa5c2","messageTitle":"Shift Duke into duke package","messageBody":"","fileTypesAndContributionMap":{"java":{"insertions":6,"deletions":8}}}]},{"date":"2022-01-29","commitResults":[{"hash":"44a5215d6fda5255466bb7669a0c60caf05af477","messageTitle":"Add gradle support","messageBody":"","tags":["A-Gradle"],"fileTypesAndContributionMap":{"gradle":{"insertions":1,"deletions":1}}},{"hash":"3df0a979ca7f9f5abb2f82cdb564a7d4e5b6a6f9","messageTitle":"Add and run checkstyle using Gradle","messageBody":"","tags":["A-CheckStyle"],"fileTypesAndContributionMap":{"java":{"insertions":125,"deletions":103},"sh":{"insertions":74,"deletions":0}}}]},{"date":"2022-01-30","commitResults":[{"hash":"12fa66dc35aac74cc903ae873ebbe68f2454a0c6","messageTitle":"Add a GUI to Duke","messageBody":"","tags":["Level-10"],"fileTypesAndContributionMap":{"gradle":{"insertions":14,"deletions":0},"fxml":{"insertions":35,"deletions":0},"java":{"insertions":292,"deletions":74},"md":{"insertions":1,"deletions":1}}}]},{"date":"2022-02-01","commitResults":[{"hash":"e4bae4e483d5036e49525191018c2be1b40a4ae9","messageTitle":"Fix minor bugs to GUI and update JavaDocs.","messageBody":"","fileTypesAndContributionMap":{"java":{"insertions":50,"deletions":54}}},{"hash":"7de5ba7e0a3b03b98ba9593a6f1200cc537a60f0","messageTitle":"Fix bugs with find and reorganise code for readability.","messageBody":"","fileTypesAndContributionMap":{"java":{"insertions":78,"deletions":54}}}]},{"date":"2022-02-03","commitResults":[{"hash":"b495601fe2e3eea3ad7e32b89e168f52ffb531ea","messageTitle":"Fix bug where not all tasks are listed","messageBody":"","fileTypesAndContributionMap":{"java":{"insertions":3,"deletions":2}}}]},{"date":"2022-02-04","commitResults":[{"hash":"c68ba4742afc913c55908ac2ef50aac5a2ca3eef","messageTitle":"Remove redundant files","messageBody":"","fileTypesAndContributionMap":{"sh":{"insertions":0,"deletions":74}}}]},{"date":"2022-02-06","commitResults":[{"hash":"558a02ae858bf9fa6f8329e2c8c09359aa37d56a","messageTitle":"Rename Todo class to follow pascal naming conventions","messageBody":"","tags":["A-Jar2"],"fileTypesAndContributionMap":{"java":{"insertions":11,"deletions":14}}}]},{"date":"2022-02-07","commitResults":[{"hash":"6119eafa4dd1273f32e1f2da713edf75d050b4c4","messageTitle":"Implement Assertions into codebase","messageBody":"Codebase contains many try-catch statements as a form of extra protection\nshould the program not run as intended, enabling one to detect bugs.\n\nAssertions are statement in the Java programming language that\nenables one to test your assumptions about your program.\n\nWriting assertions while programming is one of the\nquickest and most effective ways to detect and correct bugs.\n\nFor a start, let\u0027s\n- include assertions for switch statements with no default case.\n- assert that a directory is created after calling the method mkdirs() in\nthe save method of Storge, removing the need for try-catch statements.\n","tags":["A-Assertions"],"fileTypesAndContributionMap":{"gradle":{"insertions":1,"deletions":0},"java":{"insertions":29,"deletions":38}}},{"hash":"854611518b9008b13df812a476ac0f964498f1c4","messageTitle":"Improve code quality","messageBody":"Duke.handleCommand has over 60 lines of code.\n\nAmong various dimensions of code quality, such as run-time efficiency,\nsecurity, and robustness, one of the most important is understandability\n\nFor a start, I have reduced the lines of code in the Duke.handleCommand\nmethod from 60 lines to 40 lines by making my code follow more OOP.\nWhile it might not be under 30 LOC yet, I will further attempt to\nreduce it in subsequent updates.\n","tags":["A-FullCommitMessage","A-CodeQuality"],"fileTypesAndContributionMap":{"java":{"insertions":44,"deletions":30}}}]},{"date":"2022-02-08","commitResults":[{"hash":"34f7109f058d3b6fe4531efc778cc6c070048bdb","messageTitle":"Fix bug in save format of Deadline tasks","messageBody":"Stauses of Deadline tasks are not saved in the proper manner,\nresulting in mark and unmark commands being erased each time the\nuser closes the chat bot.\n\nThe bug lies in the updating of the string saveFormat during the\ncreation of a Deadline task, and has since been rectified.\n","fileTypesAndContributionMap":{"java":{"insertions":1,"deletions":1}}},{"hash":"4540f335f8b59004f4ed55e65cc281152a20c60c","messageTitle":"Implement schedule command for users to view events on specific date","messageBody":"","tags":["BCD-Extension"],"fileTypesAndContributionMap":{"java":{"insertions":37,"deletions":2}}}]}]},"authorFileTypeContributionMap":{"lzan98":{"java":930,"md":1,"fxml":35,"sh":0,"bat":1,"gradle":16,"txt":6}},"authorContributionVariance":{"lzan98":22464.092},"authorDisplayNameMap":{"lzan98":"CS2103-F11-2 HO L..NZAN"}}
