{"authorDailyContributionsMap":{"lovemathboy":[{"date":"2022-02-23","commitResults":[{"hash":"39414a4aadc7f48086ceaedb8dc2dc96f20a9fc0","messageTitle":"Add ShayBot.java and OutputHandler.java","messageBody":"","fileTypesAndContributionMap":{"java":{"insertions":83,"deletions":6}}}]},{"date":"2022-02-24","commitResults":[{"hash":"ee17814a5089335dac5c45275f305229798b4292","messageTitle":"Add TaskList.java and change ShayBot.java interaction to add and list tasks","messageBody":"","fileTypesAndContributionMap":{"java":{"insertions":42,"deletions":1}}}]}]},"authorFileTypeContributionMap":{"lovemathboy":{"java":124,"md":0,"fxml":0,"sh":0,"bat":0,"gradle":0,"txt":0}},"authorContributionVariance":{"lovemathboy":222.74149},"authorDisplayNameMap":{"lovemathboy":"CS2103T-T17-4 HUAN..CHEN"}}
