[{"path":"src/main/java/BadDeadlineException.java","fileType":"java","lines":[{"lineNumber":1,"author":{"gitId":"eugenechiaay"},"content":"public class BadDeadlineException extends Exception {","lastModifiedDate":"2022-01-26"},{"lineNumber":2,"author":{"gitId":"eugenechiaay"},"content":"    private final String taskType;","lastModifiedDate":"2022-01-26"},{"lineNumber":3,"author":{"gitId":"eugenechiaay"},"content":"","lastModifiedDate":"2022-01-26"},{"lineNumber":4,"author":{"gitId":"eugenechiaay"},"content":"    public BadDeadlineException(String type) {","lastModifiedDate":"2022-01-26"},{"lineNumber":5,"author":{"gitId":"eugenechiaay"},"content":"        this.taskType \u003d type;","lastModifiedDate":"2022-01-26"},{"lineNumber":6,"author":{"gitId":"eugenechiaay"},"content":"    }","lastModifiedDate":"2022-01-26"},{"lineNumber":7,"author":{"gitId":"eugenechiaay"},"content":"","lastModifiedDate":"2022-01-26"},{"lineNumber":8,"author":{"gitId":"eugenechiaay"},"content":"    @Override","lastModifiedDate":"2022-01-26"},{"lineNumber":9,"author":{"gitId":"eugenechiaay"},"content":"    public String getMessage() {","lastModifiedDate":"2022-01-26"},{"lineNumber":10,"author":{"gitId":"eugenechiaay"},"content":"        return \"--------------------------------------------------------\\n\"","lastModifiedDate":"2022-01-26"},{"lineNumber":11,"author":{"gitId":"eugenechiaay"},"content":"                + \":( OOPS!!! The time details of a \" + this.taskType + \" cannot\"","lastModifiedDate":"2022-01-26"},{"lineNumber":12,"author":{"gitId":"eugenechiaay"},"content":"                + \" be empty.\"","lastModifiedDate":"2022-01-26"},{"lineNumber":13,"author":{"gitId":"eugenechiaay"},"content":"                + \"\\n--------------------------------------------------------\";","lastModifiedDate":"2022-01-26"},{"lineNumber":14,"author":{"gitId":"eugenechiaay"},"content":"    }","lastModifiedDate":"2022-01-26"},{"lineNumber":15,"author":{"gitId":"eugenechiaay"},"content":"}","lastModifiedDate":"2022-01-26"}],"authorContributionMap":{"eugenechiaay":15}},{"path":"src/main/java/BadDescriptionException.java","fileType":"java","lines":[{"lineNumber":1,"author":{"gitId":"eugenechiaay"},"content":"public class BadDescriptionException extends Exception {","lastModifiedDate":"2022-01-22"},{"lineNumber":2,"author":{"gitId":"eugenechiaay"},"content":"    private final String taskType;","lastModifiedDate":"2022-01-26"},{"lineNumber":3,"author":{"gitId":"eugenechiaay"},"content":"","lastModifiedDate":"2022-01-26"},{"lineNumber":4,"author":{"gitId":"eugenechiaay"},"content":"    public BadDescriptionException(String type) {","lastModifiedDate":"2022-01-26"},{"lineNumber":5,"author":{"gitId":"eugenechiaay"},"content":"        this.taskType \u003d type;","lastModifiedDate":"2022-01-26"},{"lineNumber":6,"author":{"gitId":"eugenechiaay"},"content":"    }","lastModifiedDate":"2022-01-26"},{"lineNumber":7,"author":{"gitId":"eugenechiaay"},"content":"","lastModifiedDate":"2022-01-26"},{"lineNumber":8,"author":{"gitId":"eugenechiaay"},"content":"    @Override","lastModifiedDate":"2022-01-26"},{"lineNumber":9,"author":{"gitId":"eugenechiaay"},"content":"    public String getMessage() {","lastModifiedDate":"2022-01-26"},{"lineNumber":10,"author":{"gitId":"eugenechiaay"},"content":"        return \"--------------------------------------------------------\\n\"","lastModifiedDate":"2022-01-26"},{"lineNumber":11,"author":{"gitId":"eugenechiaay"},"content":"                + \":( OOPS!!! The description of a \" + this.taskType + \" cannot\"","lastModifiedDate":"2022-01-26"},{"lineNumber":12,"author":{"gitId":"eugenechiaay"},"content":"                + \" be empty.\"","lastModifiedDate":"2022-01-26"},{"lineNumber":13,"author":{"gitId":"eugenechiaay"},"content":"                + \"\\n--------------------------------------------------------\";","lastModifiedDate":"2022-01-26"},{"lineNumber":14,"author":{"gitId":"eugenechiaay"},"content":"    }","lastModifiedDate":"2022-01-22"},{"lineNumber":15,"author":{"gitId":"eugenechiaay"},"content":"}","lastModifiedDate":"2022-01-22"}],"authorContributionMap":{"eugenechiaay":15}},{"path":"src/main/java/DeadlineTask.java","fileType":"java","lines":[{"lineNumber":1,"author":{"gitId":"eugenechiaay"},"content":"import java.time.LocalDateTime;","lastModifiedDate":"2022-01-28"},{"lineNumber":2,"author":{"gitId":"eugenechiaay"},"content":"import java.time.format.DateTimeFormatter;","lastModifiedDate":"2022-01-28"},{"lineNumber":3,"author":{"gitId":"eugenechiaay"},"content":"","lastModifiedDate":"2022-01-28"},{"lineNumber":4,"author":{"gitId":"eugenechiaay"},"content":"public class DeadlineTask extends Task {","lastModifiedDate":"2022-01-26"},{"lineNumber":5,"author":{"gitId":"eugenechiaay"},"content":"    private final String taskTitle;","lastModifiedDate":"2022-01-26"},{"lineNumber":6,"author":{"gitId":"eugenechiaay"},"content":"    private final String taskType \u003d \"D\";","lastModifiedDate":"2022-01-26"},{"lineNumber":7,"author":{"gitId":"eugenechiaay"},"content":"    private boolean markedStatus;","lastModifiedDate":"2022-01-26"},{"lineNumber":8,"author":{"gitId":"eugenechiaay"},"content":"    private LocalDateTime deadline;","lastModifiedDate":"2022-01-28"},{"lineNumber":9,"author":{"gitId":"eugenechiaay"},"content":"","lastModifiedDate":"2022-01-26"},{"lineNumber":10,"author":{"gitId":"eugenechiaay"},"content":"    public DeadlineTask (String taskTitle, LocalDateTime deadline) {","lastModifiedDate":"2022-01-28"},{"lineNumber":11,"author":{"gitId":"eugenechiaay"},"content":"        super(taskTitle, deadline);","lastModifiedDate":"2022-01-26"},{"lineNumber":12,"author":{"gitId":"eugenechiaay"},"content":"        this.taskTitle \u003d taskTitle;","lastModifiedDate":"2022-01-26"},{"lineNumber":13,"author":{"gitId":"eugenechiaay"},"content":"        this.deadline \u003d deadline;","lastModifiedDate":"2022-01-26"},{"lineNumber":14,"author":{"gitId":"eugenechiaay"},"content":"        this.markedStatus \u003d false;","lastModifiedDate":"2022-01-26"},{"lineNumber":15,"author":{"gitId":"eugenechiaay"},"content":"    }","lastModifiedDate":"2022-01-26"},{"lineNumber":16,"author":{"gitId":"eugenechiaay"},"content":"","lastModifiedDate":"2022-01-26"},{"lineNumber":17,"author":{"gitId":"eugenechiaay"},"content":"    public DeadlineTask(String taskTitle, LocalDateTime deadline, boolean isMarked) {","lastModifiedDate":"2022-01-28"},{"lineNumber":18,"author":{"gitId":"eugenechiaay"},"content":"        super(taskTitle, deadline);","lastModifiedDate":"2022-01-27"},{"lineNumber":19,"author":{"gitId":"eugenechiaay"},"content":"        this.taskTitle \u003d taskTitle;","lastModifiedDate":"2022-01-27"},{"lineNumber":20,"author":{"gitId":"eugenechiaay"},"content":"        this.deadline \u003d deadline;","lastModifiedDate":"2022-01-27"},{"lineNumber":21,"author":{"gitId":"eugenechiaay"},"content":"        this.markedStatus \u003d isMarked;","lastModifiedDate":"2022-01-27"},{"lineNumber":22,"author":{"gitId":"eugenechiaay"},"content":"    }","lastModifiedDate":"2022-01-27"},{"lineNumber":23,"author":{"gitId":"eugenechiaay"},"content":"","lastModifiedDate":"2022-01-27"},{"lineNumber":24,"author":{"gitId":"eugenechiaay"},"content":"    public Task markTask() {","lastModifiedDate":"2022-01-26"},{"lineNumber":25,"author":{"gitId":"eugenechiaay"},"content":"        if (!this.markedStatus) {","lastModifiedDate":"2022-01-26"},{"lineNumber":26,"author":{"gitId":"eugenechiaay"},"content":"            this.markedStatus \u003d true;","lastModifiedDate":"2022-01-26"},{"lineNumber":27,"author":{"gitId":"eugenechiaay"},"content":"        }","lastModifiedDate":"2022-01-26"},{"lineNumber":28,"author":{"gitId":"eugenechiaay"},"content":"","lastModifiedDate":"2022-01-26"},{"lineNumber":29,"author":{"gitId":"eugenechiaay"},"content":"        return this;","lastModifiedDate":"2022-01-26"},{"lineNumber":30,"author":{"gitId":"eugenechiaay"},"content":"    }","lastModifiedDate":"2022-01-26"},{"lineNumber":31,"author":{"gitId":"eugenechiaay"},"content":"","lastModifiedDate":"2022-01-26"},{"lineNumber":32,"author":{"gitId":"eugenechiaay"},"content":"    public Task unmarkTask() {","lastModifiedDate":"2022-01-26"},{"lineNumber":33,"author":{"gitId":"eugenechiaay"},"content":"        if (this.markedStatus) {","lastModifiedDate":"2022-01-26"},{"lineNumber":34,"author":{"gitId":"eugenechiaay"},"content":"            this.markedStatus \u003d false;","lastModifiedDate":"2022-01-26"},{"lineNumber":35,"author":{"gitId":"eugenechiaay"},"content":"        }","lastModifiedDate":"2022-01-26"},{"lineNumber":36,"author":{"gitId":"eugenechiaay"},"content":"","lastModifiedDate":"2022-01-26"},{"lineNumber":37,"author":{"gitId":"eugenechiaay"},"content":"        return this;","lastModifiedDate":"2022-01-26"},{"lineNumber":38,"author":{"gitId":"eugenechiaay"},"content":"    }","lastModifiedDate":"2022-01-26"},{"lineNumber":39,"author":{"gitId":"eugenechiaay"},"content":"","lastModifiedDate":"2022-01-26"},{"lineNumber":40,"author":{"gitId":"eugenechiaay"},"content":"    @Override","lastModifiedDate":"2022-01-26"},{"lineNumber":41,"author":{"gitId":"eugenechiaay"},"content":"    public String toString() {","lastModifiedDate":"2022-01-26"},{"lineNumber":42,"author":{"gitId":"eugenechiaay"},"content":"        String mark \u003d this.markedStatus ? \"[X]\" : \"[ ]\";","lastModifiedDate":"2022-01-26"},{"lineNumber":43,"author":{"gitId":"eugenechiaay"},"content":"        String deadlineText \u003d \"(by: \" + deadline.format(DateTimeFormatter.ofPattern(\"EEEE, MMM dd, yyyy HH:mm a\")) + \")\";","lastModifiedDate":"2022-01-28"},{"lineNumber":44,"author":{"gitId":"eugenechiaay"},"content":"        String toReturn \u003d \"[D]\" + mark + \" \" + this.taskTitle + \" \" + deadlineText;","lastModifiedDate":"2022-01-26"},{"lineNumber":45,"author":{"gitId":"eugenechiaay"},"content":"        return toReturn;","lastModifiedDate":"2022-01-26"},{"lineNumber":46,"author":{"gitId":"eugenechiaay"},"content":"    }","lastModifiedDate":"2022-01-26"},{"lineNumber":47,"author":{"gitId":"eugenechiaay"},"content":"}","lastModifiedDate":"2022-01-26"}],"authorContributionMap":{"eugenechiaay":47}},{"path":"src/main/java/EventTask.java","fileType":"java","lines":[{"lineNumber":1,"author":{"gitId":"eugenechiaay"},"content":"import java.time.LocalDateTime;","lastModifiedDate":"2022-01-28"},{"lineNumber":2,"author":{"gitId":"eugenechiaay"},"content":"import java.time.format.DateTimeFormatter;","lastModifiedDate":"2022-01-28"},{"lineNumber":3,"author":{"gitId":"eugenechiaay"},"content":"","lastModifiedDate":"2022-01-28"},{"lineNumber":4,"author":{"gitId":"eugenechiaay"},"content":"public class EventTask extends Task {","lastModifiedDate":"2022-01-26"},{"lineNumber":5,"author":{"gitId":"eugenechiaay"},"content":"    private final String taskTitle;","lastModifiedDate":"2022-01-26"},{"lineNumber":6,"author":{"gitId":"eugenechiaay"},"content":"    private final String taskType \u003d \"E\";","lastModifiedDate":"2022-01-26"},{"lineNumber":7,"author":{"gitId":"eugenechiaay"},"content":"    private boolean markedStatus;","lastModifiedDate":"2022-01-26"},{"lineNumber":8,"author":{"gitId":"eugenechiaay"},"content":"    private LocalDateTime deadline;","lastModifiedDate":"2022-01-28"},{"lineNumber":9,"author":{"gitId":"eugenechiaay"},"content":"","lastModifiedDate":"2022-01-26"},{"lineNumber":10,"author":{"gitId":"eugenechiaay"},"content":"    public EventTask(String taskTitle, LocalDateTime deadline) {","lastModifiedDate":"2022-01-28"},{"lineNumber":11,"author":{"gitId":"eugenechiaay"},"content":"        super(taskTitle, deadline);","lastModifiedDate":"2022-01-26"},{"lineNumber":12,"author":{"gitId":"eugenechiaay"},"content":"        this.taskTitle \u003d taskTitle;","lastModifiedDate":"2022-01-26"},{"lineNumber":13,"author":{"gitId":"eugenechiaay"},"content":"        this.deadline \u003d deadline;","lastModifiedDate":"2022-01-26"},{"lineNumber":14,"author":{"gitId":"eugenechiaay"},"content":"        this.markedStatus \u003d false;","lastModifiedDate":"2022-01-26"},{"lineNumber":15,"author":{"gitId":"eugenechiaay"},"content":"    }","lastModifiedDate":"2022-01-26"},{"lineNumber":16,"author":{"gitId":"eugenechiaay"},"content":"","lastModifiedDate":"2022-01-26"},{"lineNumber":17,"author":{"gitId":"eugenechiaay"},"content":"    public EventTask(String taskTitle, LocalDateTime deadline, boolean isMarked) {","lastModifiedDate":"2022-01-28"},{"lineNumber":18,"author":{"gitId":"eugenechiaay"},"content":"        super(taskTitle, deadline);","lastModifiedDate":"2022-01-27"},{"lineNumber":19,"author":{"gitId":"eugenechiaay"},"content":"        this.taskTitle \u003d taskTitle;","lastModifiedDate":"2022-01-27"},{"lineNumber":20,"author":{"gitId":"eugenechiaay"},"content":"        this.deadline \u003d deadline;","lastModifiedDate":"2022-01-27"},{"lineNumber":21,"author":{"gitId":"eugenechiaay"},"content":"        this.markedStatus \u003d isMarked;","lastModifiedDate":"2022-01-27"},{"lineNumber":22,"author":{"gitId":"eugenechiaay"},"content":"    }","lastModifiedDate":"2022-01-27"},{"lineNumber":23,"author":{"gitId":"eugenechiaay"},"content":"","lastModifiedDate":"2022-01-27"},{"lineNumber":24,"author":{"gitId":"eugenechiaay"},"content":"    public Task markTask() {","lastModifiedDate":"2022-01-26"},{"lineNumber":25,"author":{"gitId":"eugenechiaay"},"content":"        if (!this.markedStatus) {","lastModifiedDate":"2022-01-26"},{"lineNumber":26,"author":{"gitId":"eugenechiaay"},"content":"            this.markedStatus \u003d true;","lastModifiedDate":"2022-01-26"},{"lineNumber":27,"author":{"gitId":"eugenechiaay"},"content":"        }","lastModifiedDate":"2022-01-26"},{"lineNumber":28,"author":{"gitId":"eugenechiaay"},"content":"","lastModifiedDate":"2022-01-26"},{"lineNumber":29,"author":{"gitId":"eugenechiaay"},"content":"        return this;","lastModifiedDate":"2022-01-26"},{"lineNumber":30,"author":{"gitId":"eugenechiaay"},"content":"    }","lastModifiedDate":"2022-01-26"},{"lineNumber":31,"author":{"gitId":"eugenechiaay"},"content":"","lastModifiedDate":"2022-01-26"},{"lineNumber":32,"author":{"gitId":"eugenechiaay"},"content":"    public Task unmarkTask() {","lastModifiedDate":"2022-01-26"},{"lineNumber":33,"author":{"gitId":"eugenechiaay"},"content":"        if (this.markedStatus) {","lastModifiedDate":"2022-01-26"},{"lineNumber":34,"author":{"gitId":"eugenechiaay"},"content":"            this.markedStatus \u003d false;","lastModifiedDate":"2022-01-26"},{"lineNumber":35,"author":{"gitId":"eugenechiaay"},"content":"        }","lastModifiedDate":"2022-01-26"},{"lineNumber":36,"author":{"gitId":"eugenechiaay"},"content":"","lastModifiedDate":"2022-01-26"},{"lineNumber":37,"author":{"gitId":"eugenechiaay"},"content":"        return this;","lastModifiedDate":"2022-01-26"},{"lineNumber":38,"author":{"gitId":"eugenechiaay"},"content":"    }","lastModifiedDate":"2022-01-26"},{"lineNumber":39,"author":{"gitId":"eugenechiaay"},"content":"","lastModifiedDate":"2022-01-26"},{"lineNumber":40,"author":{"gitId":"eugenechiaay"},"content":"    public boolean isMarked() {","lastModifiedDate":"2022-01-26"},{"lineNumber":41,"author":{"gitId":"eugenechiaay"},"content":"        return this.markedStatus;","lastModifiedDate":"2022-01-26"},{"lineNumber":42,"author":{"gitId":"eugenechiaay"},"content":"    }","lastModifiedDate":"2022-01-26"},{"lineNumber":43,"author":{"gitId":"eugenechiaay"},"content":"","lastModifiedDate":"2022-01-26"},{"lineNumber":44,"author":{"gitId":"eugenechiaay"},"content":"    @Override","lastModifiedDate":"2022-01-26"},{"lineNumber":45,"author":{"gitId":"eugenechiaay"},"content":"    public String toString() {","lastModifiedDate":"2022-01-26"},{"lineNumber":46,"author":{"gitId":"eugenechiaay"},"content":"        String mark \u003d this.markedStatus ? \"[X]\" : \"[ ]\";","lastModifiedDate":"2022-01-26"},{"lineNumber":47,"author":{"gitId":"eugenechiaay"},"content":"        String deadlineText \u003d \"(at: \" + deadline.format(DateTimeFormatter.ofPattern(\"EEEE, MMM dd, yyyy HH:mm a\")) + \")\";","lastModifiedDate":"2022-01-28"},{"lineNumber":48,"author":{"gitId":"eugenechiaay"},"content":"        String toReturn \u003d \"[E]\" + mark + \" \" + this.taskTitle + \" \" + deadlineText;","lastModifiedDate":"2022-01-26"},{"lineNumber":49,"author":{"gitId":"eugenechiaay"},"content":"        return toReturn;","lastModifiedDate":"2022-01-26"},{"lineNumber":50,"author":{"gitId":"eugenechiaay"},"content":"    }","lastModifiedDate":"2022-01-26"},{"lineNumber":51,"author":{"gitId":"eugenechiaay"},"content":"}","lastModifiedDate":"2022-01-26"}],"authorContributionMap":{"eugenechiaay":51}},{"path":"src/main/java/Gene.java","fileType":"java","lines":[{"lineNumber":1,"author":{"gitId":"eugenechiaay"},"content":"import java.util.NoSuchElementException;","lastModifiedDate":"2022-01-22"},{"lineNumber":2,"author":{"gitId":"eugenechiaay"},"content":"import java.util.Scanner;","lastModifiedDate":"2022-01-21"},{"lineNumber":3,"author":{"gitId":"eugenechiaay"},"content":"","lastModifiedDate":"2022-01-21"},{"lineNumber":4,"author":{"gitId":"eugenechiaay"},"content":"public class Gene {","lastModifiedDate":"2022-01-26"},{"lineNumber":5,"author":{"gitId":"eugenechiaay"},"content":"    private final static Identity thisIdentity \u003d new Identity();","lastModifiedDate":"2022-01-21"},{"lineNumber":6,"author":{"gitId":"eugenechiaay"},"content":"    private final static TaskList thisList \u003d new TaskList(\"gene.txt\");","lastModifiedDate":"2022-01-26"},{"lineNumber":7,"author":{"gitId":"eugenechiaay"},"content":"","lastModifiedDate":"2022-01-21"},{"lineNumber":8,"author":{"gitId":"-"},"content":"    public static void main(String[] args) {","lastModifiedDate":"2019-07-29"},{"lineNumber":9,"author":{"gitId":"eugenechiaay"},"content":"        String logo \u003d \" GGGG                      \\n\"","lastModifiedDate":"2022-01-26"},{"lineNumber":10,"author":{"gitId":"eugenechiaay"},"content":"                    + \"G    G   eeee   n nnn    eeee \\n\"","lastModifiedDate":"2022-01-26"},{"lineNumber":11,"author":{"gitId":"eugenechiaay"},"content":"                    + \"G       e    e  nn   n  e    e\\n\"","lastModifiedDate":"2022-01-26"},{"lineNumber":12,"author":{"gitId":"eugenechiaay"},"content":"                     + \"G  GGG  eeeeee  n    n  eeeeee\\n\"","lastModifiedDate":"2022-01-26"},{"lineNumber":13,"author":{"gitId":"eugenechiaay"},"content":"                + \"G    G  e       n    n  e     \\n\"","lastModifiedDate":"2022-01-26"},{"lineNumber":14,"author":{"gitId":"eugenechiaay"},"content":"                + \"G    G  e    e  n    n  e    e\\n\"","lastModifiedDate":"2022-01-26"},{"lineNumber":15,"author":{"gitId":"eugenechiaay"},"content":"                + \" GGGG    eeee   n    n   eeee \";","lastModifiedDate":"2022-01-26"},{"lineNumber":16,"author":{"gitId":"-"},"content":"        System.out.println(\"Hello from\\n\" + logo);","lastModifiedDate":"2019-07-29"},{"lineNumber":17,"author":{"gitId":"eugenechiaay"},"content":"","lastModifiedDate":"2022-01-21"},{"lineNumber":18,"author":{"gitId":"eugenechiaay"},"content":"        thisList.initFile();","lastModifiedDate":"2022-01-26"},{"lineNumber":19,"author":{"gitId":"eugenechiaay"},"content":"        Scanner scanner \u003d new Scanner(System.in);","lastModifiedDate":"2022-01-21"},{"lineNumber":20,"author":{"gitId":"eugenechiaay"},"content":"","lastModifiedDate":"2022-01-21"},{"lineNumber":21,"author":{"gitId":"eugenechiaay"},"content":"        while (scanner.hasNextLine()) {","lastModifiedDate":"2022-01-22"},{"lineNumber":22,"author":{"gitId":"eugenechiaay"},"content":"            try {","lastModifiedDate":"2022-01-22"},{"lineNumber":23,"author":{"gitId":"eugenechiaay"},"content":"                String nextKey \u003d scanner.nextLine();","lastModifiedDate":"2022-01-21"},{"lineNumber":24,"author":{"gitId":"eugenechiaay"},"content":"","lastModifiedDate":"2022-01-21"},{"lineNumber":25,"author":{"gitId":"eugenechiaay"},"content":"                if (Identity.exitMatch(nextKey)) {","lastModifiedDate":"2022-01-21"},{"lineNumber":26,"author":{"gitId":"eugenechiaay"},"content":"                    break;","lastModifiedDate":"2022-01-21"},{"lineNumber":27,"author":{"gitId":"eugenechiaay"},"content":"                }","lastModifiedDate":"2022-01-21"},{"lineNumber":28,"author":{"gitId":"eugenechiaay"},"content":"","lastModifiedDate":"2022-01-21"},{"lineNumber":29,"author":{"gitId":"eugenechiaay"},"content":"                if (Identity.listMatch(nextKey)) {","lastModifiedDate":"2022-01-21"},{"lineNumber":30,"author":{"gitId":"eugenechiaay"},"content":"                    System.out.println(","lastModifiedDate":"2022-01-21"},{"lineNumber":31,"author":{"gitId":"eugenechiaay"},"content":"                            \"----------------------------\" +","lastModifiedDate":"2022-01-21"},{"lineNumber":32,"author":{"gitId":"eugenechiaay"},"content":"                                    \"----------------------------\\n\"","lastModifiedDate":"2022-01-21"},{"lineNumber":33,"author":{"gitId":"eugenechiaay"},"content":"                                    + Gene.thisList.printList()","lastModifiedDate":"2022-01-26"},{"lineNumber":34,"author":{"gitId":"eugenechiaay"},"content":"                                    + \"--------------------------------------------------------\"","lastModifiedDate":"2022-01-21"},{"lineNumber":35,"author":{"gitId":"eugenechiaay"},"content":"                    );","lastModifiedDate":"2022-01-21"},{"lineNumber":36,"author":{"gitId":"eugenechiaay"},"content":"                    continue;","lastModifiedDate":"2022-01-21"},{"lineNumber":37,"author":{"gitId":"eugenechiaay"},"content":"                }","lastModifiedDate":"2022-01-21"},{"lineNumber":38,"author":{"gitId":"eugenechiaay"},"content":"","lastModifiedDate":"2022-01-21"},{"lineNumber":39,"author":{"gitId":"eugenechiaay"},"content":"                if (Identity.deleteMatch(nextKey)) {","lastModifiedDate":"2022-01-22"},{"lineNumber":40,"author":{"gitId":"eugenechiaay"},"content":"                    //mark","lastModifiedDate":"2022-01-22"},{"lineNumber":41,"author":{"gitId":"eugenechiaay"},"content":"                    Gene.thisList.deleteTask(nextKey);","lastModifiedDate":"2022-01-26"},{"lineNumber":42,"author":{"gitId":"eugenechiaay"},"content":"                    continue;","lastModifiedDate":"2022-01-22"},{"lineNumber":43,"author":{"gitId":"eugenechiaay"},"content":"                }","lastModifiedDate":"2022-01-22"},{"lineNumber":44,"author":{"gitId":"eugenechiaay"},"content":"","lastModifiedDate":"2022-01-22"},{"lineNumber":45,"author":{"gitId":"eugenechiaay"},"content":"                if (Identity.markMatch(nextKey)) {","lastModifiedDate":"2022-01-21"},{"lineNumber":46,"author":{"gitId":"eugenechiaay"},"content":"                    //mark","lastModifiedDate":"2022-01-21"},{"lineNumber":47,"author":{"gitId":"eugenechiaay"},"content":"                    Gene.thisList.markTask(nextKey);","lastModifiedDate":"2022-01-26"},{"lineNumber":48,"author":{"gitId":"eugenechiaay"},"content":"                    continue;","lastModifiedDate":"2022-01-21"},{"lineNumber":49,"author":{"gitId":"eugenechiaay"},"content":"                }","lastModifiedDate":"2022-01-21"},{"lineNumber":50,"author":{"gitId":"eugenechiaay"},"content":"","lastModifiedDate":"2022-01-21"},{"lineNumber":51,"author":{"gitId":"eugenechiaay"},"content":"                if (Identity.unmarkMatch(nextKey)) {","lastModifiedDate":"2022-01-21"},{"lineNumber":52,"author":{"gitId":"eugenechiaay"},"content":"                    //unmark","lastModifiedDate":"2022-01-21"},{"lineNumber":53,"author":{"gitId":"eugenechiaay"},"content":"                    Gene.thisList.unmarkTask(nextKey);","lastModifiedDate":"2022-01-26"},{"lineNumber":54,"author":{"gitId":"eugenechiaay"},"content":"                    continue;","lastModifiedDate":"2022-01-21"},{"lineNumber":55,"author":{"gitId":"eugenechiaay"},"content":"                }","lastModifiedDate":"2022-01-21"},{"lineNumber":56,"author":{"gitId":"eugenechiaay"},"content":"","lastModifiedDate":"2022-01-21"},{"lineNumber":57,"author":{"gitId":"eugenechiaay"},"content":"                if (Identity.todoMatch(nextKey)) {","lastModifiedDate":"2022-01-22"},{"lineNumber":58,"author":{"gitId":"eugenechiaay"},"content":"                    //unmark","lastModifiedDate":"2022-01-22"},{"lineNumber":59,"author":{"gitId":"eugenechiaay"},"content":"                    Gene.thisList.addTodo(nextKey);","lastModifiedDate":"2022-01-26"},{"lineNumber":60,"author":{"gitId":"eugenechiaay"},"content":"                    continue;","lastModifiedDate":"2022-01-22"},{"lineNumber":61,"author":{"gitId":"eugenechiaay"},"content":"                }","lastModifiedDate":"2022-01-22"},{"lineNumber":62,"author":{"gitId":"eugenechiaay"},"content":"","lastModifiedDate":"2022-01-22"},{"lineNumber":63,"author":{"gitId":"eugenechiaay"},"content":"                if (Identity.eventMatch(nextKey)) {","lastModifiedDate":"2022-01-22"},{"lineNumber":64,"author":{"gitId":"eugenechiaay"},"content":"                    //unmark","lastModifiedDate":"2022-01-22"},{"lineNumber":65,"author":{"gitId":"eugenechiaay"},"content":"                    Gene.thisList.addEvent(nextKey);","lastModifiedDate":"2022-01-26"},{"lineNumber":66,"author":{"gitId":"eugenechiaay"},"content":"                    continue;","lastModifiedDate":"2022-01-22"},{"lineNumber":67,"author":{"gitId":"eugenechiaay"},"content":"                }","lastModifiedDate":"2022-01-22"},{"lineNumber":68,"author":{"gitId":"eugenechiaay"},"content":"","lastModifiedDate":"2022-01-22"},{"lineNumber":69,"author":{"gitId":"eugenechiaay"},"content":"                //printmatch all/incomplete/complete events","lastModifiedDate":"2022-01-28"},{"lineNumber":70,"author":{"gitId":"eugenechiaay"},"content":"                //printmatch all/incomplete/comlete events in a date","lastModifiedDate":"2022-01-28"},{"lineNumber":71,"author":{"gitId":"eugenechiaay"},"content":"","lastModifiedDate":"2022-01-28"},{"lineNumber":72,"author":{"gitId":"eugenechiaay"},"content":"                if (Identity.deadlineMatch(nextKey)) {","lastModifiedDate":"2022-01-22"},{"lineNumber":73,"author":{"gitId":"eugenechiaay"},"content":"                    //unmark","lastModifiedDate":"2022-01-22"},{"lineNumber":74,"author":{"gitId":"eugenechiaay"},"content":"                    Gene.thisList.addDeadline(nextKey);","lastModifiedDate":"2022-01-26"},{"lineNumber":75,"author":{"gitId":"eugenechiaay"},"content":"                    continue;","lastModifiedDate":"2022-01-22"},{"lineNumber":76,"author":{"gitId":"eugenechiaay"},"content":"                } else {","lastModifiedDate":"2022-01-22"},{"lineNumber":77,"author":{"gitId":"eugenechiaay"},"content":"                    String errMsg \u003d \"----------------------------\" +","lastModifiedDate":"2022-01-22"},{"lineNumber":78,"author":{"gitId":"eugenechiaay"},"content":"                            \"----------------------------\\n\" +","lastModifiedDate":"2022-01-22"},{"lineNumber":79,"author":{"gitId":"eugenechiaay"},"content":"                            \"OOPS!!! I\u0027m sorry, but I don\u0027t know what that means :-(\" + \"\\n\"","lastModifiedDate":"2022-01-22"},{"lineNumber":80,"author":{"gitId":"eugenechiaay"},"content":"                            + \"--------------------------------------------------------\";","lastModifiedDate":"2022-01-22"},{"lineNumber":81,"author":{"gitId":"eugenechiaay"},"content":"                    throw new UnrecognizedCommandException(errMsg);","lastModifiedDate":"2022-01-22"},{"lineNumber":82,"author":{"gitId":"eugenechiaay"},"content":"                }","lastModifiedDate":"2022-01-22"},{"lineNumber":83,"author":{"gitId":"eugenechiaay"},"content":"            } catch (UnrecognizedCommandException e) {","lastModifiedDate":"2022-01-22"},{"lineNumber":84,"author":{"gitId":"eugenechiaay"},"content":"                System.out.println(\"----------------------------\" +","lastModifiedDate":"2022-01-22"},{"lineNumber":85,"author":{"gitId":"eugenechiaay"},"content":"                        \"----------------------------\\n\" +","lastModifiedDate":"2022-01-22"},{"lineNumber":86,"author":{"gitId":"eugenechiaay"},"content":"                        \"OOPS!!! I\u0027m sorry, but I don\u0027t know what that means :-(\" + \"\\n\"","lastModifiedDate":"2022-01-22"},{"lineNumber":87,"author":{"gitId":"eugenechiaay"},"content":"                        + \"--------------------------------------------------------\");","lastModifiedDate":"2022-01-22"},{"lineNumber":88,"author":{"gitId":"eugenechiaay"},"content":"            }","lastModifiedDate":"2022-01-22"},{"lineNumber":89,"author":{"gitId":"eugenechiaay"},"content":"        }","lastModifiedDate":"2022-01-21"},{"lineNumber":90,"author":{"gitId":"eugenechiaay"},"content":"","lastModifiedDate":"2022-01-21"},{"lineNumber":91,"author":{"gitId":"eugenechiaay"},"content":"        Identity.exitProg();","lastModifiedDate":"2022-01-21"},{"lineNumber":92,"author":{"gitId":"-"},"content":"    }","lastModifiedDate":"2019-07-29"},{"lineNumber":93,"author":{"gitId":"-"},"content":"}","lastModifiedDate":"2019-07-29"}],"authorContributionMap":{"eugenechiaay":89,"-":4}},{"path":"src/main/java/Identity.java","fileType":"java","lines":[{"lineNumber":1,"author":{"gitId":"eugenechiaay"},"content":"public class Identity {","lastModifiedDate":"2022-01-21"},{"lineNumber":2,"author":{"gitId":"eugenechiaay"},"content":"    //Greeting","lastModifiedDate":"2022-01-21"},{"lineNumber":3,"author":{"gitId":"eugenechiaay"},"content":"    //Logo","lastModifiedDate":"2022-01-21"},{"lineNumber":4,"author":{"gitId":"eugenechiaay"},"content":"    //Goodbye","lastModifiedDate":"2022-01-21"},{"lineNumber":5,"author":{"gitId":"eugenechiaay"},"content":"    private final static String GREETING \u003d \"Hello! I\u0027m \";","lastModifiedDate":"2022-01-21"},{"lineNumber":6,"author":{"gitId":"eugenechiaay"},"content":"    private final static String LOGO \u003d \" GGGG                      \\n\"","lastModifiedDate":"2022-01-26"},{"lineNumber":7,"author":{"gitId":"eugenechiaay"},"content":"            + \"G    G   eeee   n nnn    eeee \\n\"","lastModifiedDate":"2022-01-26"},{"lineNumber":8,"author":{"gitId":"eugenechiaay"},"content":"            + \"G       e    e  nn   n  e    e\\n\"","lastModifiedDate":"2022-01-26"},{"lineNumber":9,"author":{"gitId":"eugenechiaay"},"content":"            + \"G  GGG  eeeeee  n    n  eeeeee\\n\"","lastModifiedDate":"2022-01-26"},{"lineNumber":10,"author":{"gitId":"eugenechiaay"},"content":"            + \"G    G  e       n    n  e     \\n\"","lastModifiedDate":"2022-01-26"},{"lineNumber":11,"author":{"gitId":"eugenechiaay"},"content":"            + \"G    G  e    e  n    n  e    e\\n\"","lastModifiedDate":"2022-01-26"},{"lineNumber":12,"author":{"gitId":"eugenechiaay"},"content":"            + \" GGGG    eeee   n    n   eeee \";","lastModifiedDate":"2022-01-26"},{"lineNumber":13,"author":{"gitId":"eugenechiaay"},"content":"    private final static String GOODBYE \u003d \"Bye. Hope to see you again soon!\";","lastModifiedDate":"2022-01-21"},{"lineNumber":14,"author":{"gitId":"eugenechiaay"},"content":"    //command keys to enum","lastModifiedDate":"2022-01-21"},{"lineNumber":15,"author":{"gitId":"eugenechiaay"},"content":"    private final static String EXITKEY \u003d \"bye\";","lastModifiedDate":"2022-01-21"},{"lineNumber":16,"author":{"gitId":"eugenechiaay"},"content":"    private final static String LISTKEY \u003d \"list\";","lastModifiedDate":"2022-01-21"},{"lineNumber":17,"author":{"gitId":"eugenechiaay"},"content":"    private final static String DELETEKEY \u003d \"delete\";","lastModifiedDate":"2022-01-22"},{"lineNumber":18,"author":{"gitId":"eugenechiaay"},"content":"","lastModifiedDate":"2022-01-21"},{"lineNumber":19,"author":{"gitId":"eugenechiaay"},"content":"    public static boolean exitMatch(String key) {","lastModifiedDate":"2022-01-21"},{"lineNumber":20,"author":{"gitId":"eugenechiaay"},"content":"        return key.equals(EXITKEY);","lastModifiedDate":"2022-01-21"},{"lineNumber":21,"author":{"gitId":"eugenechiaay"},"content":"    }","lastModifiedDate":"2022-01-21"},{"lineNumber":22,"author":{"gitId":"eugenechiaay"},"content":"","lastModifiedDate":"2022-01-21"},{"lineNumber":23,"author":{"gitId":"eugenechiaay"},"content":"    public static boolean deleteMatch(String nextKey) {","lastModifiedDate":"2022-01-22"},{"lineNumber":24,"author":{"gitId":"eugenechiaay"},"content":"        return nextKey.matches(\"delete\\\\s\\\\d\");","lastModifiedDate":"2022-01-22"},{"lineNumber":25,"author":{"gitId":"eugenechiaay"},"content":"    }","lastModifiedDate":"2022-01-22"},{"lineNumber":26,"author":{"gitId":"eugenechiaay"},"content":"","lastModifiedDate":"2022-01-22"},{"lineNumber":27,"author":{"gitId":"eugenechiaay"},"content":"    public static boolean listMatch(String key) {","lastModifiedDate":"2022-01-21"},{"lineNumber":28,"author":{"gitId":"eugenechiaay"},"content":"        return key.equals(LISTKEY);","lastModifiedDate":"2022-01-21"},{"lineNumber":29,"author":{"gitId":"eugenechiaay"},"content":"    }","lastModifiedDate":"2022-01-21"},{"lineNumber":30,"author":{"gitId":"eugenechiaay"},"content":"","lastModifiedDate":"2022-01-21"},{"lineNumber":31,"author":{"gitId":"eugenechiaay"},"content":"    public static boolean markMatch(String nextKey) {","lastModifiedDate":"2022-01-21"},{"lineNumber":32,"author":{"gitId":"eugenechiaay"},"content":"        return nextKey.matches(\"mark\\\\s\\\\d\");","lastModifiedDate":"2022-01-21"},{"lineNumber":33,"author":{"gitId":"eugenechiaay"},"content":"    }","lastModifiedDate":"2022-01-21"},{"lineNumber":34,"author":{"gitId":"eugenechiaay"},"content":"","lastModifiedDate":"2022-01-21"},{"lineNumber":35,"author":{"gitId":"eugenechiaay"},"content":"    public static boolean unmarkMatch(String nextKey) {","lastModifiedDate":"2022-01-21"},{"lineNumber":36,"author":{"gitId":"eugenechiaay"},"content":"        return nextKey.matches(\"unmark\\\\s\\\\d\");","lastModifiedDate":"2022-01-21"},{"lineNumber":37,"author":{"gitId":"eugenechiaay"},"content":"    }","lastModifiedDate":"2022-01-21"},{"lineNumber":38,"author":{"gitId":"eugenechiaay"},"content":"","lastModifiedDate":"2022-01-21"},{"lineNumber":39,"author":{"gitId":"eugenechiaay"},"content":"    public static boolean todoMatch(String nextKey) {","lastModifiedDate":"2022-01-22"},{"lineNumber":40,"author":{"gitId":"eugenechiaay"},"content":"        return nextKey.matches(\"^todo.*$\");","lastModifiedDate":"2022-01-22"},{"lineNumber":41,"author":{"gitId":"eugenechiaay"},"content":"    }","lastModifiedDate":"2022-01-22"},{"lineNumber":42,"author":{"gitId":"eugenechiaay"},"content":"","lastModifiedDate":"2022-01-22"},{"lineNumber":43,"author":{"gitId":"eugenechiaay"},"content":"    public static boolean eventMatch(String nextKey) {","lastModifiedDate":"2022-01-22"},{"lineNumber":44,"author":{"gitId":"eugenechiaay"},"content":"        return nextKey.matches(\"^event.*$\");","lastModifiedDate":"2022-01-22"},{"lineNumber":45,"author":{"gitId":"eugenechiaay"},"content":"    }","lastModifiedDate":"2022-01-22"},{"lineNumber":46,"author":{"gitId":"eugenechiaay"},"content":"","lastModifiedDate":"2022-01-22"},{"lineNumber":47,"author":{"gitId":"eugenechiaay"},"content":"    public static boolean deadlineMatch(String nextKey) {","lastModifiedDate":"2022-01-22"},{"lineNumber":48,"author":{"gitId":"eugenechiaay"},"content":"        return nextKey.matches(\"^deadline.*$\");","lastModifiedDate":"2022-01-22"},{"lineNumber":49,"author":{"gitId":"eugenechiaay"},"content":"    }","lastModifiedDate":"2022-01-22"},{"lineNumber":50,"author":{"gitId":"eugenechiaay"},"content":"","lastModifiedDate":"2022-01-22"},{"lineNumber":51,"author":{"gitId":"eugenechiaay"},"content":"    public static void exitProg() {","lastModifiedDate":"2022-01-21"},{"lineNumber":52,"author":{"gitId":"eugenechiaay"},"content":"        System.out.println(\"--------------------------------\" +","lastModifiedDate":"2022-01-21"},{"lineNumber":53,"author":{"gitId":"eugenechiaay"},"content":"                \"------------------------\\n\"","lastModifiedDate":"2022-01-21"},{"lineNumber":54,"author":{"gitId":"eugenechiaay"},"content":"                + GOODBYE","lastModifiedDate":"2022-01-21"},{"lineNumber":55,"author":{"gitId":"eugenechiaay"},"content":"                + \"\\n\"","lastModifiedDate":"2022-01-21"},{"lineNumber":56,"author":{"gitId":"eugenechiaay"},"content":"                + \"--------------------------------------------------------\");","lastModifiedDate":"2022-01-21"},{"lineNumber":57,"author":{"gitId":"eugenechiaay"},"content":"    }","lastModifiedDate":"2022-01-21"},{"lineNumber":58,"author":{"gitId":"eugenechiaay"},"content":"","lastModifiedDate":"2022-01-21"},{"lineNumber":59,"author":{"gitId":"eugenechiaay"},"content":"","lastModifiedDate":"2022-01-21"},{"lineNumber":60,"author":{"gitId":"eugenechiaay"},"content":"}","lastModifiedDate":"2022-01-21"}],"authorContributionMap":{"eugenechiaay":60}},{"path":"src/main/java/Task.java","fileType":"java","lines":[{"lineNumber":1,"author":{"gitId":"eugenechiaay"},"content":"import java.time.LocalDateTime;","lastModifiedDate":"2022-01-28"},{"lineNumber":2,"author":{"gitId":"eugenechiaay"},"content":"","lastModifiedDate":"2022-01-28"},{"lineNumber":3,"author":{"gitId":"eugenechiaay"},"content":"public abstract class Task {","lastModifiedDate":"2022-01-21"},{"lineNumber":4,"author":{"gitId":"eugenechiaay"},"content":"    private final String taskTitle;","lastModifiedDate":"2022-01-21"},{"lineNumber":5,"author":{"gitId":"eugenechiaay"},"content":"    private boolean markedStatus;","lastModifiedDate":"2022-01-26"},{"lineNumber":6,"author":{"gitId":"eugenechiaay"},"content":"    private LocalDateTime deadline;","lastModifiedDate":"2022-01-28"},{"lineNumber":7,"author":{"gitId":"eugenechiaay"},"content":"    //mark/unmarked as classes","lastModifiedDate":"2022-01-21"},{"lineNumber":8,"author":{"gitId":"eugenechiaay"},"content":"","lastModifiedDate":"2022-01-21"},{"lineNumber":9,"author":{"gitId":"eugenechiaay"},"content":"    public Task(String taskTitle) {","lastModifiedDate":"2022-01-21"},{"lineNumber":10,"author":{"gitId":"eugenechiaay"},"content":"        this.taskTitle \u003d taskTitle;","lastModifiedDate":"2022-01-21"},{"lineNumber":11,"author":{"gitId":"eugenechiaay"},"content":"        this.markedStatus \u003d false;","lastModifiedDate":"2022-01-26"},{"lineNumber":12,"author":{"gitId":"eugenechiaay"},"content":"    }","lastModifiedDate":"2022-01-26"},{"lineNumber":13,"author":{"gitId":"eugenechiaay"},"content":"","lastModifiedDate":"2022-01-26"},{"lineNumber":14,"author":{"gitId":"eugenechiaay"},"content":"    public Task(String taskTitle, LocalDateTime deadline) {","lastModifiedDate":"2022-01-28"},{"lineNumber":15,"author":{"gitId":"eugenechiaay"},"content":"        this.taskTitle \u003d taskTitle;","lastModifiedDate":"2022-01-26"},{"lineNumber":16,"author":{"gitId":"eugenechiaay"},"content":"        this.deadline \u003d deadline;","lastModifiedDate":"2022-01-26"},{"lineNumber":17,"author":{"gitId":"eugenechiaay"},"content":"        this.markedStatus \u003d false;","lastModifiedDate":"2022-01-26"},{"lineNumber":18,"author":{"gitId":"eugenechiaay"},"content":"    }","lastModifiedDate":"2022-01-21"},{"lineNumber":19,"author":{"gitId":"eugenechiaay"},"content":"","lastModifiedDate":"2022-01-21"},{"lineNumber":20,"author":{"gitId":"eugenechiaay"},"content":"    public abstract Task markTask();","lastModifiedDate":"2022-01-21"},{"lineNumber":21,"author":{"gitId":"eugenechiaay"},"content":"","lastModifiedDate":"2022-01-21"},{"lineNumber":22,"author":{"gitId":"eugenechiaay"},"content":"    public abstract Task unmarkTask();","lastModifiedDate":"2022-01-21"},{"lineNumber":23,"author":{"gitId":"eugenechiaay"},"content":"","lastModifiedDate":"2022-01-21"},{"lineNumber":24,"author":{"gitId":"eugenechiaay"},"content":"    public boolean isMarked() {","lastModifiedDate":"2022-01-26"},{"lineNumber":25,"author":{"gitId":"eugenechiaay"},"content":"        return this.markedStatus;","lastModifiedDate":"2022-01-26"},{"lineNumber":26,"author":{"gitId":"eugenechiaay"},"content":"    }","lastModifiedDate":"2022-01-26"},{"lineNumber":27,"author":{"gitId":"eugenechiaay"},"content":"","lastModifiedDate":"2022-01-21"},{"lineNumber":28,"author":{"gitId":"eugenechiaay"},"content":"    public abstract String toString();","lastModifiedDate":"2022-01-26"},{"lineNumber":29,"author":{"gitId":"eugenechiaay"},"content":"}","lastModifiedDate":"2022-01-21"}],"authorContributionMap":{"eugenechiaay":29}},{"path":"src/main/java/TaskList.java","fileType":"java","lines":[{"lineNumber":1,"author":{"gitId":"eugenechiaay"},"content":"import java.io.*;","lastModifiedDate":"2022-01-27"},{"lineNumber":2,"author":{"gitId":"eugenechiaay"},"content":"import java.nio.charset.StandardCharsets;","lastModifiedDate":"2022-01-27"},{"lineNumber":3,"author":{"gitId":"eugenechiaay"},"content":"import java.nio.file.Files;","lastModifiedDate":"2022-01-26"},{"lineNumber":4,"author":{"gitId":"eugenechiaay"},"content":"import java.nio.file.Path;","lastModifiedDate":"2022-01-26"},{"lineNumber":5,"author":{"gitId":"eugenechiaay"},"content":"import java.time.LocalDateTime;","lastModifiedDate":"2022-01-28"},{"lineNumber":6,"author":{"gitId":"eugenechiaay"},"content":"import java.time.format.DateTimeFormatter;","lastModifiedDate":"2022-01-28"},{"lineNumber":7,"author":{"gitId":"eugenechiaay"},"content":"import java.time.format.DateTimeParseException;","lastModifiedDate":"2022-01-28"},{"lineNumber":8,"author":{"gitId":"eugenechiaay"},"content":"import java.util.ArrayList;","lastModifiedDate":"2022-01-21"},{"lineNumber":9,"author":{"gitId":"eugenechiaay"},"content":"import java.util.Arrays;","lastModifiedDate":"2022-01-27"},{"lineNumber":10,"author":{"gitId":"eugenechiaay"},"content":"import java.util.List;","lastModifiedDate":"2022-01-27"},{"lineNumber":11,"author":{"gitId":"eugenechiaay"},"content":"","lastModifiedDate":"2022-01-21"},{"lineNumber":12,"author":{"gitId":"eugenechiaay"},"content":"public class TaskList {","lastModifiedDate":"2022-01-21"},{"lineNumber":13,"author":{"gitId":"eugenechiaay"},"content":"    private final ArrayList\u003cTask\u003e itemList \u003d new ArrayList\u003c\u003e(0);","lastModifiedDate":"2022-01-21"},{"lineNumber":14,"author":{"gitId":"eugenechiaay"},"content":"    private Path absolutePath;","lastModifiedDate":"2022-01-26"},{"lineNumber":15,"author":{"gitId":"eugenechiaay"},"content":"    private final Path folderPath;","lastModifiedDate":"2022-01-28"},{"lineNumber":16,"author":{"gitId":"eugenechiaay"},"content":"    private final String fileName;","lastModifiedDate":"2022-01-28"},{"lineNumber":17,"author":{"gitId":"eugenechiaay"},"content":"    private File targetFile;","lastModifiedDate":"2022-01-27"},{"lineNumber":18,"author":{"gitId":"eugenechiaay"},"content":"","lastModifiedDate":"2022-01-21"},{"lineNumber":19,"author":{"gitId":"eugenechiaay"},"content":"    //read file and initialize arraylist: if dont have existing file, create.","lastModifiedDate":"2022-01-26"},{"lineNumber":20,"author":{"gitId":"eugenechiaay"},"content":"    public TaskList(String fileName) {","lastModifiedDate":"2022-01-26"},{"lineNumber":21,"author":{"gitId":"eugenechiaay"},"content":"        String currentDir \u003d System.getProperty(\"user.dir\");","lastModifiedDate":"2022-01-26"},{"lineNumber":22,"author":{"gitId":"eugenechiaay"},"content":"        Path currentPath \u003d Path.of(currentDir + File.separator + \"data\");","lastModifiedDate":"2022-01-26"},{"lineNumber":23,"author":{"gitId":"eugenechiaay"},"content":"        this.folderPath \u003d currentPath.toAbsolutePath();","lastModifiedDate":"2022-01-27"},{"lineNumber":24,"author":{"gitId":"eugenechiaay"},"content":"        this.absolutePath \u003d currentPath.toAbsolutePath();","lastModifiedDate":"2022-01-26"},{"lineNumber":25,"author":{"gitId":"eugenechiaay"},"content":"        this.fileName \u003d fileName;","lastModifiedDate":"2022-01-26"},{"lineNumber":26,"author":{"gitId":"eugenechiaay"},"content":"    }","lastModifiedDate":"2022-01-26"},{"lineNumber":27,"author":{"gitId":"eugenechiaay"},"content":"","lastModifiedDate":"2022-01-26"},{"lineNumber":28,"author":{"gitId":"eugenechiaay"},"content":"    public void initFile() {","lastModifiedDate":"2022-01-26"},{"lineNumber":29,"author":{"gitId":"eugenechiaay"},"content":"        try {","lastModifiedDate":"2022-01-26"},{"lineNumber":30,"author":{"gitId":"eugenechiaay"},"content":"            this.absolutePath \u003d Files.createDirectories(this.absolutePath);","lastModifiedDate":"2022-01-26"},{"lineNumber":31,"author":{"gitId":"eugenechiaay"},"content":"        } catch (IOException err) {","lastModifiedDate":"2022-01-26"},{"lineNumber":32,"author":{"gitId":"eugenechiaay"},"content":"            System.out.println(err.getMessage() + \" create dir\");","lastModifiedDate":"2022-01-27"},{"lineNumber":33,"author":{"gitId":"eugenechiaay"},"content":"        }","lastModifiedDate":"2022-01-26"},{"lineNumber":34,"author":{"gitId":"eugenechiaay"},"content":"","lastModifiedDate":"2022-01-26"},{"lineNumber":35,"author":{"gitId":"eugenechiaay"},"content":"        try {","lastModifiedDate":"2022-01-26"},{"lineNumber":36,"author":{"gitId":"eugenechiaay"},"content":"            this.absolutePath \u003d this.absolutePath.resolve(this.fileName);","lastModifiedDate":"2022-01-27"},{"lineNumber":37,"author":{"gitId":"eugenechiaay"},"content":"            Files.createFile(this.absolutePath);","lastModifiedDate":"2022-01-27"},{"lineNumber":38,"author":{"gitId":"eugenechiaay"},"content":"        } catch (IOException err) {","lastModifiedDate":"2022-01-26"},{"lineNumber":39,"author":{"gitId":"eugenechiaay"},"content":"            //its ok if file already exists.","lastModifiedDate":"2022-01-27"},{"lineNumber":40,"author":{"gitId":"eugenechiaay"},"content":"        }","lastModifiedDate":"2022-01-27"},{"lineNumber":41,"author":{"gitId":"eugenechiaay"},"content":"","lastModifiedDate":"2022-01-26"},{"lineNumber":42,"author":{"gitId":"eugenechiaay"},"content":"        try {","lastModifiedDate":"2022-01-27"},{"lineNumber":43,"author":{"gitId":"eugenechiaay"},"content":"            FileReader fileReader \u003d new FileReader(this.absolutePath.toString());","lastModifiedDate":"2022-01-27"},{"lineNumber":44,"author":{"gitId":"eugenechiaay"},"content":"            BufferedReader bufferedReader \u003d new BufferedReader(fileReader);","lastModifiedDate":"2022-01-27"},{"lineNumber":45,"author":{"gitId":"eugenechiaay"},"content":"            DateTimeFormatter formatter \u003d DateTimeFormatter.ofPattern(\"d/mm/yyyy HHmm\");","lastModifiedDate":"2022-01-28"},{"lineNumber":46,"author":{"gitId":"eugenechiaay"},"content":"            String line;","lastModifiedDate":"2022-01-27"},{"lineNumber":47,"author":{"gitId":"eugenechiaay"},"content":"            while((line  \u003d bufferedReader.readLine()) !\u003d null) {","lastModifiedDate":"2022-01-27"},{"lineNumber":48,"author":{"gitId":"eugenechiaay"},"content":"                //write to arraylist","lastModifiedDate":"2022-01-27"},{"lineNumber":49,"author":{"gitId":"eugenechiaay"},"content":"                //create task","lastModifiedDate":"2022-01-27"},{"lineNumber":50,"author":{"gitId":"eugenechiaay"},"content":"                String[] tokens \u003d line.split(\" / \");","lastModifiedDate":"2022-01-27"},{"lineNumber":51,"author":{"gitId":"eugenechiaay"},"content":"                boolean isMarked \u003d tokens[tokens.length - 1].equals(\"1\");","lastModifiedDate":"2022-01-27"},{"lineNumber":52,"author":{"gitId":"eugenechiaay"},"content":"                switch(tokens[0]) {","lastModifiedDate":"2022-01-27"},{"lineNumber":53,"author":{"gitId":"eugenechiaay"},"content":"                case \"todo\":","lastModifiedDate":"2022-01-27"},{"lineNumber":54,"author":{"gitId":"eugenechiaay"},"content":"                    String todoTitle \u003d \"todo \" + tokens[1];","lastModifiedDate":"2022-01-27"},{"lineNumber":55,"author":{"gitId":"eugenechiaay"},"content":"                    this.itemList.add(new TodoTask(todoTitle, isMarked));","lastModifiedDate":"2022-01-27"},{"lineNumber":56,"author":{"gitId":"eugenechiaay"},"content":"                    break;","lastModifiedDate":"2022-01-27"},{"lineNumber":57,"author":{"gitId":"eugenechiaay"},"content":"                case \"event\":","lastModifiedDate":"2022-01-27"},{"lineNumber":58,"author":{"gitId":"eugenechiaay"},"content":"                    String eventTitle \u003d \"event \" + tokens[1];","lastModifiedDate":"2022-01-27"},{"lineNumber":59,"author":{"gitId":"eugenechiaay"},"content":"                    String eventDeadline \u003d tokens[3];","lastModifiedDate":"2022-01-27"},{"lineNumber":60,"author":{"gitId":"eugenechiaay"},"content":"                    this.itemList.add(new EventTask(eventTitle, LocalDateTime.parse(eventDeadline, formatter), isMarked));","lastModifiedDate":"2022-01-28"},{"lineNumber":61,"author":{"gitId":"eugenechiaay"},"content":"                    break;","lastModifiedDate":"2022-01-27"},{"lineNumber":62,"author":{"gitId":"eugenechiaay"},"content":"                case \"deadline\":","lastModifiedDate":"2022-01-27"},{"lineNumber":63,"author":{"gitId":"eugenechiaay"},"content":"                    String deadlineTitle \u003d \"deadline \" + tokens[1];","lastModifiedDate":"2022-01-27"},{"lineNumber":64,"author":{"gitId":"eugenechiaay"},"content":"                    String deadlineDeadline \u003d tokens[3];","lastModifiedDate":"2022-01-27"},{"lineNumber":65,"author":{"gitId":"eugenechiaay"},"content":"                    this.itemList.add(new DeadlineTask(deadlineTitle, LocalDateTime.parse(deadlineDeadline, formatter), isMarked));","lastModifiedDate":"2022-01-28"},{"lineNumber":66,"author":{"gitId":"eugenechiaay"},"content":"                    break;","lastModifiedDate":"2022-01-27"},{"lineNumber":67,"author":{"gitId":"eugenechiaay"},"content":"                }","lastModifiedDate":"2022-01-26"},{"lineNumber":68,"author":{"gitId":"eugenechiaay"},"content":"            }","lastModifiedDate":"2022-01-27"},{"lineNumber":69,"author":{"gitId":"eugenechiaay"},"content":"            fileReader.close();","lastModifiedDate":"2022-01-27"},{"lineNumber":70,"author":{"gitId":"eugenechiaay"},"content":"            bufferedReader.close();","lastModifiedDate":"2022-01-27"},{"lineNumber":71,"author":{"gitId":"eugenechiaay"},"content":"        } catch (Exception err) {","lastModifiedDate":"2022-01-27"},{"lineNumber":72,"author":{"gitId":"eugenechiaay"},"content":"            System.out.println(err.getMessage() + \" create reader\");","lastModifiedDate":"2022-01-27"},{"lineNumber":73,"author":{"gitId":"eugenechiaay"},"content":"        }","lastModifiedDate":"2022-01-27"},{"lineNumber":74,"author":{"gitId":"eugenechiaay"},"content":"        this.targetFile \u003d new File(this.absolutePath.toString());","lastModifiedDate":"2022-01-27"},{"lineNumber":75,"author":{"gitId":"eugenechiaay"},"content":"","lastModifiedDate":"2022-01-27"},{"lineNumber":76,"author":{"gitId":"eugenechiaay"},"content":"    }","lastModifiedDate":"2022-01-26"},{"lineNumber":77,"author":{"gitId":"eugenechiaay"},"content":"","lastModifiedDate":"2022-01-21"},{"lineNumber":78,"author":{"gitId":"eugenechiaay"},"content":"    public void addTodo(String taskKey) {","lastModifiedDate":"2022-01-22"},{"lineNumber":79,"author":{"gitId":"eugenechiaay"},"content":"        writeToFile(taskKey, \"T\", false);","lastModifiedDate":"2022-01-27"},{"lineNumber":80,"author":{"gitId":"eugenechiaay"},"content":"        String[] tokens \u003d taskKey.split(\"todo \");","lastModifiedDate":"2022-01-26"},{"lineNumber":81,"author":{"gitId":"eugenechiaay"},"content":"        String taskTitle \u003d \"\";","lastModifiedDate":"2022-01-22"},{"lineNumber":82,"author":{"gitId":"eugenechiaay"},"content":"        try {","lastModifiedDate":"2022-01-26"},{"lineNumber":83,"author":{"gitId":"eugenechiaay"},"content":"            if (tokens.length \u003c 2) {","lastModifiedDate":"2022-01-26"},{"lineNumber":84,"author":{"gitId":"eugenechiaay"},"content":"                throw new BadDescriptionException(\"todo\"); //type","lastModifiedDate":"2022-01-26"},{"lineNumber":85,"author":{"gitId":"eugenechiaay"},"content":"            } else {","lastModifiedDate":"2022-01-26"},{"lineNumber":86,"author":{"gitId":"eugenechiaay"},"content":"                taskTitle \u003d tokens[1];","lastModifiedDate":"2022-01-26"},{"lineNumber":87,"author":{"gitId":"eugenechiaay"},"content":"            }","lastModifiedDate":"2022-01-22"},{"lineNumber":88,"author":{"gitId":"eugenechiaay"},"content":"        } catch (BadDescriptionException err) {","lastModifiedDate":"2022-01-26"},{"lineNumber":89,"author":{"gitId":"eugenechiaay"},"content":"            System.out.println(err.getMessage());","lastModifiedDate":"2022-01-26"},{"lineNumber":90,"author":{"gitId":"eugenechiaay"},"content":"            return;","lastModifiedDate":"2022-01-26"},{"lineNumber":91,"author":{"gitId":"eugenechiaay"},"content":"        }","lastModifiedDate":"2022-01-22"},{"lineNumber":92,"author":{"gitId":"eugenechiaay"},"content":"        Task newTask \u003d new TodoTask(taskTitle);","lastModifiedDate":"2022-01-26"},{"lineNumber":93,"author":{"gitId":"eugenechiaay"},"content":"        this.itemList.add(newTask);","lastModifiedDate":"2022-01-22"},{"lineNumber":94,"author":{"gitId":"eugenechiaay"},"content":"        System.out.println(","lastModifiedDate":"2022-01-22"},{"lineNumber":95,"author":{"gitId":"eugenechiaay"},"content":"                    \"----------------------------\" +","lastModifiedDate":"2022-01-22"},{"lineNumber":96,"author":{"gitId":"eugenechiaay"},"content":"                            \"----------------------------\\n\" +","lastModifiedDate":"2022-01-22"},{"lineNumber":97,"author":{"gitId":"eugenechiaay"},"content":"                            \"Got it. I\u0027ve added this task:\\n\"","lastModifiedDate":"2022-01-22"},{"lineNumber":98,"author":{"gitId":"eugenechiaay"},"content":"                            + \"  \" + newTask + \"\\n\"","lastModifiedDate":"2022-01-22"},{"lineNumber":99,"author":{"gitId":"eugenechiaay"},"content":"                            + \"Now you have \" + this.itemList.size() + \" tasks in the list.\"","lastModifiedDate":"2022-01-22"},{"lineNumber":100,"author":{"gitId":"eugenechiaay"},"content":"                            + \"\\n\"","lastModifiedDate":"2022-01-22"},{"lineNumber":101,"author":{"gitId":"eugenechiaay"},"content":"                            + \"--------------------------------------------------------\"","lastModifiedDate":"2022-01-22"},{"lineNumber":102,"author":{"gitId":"eugenechiaay"},"content":"            );","lastModifiedDate":"2022-01-22"},{"lineNumber":103,"author":{"gitId":"eugenechiaay"},"content":"    }","lastModifiedDate":"2022-01-22"},{"lineNumber":104,"author":{"gitId":"eugenechiaay"},"content":"","lastModifiedDate":"2022-01-22"},{"lineNumber":105,"author":{"gitId":"eugenechiaay"},"content":"    public void addEvent(String taskKey) {","lastModifiedDate":"2022-01-22"},{"lineNumber":106,"author":{"gitId":"eugenechiaay"},"content":"        String[] tokens \u003d taskKey.split(\"event \");","lastModifiedDate":"2022-01-26"},{"lineNumber":107,"author":{"gitId":"eugenechiaay"},"content":"        String taskTitle \u003d \"\";","lastModifiedDate":"2022-01-22"},{"lineNumber":108,"author":{"gitId":"eugenechiaay"},"content":"        try {","lastModifiedDate":"2022-01-26"},{"lineNumber":109,"author":{"gitId":"eugenechiaay"},"content":"            if (tokens.length \u003c 2) {","lastModifiedDate":"2022-01-26"},{"lineNumber":110,"author":{"gitId":"eugenechiaay"},"content":"                throw new BadDescriptionException(\"event\");","lastModifiedDate":"2022-01-26"},{"lineNumber":111,"author":{"gitId":"eugenechiaay"},"content":"","lastModifiedDate":"2022-01-26"},{"lineNumber":112,"author":{"gitId":"eugenechiaay"},"content":"            } else {","lastModifiedDate":"2022-01-26"},{"lineNumber":113,"author":{"gitId":"eugenechiaay"},"content":"                taskTitle \u003d tokens[1];","lastModifiedDate":"2022-01-26"},{"lineNumber":114,"author":{"gitId":"eugenechiaay"},"content":"            }","lastModifiedDate":"2022-01-22"},{"lineNumber":115,"author":{"gitId":"eugenechiaay"},"content":"        } catch (BadDescriptionException err) {","lastModifiedDate":"2022-01-26"},{"lineNumber":116,"author":{"gitId":"eugenechiaay"},"content":"            System.out.println(err.getMessage());","lastModifiedDate":"2022-01-26"},{"lineNumber":117,"author":{"gitId":"eugenechiaay"},"content":"            return;","lastModifiedDate":"2022-01-26"},{"lineNumber":118,"author":{"gitId":"eugenechiaay"},"content":"        }","lastModifiedDate":"2022-01-22"},{"lineNumber":119,"author":{"gitId":"eugenechiaay"},"content":"        String[] secondSplit \u003d taskTitle.split(\" /at \");","lastModifiedDate":"2022-01-22"},{"lineNumber":120,"author":{"gitId":"eugenechiaay"},"content":"        taskTitle \u003d secondSplit[0];","lastModifiedDate":"2022-01-22"},{"lineNumber":121,"author":{"gitId":"eugenechiaay"},"content":"        String deadline \u003d \"\";","lastModifiedDate":"2022-01-26"},{"lineNumber":122,"author":{"gitId":"eugenechiaay"},"content":"        try {","lastModifiedDate":"2022-01-26"},{"lineNumber":123,"author":{"gitId":"eugenechiaay"},"content":"            if (secondSplit.length \u003c 2) {","lastModifiedDate":"2022-01-26"},{"lineNumber":124,"author":{"gitId":"eugenechiaay"},"content":"                throw new BadDeadlineException(\"event\");","lastModifiedDate":"2022-01-26"},{"lineNumber":125,"author":{"gitId":"eugenechiaay"},"content":"            } else {","lastModifiedDate":"2022-01-26"},{"lineNumber":126,"author":{"gitId":"eugenechiaay"},"content":"                deadline \u003d secondSplit[1];","lastModifiedDate":"2022-01-26"},{"lineNumber":127,"author":{"gitId":"eugenechiaay"},"content":"            }","lastModifiedDate":"2022-01-26"},{"lineNumber":128,"author":{"gitId":"eugenechiaay"},"content":"        } catch (BadDeadlineException err) {","lastModifiedDate":"2022-01-26"},{"lineNumber":129,"author":{"gitId":"eugenechiaay"},"content":"            System.out.println(err.getMessage());","lastModifiedDate":"2022-01-26"},{"lineNumber":130,"author":{"gitId":"eugenechiaay"},"content":"            return;","lastModifiedDate":"2022-01-26"},{"lineNumber":131,"author":{"gitId":"eugenechiaay"},"content":"        }","lastModifiedDate":"2022-01-26"},{"lineNumber":132,"author":{"gitId":"eugenechiaay"},"content":"","lastModifiedDate":"2022-01-28"},{"lineNumber":133,"author":{"gitId":"eugenechiaay"},"content":"        try {","lastModifiedDate":"2022-01-28"},{"lineNumber":134,"author":{"gitId":"eugenechiaay"},"content":"            DateTimeFormatter formatter \u003d DateTimeFormatter.ofPattern(\"d/MM/yyyy HHmm\");","lastModifiedDate":"2022-01-28"},{"lineNumber":135,"author":{"gitId":"eugenechiaay"},"content":"            Task newTask \u003d new EventTask(taskTitle, LocalDateTime.parse(deadline, formatter));","lastModifiedDate":"2022-01-28"},{"lineNumber":136,"author":{"gitId":"eugenechiaay"},"content":"            writeToFile(taskKey, \"E\", false);","lastModifiedDate":"2022-01-27"},{"lineNumber":137,"author":{"gitId":"eugenechiaay"},"content":"            this.itemList.add(newTask);","lastModifiedDate":"2022-01-22"},{"lineNumber":138,"author":{"gitId":"eugenechiaay"},"content":"            System.out.println(","lastModifiedDate":"2022-01-22"},{"lineNumber":139,"author":{"gitId":"eugenechiaay"},"content":"                    \"----------------------------\" +","lastModifiedDate":"2022-01-22"},{"lineNumber":140,"author":{"gitId":"eugenechiaay"},"content":"                            \"----------------------------\\n\" +","lastModifiedDate":"2022-01-22"},{"lineNumber":141,"author":{"gitId":"eugenechiaay"},"content":"                            \"Got it. I\u0027ve added this task:\\n\"","lastModifiedDate":"2022-01-22"},{"lineNumber":142,"author":{"gitId":"eugenechiaay"},"content":"                            + \"  \" + newTask + \"\\n\"","lastModifiedDate":"2022-01-22"},{"lineNumber":143,"author":{"gitId":"eugenechiaay"},"content":"                            + \"Now you have \" + this.itemList.size() + \" tasks in the list.\"","lastModifiedDate":"2022-01-22"},{"lineNumber":144,"author":{"gitId":"eugenechiaay"},"content":"                            + \"\\n\"","lastModifiedDate":"2022-01-22"},{"lineNumber":145,"author":{"gitId":"eugenechiaay"},"content":"                            + \"--------------------------------------------------------\"","lastModifiedDate":"2022-01-22"},{"lineNumber":146,"author":{"gitId":"eugenechiaay"},"content":"            );","lastModifiedDate":"2022-01-22"},{"lineNumber":147,"author":{"gitId":"eugenechiaay"},"content":"        } catch(DateTimeParseException err) {","lastModifiedDate":"2022-01-28"},{"lineNumber":148,"author":{"gitId":"eugenechiaay"},"content":"            System.out.println(err.getMessage());","lastModifiedDate":"2022-01-28"},{"lineNumber":149,"author":{"gitId":"eugenechiaay"},"content":"        }","lastModifiedDate":"2022-01-28"},{"lineNumber":150,"author":{"gitId":"eugenechiaay"},"content":"    }","lastModifiedDate":"2022-01-22"},{"lineNumber":151,"author":{"gitId":"eugenechiaay"},"content":"","lastModifiedDate":"2022-01-22"},{"lineNumber":152,"author":{"gitId":"eugenechiaay"},"content":"    public void addDeadline(String taskKey) {","lastModifiedDate":"2022-01-22"},{"lineNumber":153,"author":{"gitId":"eugenechiaay"},"content":"        String[] tokens \u003d taskKey.split(\"deadline \");","lastModifiedDate":"2022-01-26"},{"lineNumber":154,"author":{"gitId":"eugenechiaay"},"content":"        String taskTitle \u003d \"\";","lastModifiedDate":"2022-01-22"},{"lineNumber":155,"author":{"gitId":"eugenechiaay"},"content":"        try {","lastModifiedDate":"2022-01-26"},{"lineNumber":156,"author":{"gitId":"eugenechiaay"},"content":"            if (tokens.length \u003c 2) {","lastModifiedDate":"2022-01-26"},{"lineNumber":157,"author":{"gitId":"eugenechiaay"},"content":"                throw new BadDescriptionException(\"deadline\");","lastModifiedDate":"2022-01-26"},{"lineNumber":158,"author":{"gitId":"eugenechiaay"},"content":"            } else {","lastModifiedDate":"2022-01-26"},{"lineNumber":159,"author":{"gitId":"eugenechiaay"},"content":"                taskTitle \u003d tokens[1];","lastModifiedDate":"2022-01-26"},{"lineNumber":160,"author":{"gitId":"eugenechiaay"},"content":"            }","lastModifiedDate":"2022-01-22"},{"lineNumber":161,"author":{"gitId":"eugenechiaay"},"content":"        } catch (BadDescriptionException err) {","lastModifiedDate":"2022-01-26"},{"lineNumber":162,"author":{"gitId":"eugenechiaay"},"content":"            System.out.println(err.getMessage());","lastModifiedDate":"2022-01-26"},{"lineNumber":163,"author":{"gitId":"eugenechiaay"},"content":"            return;","lastModifiedDate":"2022-01-26"},{"lineNumber":164,"author":{"gitId":"eugenechiaay"},"content":"        }","lastModifiedDate":"2022-01-22"},{"lineNumber":165,"author":{"gitId":"eugenechiaay"},"content":"        String[] secondSplit \u003d taskTitle.split(\" /by \");","lastModifiedDate":"2022-01-22"},{"lineNumber":166,"author":{"gitId":"eugenechiaay"},"content":"        taskTitle \u003d secondSplit[0];","lastModifiedDate":"2022-01-22"},{"lineNumber":167,"author":{"gitId":"eugenechiaay"},"content":"        String deadline \u003d \"\";","lastModifiedDate":"2022-01-26"},{"lineNumber":168,"author":{"gitId":"eugenechiaay"},"content":"        try {","lastModifiedDate":"2022-01-26"},{"lineNumber":169,"author":{"gitId":"eugenechiaay"},"content":"            if (secondSplit.length \u003c 2) {","lastModifiedDate":"2022-01-26"},{"lineNumber":170,"author":{"gitId":"eugenechiaay"},"content":"                throw new BadDeadlineException(\"deadline\");","lastModifiedDate":"2022-01-26"},{"lineNumber":171,"author":{"gitId":"eugenechiaay"},"content":"            } else {","lastModifiedDate":"2022-01-26"},{"lineNumber":172,"author":{"gitId":"eugenechiaay"},"content":"                deadline \u003d secondSplit[1];","lastModifiedDate":"2022-01-26"},{"lineNumber":173,"author":{"gitId":"eugenechiaay"},"content":"            }","lastModifiedDate":"2022-01-26"},{"lineNumber":174,"author":{"gitId":"eugenechiaay"},"content":"        } catch (BadDeadlineException err) {","lastModifiedDate":"2022-01-26"},{"lineNumber":175,"author":{"gitId":"eugenechiaay"},"content":"            System.out.println(err.getMessage());","lastModifiedDate":"2022-01-26"},{"lineNumber":176,"author":{"gitId":"eugenechiaay"},"content":"            return;","lastModifiedDate":"2022-01-26"},{"lineNumber":177,"author":{"gitId":"eugenechiaay"},"content":"        }","lastModifiedDate":"2022-01-26"},{"lineNumber":178,"author":{"gitId":"eugenechiaay"},"content":"","lastModifiedDate":"2022-01-28"},{"lineNumber":179,"author":{"gitId":"eugenechiaay"},"content":"        try {","lastModifiedDate":"2022-01-28"},{"lineNumber":180,"author":{"gitId":"eugenechiaay"},"content":"            //Accept string","lastModifiedDate":"2022-01-28"},{"lineNumber":181,"author":{"gitId":"eugenechiaay"},"content":"            //Parse string to datetime, use formatter here to change reading style","lastModifiedDate":"2022-01-28"},{"lineNumber":182,"author":{"gitId":"eugenechiaay"},"content":"            //when printing, check date time and print format.","lastModifiedDate":"2022-01-28"},{"lineNumber":183,"author":{"gitId":"eugenechiaay"},"content":"            DateTimeFormatter formatter \u003d DateTimeFormatter.ofPattern(\"d/MM/yyyy HHmm\");","lastModifiedDate":"2022-01-28"},{"lineNumber":184,"author":{"gitId":"eugenechiaay"},"content":"            Task newTask \u003d new DeadlineTask(taskTitle, LocalDateTime.parse(deadline, formatter));","lastModifiedDate":"2022-01-28"},{"lineNumber":185,"author":{"gitId":"eugenechiaay"},"content":"            writeToFile(taskKey, \"D\", false);","lastModifiedDate":"2022-01-27"},{"lineNumber":186,"author":{"gitId":"eugenechiaay"},"content":"            this.itemList.add(newTask);","lastModifiedDate":"2022-01-22"},{"lineNumber":187,"author":{"gitId":"eugenechiaay"},"content":"            System.out.println(","lastModifiedDate":"2022-01-22"},{"lineNumber":188,"author":{"gitId":"eugenechiaay"},"content":"                    \"----------------------------\" +","lastModifiedDate":"2022-01-22"},{"lineNumber":189,"author":{"gitId":"eugenechiaay"},"content":"                            \"----------------------------\\n\" +","lastModifiedDate":"2022-01-22"},{"lineNumber":190,"author":{"gitId":"eugenechiaay"},"content":"                            \"Got it. I\u0027ve added this task:\\n\"","lastModifiedDate":"2022-01-22"},{"lineNumber":191,"author":{"gitId":"eugenechiaay"},"content":"                            + \"  \" + newTask + \"\\n\"","lastModifiedDate":"2022-01-22"},{"lineNumber":192,"author":{"gitId":"eugenechiaay"},"content":"                            + \"Now you have \" + this.itemList.size() + \" tasks in the list.\"","lastModifiedDate":"2022-01-22"},{"lineNumber":193,"author":{"gitId":"eugenechiaay"},"content":"                            + \"\\n\"","lastModifiedDate":"2022-01-22"},{"lineNumber":194,"author":{"gitId":"eugenechiaay"},"content":"                            + \"--------------------------------------------------------\"","lastModifiedDate":"2022-01-22"},{"lineNumber":195,"author":{"gitId":"eugenechiaay"},"content":"            );","lastModifiedDate":"2022-01-22"},{"lineNumber":196,"author":{"gitId":"eugenechiaay"},"content":"        } catch(DateTimeParseException err) {","lastModifiedDate":"2022-01-28"},{"lineNumber":197,"author":{"gitId":"eugenechiaay"},"content":"            System.out.println(err.getMessage());","lastModifiedDate":"2022-01-28"},{"lineNumber":198,"author":{"gitId":"eugenechiaay"},"content":"        }","lastModifiedDate":"2022-01-28"},{"lineNumber":199,"author":{"gitId":"eugenechiaay"},"content":"    }","lastModifiedDate":"2022-01-22"},{"lineNumber":200,"author":{"gitId":"eugenechiaay"},"content":"","lastModifiedDate":"2022-01-22"},{"lineNumber":201,"author":{"gitId":"eugenechiaay"},"content":"    public void deleteTask(String taskKey) {","lastModifiedDate":"2022-01-22"},{"lineNumber":202,"author":{"gitId":"eugenechiaay"},"content":"        //must not be empty","lastModifiedDate":"2022-01-27"},{"lineNumber":203,"author":{"gitId":"eugenechiaay"},"content":"        try {","lastModifiedDate":"2022-01-27"},{"lineNumber":204,"author":{"gitId":"eugenechiaay"},"content":"            String[] tokens \u003d taskKey.split(\" \");","lastModifiedDate":"2022-01-22"},{"lineNumber":205,"author":{"gitId":"eugenechiaay"},"content":"            String strIndex \u003d tokens[1]; //error here","lastModifiedDate":"2022-01-22"},{"lineNumber":206,"author":{"gitId":"eugenechiaay"},"content":"            int index \u003d Integer.parseInt(strIndex);","lastModifiedDate":"2022-01-22"},{"lineNumber":207,"author":{"gitId":"eugenechiaay"},"content":"            Task targetTask \u003d this.itemList.get(index);","lastModifiedDate":"2022-01-22"},{"lineNumber":208,"author":{"gitId":"eugenechiaay"},"content":"            this.itemList.remove(index); //error if empty","lastModifiedDate":"2022-01-27"},{"lineNumber":209,"author":{"gitId":"eugenechiaay"},"content":"            deleteLineToFile(index); //error if empty","lastModifiedDate":"2022-01-27"},{"lineNumber":210,"author":{"gitId":"eugenechiaay"},"content":"            System.out.println(","lastModifiedDate":"2022-01-22"},{"lineNumber":211,"author":{"gitId":"eugenechiaay"},"content":"                    \"----------------------------\" +","lastModifiedDate":"2022-01-22"},{"lineNumber":212,"author":{"gitId":"eugenechiaay"},"content":"                            \"----------------------------\\n\" +","lastModifiedDate":"2022-01-22"},{"lineNumber":213,"author":{"gitId":"eugenechiaay"},"content":"                            \"Noted. I\u0027ve removed this task:\\n\"","lastModifiedDate":"2022-01-22"},{"lineNumber":214,"author":{"gitId":"eugenechiaay"},"content":"                            + \"  \" + targetTask + \"\\n\"","lastModifiedDate":"2022-01-22"},{"lineNumber":215,"author":{"gitId":"eugenechiaay"},"content":"                            + \"Now you have \" + this.itemList.size() + \" tasks in the list.\"","lastModifiedDate":"2022-01-22"},{"lineNumber":216,"author":{"gitId":"eugenechiaay"},"content":"                            + \"\\n\"","lastModifiedDate":"2022-01-22"},{"lineNumber":217,"author":{"gitId":"eugenechiaay"},"content":"                            + \"--------------------------------------------------------\"","lastModifiedDate":"2022-01-22"},{"lineNumber":218,"author":{"gitId":"eugenechiaay"},"content":"            );","lastModifiedDate":"2022-01-22"},{"lineNumber":219,"author":{"gitId":"eugenechiaay"},"content":"        } catch (Exception err) {","lastModifiedDate":"2022-01-27"},{"lineNumber":220,"author":{"gitId":"eugenechiaay"},"content":"            System.out.println(\"File and list is already empty\");","lastModifiedDate":"2022-01-27"},{"lineNumber":221,"author":{"gitId":"eugenechiaay"},"content":"        }","lastModifiedDate":"2022-01-27"},{"lineNumber":222,"author":{"gitId":"eugenechiaay"},"content":"","lastModifiedDate":"2022-01-27"},{"lineNumber":223,"author":{"gitId":"eugenechiaay"},"content":"    }","lastModifiedDate":"2022-01-22"},{"lineNumber":224,"author":{"gitId":"eugenechiaay"},"content":"","lastModifiedDate":"2022-01-22"},{"lineNumber":225,"author":{"gitId":"eugenechiaay"},"content":"    public void markTask(String taskKey) {","lastModifiedDate":"2022-01-21"},{"lineNumber":226,"author":{"gitId":"eugenechiaay"},"content":"        String[] tokens \u003d taskKey.split(\" \");","lastModifiedDate":"2022-01-21"},{"lineNumber":227,"author":{"gitId":"eugenechiaay"},"content":"        String strIndex \u003d tokens[1]; //error here","lastModifiedDate":"2022-01-21"},{"lineNumber":228,"author":{"gitId":"eugenechiaay"},"content":"        int index \u003d Integer.parseInt(strIndex);","lastModifiedDate":"2022-01-21"},{"lineNumber":229,"author":{"gitId":"eugenechiaay"},"content":"        Task targetTask \u003d this.itemList.get(index);","lastModifiedDate":"2022-01-21"},{"lineNumber":230,"author":{"gitId":"eugenechiaay"},"content":"        Task newTask \u003d targetTask.markTask();","lastModifiedDate":"2022-01-21"},{"lineNumber":231,"author":{"gitId":"eugenechiaay"},"content":"        this.itemList.set(index, newTask);","lastModifiedDate":"2022-01-21"},{"lineNumber":232,"author":{"gitId":"eugenechiaay"},"content":"        updatesToFile(index, \"1\");","lastModifiedDate":"2022-01-27"},{"lineNumber":233,"author":{"gitId":"eugenechiaay"},"content":"        System.out.println(","lastModifiedDate":"2022-01-21"},{"lineNumber":234,"author":{"gitId":"eugenechiaay"},"content":"                \"----------------------------\" +","lastModifiedDate":"2022-01-22"},{"lineNumber":235,"author":{"gitId":"eugenechiaay"},"content":"                        \"----------------------------\\n\" +","lastModifiedDate":"2022-01-22"},{"lineNumber":236,"author":{"gitId":"eugenechiaay"},"content":"                \"Nice! I\u0027ve marked this task as done:\"","lastModifiedDate":"2022-01-21"},{"lineNumber":237,"author":{"gitId":"eugenechiaay"},"content":"                        + \"\\n\" + \"  \" + targetTask","lastModifiedDate":"2022-01-26"},{"lineNumber":238,"author":{"gitId":"eugenechiaay"},"content":"                        + \"\\n\"","lastModifiedDate":"2022-01-22"},{"lineNumber":239,"author":{"gitId":"eugenechiaay"},"content":"                        + \"--------------------------------------------------------\"","lastModifiedDate":"2022-01-22"},{"lineNumber":240,"author":{"gitId":"eugenechiaay"},"content":"        );","lastModifiedDate":"2022-01-21"},{"lineNumber":241,"author":{"gitId":"eugenechiaay"},"content":"    }","lastModifiedDate":"2022-01-21"},{"lineNumber":242,"author":{"gitId":"eugenechiaay"},"content":"","lastModifiedDate":"2022-01-21"},{"lineNumber":243,"author":{"gitId":"eugenechiaay"},"content":"    public void unmarkTask(String taskKey) {","lastModifiedDate":"2022-01-21"},{"lineNumber":244,"author":{"gitId":"eugenechiaay"},"content":"        String[] tokens \u003d taskKey.split(\" \");","lastModifiedDate":"2022-01-21"},{"lineNumber":245,"author":{"gitId":"eugenechiaay"},"content":"        String strIndex \u003d tokens[1]; //error here","lastModifiedDate":"2022-01-21"},{"lineNumber":246,"author":{"gitId":"eugenechiaay"},"content":"        int index \u003d Integer.parseInt(strIndex);","lastModifiedDate":"2022-01-21"},{"lineNumber":247,"author":{"gitId":"eugenechiaay"},"content":"        Task targetTask \u003d this.itemList.get(index);","lastModifiedDate":"2022-01-21"},{"lineNumber":248,"author":{"gitId":"eugenechiaay"},"content":"        Task newTask \u003d targetTask.unmarkTask();","lastModifiedDate":"2022-01-21"},{"lineNumber":249,"author":{"gitId":"eugenechiaay"},"content":"        this.itemList.set(index, newTask);","lastModifiedDate":"2022-01-21"},{"lineNumber":250,"author":{"gitId":"eugenechiaay"},"content":"        updatesToFile(index, \"0\");","lastModifiedDate":"2022-01-27"},{"lineNumber":251,"author":{"gitId":"eugenechiaay"},"content":"        System.out.println(","lastModifiedDate":"2022-01-21"},{"lineNumber":252,"author":{"gitId":"eugenechiaay"},"content":"                \"----------------------------\" +","lastModifiedDate":"2022-01-22"},{"lineNumber":253,"author":{"gitId":"eugenechiaay"},"content":"                        \"----------------------------\\n\" +","lastModifiedDate":"2022-01-22"},{"lineNumber":254,"author":{"gitId":"eugenechiaay"},"content":"                \"OK, I\u0027ve marked this task as not done yet:\"","lastModifiedDate":"2022-01-21"},{"lineNumber":255,"author":{"gitId":"eugenechiaay"},"content":"                        + \"\\n\" + \"  \" + targetTask","lastModifiedDate":"2022-01-26"},{"lineNumber":256,"author":{"gitId":"eugenechiaay"},"content":"                        + \"\\n\"","lastModifiedDate":"2022-01-22"},{"lineNumber":257,"author":{"gitId":"eugenechiaay"},"content":"                        + \"--------------------------------------------------------\"","lastModifiedDate":"2022-01-22"},{"lineNumber":258,"author":{"gitId":"eugenechiaay"},"content":"        );","lastModifiedDate":"2022-01-21"},{"lineNumber":259,"author":{"gitId":"eugenechiaay"},"content":"    }","lastModifiedDate":"2022-01-21"},{"lineNumber":260,"author":{"gitId":"eugenechiaay"},"content":"","lastModifiedDate":"2022-01-21"},{"lineNumber":261,"author":{"gitId":"eugenechiaay"},"content":"    public String printList() {","lastModifiedDate":"2022-01-21"},{"lineNumber":262,"author":{"gitId":"eugenechiaay"},"content":"        StringBuilder initList \u003d new StringBuilder();","lastModifiedDate":"2022-01-21"},{"lineNumber":263,"author":{"gitId":"eugenechiaay"},"content":"","lastModifiedDate":"2022-01-21"},{"lineNumber":264,"author":{"gitId":"eugenechiaay"},"content":"        for (int i \u003d 1; i \u003c itemList.size() + 1; i++) {","lastModifiedDate":"2022-01-21"},{"lineNumber":265,"author":{"gitId":"eugenechiaay"},"content":"            initList.append(i).append(\".\");","lastModifiedDate":"2022-01-28"},{"lineNumber":266,"author":{"gitId":"eugenechiaay"},"content":"            initList.append(itemList.get(i - 1));","lastModifiedDate":"2022-01-21"},{"lineNumber":267,"author":{"gitId":"eugenechiaay"},"content":"            initList.append(\"\\n\");","lastModifiedDate":"2022-01-21"},{"lineNumber":268,"author":{"gitId":"eugenechiaay"},"content":"        }","lastModifiedDate":"2022-01-21"},{"lineNumber":269,"author":{"gitId":"eugenechiaay"},"content":"","lastModifiedDate":"2022-01-21"},{"lineNumber":270,"author":{"gitId":"eugenechiaay"},"content":"        return initList.toString();","lastModifiedDate":"2022-01-21"},{"lineNumber":271,"author":{"gitId":"eugenechiaay"},"content":"    }","lastModifiedDate":"2022-01-21"},{"lineNumber":272,"author":{"gitId":"eugenechiaay"},"content":"","lastModifiedDate":"2022-01-27"},{"lineNumber":273,"author":{"gitId":"eugenechiaay"},"content":"    public void deleteLineToFile(int index) {","lastModifiedDate":"2022-01-27"},{"lineNumber":274,"author":{"gitId":"eugenechiaay"},"content":"        File inputFile \u003d new File(this.absolutePath.toString());","lastModifiedDate":"2022-01-27"},{"lineNumber":275,"author":{"gitId":"eugenechiaay"},"content":"        File tempFile \u003d new File(this.folderPath.resolve(\"temp.txt\").toString());","lastModifiedDate":"2022-01-27"},{"lineNumber":276,"author":{"gitId":"eugenechiaay"},"content":"","lastModifiedDate":"2022-01-27"},{"lineNumber":277,"author":{"gitId":"eugenechiaay"},"content":"        try {","lastModifiedDate":"2022-01-27"},{"lineNumber":278,"author":{"gitId":"eugenechiaay"},"content":"            BufferedReader reader \u003d new BufferedReader(new FileReader(inputFile));","lastModifiedDate":"2022-01-27"},{"lineNumber":279,"author":{"gitId":"eugenechiaay"},"content":"            BufferedWriter writer \u003d new BufferedWriter(new FileWriter(tempFile));","lastModifiedDate":"2022-01-27"},{"lineNumber":280,"author":{"gitId":"eugenechiaay"},"content":"            List\u003cString\u003e lines \u003d Files.readAllLines(this.absolutePath, StandardCharsets.UTF_8);","lastModifiedDate":"2022-01-27"},{"lineNumber":281,"author":{"gitId":"eugenechiaay"},"content":"","lastModifiedDate":"2022-01-27"},{"lineNumber":282,"author":{"gitId":"eugenechiaay"},"content":"            String targetLine \u003d lines.get(index);","lastModifiedDate":"2022-01-27"},{"lineNumber":283,"author":{"gitId":"eugenechiaay"},"content":"            String currentLine;","lastModifiedDate":"2022-01-27"},{"lineNumber":284,"author":{"gitId":"eugenechiaay"},"content":"","lastModifiedDate":"2022-01-27"},{"lineNumber":285,"author":{"gitId":"eugenechiaay"},"content":"            while((currentLine \u003d reader.readLine()) !\u003d null) {","lastModifiedDate":"2022-01-27"},{"lineNumber":286,"author":{"gitId":"eugenechiaay"},"content":"                if(currentLine.equals(targetLine)) continue;","lastModifiedDate":"2022-01-27"},{"lineNumber":287,"author":{"gitId":"eugenechiaay"},"content":"                writer.write(currentLine);","lastModifiedDate":"2022-01-27"},{"lineNumber":288,"author":{"gitId":"eugenechiaay"},"content":"            }","lastModifiedDate":"2022-01-27"},{"lineNumber":289,"author":{"gitId":"eugenechiaay"},"content":"","lastModifiedDate":"2022-01-27"},{"lineNumber":290,"author":{"gitId":"eugenechiaay"},"content":"            reader.close();","lastModifiedDate":"2022-01-27"},{"lineNumber":291,"author":{"gitId":"eugenechiaay"},"content":"            writer.close();","lastModifiedDate":"2022-01-27"},{"lineNumber":292,"author":{"gitId":"eugenechiaay"},"content":"","lastModifiedDate":"2022-01-27"},{"lineNumber":293,"author":{"gitId":"eugenechiaay"},"content":"            if (!inputFile.delete()) {","lastModifiedDate":"2022-01-27"},{"lineNumber":294,"author":{"gitId":"eugenechiaay"},"content":"                System.out.println(\"cannot delete sia\");","lastModifiedDate":"2022-01-27"},{"lineNumber":295,"author":{"gitId":"eugenechiaay"},"content":"            };","lastModifiedDate":"2022-01-27"},{"lineNumber":296,"author":{"gitId":"eugenechiaay"},"content":"","lastModifiedDate":"2022-01-27"},{"lineNumber":297,"author":{"gitId":"eugenechiaay"},"content":"            if (!tempFile.renameTo(inputFile)) {","lastModifiedDate":"2022-01-27"},{"lineNumber":298,"author":{"gitId":"eugenechiaay"},"content":"                System.out.println(inputFile.getAbsolutePath() + \"cannot rename sia\");","lastModifiedDate":"2022-01-27"},{"lineNumber":299,"author":{"gitId":"eugenechiaay"},"content":"            };","lastModifiedDate":"2022-01-27"},{"lineNumber":300,"author":{"gitId":"eugenechiaay"},"content":"","lastModifiedDate":"2022-01-27"},{"lineNumber":301,"author":{"gitId":"eugenechiaay"},"content":"            this.targetFile \u003d tempFile;","lastModifiedDate":"2022-01-27"},{"lineNumber":302,"author":{"gitId":"eugenechiaay"},"content":"","lastModifiedDate":"2022-01-27"},{"lineNumber":303,"author":{"gitId":"eugenechiaay"},"content":"        } catch(Exception err) {","lastModifiedDate":"2022-01-27"},{"lineNumber":304,"author":{"gitId":"eugenechiaay"},"content":"            err.printStackTrace();","lastModifiedDate":"2022-01-27"},{"lineNumber":305,"author":{"gitId":"eugenechiaay"},"content":"        }","lastModifiedDate":"2022-01-27"},{"lineNumber":306,"author":{"gitId":"eugenechiaay"},"content":"    }","lastModifiedDate":"2022-01-27"},{"lineNumber":307,"author":{"gitId":"eugenechiaay"},"content":"","lastModifiedDate":"2022-01-27"},{"lineNumber":308,"author":{"gitId":"eugenechiaay"},"content":"    public void updatesToFile(int index, String mark) {","lastModifiedDate":"2022-01-27"},{"lineNumber":309,"author":{"gitId":"eugenechiaay"},"content":"        //use already written text in file to edit.","lastModifiedDate":"2022-01-27"},{"lineNumber":310,"author":{"gitId":"eugenechiaay"},"content":"        String targetLine \u003d \"\";","lastModifiedDate":"2022-01-27"},{"lineNumber":311,"author":{"gitId":"eugenechiaay"},"content":"        try {","lastModifiedDate":"2022-01-27"},{"lineNumber":312,"author":{"gitId":"eugenechiaay"},"content":"            List\u003cString\u003e lines \u003d Files.readAllLines(this.absolutePath, StandardCharsets.UTF_8);","lastModifiedDate":"2022-01-27"},{"lineNumber":313,"author":{"gitId":"eugenechiaay"},"content":"            targetLine \u003d lines.get(index);","lastModifiedDate":"2022-01-27"},{"lineNumber":314,"author":{"gitId":"eugenechiaay"},"content":"            List\u003cString\u003e tokens \u003d Arrays.asList(targetLine.split(\" / \"));","lastModifiedDate":"2022-01-27"},{"lineNumber":315,"author":{"gitId":"eugenechiaay"},"content":"            tokens.set(tokens.size() - 1, mark);","lastModifiedDate":"2022-01-27"},{"lineNumber":316,"author":{"gitId":"eugenechiaay"},"content":"            targetLine \u003d String.join(\" / \", tokens);","lastModifiedDate":"2022-01-27"},{"lineNumber":317,"author":{"gitId":"eugenechiaay"},"content":"            lines.set(index, targetLine);","lastModifiedDate":"2022-01-27"},{"lineNumber":318,"author":{"gitId":"eugenechiaay"},"content":"            Files.write(this.absolutePath, lines, StandardCharsets.UTF_8);","lastModifiedDate":"2022-01-27"},{"lineNumber":319,"author":{"gitId":"eugenechiaay"},"content":"        } catch (Exception err) {","lastModifiedDate":"2022-01-27"},{"lineNumber":320,"author":{"gitId":"eugenechiaay"},"content":"","lastModifiedDate":"2022-01-27"},{"lineNumber":321,"author":{"gitId":"eugenechiaay"},"content":"        }","lastModifiedDate":"2022-01-27"},{"lineNumber":322,"author":{"gitId":"eugenechiaay"},"content":"    }","lastModifiedDate":"2022-01-27"},{"lineNumber":323,"author":{"gitId":"eugenechiaay"},"content":"","lastModifiedDate":"2022-01-27"},{"lineNumber":324,"author":{"gitId":"eugenechiaay"},"content":"    public void writeToFile(String taskKey, String taskType, boolean isMarked) {","lastModifiedDate":"2022-01-27"},{"lineNumber":325,"author":{"gitId":"eugenechiaay"},"content":"        String mark \u003d isMarked ? \"1\" : \"0\";","lastModifiedDate":"2022-01-27"},{"lineNumber":326,"author":{"gitId":"eugenechiaay"},"content":"        String toWrite \u003d \"\";","lastModifiedDate":"2022-01-27"},{"lineNumber":327,"author":{"gitId":"eugenechiaay"},"content":"        try {","lastModifiedDate":"2022-01-27"},{"lineNumber":328,"author":{"gitId":"eugenechiaay"},"content":"            FileWriter fw \u003d new FileWriter(this.absolutePath.toString(), true);","lastModifiedDate":"2022-01-27"},{"lineNumber":329,"author":{"gitId":"eugenechiaay"},"content":"            BufferedWriter bufferedWriter \u003d new BufferedWriter(fw);","lastModifiedDate":"2022-01-27"},{"lineNumber":330,"author":{"gitId":"eugenechiaay"},"content":"            String newLine \u003d \"\";","lastModifiedDate":"2022-01-27"},{"lineNumber":331,"author":{"gitId":"eugenechiaay"},"content":"            if (this.targetFile.length() \u003e 0) {","lastModifiedDate":"2022-01-27"},{"lineNumber":332,"author":{"gitId":"eugenechiaay"},"content":"                newLine \u003d \"\\n\";","lastModifiedDate":"2022-01-27"},{"lineNumber":333,"author":{"gitId":"eugenechiaay"},"content":"            }","lastModifiedDate":"2022-01-27"},{"lineNumber":334,"author":{"gitId":"eugenechiaay"},"content":"            switch(taskType) {","lastModifiedDate":"2022-01-27"},{"lineNumber":335,"author":{"gitId":"eugenechiaay"},"content":"            case \"T\":","lastModifiedDate":"2022-01-27"},{"lineNumber":336,"author":{"gitId":"eugenechiaay"},"content":"                String[] todoTokens \u003d taskKey.split(\"todo \");","lastModifiedDate":"2022-01-27"},{"lineNumber":337,"author":{"gitId":"eugenechiaay"},"content":"                toWrite \u003d \"todo / \" + todoTokens[1] + \" / \" + mark;","lastModifiedDate":"2022-01-27"},{"lineNumber":338,"author":{"gitId":"eugenechiaay"},"content":"                bufferedWriter.append(newLine).append(toWrite);","lastModifiedDate":"2022-01-28"},{"lineNumber":339,"author":{"gitId":"eugenechiaay"},"content":"                break;","lastModifiedDate":"2022-01-27"},{"lineNumber":340,"author":{"gitId":"eugenechiaay"},"content":"            case \"E\":","lastModifiedDate":"2022-01-27"},{"lineNumber":341,"author":{"gitId":"eugenechiaay"},"content":"                String[] eventTokens \u003d taskKey.split(\"event \");","lastModifiedDate":"2022-01-28"},{"lineNumber":342,"author":{"gitId":"eugenechiaay"},"content":"                toWrite \u003d eventTokens[1];","lastModifiedDate":"2022-01-27"},{"lineNumber":343,"author":{"gitId":"eugenechiaay"},"content":"                String[] eSplit \u003d toWrite.split(\" /at \");","lastModifiedDate":"2022-01-28"},{"lineNumber":344,"author":{"gitId":"eugenechiaay"},"content":"                toWrite \u003d String.join(\" / \", eSplit );","lastModifiedDate":"2022-01-27"},{"lineNumber":345,"author":{"gitId":"eugenechiaay"},"content":"                toWrite \u003d \"event / \" + toWrite + \" / \" + mark;","lastModifiedDate":"2022-01-27"},{"lineNumber":346,"author":{"gitId":"eugenechiaay"},"content":"                bufferedWriter.append(newLine + toWrite);","lastModifiedDate":"2022-01-27"},{"lineNumber":347,"author":{"gitId":"eugenechiaay"},"content":"                break;","lastModifiedDate":"2022-01-27"},{"lineNumber":348,"author":{"gitId":"eugenechiaay"},"content":"            case \"D\":","lastModifiedDate":"2022-01-27"},{"lineNumber":349,"author":{"gitId":"eugenechiaay"},"content":"                String[] deadlineTokens \u003d taskKey.split(\"deadline \");","lastModifiedDate":"2022-01-28"},{"lineNumber":350,"author":{"gitId":"eugenechiaay"},"content":"                toWrite \u003d deadlineTokens[1];","lastModifiedDate":"2022-01-27"},{"lineNumber":351,"author":{"gitId":"eugenechiaay"},"content":"                String[] dSplit \u003d toWrite.split(\" by/ \");","lastModifiedDate":"2022-01-28"},{"lineNumber":352,"author":{"gitId":"eugenechiaay"},"content":"                toWrite \u003d String.join(\" / \", dSplit );","lastModifiedDate":"2022-01-27"},{"lineNumber":353,"author":{"gitId":"eugenechiaay"},"content":"                toWrite \u003d \"deadline / \" + toWrite + \" / \" + mark;","lastModifiedDate":"2022-01-27"},{"lineNumber":354,"author":{"gitId":"eugenechiaay"},"content":"                bufferedWriter.append(newLine).append(toWrite);","lastModifiedDate":"2022-01-28"},{"lineNumber":355,"author":{"gitId":"eugenechiaay"},"content":"                break;","lastModifiedDate":"2022-01-27"},{"lineNumber":356,"author":{"gitId":"eugenechiaay"},"content":"            }","lastModifiedDate":"2022-01-27"},{"lineNumber":357,"author":{"gitId":"eugenechiaay"},"content":"            bufferedWriter.close();","lastModifiedDate":"2022-01-27"},{"lineNumber":358,"author":{"gitId":"eugenechiaay"},"content":"        } catch(Exception err) {","lastModifiedDate":"2022-01-27"},{"lineNumber":359,"author":{"gitId":"eugenechiaay"},"content":"            err.printStackTrace();","lastModifiedDate":"2022-01-27"},{"lineNumber":360,"author":{"gitId":"eugenechiaay"},"content":"        }","lastModifiedDate":"2022-01-27"},{"lineNumber":361,"author":{"gitId":"eugenechiaay"},"content":"    }","lastModifiedDate":"2022-01-27"},{"lineNumber":362,"author":{"gitId":"eugenechiaay"},"content":"}","lastModifiedDate":"2022-01-21"}],"authorContributionMap":{"eugenechiaay":362}},{"path":"src/main/java/TodoTask.java","fileType":"java","lines":[{"lineNumber":1,"author":{"gitId":"eugenechiaay"},"content":"public class TodoTask extends Task {","lastModifiedDate":"2022-01-26"},{"lineNumber":2,"author":{"gitId":"eugenechiaay"},"content":"    private final String taskTitle;","lastModifiedDate":"2022-01-26"},{"lineNumber":3,"author":{"gitId":"eugenechiaay"},"content":"    private final String taskType \u003d \"T\";","lastModifiedDate":"2022-01-26"},{"lineNumber":4,"author":{"gitId":"eugenechiaay"},"content":"    private boolean markedStatus;","lastModifiedDate":"2022-01-26"},{"lineNumber":5,"author":{"gitId":"eugenechiaay"},"content":"","lastModifiedDate":"2022-01-26"},{"lineNumber":6,"author":{"gitId":"eugenechiaay"},"content":"    public TodoTask (String taskTitle) {","lastModifiedDate":"2022-01-26"},{"lineNumber":7,"author":{"gitId":"eugenechiaay"},"content":"        super(taskTitle);","lastModifiedDate":"2022-01-26"},{"lineNumber":8,"author":{"gitId":"eugenechiaay"},"content":"        this.taskTitle \u003d taskTitle;","lastModifiedDate":"2022-01-26"},{"lineNumber":9,"author":{"gitId":"eugenechiaay"},"content":"        this.markedStatus \u003d false;","lastModifiedDate":"2022-01-26"},{"lineNumber":10,"author":{"gitId":"eugenechiaay"},"content":"    }","lastModifiedDate":"2022-01-26"},{"lineNumber":11,"author":{"gitId":"eugenechiaay"},"content":"","lastModifiedDate":"2022-01-26"},{"lineNumber":12,"author":{"gitId":"eugenechiaay"},"content":"    public TodoTask(String taskTitle, boolean isMarked) {","lastModifiedDate":"2022-01-27"},{"lineNumber":13,"author":{"gitId":"eugenechiaay"},"content":"        super(taskTitle);","lastModifiedDate":"2022-01-27"},{"lineNumber":14,"author":{"gitId":"eugenechiaay"},"content":"        this.taskTitle \u003d taskTitle;","lastModifiedDate":"2022-01-27"},{"lineNumber":15,"author":{"gitId":"eugenechiaay"},"content":"        this.markedStatus \u003d isMarked;","lastModifiedDate":"2022-01-27"},{"lineNumber":16,"author":{"gitId":"eugenechiaay"},"content":"    }","lastModifiedDate":"2022-01-27"},{"lineNumber":17,"author":{"gitId":"eugenechiaay"},"content":"","lastModifiedDate":"2022-01-27"},{"lineNumber":18,"author":{"gitId":"eugenechiaay"},"content":"    public Task markTask() {","lastModifiedDate":"2022-01-26"},{"lineNumber":19,"author":{"gitId":"eugenechiaay"},"content":"        if (!this.markedStatus) {","lastModifiedDate":"2022-01-26"},{"lineNumber":20,"author":{"gitId":"eugenechiaay"},"content":"            this.markedStatus \u003d true;","lastModifiedDate":"2022-01-26"},{"lineNumber":21,"author":{"gitId":"eugenechiaay"},"content":"        }","lastModifiedDate":"2022-01-26"},{"lineNumber":22,"author":{"gitId":"eugenechiaay"},"content":"","lastModifiedDate":"2022-01-26"},{"lineNumber":23,"author":{"gitId":"eugenechiaay"},"content":"        return this;","lastModifiedDate":"2022-01-26"},{"lineNumber":24,"author":{"gitId":"eugenechiaay"},"content":"    }","lastModifiedDate":"2022-01-26"},{"lineNumber":25,"author":{"gitId":"eugenechiaay"},"content":"","lastModifiedDate":"2022-01-26"},{"lineNumber":26,"author":{"gitId":"eugenechiaay"},"content":"    public Task unmarkTask() {","lastModifiedDate":"2022-01-26"},{"lineNumber":27,"author":{"gitId":"eugenechiaay"},"content":"        if (this.markedStatus) {","lastModifiedDate":"2022-01-26"},{"lineNumber":28,"author":{"gitId":"eugenechiaay"},"content":"            this.markedStatus \u003d false;","lastModifiedDate":"2022-01-26"},{"lineNumber":29,"author":{"gitId":"eugenechiaay"},"content":"        }","lastModifiedDate":"2022-01-26"},{"lineNumber":30,"author":{"gitId":"eugenechiaay"},"content":"","lastModifiedDate":"2022-01-26"},{"lineNumber":31,"author":{"gitId":"eugenechiaay"},"content":"        return this;","lastModifiedDate":"2022-01-26"},{"lineNumber":32,"author":{"gitId":"eugenechiaay"},"content":"    }","lastModifiedDate":"2022-01-26"},{"lineNumber":33,"author":{"gitId":"eugenechiaay"},"content":"","lastModifiedDate":"2022-01-26"},{"lineNumber":34,"author":{"gitId":"eugenechiaay"},"content":"    public boolean isMarked() {","lastModifiedDate":"2022-01-26"},{"lineNumber":35,"author":{"gitId":"eugenechiaay"},"content":"        return this.markedStatus;","lastModifiedDate":"2022-01-26"},{"lineNumber":36,"author":{"gitId":"eugenechiaay"},"content":"    }","lastModifiedDate":"2022-01-26"},{"lineNumber":37,"author":{"gitId":"eugenechiaay"},"content":"","lastModifiedDate":"2022-01-26"},{"lineNumber":38,"author":{"gitId":"eugenechiaay"},"content":"    @Override","lastModifiedDate":"2022-01-26"},{"lineNumber":39,"author":{"gitId":"eugenechiaay"},"content":"    public String toString() {","lastModifiedDate":"2022-01-26"},{"lineNumber":40,"author":{"gitId":"eugenechiaay"},"content":"        String mark \u003d this.markedStatus ? \"[X]\" : \"[ ]\";","lastModifiedDate":"2022-01-26"},{"lineNumber":41,"author":{"gitId":"eugenechiaay"},"content":"        String toReturn \u003d \"[T]\" + mark + \" \" + this.taskTitle;","lastModifiedDate":"2022-01-26"},{"lineNumber":42,"author":{"gitId":"eugenechiaay"},"content":"        return toReturn;","lastModifiedDate":"2022-01-26"},{"lineNumber":43,"author":{"gitId":"eugenechiaay"},"content":"    }","lastModifiedDate":"2022-01-26"},{"lineNumber":44,"author":{"gitId":"eugenechiaay"},"content":"}","lastModifiedDate":"2022-01-26"}],"authorContributionMap":{"eugenechiaay":44}},{"path":"src/main/java/UnrecognizedCommandException.java","fileType":"java","lines":[{"lineNumber":1,"author":{"gitId":"eugenechiaay"},"content":"public class UnrecognizedCommandException extends Exception{","lastModifiedDate":"2022-01-22"},{"lineNumber":2,"author":{"gitId":"eugenechiaay"},"content":"    public UnrecognizedCommandException(String errMsg) {","lastModifiedDate":"2022-01-22"},{"lineNumber":3,"author":{"gitId":"eugenechiaay"},"content":"        super(errMsg);","lastModifiedDate":"2022-01-22"},{"lineNumber":4,"author":{"gitId":"eugenechiaay"},"content":"    }","lastModifiedDate":"2022-01-22"},{"lineNumber":5,"author":{"gitId":"eugenechiaay"},"content":"}","lastModifiedDate":"2022-01-22"}],"authorContributionMap":{"eugenechiaay":5}},{"path":"text-ui-test/input.txt","fileType":"txt","lines":[{"lineNumber":1,"author":{"gitId":"eugenechiaay"},"content":"event meeting tomorrow /at Sunday 6pm","lastModifiedDate":"2022-01-22"},{"lineNumber":2,"author":{"gitId":"eugenechiaay"},"content":"event lunch /at Sunday 12pm","lastModifiedDate":"2022-01-22"},{"lineNumber":3,"author":{"gitId":"eugenechiaay"},"content":"list","lastModifiedDate":"2022-01-22"},{"lineNumber":4,"author":{"gitId":"eugenechiaay"},"content":"deadline meeting slides /by Sunday 4pm","lastModifiedDate":"2022-01-22"},{"lineNumber":5,"author":{"gitId":"eugenechiaay"},"content":"deadline lunch /by Sunday 11am","lastModifiedDate":"2022-01-22"},{"lineNumber":6,"author":{"gitId":"eugenechiaay"},"content":"list","lastModifiedDate":"2022-01-22"},{"lineNumber":7,"author":{"gitId":"eugenechiaay"},"content":"todo meeting","lastModifiedDate":"2022-01-22"},{"lineNumber":8,"author":{"gitId":"eugenechiaay"},"content":"todo lunch","lastModifiedDate":"2022-01-22"},{"lineNumber":9,"author":{"gitId":"eugenechiaay"},"content":"list","lastModifiedDate":"2022-01-22"},{"lineNumber":10,"author":{"gitId":"eugenechiaay"},"content":"mark 0","lastModifiedDate":"2022-01-22"},{"lineNumber":11,"author":{"gitId":"eugenechiaay"},"content":"list","lastModifiedDate":"2022-01-22"},{"lineNumber":12,"author":{"gitId":"eugenechiaay"},"content":"unmark 0","lastModifiedDate":"2022-01-22"},{"lineNumber":13,"author":{"gitId":"eugenechiaay"},"content":"mark 1","lastModifiedDate":"2022-01-22"},{"lineNumber":14,"author":{"gitId":"eugenechiaay"},"content":"list","lastModifiedDate":"2022-01-22"},{"lineNumber":15,"author":{"gitId":"eugenechiaay"},"content":"unmark 1","lastModifiedDate":"2022-01-22"},{"lineNumber":16,"author":{"gitId":"eugenechiaay"},"content":"list","lastModifiedDate":"2022-01-22"}],"authorContributionMap":{"eugenechiaay":16}}]
