{"authorDailyContributionsMap":{"likeabowx":[{"date":"2022-01-18","commitResults":[{"hash":"d8968ab8b040dd3f79facba33b2b6377fba83baa","messageTitle":"Implemented level 1 - Greet, Echo, Exit","messageBody":"","tags":["Level-1"],"fileTypesAndContributionMap":{"java":{"insertions":22,"deletions":5}}},{"hash":"2d4edd55d796097906388affa681d8b57367bd2e","messageTitle":"Renamed file to Puke","messageBody":"","fileTypesAndContributionMap":{"java":{"insertions":2,"deletions":2}}},{"hash":"235828676609703d331f9d5251855ed6fa603d81","messageTitle":"Implemented level 2 - Add, List","messageBody":"","tags":["Level-2","A-Collections"],"fileTypesAndContributionMap":{"java":{"insertions":22,"deletions":7}}},{"hash":"8d692726302d27c4b6c9244fea4cb07356b41598","messageTitle":"Implemented level 3 - Mark as Done;","messageBody":"","tags":["Level-3"],"fileTypesAndContributionMap":{"java":{"insertions":89,"deletions":34}}}]},{"date":"2022-01-19","commitResults":[{"hash":"d85b46926b39d316e6723a49e06aa0137b737849","messageTitle":"Implemented level 3 - ToDos, Events, Deadlines","messageBody":"","fileTypesAndContributionMap":{"java":{"insertions":63,"deletions":27}}},{"hash":"fcde705a70efd5062e9858c16f8f27dc4c474047","messageTitle":"Implemented level 4 - ToDos, Events, Deadlines","messageBody":"","tags":["Level-4"],"fileTypesAndContributionMap":{"java":{"insertions":2,"deletions":2}}},{"hash":"4a6959f6cb58bdc344a9c8fab42b06f293392cda","messageTitle":"Level 4 - Implemented inheritance","messageBody":"","tags":["A-Inheritance"],"fileTypesAndContributionMap":{"java":{"insertions":46,"deletions":15}}},{"hash":"3668ef73ada980589c3423000bdfede933807001","messageTitle":"Created files for I/O redirection testing","messageBody":"","tags":["A-TextUiTesting"],"fileTypesAndContributionMap":{"txt":{"insertions":11,"deletions":0},"sh":{"insertions":1,"deletions":1}}},{"hash":"608aae9c1701e01e7fbeb93e93026a4431b43224","messageTitle":"Implemented level 5 - Handle errors","messageBody":"","tags":["Level-5","A-Exceptions"],"fileTypesAndContributionMap":{"java":{"insertions":56,"deletions":10}}},{"hash":"ccd2d6503a54f989b3fe159103d62337ce5fddeb","messageTitle":"Implemented level 6 - Delete","messageBody":"","tags":["Level-6"],"fileTypesAndContributionMap":{"java":{"insertions":20,"deletions":1}}},{"hash":"225c0bfe91621adc216035970eb475b513d1b796","messageTitle":"Included test for error handling and deleting task","messageBody":"","fileTypesAndContributionMap":{"txt":{"insertions":6,"deletions":1}}}]},{"date":"2022-01-25","commitResults":[{"hash":"fed4caead62a7ae07b8d049275f23e4153efb2e0","messageTitle":"Perform minor changes to comply Java Coding Standard","messageBody":"","fileTypesAndContributionMap":{"java":{"insertions":123,"deletions":120}}},{"hash":"12cc0973d3d117269e791bcfed96661ef4bf1289","messageTitle":"Change method names to camelCase","messageBody":"","fileTypesAndContributionMap":{"java":{"insertions":17,"deletions":15}}}]},{"date":"2022-01-26","commitResults":[{"hash":"6c3e3fc29501dc592f11b996957fc99cc75abad3","messageTitle":"Implement level 7 - Save","messageBody":"","tags":["Level-7"],"fileTypesAndContributionMap":{"java":{"insertions":144,"deletions":67}}},{"hash":"98dfc5227ac0b1888478da67f1c768124749c4f5","messageTitle":"Implement level 8 - Dates and Times","messageBody":"","tags":["Level-8"],"fileTypesAndContributionMap":{"java":{"insertions":34,"deletions":13}}}]},{"date":"2022-01-27","commitResults":[{"hash":"c31b3a17fcde047d707c866253ff78a355711e8f","messageTitle":"Rename \u0027DukeException\u0027 to \u0027PukeException\u0027","messageBody":"","fileTypesAndContributionMap":{"java":{"insertions":21,"deletions":19}}},{"hash":"73f622134476bf8a5a9825632d223d24c1dca7cf","messageTitle":"Extract 4 new classes - Ui, Parser, Storage, TaskList","messageBody":"","tags":["A-MoreOOP"],"fileTypesAndContributionMap":{"java":{"insertions":298,"deletions":224}}},{"hash":"e9fb4073b368f8a5407fde38bab15d8a7d44b31c","messageTitle":"Divide classes into packages","messageBody":"","tags":["A-Packages"],"fileTypesAndContributionMap":{"java":{"insertions":55,"deletions":13}}},{"hash":"b10b158490a286cef8c040cb868d3d434b99758c","messageTitle":"Remove unused ui object from processInput method","messageBody":"","fileTypesAndContributionMap":{"java":{"insertions":2,"deletions":2}}},{"hash":"569b047ead17280a12fff6bf2266517150d966b3","messageTitle":"Add JUnit tests","messageBody":"","tags":["A-Jar","A-JUnit"],"fileTypesAndContributionMap":{"java":{"insertions":71,"deletions":0}}}]},{"date":"2022-01-28","commitResults":[{"hash":"2fe61e5175daa38f037b894c710c56d4b09a6cc2","messageTitle":"Implement level 9 - Find","messageBody":"","tags":["Level-9"],"fileTypesAndContributionMap":{"java":{"insertions":40,"deletions":0}}},{"hash":"4070404a5fde2639b451cfb3ce3896159ce9ae72","messageTitle":"Ensure the code comply with coding standard","messageBody":"","fileTypesAndContributionMap":{"java":{"insertions":2,"deletions":2}}},{"hash":"921873d5ffc45f306e0cd7248398bc30825d14d9","messageTitle":"Change indent to 4 spaces","messageBody":"","tags":["A-CodingStandard"],"fileTypesAndContributionMap":{"java":{"insertions":3,"deletions":3}}},{"hash":"76e8099ae3070eed932039bb82f5f5d8de8fa297","messageTitle":"Add JavaDoc comments","messageBody":"","tags":["A-JavaDoc"],"fileTypesAndContributionMap":{"java":{"insertions":228,"deletions":5}}}]},{"date":"2022-02-01","commitResults":[{"hash":"90f97797cc5ffe4152c6437946ee733ad2fa0244","messageTitle":"Automate project builds using Gradle","messageBody":"","fileTypesAndContributionMap":{"gradle":{"insertions":3,"deletions":8}}},{"hash":"72857f225c83e7719de3f76802ec74525442041e","messageTitle":"Fix build.gradle file","messageBody":"","fileTypesAndContributionMap":{"gradle":{"insertions":1,"deletions":1}}}]},{"date":"2022-02-02","commitResults":[{"hash":"ab342cf4ad9fc744256e8c16fa2149b33c0fd45c","messageTitle":"Rectify coding style violations using checkStyle","messageBody":"","fileTypesAndContributionMap":{"gradle":{"insertions":5,"deletions":0},"java":{"insertions":16,"deletions":15}}}]},{"date":"2022-02-04","commitResults":[{"hash":"d6a045da80d7140e0efaa12b6360f4efbebd9040","messageTitle":"Add a GUI to Duke","messageBody":"","fileTypesAndContributionMap":{"gradle":{"insertions":15,"deletions":0},"fxml":{"insertions":36,"deletions":0},"java":{"insertions":199,"deletions":82}}}]},{"date":"2022-02-09","commitResults":[{"hash":"9ef724a01637d45bcccf55842d6d7e5333b06107","messageTitle":"Update main class name in build.gradle","messageBody":"","fileTypesAndContributionMap":{"gradle":{"insertions":1,"deletions":1}}},{"hash":"11373ecea0a278369d15810da4955a66a1e7b60b","messageTitle":"Use assertions","messageBody":"","fileTypesAndContributionMap":{"gradle":{"insertions":1,"deletions":0},"java":{"insertions":8,"deletions":6}}}]},{"date":"2022-02-10","commitResults":[{"hash":"57386074e8a445a5b2780dc2a8d49b86aade0536","messageTitle":"Improve code quality","messageBody":"There were code of low quality that violated certain topics covered in\nthe module content.\n\nImprovements made includes using SLAP to extract methods, using guard\nclauses to make the happy path more prominent, and improving comments\nmade in the code, and removing unsafe practices.\n\nThese improvements will help increase the readability of the code.\n","fileTypesAndContributionMap":{"java":{"insertions":100,"deletions":64}}},{"hash":"2897fe93f8e2eee1253eea41366720aa60fa1ec7","messageTitle":"Use streams for searching task","messageBody":"It is inefficient to loop through the array to search for tasks with\nmatching keywords.\n\nMake use of Java streams to improve the searching for keyword in the\nlist of tasks.\n","fileTypesAndContributionMap":{"java":{"insertions":17,"deletions":10}}},{"hash":"918a59cb0f97d47ce84333b3c97d3072e1056c1d","messageTitle":"Update the GUI","messageBody":"Label is used as the control to display text.\n\nThe use of label limits each message to 7 lines, and will become ...\nafter the message exceeds 7 lines (for example when listing more than\n6 tasks).\n\nText is used instead to display the messages.\n\nText will dynamically resize the height when the message gets longer.\n\nIn addition, the photos of Puke and the user are updated.\n","fileTypesAndContributionMap":{"fxml":{"insertions":4,"deletions":4},"java":{"insertions":5,"deletions":2}}},{"hash":"a90fb5e10b5cfe8952400256b8b05b5a77342fcc","messageTitle":"Implement sort command to sort by date, name, and type","messageBody":"","tags":["C-Sort","BCD-Extension"],"fileTypesAndContributionMap":{"java":{"insertions":179,"deletions":8}}},{"hash":"526c2e2845468d1fece2dcd6c4089a3606ccae9f","messageTitle":"Implement help command","messageBody":"","tags":["C-Help"],"fileTypesAndContributionMap":{"java":{"insertions":60,"deletions":11}}}]}]},"authorFileTypeContributionMap":{"likeabowx":{"java":1174,"md":0,"fxml":36,"sh":1,"bat":0,"gradle":18,"txt":16}},"authorContributionVariance":{"likeabowx":30824.357},"authorDisplayNameMap":{"likeabowx":"CS2103-W17-4 BRYA..IXIN"}}
