{"authorDailyContributionsMap":{"FYimu":[{"date":"2022-01-18","commitResults":[{"hash":"8c4d9a55b3a44a2bcc2de08049cd3cf13731a6a8","messageTitle":"Tesseract -version \"wk2.lvl1\"","messageBody":"","tags":["Level-4"],"fileTypesAndContributionMap":{"java":{"insertions":32,"deletions":0}}},{"hash":"4cf4218639b644094e91ff82fe07df00c913a85c","messageTitle":"I forgot to commit level 2 and 3 QAQ","messageBody":"","tags":["Level-2"],"fileTypesAndContributionMap":{"java":{"insertions":107,"deletions":10}}},{"hash":"7cbdac9aa680a9ba961820451e9adce91dfcfa6d","messageTitle":"Tesseract -version(\"w2.l2\")","messageBody":"","tags":["Level-3"],"fileTypesAndContributionMap":{"java":{"insertions":1,"deletions":1}}},{"hash":"525c256ab339456fa4952278591b8e3686a99564","messageTitle":"Tesseract -version(\"w2.l3\")","messageBody":"","tags":["A-TextUiTesting"],"fileTypesAndContributionMap":{"java":{"insertions":2,"deletions":2}}},{"hash":"2a6833df672b5b9b61aa626b9c2cf9e6c255b992","messageTitle":"Tesseract -version(\"w2.l4.2\")","messageBody":"","fileTypesAndContributionMap":{"java":{"insertions":8,"deletions":9},"sh":{"insertions":1,"deletions":1}}}]},{"date":"2022-01-19","commitResults":[{"hash":"caa6923fb8faa2ba93c6d72d6441b1a983ed3fa0","messageTitle":"Modification for previous levels","messageBody":"","tags":["Level-5"],"fileTypesAndContributionMap":{"java":{"insertions":63,"deletions":15}}},{"hash":"fa49707eb80a211a269eb5a30b7f848dfb99754a","messageTitle":"Increment #5: Handle errors","messageBody":"","tags":["Level-6"],"fileTypesAndContributionMap":{"java":{"insertions":65,"deletions":10}}},{"hash":"98267f2ea67283fe2aebb0b3ca8a72878eb56502","messageTitle":"Increment #6: Delete","messageBody":"","tags":["Level-8","Level-7"],"fileTypesAndContributionMap":{"java":{"insertions":10,"deletions":2}}}]},{"date":"2022-01-26","commitResults":[{"hash":"18d7038f734cd2c1a56d65f16babd9323d141ef7","messageTitle":"Add function \u003cSave\u003e","messageBody":"","fileTypesAndContributionMap":{"java":{"insertions":98,"deletions":2}}}]},{"date":"2022-01-27","commitResults":[{"hash":"75bdf070cde583d8c04e4de9aec7d0b430bf3684","messageTitle":"Add Date specification and command \u003cfilter\u003e","messageBody":"","fileTypesAndContributionMap":{"java":{"insertions":68,"deletions":5}}},{"hash":"061f480910a86541ee027fc538f18510bff217a2","messageTitle":"Meet Stretch Goal","messageBody":"","tags":["A-Packages"],"fileTypesAndContributionMap":{"java":{"insertions":583,"deletions":285}}},{"hash":"2ae5b2002dd23be360f392f8a2d8b7ca098e6498","messageTitle":"Organise into three packages: tesseract.main, tesseract.task, tesseract.command","messageBody":"","fileTypesAndContributionMap":{"java":{"insertions":185,"deletions":47}}},{"hash":"602aa9b71ae4b24d173d04399f2768fea7ffa6f1","messageTitle":"Add Gradle","messageBody":"","tags":["v0.1.0","A-JUnit"],"fileTypesAndContributionMap":{"gradle":{"insertions":1,"deletions":1},"java":{"insertions":27,"deletions":0}}},{"hash":"4583ac56779a5eacdd84a5a2ce403406bb3473d7","messageTitle":"Create JAR file for Tesseract","messageBody":"","tags":["A-Jar"],"fileTypesAndContributionMap":{"gradle":{"insertions":1,"deletions":1}}},{"hash":"48b9427a3ea01735c67a2403460d2e028fc69c0e","messageTitle":"Add JavaDoc for all non-private classes/methods","messageBody":"","tags":["A-JavaDoc"],"fileTypesAndContributionMap":{"java":{"insertions":460,"deletions":13}}},{"hash":"d55133f98a498feaf5768696a012513d269df66c","messageTitle":"Adjust according to doing standards","messageBody":"","tags":["A-CodingStandard"],"fileTypesAndContributionMap":{"java":{"insertions":121,"deletions":109}}},{"hash":"24b43765bf84e18bcb9231bf1712fc3ba0a1577c","messageTitle":"Add function \u003cfind\u003e","messageBody":"","tags":["Level-9"],"fileTypesAndContributionMap":{"java":{"insertions":141,"deletions":62}}}]},{"date":"2022-01-31","commitResults":[{"hash":"95f2be327d7ee7107edb6f6b8dd88657d8b0be69","messageTitle":"Set up Gradle","messageBody":"","tags":["A-Gradle"],"fileTypesAndContributionMap":{"java":{"insertions":7,"deletions":0}}}]},{"date":"2022-02-02","commitResults":[{"hash":"2a5f8bb19007635c01d9bc6c85ca5b7c70b19b6d","messageTitle":"Update package","messageBody":"","fileTypesAndContributionMap":{"java":{"insertions":70,"deletions":122}}}]},{"date":"2022-02-03","commitResults":[{"hash":"d87ee140fe49dbd3b18143e85a7fc93259df223f","messageTitle":"Modify according to CheckStyle instruction","messageBody":"","fileTypesAndContributionMap":{"java":{"insertions":44,"deletions":58}}},{"hash":"f15165106c9c3a92d51cc685bc0f4743c42f4a84","messageTitle":"Add GUI for Tesseract","messageBody":"","tags":["Level-10"],"fileTypesAndContributionMap":{"gradle":{"insertions":15,"deletions":0},"fxml":{"insertions":36,"deletions":0},"java":{"insertions":230,"deletions":87}}}]},{"date":"2022-02-06","commitResults":[{"hash":"59fc995289acdcf187a0f163a31ad35750988cd0","messageTitle":"Add (belated) branch-Level-10","messageBody":"","tags":["v0.2.0"],"fileTypesAndContributionMap":{"fxml":{"insertions":1,"deletions":1},"java":{"insertions":40,"deletions":22}}}]},{"date":"2022-02-08","commitResults":[{"hash":"024fdde0f2821bf2a867e151efb8808085a28970","messageTitle":"Assertion: document assumptions","messageBody":"Assertions can help to check if assumptions hold at various points in the code.\n\nInsert assertions in all classes where applicable.\n\nLet\u0027s use more assertions to facilitate debugging process.\n","fileTypesAndContributionMap":{"java":{"insertions":35,"deletions":17}}},{"hash":"6669c2acc6376e835d2fb6ad242fba0f194dffa5","messageTitle":"Code quality: update codes according to guidelines on code quality","messageBody":"Code quality is essential for enhancing code readability to audience and making it more convenient to debug.\n\nRemove magic literals and add in static literals; reorganise nested loops.\n\nLet\u0027s pay more attention to code quality especially for output String to be displayed in the dialog box.\n","tags":["A-FullCommitMessage"],"fileTypesAndContributionMap":{"java":{"insertions":184,"deletions":131}}},{"hash":"53baed9364702b93066486985a345d6c0ff5bf62","messageTitle":"Use Stream for filter by date and filter by keyword.","messageBody":"","fileTypesAndContributionMap":{"java":{"insertions":2,"deletions":10}}},{"hash":"32e3a681e9f8dcfaffce17d2c03958d12843d666","messageTitle":"Use Stream for filter by date and filter by keyword.","messageBody":"","fileTypesAndContributionMap":{"java":{"insertions":2,"deletions":10}}},{"hash":"13fd56e7cd5d0fe57a40e6cbf2d2d225a2af1a61","messageTitle":"Set up custom workflow - gradle.yml","messageBody":"","tags":["A-CI"],"fileTypesAndContributionMap":{"java":{"insertions":2,"deletions":0}}}]}]},"authorFileTypeContributionMap":{"FYimu":{"java":1730,"md":0,"fxml":36,"sh":1,"bat":0,"gradle":17,"txt":0}},"authorContributionVariance":{"FYimu":169865.81},"authorDisplayNameMap":{"FYimu":"CS2103-F09-1 FAN .. JUE"}}
