[{"path":"src/main/java/ConfirmCodes.java","fileType":"java","lines":[{"lineNumber":1,"author":{"gitId":"AAlghrairy"},"content":"/**","lastModifiedDate":"2022-01-18"},{"lineNumber":2,"author":{"gitId":"AAlghrairy"},"content":" * Used to help confirm actions being completed (e.g. adding or deleting a task)","lastModifiedDate":"2022-01-18"},{"lineNumber":3,"author":{"gitId":"AAlghrairy"},"content":" *","lastModifiedDate":"2022-01-18"},{"lineNumber":4,"author":{"gitId":"AAlghrairy"},"content":" * @author Abdulelah Faisal S Al Ghrairy","lastModifiedDate":"2022-01-18"},{"lineNumber":5,"author":{"gitId":"AAlghrairy"},"content":" */","lastModifiedDate":"2022-01-18"},{"lineNumber":6,"author":{"gitId":"AAlghrairy"},"content":"public enum ConfirmCodes {","lastModifiedDate":"2022-01-18"},{"lineNumber":7,"author":{"gitId":"AAlghrairy"},"content":"    ADDITION, DELETION","lastModifiedDate":"2022-01-18"},{"lineNumber":8,"author":{"gitId":"AAlghrairy"},"content":"}","lastModifiedDate":"2022-01-18"}],"authorContributionMap":{"AAlghrairy":8}},{"path":"src/main/java/Deadline.java","fileType":"java","lines":[{"lineNumber":1,"author":{"gitId":"AAlghrairy"},"content":"/**","lastModifiedDate":"2022-01-17"},{"lineNumber":2,"author":{"gitId":"AAlghrairy"},"content":" * Represents a task that needs to be done before a specific date/time.","lastModifiedDate":"2022-01-17"},{"lineNumber":3,"author":{"gitId":"AAlghrairy"},"content":" * Includes a String representation of the date/time.","lastModifiedDate":"2022-01-17"},{"lineNumber":4,"author":{"gitId":"AAlghrairy"},"content":" *","lastModifiedDate":"2022-01-17"},{"lineNumber":5,"author":{"gitId":"AAlghrairy"},"content":" * @author Abdulelah Faisal S Al Ghrairy","lastModifiedDate":"2022-01-17"},{"lineNumber":6,"author":{"gitId":"AAlghrairy"},"content":" */","lastModifiedDate":"2022-01-17"},{"lineNumber":7,"author":{"gitId":"AAlghrairy"},"content":"public class Deadline extends Task {","lastModifiedDate":"2022-01-17"},{"lineNumber":8,"author":{"gitId":"AAlghrairy"},"content":"","lastModifiedDate":"2022-01-17"},{"lineNumber":9,"author":{"gitId":"AAlghrairy"},"content":"    protected String by;","lastModifiedDate":"2022-01-17"},{"lineNumber":10,"author":{"gitId":"AAlghrairy"},"content":"","lastModifiedDate":"2022-01-17"},{"lineNumber":11,"author":{"gitId":"AAlghrairy"},"content":"    /**","lastModifiedDate":"2022-01-17"},{"lineNumber":12,"author":{"gitId":"AAlghrairy"},"content":"     * Constructor for Deadline class","lastModifiedDate":"2022-01-17"},{"lineNumber":13,"author":{"gitId":"AAlghrairy"},"content":"     * @param d a string representing a description of the task","lastModifiedDate":"2022-01-17"},{"lineNumber":14,"author":{"gitId":"AAlghrairy"},"content":"     * @param b a string representing the date/time","lastModifiedDate":"2022-01-17"},{"lineNumber":15,"author":{"gitId":"AAlghrairy"},"content":"     */","lastModifiedDate":"2022-01-17"},{"lineNumber":16,"author":{"gitId":"AAlghrairy"},"content":"    public Deadline(String d, String b) {","lastModifiedDate":"2022-01-17"},{"lineNumber":17,"author":{"gitId":"AAlghrairy"},"content":"        super(d);","lastModifiedDate":"2022-01-17"},{"lineNumber":18,"author":{"gitId":"AAlghrairy"},"content":"        this.by \u003d b;","lastModifiedDate":"2022-01-17"},{"lineNumber":19,"author":{"gitId":"AAlghrairy"},"content":"    }","lastModifiedDate":"2022-01-17"},{"lineNumber":20,"author":{"gitId":"AAlghrairy"},"content":"","lastModifiedDate":"2022-01-17"},{"lineNumber":21,"author":{"gitId":"AAlghrairy"},"content":"    @Override","lastModifiedDate":"2022-01-17"},{"lineNumber":22,"author":{"gitId":"AAlghrairy"},"content":"    public String toString() {","lastModifiedDate":"2022-01-17"},{"lineNumber":23,"author":{"gitId":"AAlghrairy"},"content":"        return \"[D]\" + super.toString() + \" (by: \" + by + \")\";","lastModifiedDate":"2022-01-17"},{"lineNumber":24,"author":{"gitId":"AAlghrairy"},"content":"    }","lastModifiedDate":"2022-01-17"},{"lineNumber":25,"author":{"gitId":"AAlghrairy"},"content":"}","lastModifiedDate":"2022-01-17"}],"authorContributionMap":{"AAlghrairy":25}},{"path":"src/main/java/Duke.java","fileType":"java","lines":[{"lineNumber":1,"author":{"gitId":"AAlghrairy"},"content":"import java.util.ArrayList;","lastModifiedDate":"2022-01-17"},{"lineNumber":2,"author":{"gitId":"AAlghrairy"},"content":"import java.util.List;","lastModifiedDate":"2022-01-17"},{"lineNumber":3,"author":{"gitId":"AAlghrairy"},"content":"import java.util.Scanner;","lastModifiedDate":"2022-01-16"},{"lineNumber":4,"author":{"gitId":"AAlghrairy"},"content":"","lastModifiedDate":"2022-01-16"},{"lineNumber":5,"author":{"gitId":"AAlghrairy"},"content":"/**","lastModifiedDate":"2022-01-17"},{"lineNumber":6,"author":{"gitId":"AAlghrairy"},"content":" * Program that represents a Personal Assistant Chatbot based on Project Duke.","lastModifiedDate":"2022-01-17"},{"lineNumber":7,"author":{"gitId":"AAlghrairy"},"content":" *","lastModifiedDate":"2022-01-17"},{"lineNumber":8,"author":{"gitId":"AAlghrairy"},"content":" * @author Abdulelah Faisal S Al Ghrairy","lastModifiedDate":"2022-01-17"},{"lineNumber":9,"author":{"gitId":"AAlghrairy"},"content":" */","lastModifiedDate":"2022-01-17"},{"lineNumber":10,"author":{"gitId":"-"},"content":"public class Duke {","lastModifiedDate":"2019-07-29"},{"lineNumber":11,"author":{"gitId":"AAlghrairy"},"content":"    /**","lastModifiedDate":"2022-01-18"},{"lineNumber":12,"author":{"gitId":"AAlghrairy"},"content":"     * contains a list of tasks stored for the user","lastModifiedDate":"2022-01-18"},{"lineNumber":13,"author":{"gitId":"AAlghrairy"},"content":"     */","lastModifiedDate":"2022-01-18"},{"lineNumber":14,"author":{"gitId":"AAlghrairy"},"content":"    private static List\u003cTask\u003e tasks;","lastModifiedDate":"2022-01-17"},{"lineNumber":15,"author":{"gitId":"AAlghrairy"},"content":"    /**","lastModifiedDate":"2022-01-18"},{"lineNumber":16,"author":{"gitId":"AAlghrairy"},"content":"     * A divider for design purposes","lastModifiedDate":"2022-01-18"},{"lineNumber":17,"author":{"gitId":"AAlghrairy"},"content":"     */","lastModifiedDate":"2022-01-18"},{"lineNumber":18,"author":{"gitId":"AAlghrairy"},"content":"    public static final String DIVIDER \u003d \"\\n____________________________________________________________\\n\";","lastModifiedDate":"2022-01-17"},{"lineNumber":19,"author":{"gitId":"AAlghrairy"},"content":"","lastModifiedDate":"2022-01-16"},{"lineNumber":20,"author":{"gitId":"-"},"content":"    public static void main(String[] args) {","lastModifiedDate":"2019-07-29"},{"lineNumber":21,"author":{"gitId":"AAlghrairy"},"content":"        Scanner sc \u003d new Scanner(System.in);","lastModifiedDate":"2022-01-16"},{"lineNumber":22,"author":{"gitId":"AAlghrairy"},"content":"        tasks \u003d new ArrayList\u003c\u003e();","lastModifiedDate":"2022-01-17"},{"lineNumber":23,"author":{"gitId":"AAlghrairy"},"content":"        String userInput \u003d \"\";","lastModifiedDate":"2022-01-16"},{"lineNumber":24,"author":{"gitId":"AAlghrairy"},"content":"","lastModifiedDate":"2022-01-16"},{"lineNumber":25,"author":{"gitId":"AAlghrairy"},"content":"        System.out.println(DIVIDER + \"Why hello there! My name is Wensleydale.\\nWhat do you need?\" + DIVIDER);","lastModifiedDate":"2022-01-18"},{"lineNumber":26,"author":{"gitId":"AAlghrairy"},"content":"","lastModifiedDate":"2022-01-16"},{"lineNumber":27,"author":{"gitId":"AAlghrairy"},"content":"        while (!userInput.equals(\"bye\")) {","lastModifiedDate":"2022-01-16"},{"lineNumber":28,"author":{"gitId":"AAlghrairy"},"content":"            userInput \u003d sc.nextLine();","lastModifiedDate":"2022-01-16"},{"lineNumber":29,"author":{"gitId":"AAlghrairy"},"content":"","lastModifiedDate":"2022-01-17"},{"lineNumber":30,"author":{"gitId":"AAlghrairy"},"content":"            try {","lastModifiedDate":"2022-01-17"},{"lineNumber":31,"author":{"gitId":"AAlghrairy"},"content":"                String message \u003d processMessage(userInput);","lastModifiedDate":"2022-01-17"},{"lineNumber":32,"author":{"gitId":"AAlghrairy"},"content":"","lastModifiedDate":"2022-01-17"},{"lineNumber":33,"author":{"gitId":"AAlghrairy"},"content":"                if (message \u003d\u003d null) {","lastModifiedDate":"2022-01-17"},{"lineNumber":34,"author":{"gitId":"AAlghrairy"},"content":"                    break;","lastModifiedDate":"2022-01-17"},{"lineNumber":35,"author":{"gitId":"AAlghrairy"},"content":"                } else {","lastModifiedDate":"2022-01-17"},{"lineNumber":36,"author":{"gitId":"AAlghrairy"},"content":"                    System.out.println(message);","lastModifiedDate":"2022-01-17"},{"lineNumber":37,"author":{"gitId":"AAlghrairy"},"content":"                }","lastModifiedDate":"2022-01-17"},{"lineNumber":38,"author":{"gitId":"AAlghrairy"},"content":"            } catch (DukeException e) {","lastModifiedDate":"2022-01-17"},{"lineNumber":39,"author":{"gitId":"AAlghrairy"},"content":"                System.out.println(DIVIDER + e.getMessage() + DIVIDER);","lastModifiedDate":"2022-01-17"},{"lineNumber":40,"author":{"gitId":"AAlghrairy"},"content":"            }","lastModifiedDate":"2022-01-17"},{"lineNumber":41,"author":{"gitId":"AAlghrairy"},"content":"        }","lastModifiedDate":"2022-01-16"},{"lineNumber":42,"author":{"gitId":"AAlghrairy"},"content":"","lastModifiedDate":"2022-01-16"},{"lineNumber":43,"author":{"gitId":"AAlghrairy"},"content":"        System.out.println(DIVIDER + \"Farewell then!\" + DIVIDER);","lastModifiedDate":"2022-01-17"},{"lineNumber":44,"author":{"gitId":"AAlghrairy"},"content":"    }","lastModifiedDate":"2022-01-16"},{"lineNumber":45,"author":{"gitId":"AAlghrairy"},"content":"","lastModifiedDate":"2022-01-16"},{"lineNumber":46,"author":{"gitId":"AAlghrairy"},"content":"    private static String processMessage(String message) throws DukeException {","lastModifiedDate":"2022-01-17"},{"lineNumber":47,"author":{"gitId":"AAlghrairy"},"content":"        String currMessage;","lastModifiedDate":"2022-01-17"},{"lineNumber":48,"author":{"gitId":"AAlghrairy"},"content":"        Task currTask;","lastModifiedDate":"2022-01-17"},{"lineNumber":49,"author":{"gitId":"AAlghrairy"},"content":"        int index;","lastModifiedDate":"2022-01-17"},{"lineNumber":50,"author":{"gitId":"AAlghrairy"},"content":"","lastModifiedDate":"2022-01-17"},{"lineNumber":51,"author":{"gitId":"AAlghrairy"},"content":"        if (message.equalsIgnoreCase(\"bye\")) {","lastModifiedDate":"2022-01-17"},{"lineNumber":52,"author":{"gitId":"AAlghrairy"},"content":"            return null;","lastModifiedDate":"2022-01-17"},{"lineNumber":53,"author":{"gitId":"AAlghrairy"},"content":"        }","lastModifiedDate":"2022-01-17"},{"lineNumber":54,"author":{"gitId":"AAlghrairy"},"content":"","lastModifiedDate":"2022-01-17"},{"lineNumber":55,"author":{"gitId":"AAlghrairy"},"content":"        if (message.indexOf(\" \") \u003d\u003d -1) { //take the first word of the input","lastModifiedDate":"2022-01-17"},{"lineNumber":56,"author":{"gitId":"AAlghrairy"},"content":"            currMessage \u003d message.toLowerCase();","lastModifiedDate":"2022-01-17"},{"lineNumber":57,"author":{"gitId":"AAlghrairy"},"content":"        } else {","lastModifiedDate":"2022-01-17"},{"lineNumber":58,"author":{"gitId":"AAlghrairy"},"content":"            currMessage \u003d message.substring(0, message.indexOf(\" \")).toLowerCase();","lastModifiedDate":"2022-01-17"},{"lineNumber":59,"author":{"gitId":"AAlghrairy"},"content":"        }","lastModifiedDate":"2022-01-17"},{"lineNumber":60,"author":{"gitId":"AAlghrairy"},"content":"","lastModifiedDate":"2022-01-17"},{"lineNumber":61,"author":{"gitId":"AAlghrairy"},"content":"        switch (currMessage) {","lastModifiedDate":"2022-01-17"},{"lineNumber":62,"author":{"gitId":"AAlghrairy"},"content":"        case \"list\":","lastModifiedDate":"2022-01-17"},{"lineNumber":63,"author":{"gitId":"AAlghrairy"},"content":"            StringBuilder listOfTasks \u003d new StringBuilder();","lastModifiedDate":"2022-01-17"},{"lineNumber":64,"author":{"gitId":"AAlghrairy"},"content":"            listOfTasks.append(\"Provided are the tasks currently in your list:\\n\");","lastModifiedDate":"2022-01-17"},{"lineNumber":65,"author":{"gitId":"AAlghrairy"},"content":"            for (int i \u003d 0; i \u003c tasks.size(); i++) {","lastModifiedDate":"2022-01-17"},{"lineNumber":66,"author":{"gitId":"AAlghrairy"},"content":"                listOfTasks.append(i + 1).append(\".\").append(tasks.get(i)).append(\"\\n\");","lastModifiedDate":"2022-01-17"},{"lineNumber":67,"author":{"gitId":"AAlghrairy"},"content":"            }","lastModifiedDate":"2022-01-17"},{"lineNumber":68,"author":{"gitId":"AAlghrairy"},"content":"","lastModifiedDate":"2022-01-17"},{"lineNumber":69,"author":{"gitId":"AAlghrairy"},"content":"            message \u003d listOfTasks.toString();","lastModifiedDate":"2022-01-17"},{"lineNumber":70,"author":{"gitId":"AAlghrairy"},"content":"            break;","lastModifiedDate":"2022-01-17"},{"lineNumber":71,"author":{"gitId":"AAlghrairy"},"content":"        case \"mark\":","lastModifiedDate":"2022-01-17"},{"lineNumber":72,"author":{"gitId":"AAlghrairy"},"content":"            index \u003d getIndexFromMessage(message); //get the index","lastModifiedDate":"2022-01-17"},{"lineNumber":73,"author":{"gitId":"AAlghrairy"},"content":"            currTask \u003d tasks.get(index);","lastModifiedDate":"2022-01-17"},{"lineNumber":74,"author":{"gitId":"AAlghrairy"},"content":"            currTask.markDone();","lastModifiedDate":"2022-01-17"},{"lineNumber":75,"author":{"gitId":"AAlghrairy"},"content":"","lastModifiedDate":"2022-01-17"},{"lineNumber":76,"author":{"gitId":"AAlghrairy"},"content":"            message \u003d \"Alright then! I\u0027ve marked that task as done:\" + \"\\n\\t\" + currTask;","lastModifiedDate":"2022-01-17"},{"lineNumber":77,"author":{"gitId":"AAlghrairy"},"content":"            break;","lastModifiedDate":"2022-01-17"},{"lineNumber":78,"author":{"gitId":"AAlghrairy"},"content":"        case \"unmark\":","lastModifiedDate":"2022-01-17"},{"lineNumber":79,"author":{"gitId":"AAlghrairy"},"content":"            index \u003d getIndexFromMessage(message); //get the index","lastModifiedDate":"2022-01-17"},{"lineNumber":80,"author":{"gitId":"AAlghrairy"},"content":"            currTask \u003d tasks.get(index);","lastModifiedDate":"2022-01-17"},{"lineNumber":81,"author":{"gitId":"AAlghrairy"},"content":"            currTask.markUndone();","lastModifiedDate":"2022-01-17"},{"lineNumber":82,"author":{"gitId":"AAlghrairy"},"content":"","lastModifiedDate":"2022-01-17"},{"lineNumber":83,"author":{"gitId":"AAlghrairy"},"content":"            message \u003d \"Alright then! I\u0027ve marked that task as not done:\" + \"\\n\\t\" + currTask;","lastModifiedDate":"2022-01-17"},{"lineNumber":84,"author":{"gitId":"AAlghrairy"},"content":"            break;","lastModifiedDate":"2022-01-17"},{"lineNumber":85,"author":{"gitId":"AAlghrairy"},"content":"        case \"delete\":","lastModifiedDate":"2022-01-18"},{"lineNumber":86,"author":{"gitId":"AAlghrairy"},"content":"            index \u003d getIndexFromMessage(message);","lastModifiedDate":"2022-01-18"},{"lineNumber":87,"author":{"gitId":"AAlghrairy"},"content":"","lastModifiedDate":"2022-01-18"},{"lineNumber":88,"author":{"gitId":"AAlghrairy"},"content":"            message \u003d confirmAction(tasks.remove(index), ConfirmCodes.DELETION);","lastModifiedDate":"2022-01-18"},{"lineNumber":89,"author":{"gitId":"AAlghrairy"},"content":"            break;","lastModifiedDate":"2022-01-18"},{"lineNumber":90,"author":{"gitId":"AAlghrairy"},"content":"        case \"todo\":","lastModifiedDate":"2022-01-17"},{"lineNumber":91,"author":{"gitId":"AAlghrairy"},"content":"            currTask \u003d new Todo(retrieveMessageTodo(message));","lastModifiedDate":"2022-01-17"},{"lineNumber":92,"author":{"gitId":"AAlghrairy"},"content":"","lastModifiedDate":"2022-01-17"},{"lineNumber":93,"author":{"gitId":"AAlghrairy"},"content":"            tasks.add(currTask);","lastModifiedDate":"2022-01-17"},{"lineNumber":94,"author":{"gitId":"AAlghrairy"},"content":"            message \u003d confirmAction(currTask, ConfirmCodes.ADDITION);","lastModifiedDate":"2022-01-18"},{"lineNumber":95,"author":{"gitId":"AAlghrairy"},"content":"            break;","lastModifiedDate":"2022-01-17"},{"lineNumber":96,"author":{"gitId":"AAlghrairy"},"content":"        case \"deadline\":","lastModifiedDate":"2022-01-17"},{"lineNumber":97,"author":{"gitId":"AAlghrairy"},"content":"            currTask \u003d new Deadline(retrieveMessage(message), retrieveDateAndTime(message));","lastModifiedDate":"2022-01-17"},{"lineNumber":98,"author":{"gitId":"AAlghrairy"},"content":"            tasks.add(currTask);","lastModifiedDate":"2022-01-17"},{"lineNumber":99,"author":{"gitId":"AAlghrairy"},"content":"            message \u003d confirmAction(currTask, ConfirmCodes.ADDITION);","lastModifiedDate":"2022-01-18"},{"lineNumber":100,"author":{"gitId":"AAlghrairy"},"content":"            break;","lastModifiedDate":"2022-01-17"},{"lineNumber":101,"author":{"gitId":"AAlghrairy"},"content":"        case \"event\":","lastModifiedDate":"2022-01-17"},{"lineNumber":102,"author":{"gitId":"AAlghrairy"},"content":"            currTask \u003d new Event(retrieveMessage(message), retrieveDateAndTime(message));","lastModifiedDate":"2022-01-17"},{"lineNumber":103,"author":{"gitId":"AAlghrairy"},"content":"            tasks.add(currTask);","lastModifiedDate":"2022-01-17"},{"lineNumber":104,"author":{"gitId":"AAlghrairy"},"content":"            message \u003d confirmAction(currTask, ConfirmCodes.ADDITION);","lastModifiedDate":"2022-01-18"},{"lineNumber":105,"author":{"gitId":"AAlghrairy"},"content":"            break;","lastModifiedDate":"2022-01-17"},{"lineNumber":106,"author":{"gitId":"AAlghrairy"},"content":"        default:","lastModifiedDate":"2022-01-17"},{"lineNumber":107,"author":{"gitId":"AAlghrairy"},"content":"            throw new DukeException(\"Pardon me, but I did not understand what you said.\");","lastModifiedDate":"2022-01-17"},{"lineNumber":108,"author":{"gitId":"AAlghrairy"},"content":"        }","lastModifiedDate":"2022-01-17"},{"lineNumber":109,"author":{"gitId":"AAlghrairy"},"content":"        return DIVIDER + message + DIVIDER;","lastModifiedDate":"2022-01-17"},{"lineNumber":110,"author":{"gitId":"-"},"content":"    }","lastModifiedDate":"2019-07-29"},{"lineNumber":111,"author":{"gitId":"AAlghrairy"},"content":"","lastModifiedDate":"2022-01-17"},{"lineNumber":112,"author":{"gitId":"AAlghrairy"},"content":"    private static int getIndexFromMessage(String message) throws DukeException {","lastModifiedDate":"2022-01-18"},{"lineNumber":113,"author":{"gitId":"AAlghrairy"},"content":"        int index \u003d message.indexOf(\" \");","lastModifiedDate":"2022-01-18"},{"lineNumber":114,"author":{"gitId":"AAlghrairy"},"content":"","lastModifiedDate":"2022-01-18"},{"lineNumber":115,"author":{"gitId":"AAlghrairy"},"content":"        if (index \u003d\u003d -1) {","lastModifiedDate":"2022-01-18"},{"lineNumber":116,"author":{"gitId":"AAlghrairy"},"content":"            throw new DukeException(\"Pardon me, but the index cannot be empty.\");","lastModifiedDate":"2022-01-18"},{"lineNumber":117,"author":{"gitId":"AAlghrairy"},"content":"        }","lastModifiedDate":"2022-01-18"},{"lineNumber":118,"author":{"gitId":"AAlghrairy"},"content":"","lastModifiedDate":"2022-01-18"},{"lineNumber":119,"author":{"gitId":"AAlghrairy"},"content":"        int indexOfItem;","lastModifiedDate":"2022-01-18"},{"lineNumber":120,"author":{"gitId":"AAlghrairy"},"content":"        try {","lastModifiedDate":"2022-01-18"},{"lineNumber":121,"author":{"gitId":"AAlghrairy"},"content":"            indexOfItem \u003d Integer.parseInt(message.substring(message.indexOf(\" \") + 1)) - 1;","lastModifiedDate":"2022-01-18"},{"lineNumber":122,"author":{"gitId":"AAlghrairy"},"content":"        } catch (NumberFormatException e) {","lastModifiedDate":"2022-01-18"},{"lineNumber":123,"author":{"gitId":"AAlghrairy"},"content":"            throw new DukeException(\"Pardon me, but the provided index was not an integer.\");","lastModifiedDate":"2022-01-18"},{"lineNumber":124,"author":{"gitId":"AAlghrairy"},"content":"        }","lastModifiedDate":"2022-01-18"},{"lineNumber":125,"author":{"gitId":"AAlghrairy"},"content":"","lastModifiedDate":"2022-01-18"},{"lineNumber":126,"author":{"gitId":"AAlghrairy"},"content":"        try {","lastModifiedDate":"2022-01-18"},{"lineNumber":127,"author":{"gitId":"AAlghrairy"},"content":"            tasks.get(indexOfItem); //used to see if index is out of bounds","lastModifiedDate":"2022-01-18"},{"lineNumber":128,"author":{"gitId":"AAlghrairy"},"content":"        } catch (IndexOutOfBoundsException e) {","lastModifiedDate":"2022-01-18"},{"lineNumber":129,"author":{"gitId":"AAlghrairy"},"content":"            throw new DukeException(\"Pardon me, but the provided index does not exist in your list.\");","lastModifiedDate":"2022-01-18"},{"lineNumber":130,"author":{"gitId":"AAlghrairy"},"content":"        }","lastModifiedDate":"2022-01-18"},{"lineNumber":131,"author":{"gitId":"AAlghrairy"},"content":"        return indexOfItem;","lastModifiedDate":"2022-01-18"},{"lineNumber":132,"author":{"gitId":"AAlghrairy"},"content":"    }","lastModifiedDate":"2022-01-17"},{"lineNumber":133,"author":{"gitId":"AAlghrairy"},"content":"","lastModifiedDate":"2022-01-17"},{"lineNumber":134,"author":{"gitId":"AAlghrairy"},"content":"    private static String retrieveMessageTodo(String message) throws DukeException {","lastModifiedDate":"2022-01-17"},{"lineNumber":135,"author":{"gitId":"AAlghrairy"},"content":"        int index \u003d message.indexOf(\" \");","lastModifiedDate":"2022-01-17"},{"lineNumber":136,"author":{"gitId":"AAlghrairy"},"content":"","lastModifiedDate":"2022-01-17"},{"lineNumber":137,"author":{"gitId":"AAlghrairy"},"content":"        if (index \u003d\u003d -1) {","lastModifiedDate":"2022-01-17"},{"lineNumber":138,"author":{"gitId":"AAlghrairy"},"content":"            throw new DukeException(\"Pardon me, but the description of a todo cannot be empty.\");","lastModifiedDate":"2022-01-17"},{"lineNumber":139,"author":{"gitId":"AAlghrairy"},"content":"        }","lastModifiedDate":"2022-01-17"},{"lineNumber":140,"author":{"gitId":"AAlghrairy"},"content":"        return message.substring(message.indexOf(\" \") + 1);","lastModifiedDate":"2022-01-17"},{"lineNumber":141,"author":{"gitId":"AAlghrairy"},"content":"    }","lastModifiedDate":"2022-01-17"},{"lineNumber":142,"author":{"gitId":"AAlghrairy"},"content":"","lastModifiedDate":"2022-01-17"},{"lineNumber":143,"author":{"gitId":"AAlghrairy"},"content":"    private static String retrieveMessage(String message) throws DukeException {","lastModifiedDate":"2022-01-17"},{"lineNumber":144,"author":{"gitId":"AAlghrairy"},"content":"        int indexOfSpace \u003d message.indexOf(\" \");","lastModifiedDate":"2022-01-17"},{"lineNumber":145,"author":{"gitId":"AAlghrairy"},"content":"        int indexOfSlash \u003d message.indexOf(\"/\");","lastModifiedDate":"2022-01-17"},{"lineNumber":146,"author":{"gitId":"AAlghrairy"},"content":"","lastModifiedDate":"2022-01-17"},{"lineNumber":147,"author":{"gitId":"AAlghrairy"},"content":"        if (indexOfSpace \u003d\u003d -1) {","lastModifiedDate":"2022-01-17"},{"lineNumber":148,"author":{"gitId":"AAlghrairy"},"content":"            throw new DukeException(\"Pardon me, but the description of a deadline/event cannot be empty.\");","lastModifiedDate":"2022-01-17"},{"lineNumber":149,"author":{"gitId":"AAlghrairy"},"content":"        } else if (indexOfSlash \u003d\u003d -1) {","lastModifiedDate":"2022-01-17"},{"lineNumber":150,"author":{"gitId":"AAlghrairy"},"content":"            throw new DukeException(\"Pardon me, but the format is incorrect. The format should be:\\n\\t\" +","lastModifiedDate":"2022-01-17"},{"lineNumber":151,"author":{"gitId":"AAlghrairy"},"content":"                    \"[Task] [Description] /[by\\\\at] [date\\\\time]\");","lastModifiedDate":"2022-01-17"},{"lineNumber":152,"author":{"gitId":"AAlghrairy"},"content":"        }","lastModifiedDate":"2022-01-17"},{"lineNumber":153,"author":{"gitId":"AAlghrairy"},"content":"        return message.substring(message.indexOf(\" \") + 1, message.indexOf(\"/\") - 1);","lastModifiedDate":"2022-01-17"},{"lineNumber":154,"author":{"gitId":"AAlghrairy"},"content":"    }","lastModifiedDate":"2022-01-17"},{"lineNumber":155,"author":{"gitId":"AAlghrairy"},"content":"","lastModifiedDate":"2022-01-17"},{"lineNumber":156,"author":{"gitId":"AAlghrairy"},"content":"    private static String retrieveDateAndTime(String message) throws DukeException {","lastModifiedDate":"2022-01-17"},{"lineNumber":157,"author":{"gitId":"AAlghrairy"},"content":"        if (message.substring(message.indexOf(\"/\")).length() \u003c 4) {","lastModifiedDate":"2022-01-17"},{"lineNumber":158,"author":{"gitId":"AAlghrairy"},"content":"            throw new DukeException(\"Pardon me, but the date/time cannot be empty.\");","lastModifiedDate":"2022-01-17"},{"lineNumber":159,"author":{"gitId":"AAlghrairy"},"content":"        }","lastModifiedDate":"2022-01-17"},{"lineNumber":160,"author":{"gitId":"AAlghrairy"},"content":"        return message.substring(message.indexOf(\"/\") + 4);","lastModifiedDate":"2022-01-17"},{"lineNumber":161,"author":{"gitId":"AAlghrairy"},"content":"    }","lastModifiedDate":"2022-01-17"},{"lineNumber":162,"author":{"gitId":"AAlghrairy"},"content":"","lastModifiedDate":"2022-01-17"},{"lineNumber":163,"author":{"gitId":"AAlghrairy"},"content":"    private static String confirmAction(Task task, ConfirmCodes code) {","lastModifiedDate":"2022-01-18"},{"lineNumber":164,"author":{"gitId":"AAlghrairy"},"content":"        switch (code) {","lastModifiedDate":"2022-01-18"},{"lineNumber":165,"author":{"gitId":"AAlghrairy"},"content":"        case ADDITION:","lastModifiedDate":"2022-01-18"},{"lineNumber":166,"author":{"gitId":"AAlghrairy"},"content":"            return \"Alright then! I\u0027ve added the task to your list:\" + \"\\n\\t\" + task.toString() + viewTasksCount();","lastModifiedDate":"2022-01-17"},{"lineNumber":167,"author":{"gitId":"AAlghrairy"},"content":"        case DELETION:","lastModifiedDate":"2022-01-18"},{"lineNumber":168,"author":{"gitId":"AAlghrairy"},"content":"            return \"As you wish. I\u0027ve removed the task from your list:\" + \"\\n\\t\" + task.toString()","lastModifiedDate":"2022-01-18"},{"lineNumber":169,"author":{"gitId":"AAlghrairy"},"content":"                    + \"\\nI hope it was nothing important...\" + viewTasksCount();","lastModifiedDate":"2022-01-18"},{"lineNumber":170,"author":{"gitId":"AAlghrairy"},"content":"        default:","lastModifiedDate":"2022-01-18"},{"lineNumber":171,"author":{"gitId":"AAlghrairy"},"content":"            return \"FILLER MESSAGE HERE\";","lastModifiedDate":"2022-01-18"},{"lineNumber":172,"author":{"gitId":"AAlghrairy"},"content":"        }","lastModifiedDate":"2022-01-18"},{"lineNumber":173,"author":{"gitId":"AAlghrairy"},"content":"    }","lastModifiedDate":"2022-01-17"},{"lineNumber":174,"author":{"gitId":"AAlghrairy"},"content":"","lastModifiedDate":"2022-01-17"},{"lineNumber":175,"author":{"gitId":"AAlghrairy"},"content":"    private static String viewTasksCount() {","lastModifiedDate":"2022-01-17"},{"lineNumber":176,"author":{"gitId":"AAlghrairy"},"content":"        return \"\\nYou currently have \" + tasks.size() + \" task(s) remaining in your list.\";","lastModifiedDate":"2022-01-17"},{"lineNumber":177,"author":{"gitId":"-"},"content":"    }","lastModifiedDate":"2022-01-17"},{"lineNumber":178,"author":{"gitId":"-"},"content":"}","lastModifiedDate":"2019-07-29"}],"authorContributionMap":{"AAlghrairy":173,"-":5}},{"path":"src/main/java/DukeException.java","fileType":"java","lines":[{"lineNumber":1,"author":{"gitId":"AAlghrairy"},"content":"/**","lastModifiedDate":"2022-01-17"},{"lineNumber":2,"author":{"gitId":"AAlghrairy"},"content":" * Exception class for handling errors in Duke Project","lastModifiedDate":"2022-01-17"},{"lineNumber":3,"author":{"gitId":"AAlghrairy"},"content":" *","lastModifiedDate":"2022-01-17"},{"lineNumber":4,"author":{"gitId":"AAlghrairy"},"content":" * @author Abdulelah Faisal S Al Ghrairy","lastModifiedDate":"2022-01-17"},{"lineNumber":5,"author":{"gitId":"AAlghrairy"},"content":" */","lastModifiedDate":"2022-01-17"},{"lineNumber":6,"author":{"gitId":"AAlghrairy"},"content":"public class DukeException extends Exception {","lastModifiedDate":"2022-01-17"},{"lineNumber":7,"author":{"gitId":"AAlghrairy"},"content":"","lastModifiedDate":"2022-01-17"},{"lineNumber":8,"author":{"gitId":"AAlghrairy"},"content":"    /**","lastModifiedDate":"2022-01-17"},{"lineNumber":9,"author":{"gitId":"AAlghrairy"},"content":"     * Constructor of DukeException class","lastModifiedDate":"2022-01-17"},{"lineNumber":10,"author":{"gitId":"AAlghrairy"},"content":"     * @param message Error message to be displayed","lastModifiedDate":"2022-01-17"},{"lineNumber":11,"author":{"gitId":"AAlghrairy"},"content":"     */","lastModifiedDate":"2022-01-17"},{"lineNumber":12,"author":{"gitId":"AAlghrairy"},"content":"    public DukeException (String message) {","lastModifiedDate":"2022-01-17"},{"lineNumber":13,"author":{"gitId":"AAlghrairy"},"content":"        super(message);","lastModifiedDate":"2022-01-17"},{"lineNumber":14,"author":{"gitId":"AAlghrairy"},"content":"    }","lastModifiedDate":"2022-01-17"},{"lineNumber":15,"author":{"gitId":"AAlghrairy"},"content":"}","lastModifiedDate":"2022-01-17"}],"authorContributionMap":{"AAlghrairy":15}},{"path":"src/main/java/Event.java","fileType":"java","lines":[{"lineNumber":1,"author":{"gitId":"AAlghrairy"},"content":"/**","lastModifiedDate":"2022-01-17"},{"lineNumber":2,"author":{"gitId":"AAlghrairy"},"content":" * Represents a task that starts and ends at a specific date/time.","lastModifiedDate":"2022-01-17"},{"lineNumber":3,"author":{"gitId":"AAlghrairy"},"content":" * Includes a String representation of the date/time.","lastModifiedDate":"2022-01-17"},{"lineNumber":4,"author":{"gitId":"AAlghrairy"},"content":" *","lastModifiedDate":"2022-01-17"},{"lineNumber":5,"author":{"gitId":"AAlghrairy"},"content":" * @author Abdulelah Faisal S Al Ghrairy","lastModifiedDate":"2022-01-17"},{"lineNumber":6,"author":{"gitId":"AAlghrairy"},"content":" */","lastModifiedDate":"2022-01-17"},{"lineNumber":7,"author":{"gitId":"AAlghrairy"},"content":"public class Event extends Task {","lastModifiedDate":"2022-01-17"},{"lineNumber":8,"author":{"gitId":"AAlghrairy"},"content":"","lastModifiedDate":"2022-01-17"},{"lineNumber":9,"author":{"gitId":"AAlghrairy"},"content":"    protected String at;","lastModifiedDate":"2022-01-17"},{"lineNumber":10,"author":{"gitId":"AAlghrairy"},"content":"","lastModifiedDate":"2022-01-17"},{"lineNumber":11,"author":{"gitId":"AAlghrairy"},"content":"    /**","lastModifiedDate":"2022-01-17"},{"lineNumber":12,"author":{"gitId":"AAlghrairy"},"content":"     * Constructor for Event class","lastModifiedDate":"2022-01-17"},{"lineNumber":13,"author":{"gitId":"AAlghrairy"},"content":"     * @param d a string representing a description of the task","lastModifiedDate":"2022-01-17"},{"lineNumber":14,"author":{"gitId":"AAlghrairy"},"content":"     * @param a a string representing the start and end date/time","lastModifiedDate":"2022-01-17"},{"lineNumber":15,"author":{"gitId":"AAlghrairy"},"content":"     */","lastModifiedDate":"2022-01-17"},{"lineNumber":16,"author":{"gitId":"AAlghrairy"},"content":"    public Event(String d, String a) {","lastModifiedDate":"2022-01-17"},{"lineNumber":17,"author":{"gitId":"AAlghrairy"},"content":"        super(d);","lastModifiedDate":"2022-01-17"},{"lineNumber":18,"author":{"gitId":"AAlghrairy"},"content":"        this.at \u003d a;","lastModifiedDate":"2022-01-17"},{"lineNumber":19,"author":{"gitId":"AAlghrairy"},"content":"    }","lastModifiedDate":"2022-01-17"},{"lineNumber":20,"author":{"gitId":"AAlghrairy"},"content":"","lastModifiedDate":"2022-01-17"},{"lineNumber":21,"author":{"gitId":"AAlghrairy"},"content":"    @Override","lastModifiedDate":"2022-01-17"},{"lineNumber":22,"author":{"gitId":"AAlghrairy"},"content":"    public String toString() {","lastModifiedDate":"2022-01-17"},{"lineNumber":23,"author":{"gitId":"AAlghrairy"},"content":"        return \"[E]\" + super.toString() + \" (at: \" + at + \")\";","lastModifiedDate":"2022-01-17"},{"lineNumber":24,"author":{"gitId":"AAlghrairy"},"content":"    }","lastModifiedDate":"2022-01-17"},{"lineNumber":25,"author":{"gitId":"AAlghrairy"},"content":"}","lastModifiedDate":"2022-01-17"}],"authorContributionMap":{"AAlghrairy":25}},{"path":"src/main/java/Task.java","fileType":"java","lines":[{"lineNumber":1,"author":{"gitId":"AAlghrairy"},"content":"/**","lastModifiedDate":"2022-01-17"},{"lineNumber":2,"author":{"gitId":"AAlghrairy"},"content":" * Represents a task to be completed. Includes a description of the task and a boolean representing","lastModifiedDate":"2022-01-17"},{"lineNumber":3,"author":{"gitId":"AAlghrairy"},"content":" * whether it has been completed.","lastModifiedDate":"2022-01-17"},{"lineNumber":4,"author":{"gitId":"AAlghrairy"},"content":" *","lastModifiedDate":"2022-01-17"},{"lineNumber":5,"author":{"gitId":"AAlghrairy"},"content":" * @author Abdulelah Faisal S Al Ghrairy","lastModifiedDate":"2022-01-17"},{"lineNumber":6,"author":{"gitId":"AAlghrairy"},"content":" */","lastModifiedDate":"2022-01-17"},{"lineNumber":7,"author":{"gitId":"AAlghrairy"},"content":"public class Task {","lastModifiedDate":"2022-01-17"},{"lineNumber":8,"author":{"gitId":"AAlghrairy"},"content":"    protected String description;","lastModifiedDate":"2022-01-17"},{"lineNumber":9,"author":{"gitId":"AAlghrairy"},"content":"    protected boolean isDone;","lastModifiedDate":"2022-01-17"},{"lineNumber":10,"author":{"gitId":"AAlghrairy"},"content":"","lastModifiedDate":"2022-01-17"},{"lineNumber":11,"author":{"gitId":"AAlghrairy"},"content":"    /**","lastModifiedDate":"2022-01-17"},{"lineNumber":12,"author":{"gitId":"AAlghrairy"},"content":"     * Constructor for Task class","lastModifiedDate":"2022-01-17"},{"lineNumber":13,"author":{"gitId":"AAlghrairy"},"content":"     * @param d a string representing a description of the task","lastModifiedDate":"2022-01-17"},{"lineNumber":14,"author":{"gitId":"AAlghrairy"},"content":"     */","lastModifiedDate":"2022-01-17"},{"lineNumber":15,"author":{"gitId":"AAlghrairy"},"content":"    public Task(String d) {","lastModifiedDate":"2022-01-17"},{"lineNumber":16,"author":{"gitId":"AAlghrairy"},"content":"        this.description \u003d d;","lastModifiedDate":"2022-01-17"},{"lineNumber":17,"author":{"gitId":"AAlghrairy"},"content":"        this.isDone \u003d false;","lastModifiedDate":"2022-01-17"},{"lineNumber":18,"author":{"gitId":"AAlghrairy"},"content":"    }","lastModifiedDate":"2022-01-17"},{"lineNumber":19,"author":{"gitId":"AAlghrairy"},"content":"","lastModifiedDate":"2022-01-17"},{"lineNumber":20,"author":{"gitId":"AAlghrairy"},"content":"    /**","lastModifiedDate":"2022-01-17"},{"lineNumber":21,"author":{"gitId":"AAlghrairy"},"content":"     * Marks the task as \"Done\"","lastModifiedDate":"2022-01-17"},{"lineNumber":22,"author":{"gitId":"AAlghrairy"},"content":"     */","lastModifiedDate":"2022-01-17"},{"lineNumber":23,"author":{"gitId":"AAlghrairy"},"content":"    public void markDone() {","lastModifiedDate":"2022-01-17"},{"lineNumber":24,"author":{"gitId":"AAlghrairy"},"content":"        this.isDone \u003d true;","lastModifiedDate":"2022-01-17"},{"lineNumber":25,"author":{"gitId":"AAlghrairy"},"content":"    }","lastModifiedDate":"2022-01-17"},{"lineNumber":26,"author":{"gitId":"AAlghrairy"},"content":"","lastModifiedDate":"2022-01-17"},{"lineNumber":27,"author":{"gitId":"AAlghrairy"},"content":"    /**","lastModifiedDate":"2022-01-17"},{"lineNumber":28,"author":{"gitId":"AAlghrairy"},"content":"     * Marks the task as \"Undone\"","lastModifiedDate":"2022-01-17"},{"lineNumber":29,"author":{"gitId":"AAlghrairy"},"content":"     */","lastModifiedDate":"2022-01-17"},{"lineNumber":30,"author":{"gitId":"AAlghrairy"},"content":"    public void markUndone() {","lastModifiedDate":"2022-01-17"},{"lineNumber":31,"author":{"gitId":"AAlghrairy"},"content":"        this.isDone \u003d false;","lastModifiedDate":"2022-01-17"},{"lineNumber":32,"author":{"gitId":"AAlghrairy"},"content":"    }","lastModifiedDate":"2022-01-17"},{"lineNumber":33,"author":{"gitId":"AAlghrairy"},"content":"","lastModifiedDate":"2022-01-17"},{"lineNumber":34,"author":{"gitId":"AAlghrairy"},"content":"    /**","lastModifiedDate":"2022-01-17"},{"lineNumber":35,"author":{"gitId":"AAlghrairy"},"content":"     * Retrieves the status of the task","lastModifiedDate":"2022-01-17"},{"lineNumber":36,"author":{"gitId":"AAlghrairy"},"content":"     * @return If marked as \"Done\", returns \"X\", otherwise returns \" \"","lastModifiedDate":"2022-01-17"},{"lineNumber":37,"author":{"gitId":"AAlghrairy"},"content":"     */","lastModifiedDate":"2022-01-17"},{"lineNumber":38,"author":{"gitId":"AAlghrairy"},"content":"    public String getStatusIcon() {","lastModifiedDate":"2022-01-17"},{"lineNumber":39,"author":{"gitId":"AAlghrairy"},"content":"        return (isDone ? \"X\" : \" \"); // X means task is done","lastModifiedDate":"2022-01-17"},{"lineNumber":40,"author":{"gitId":"AAlghrairy"},"content":"    }","lastModifiedDate":"2022-01-17"},{"lineNumber":41,"author":{"gitId":"AAlghrairy"},"content":"","lastModifiedDate":"2022-01-17"},{"lineNumber":42,"author":{"gitId":"AAlghrairy"},"content":"    /**","lastModifiedDate":"2022-01-17"},{"lineNumber":43,"author":{"gitId":"AAlghrairy"},"content":"     * ToString implementation of the Task class","lastModifiedDate":"2022-01-17"},{"lineNumber":44,"author":{"gitId":"AAlghrairy"},"content":"     * @return String representation of the status of the task along with its description","lastModifiedDate":"2022-01-17"},{"lineNumber":45,"author":{"gitId":"AAlghrairy"},"content":"     */","lastModifiedDate":"2022-01-17"},{"lineNumber":46,"author":{"gitId":"AAlghrairy"},"content":"    @Override","lastModifiedDate":"2022-01-17"},{"lineNumber":47,"author":{"gitId":"AAlghrairy"},"content":"    public String toString() {","lastModifiedDate":"2022-01-17"},{"lineNumber":48,"author":{"gitId":"AAlghrairy"},"content":"        return \"[\"+ getStatusIcon() + \"] \" + description;","lastModifiedDate":"2022-01-17"},{"lineNumber":49,"author":{"gitId":"AAlghrairy"},"content":"    }","lastModifiedDate":"2022-01-17"},{"lineNumber":50,"author":{"gitId":"AAlghrairy"},"content":"}","lastModifiedDate":"2022-01-17"}],"authorContributionMap":{"AAlghrairy":50}},{"path":"src/main/java/Todo.java","fileType":"java","lines":[{"lineNumber":1,"author":{"gitId":"AAlghrairy"},"content":"/**","lastModifiedDate":"2022-01-17"},{"lineNumber":2,"author":{"gitId":"AAlghrairy"},"content":" * Represents a task without a time or date and has the same behavior as parent class Task.","lastModifiedDate":"2022-01-17"},{"lineNumber":3,"author":{"gitId":"AAlghrairy"},"content":" *","lastModifiedDate":"2022-01-17"},{"lineNumber":4,"author":{"gitId":"AAlghrairy"},"content":" * @author Abdulelah Faisal S Al Ghrairy","lastModifiedDate":"2022-01-17"},{"lineNumber":5,"author":{"gitId":"AAlghrairy"},"content":" */","lastModifiedDate":"2022-01-17"},{"lineNumber":6,"author":{"gitId":"AAlghrairy"},"content":"public class Todo extends Task {","lastModifiedDate":"2022-01-17"},{"lineNumber":7,"author":{"gitId":"AAlghrairy"},"content":"","lastModifiedDate":"2022-01-17"},{"lineNumber":8,"author":{"gitId":"AAlghrairy"},"content":"    /**","lastModifiedDate":"2022-01-17"},{"lineNumber":9,"author":{"gitId":"AAlghrairy"},"content":"     * Constructor for Todo class","lastModifiedDate":"2022-01-17"},{"lineNumber":10,"author":{"gitId":"AAlghrairy"},"content":"     * @param d a string representing a description of the task","lastModifiedDate":"2022-01-17"},{"lineNumber":11,"author":{"gitId":"AAlghrairy"},"content":"     */","lastModifiedDate":"2022-01-17"},{"lineNumber":12,"author":{"gitId":"AAlghrairy"},"content":"    public Todo(String d) {","lastModifiedDate":"2022-01-17"},{"lineNumber":13,"author":{"gitId":"AAlghrairy"},"content":"        super(d);","lastModifiedDate":"2022-01-17"},{"lineNumber":14,"author":{"gitId":"AAlghrairy"},"content":"    }","lastModifiedDate":"2022-01-17"},{"lineNumber":15,"author":{"gitId":"AAlghrairy"},"content":"","lastModifiedDate":"2022-01-17"},{"lineNumber":16,"author":{"gitId":"AAlghrairy"},"content":"    @Override","lastModifiedDate":"2022-01-17"},{"lineNumber":17,"author":{"gitId":"AAlghrairy"},"content":"    public String toString() {","lastModifiedDate":"2022-01-17"},{"lineNumber":18,"author":{"gitId":"AAlghrairy"},"content":"        return \"[T]\" + super.toString();","lastModifiedDate":"2022-01-17"},{"lineNumber":19,"author":{"gitId":"AAlghrairy"},"content":"    }","lastModifiedDate":"2022-01-17"},{"lineNumber":20,"author":{"gitId":"AAlghrairy"},"content":"}","lastModifiedDate":"2022-01-17"}],"authorContributionMap":{"AAlghrairy":20}},{"path":"text-ui-test/input.txt","fileType":"txt","lines":[{"lineNumber":1,"author":{"gitId":"AAlghrairy"},"content":"todo borrow book","lastModifiedDate":"2022-01-17"},{"lineNumber":2,"author":{"gitId":"AAlghrairy"},"content":"todo buy milk","lastModifiedDate":"2022-01-17"},{"lineNumber":3,"author":{"gitId":"AAlghrairy"},"content":"deadline return book /by Sunday","lastModifiedDate":"2022-01-17"},{"lineNumber":4,"author":{"gitId":"AAlghrairy"},"content":"event project meeting /at Mon 2-4pm","lastModifiedDate":"2022-01-17"},{"lineNumber":5,"author":{"gitId":"AAlghrairy"},"content":"mark 3","lastModifiedDate":"2022-01-17"},{"lineNumber":6,"author":{"gitId":"AAlghrairy"},"content":"list","lastModifiedDate":"2022-01-17"},{"lineNumber":7,"author":{"gitId":"AAlghrairy"},"content":"unmark 3","lastModifiedDate":"2022-01-17"},{"lineNumber":8,"author":{"gitId":"AAlghrairy"},"content":"blah","lastModifiedDate":"2022-01-17"},{"lineNumber":9,"author":{"gitId":"AAlghrairy"},"content":"delete 1","lastModifiedDate":"2022-01-18"},{"lineNumber":10,"author":{"gitId":"AAlghrairy"},"content":"mark 4","lastModifiedDate":"2022-01-18"},{"lineNumber":11,"author":{"gitId":"AAlghrairy"},"content":"mark /","lastModifiedDate":"2022-01-18"},{"lineNumber":12,"author":{"gitId":"AAlghrairy"},"content":"bye","lastModifiedDate":"2022-01-17"}],"authorContributionMap":{"AAlghrairy":12}}]
