{"authorDailyContributionsMap":{"AAlghrairy":[{"date":"2022-01-18","commitResults":[{"hash":"42eeb70f96141d49f4197bd6c5604b2d91718886","messageTitle":"Implement skeletal version","messageBody":"","fileTypesAndContributionMap":{"java":{"insertions":20,"deletions":6}}},{"hash":"5c394ed40883cd3685ca40beb1c1fd8be96a41fc","messageTitle":"Add list","messageBody":"","fileTypesAndContributionMap":{"java":{"insertions":26,"deletions":3}}},{"hash":"6f5ee10286bd3ded862a7e2a4c66c661cb834e13","messageTitle":"Add markable tasks","messageBody":"","fileTypesAndContributionMap":{"java":{"insertions":65,"deletions":10}}},{"hash":"95c5d27efe103355f0c5202481513a0552f2fb8b","messageTitle":"Add ToDo, Events, Deadlines","messageBody":"","fileTypesAndContributionMap":{"java":{"insertions":111,"deletions":8}}},{"hash":"f7f6ea232841389342756e72f16712f3b95c4f99","messageTitle":"Add automated Text UI Testing","messageBody":"","fileTypesAndContributionMap":{"txt":{"insertions":8,"deletions":0},"java":{"insertions":37,"deletions":6}}}]},{"date":"2022-01-20","commitResults":[{"hash":"e97814fe95e23f136d1cc8c753f11a54cdfe4fb9","messageTitle":"Add Error Handling","messageBody":"","fileTypesAndContributionMap":{"txt":{"insertions":1,"deletions":0},"java":{"insertions":58,"deletions":15}}},{"hash":"5975fa180084576224ff01d743e15e150294044f","messageTitle":"Update tasks to be deletable","messageBody":"","fileTypesAndContributionMap":{"txt":{"insertions":3,"deletions":0},"java":{"insertions":36,"deletions":5}}},{"hash":"c79868b97a1288d3c2902e0455efa55b5e461f00","messageTitle":"Use Enumeration","messageBody":"","fileTypesAndContributionMap":{"java":{"insertions":23,"deletions":12}}}]},{"date":"2022-01-23","commitResults":[{"hash":"445707aeb7293a20e934db667fa7e7851f6be89c","messageTitle":"Change Todo to ToDo","messageBody":"","fileTypesAndContributionMap":{"java":{"insertions":65,"deletions":37}}},{"hash":"d1d09853eef4149807fee88eed8333f8efd33a25","messageTitle":"Add saving feature","messageBody":"","tags":["branch-Level-7","Level-7"],"fileTypesAndContributionMap":{"txt":{"insertions":4,"deletions":0},"java":{"insertions":136,"deletions":10}}},{"hash":"327c0df3bb0cffefc3790fba67a34b2e91c6a830","messageTitle":"Add date/time processing function","messageBody":"","tags":["Level-8"],"fileTypesAndContributionMap":{"txt":{"insertions":4,"deletions":2},"java":{"insertions":120,"deletions":33}}},{"hash":"b9102ff4ffafb764bb68ee2ed84da0f1c6f778db","messageTitle":"Fix saving feature bug","messageBody":"","fileTypesAndContributionMap":{"txt":{"insertions":4,"deletions":1},"java":{"insertions":1,"deletions":1}}}]},{"date":"2022-01-24","commitResults":[{"hash":"bfe5c62a6566ae76d889a18cac7653936cb0b097","messageTitle":"Refractor code to use more OOP","messageBody":"","tags":["A-MoreOOP"],"fileTypesAndContributionMap":{"txt":{"insertions":0,"deletions":7},"java":{"insertions":434,"deletions":326}}},{"hash":"e18f0804c61b65f5e0e1ecdeacaa2b5b3583c646","messageTitle":"Organize code into Packages","messageBody":"","tags":["A-Packages"],"fileTypesAndContributionMap":{"txt":{"insertions":3,"deletions":0},"java":{"insertions":39,"deletions":15},"bat":{"insertions":1,"deletions":1},"md":{"insertions":2,"deletions":2}}},{"hash":"cec531134619fb8ba2810fe0f11d6732d1505beb","messageTitle":"Add JUnit tests","messageBody":"","tags":["A-Jar","A-JUnit"],"fileTypesAndContributionMap":{"txt":{"insertions":3,"deletions":3},"java":{"insertions":122,"deletions":0}}},{"hash":"fb5145cb7364c289e8371661973f39d353aa9976","messageTitle":"Add Javadocs","messageBody":"","tags":["A-JavaDoc"],"fileTypesAndContributionMap":{"java":{"insertions":102,"deletions":1}}},{"hash":"ed4041ca562d0111aa9332731d3d1ba37ae7dbcc","messageTitle":"Reformat code to be compliant with the Coding Standard","messageBody":"","tags":["A-CodingStandard"],"fileTypesAndContributionMap":{"java":{"insertions":30,"deletions":18}}},{"hash":"acd34cf0f7ec0cedea148320c8a990253a066fb6","messageTitle":"Add find method to search for keyword among the list of tasks","messageBody":"","tags":["Level-9"],"fileTypesAndContributionMap":{"txt":{"insertions":4,"deletions":0},"java":{"insertions":70,"deletions":10}}},{"hash":"c3ef927a0f237bb54fc2264b13a9d1a7063af056","messageTitle":"Modify test-ui-test files","messageBody":"","fileTypesAndContributionMap":{"txt":{"insertions":5,"deletions":0},"bat":{"insertions":1,"deletions":1}}}]},{"date":"2022-01-27","commitResults":[{"hash":"fbd8e27aae3b26c64ab79ee69c8e13338fb06bef","messageTitle":"Modify JavaDoc","messageBody":"","fileTypesAndContributionMap":{"java":{"insertions":13,"deletions":9}}}]},{"date":"2022-01-29","commitResults":[{"hash":"980f4f08bd8922d34534634d0111c62d0f9f1695","messageTitle":"Fix Coding Standard violations","messageBody":"","fileTypesAndContributionMap":{"java":{"insertions":23,"deletions":24}}}]},{"date":"2022-01-31","commitResults":[{"hash":"bdf7b9f24f2ea6adb8aa3d22b873de4200ac288b","messageTitle":"Add Gradle Support","messageBody":"","fileTypesAndContributionMap":{"gradle":{"insertions":1,"deletions":1},"java":{"insertions":70,"deletions":70},"md":{"insertions":15,"deletions":9}}},{"hash":"8fab0c51273639b935456b59e1c4d1a049478856","messageTitle":"Fix Coding Standard violations","messageBody":"","tags":["A-Gradle","A-CheckStyle"],"fileTypesAndContributionMap":{"txt":{"insertions":0,"deletions":0},"java":{"insertions":139,"deletions":180}}}]},{"date":"2022-02-01","commitResults":[{"hash":"3c042dc374338e1506f00fc218d55579138e2b97","messageTitle":"Create GUI using JavaFX","messageBody":"","tags":["Level-10"],"fileTypesAndContributionMap":{"gradle":{"insertions":14,"deletions":0},"txt":{"insertions":3,"deletions":4},"fxml":{"insertions":35,"deletions":0},"java":{"insertions":198,"deletions":60}}},{"hash":"7b9ef34973bdfda13e33fd4d8a491eebd237760c","messageTitle":"Add title to MainWindow","messageBody":"","fileTypesAndContributionMap":{"java":{"insertions":1,"deletions":0}}},{"hash":"b71cef79a5647e8e570d825107e4d494b2a36b1c","messageTitle":"Remove commented-out code","messageBody":"","fileTypesAndContributionMap":{"java":{"insertions":4,"deletions":11}}},{"hash":"0721ad3600e6a0492a07c38d8043b20b14de228f","messageTitle":"Modify Duke.java constructor","messageBody":"","fileTypesAndContributionMap":{"java":{"insertions":6,"deletions":3}}}]},{"date":"2022-02-02","commitResults":[{"hash":"bf75c7e244a7314481577b1c163df70f655fc13c","messageTitle":"Modify code to coincide more with SLAP coding principle","messageBody":"","fileTypesAndContributionMap":{"java":{"insertions":161,"deletions":123}}},{"hash":"1d89c9ed8de3e1f42684db160cd6a161acfc7c31","messageTitle":"Remove references to \"duke.\" package name in Strings","messageBody":"","fileTypesAndContributionMap":{"java":{"insertions":12,"deletions":13},"md":{"insertions":1,"deletions":1}}}]}]},"authorFileTypeContributionMap":{"AAlghrairy":{"java":1216,"md":10,"fxml":35,"sh":0,"bat":2,"gradle":14,"txt":25}},"authorContributionVariance":{"AAlghrairy":82070.56},"authorDisplayNameMap":{"AAlghrairy":"CS2103T-W14-2 AL G..AL S"}}
