{"authorDailyContributionsMap":{"lkldev":[{"date":"2022-01-14","commitResults":[{"hash":"4f2e895e296ad5a0ef560f2afee88e92cd8588f1","messageTitle":"Add Greetings, Echo and Exit.","messageBody":"","tags":["Level-1"],"fileTypesAndContributionMap":{"java":{"insertions":69,"deletions":6}}},{"hash":"bae1f524ac259592732242ae752cf4bde4cef544","messageTitle":"Add \"Add\" and \"List\" command","messageBody":"Update bot\u0027s personality\n","tags":["Level-2"],"fileTypesAndContributionMap":{"java":{"insertions":53,"deletions":21}}},{"hash":"37bf6f0311277b5f36b29c02d35fe7314f55cca6","messageTitle":"Add the ability to mark tasks as done","messageBody":"","fileTypesAndContributionMap":{"java":{"insertions":54,"deletions":17}}}]},{"date":"2022-01-15","commitResults":[{"hash":"e7acb9d7071b867b00e9225d24ebcafcb4638c41","messageTitle":"Remove toggleIsDone and add markAsDone and unmarkAsDone","messageBody":"","tags":["Level-3","A-Classes"],"fileTypesAndContributionMap":{"java":{"insertions":20,"deletions":11}}}]},{"date":"2022-01-17","commitResults":[{"hash":"30682c13356d1152590e95506fdf780ac34b4cc1","messageTitle":"Refractor Command to handle commands with arguments","messageBody":"Create ActionType to represent different Type of Commands\n\nRename CommandType to CommandAction to better suit Enum\n\nCreate Deadline, Event, Todo classes\n\nRename Bot from Duke to Luke\n","tags":["Level-4","A-Inheritance"],"fileTypesAndContributionMap":{"java":{"insertions":166,"deletions":40},"bat":{"insertions":1,"deletions":1},"md":{"insertions":9,"deletions":8}}},{"hash":"5bfe97d4f4872b8f8ccede110672bdfa0eb980aa","messageTitle":"Add Text UI Testing","messageBody":"Change bot\u0027s personality\n","tags":["A-TextUiTesting"],"fileTypesAndContributionMap":{"txt":{"insertions":14,"deletions":0},"java":{"insertions":8,"deletions":8}}},{"hash":"f76f638911043dbfa8ab125ee731fe06e2d3f42a","messageTitle":"Add error handling to handle unknown commands, non integer input and illegal arguments","messageBody":"Change CommandAction Enum to take in arguments required for each Command\n\nAdd static map of all the commands accepted to their corresponding enums\n","tags":["Level-5"],"fileTypesAndContributionMap":{"java":{"insertions":110,"deletions":76}}},{"hash":"4ae20e1507be942cb3aed0d3e163ce7f6d7a0f3e","messageTitle":"Update testing for error handling","messageBody":"Format text in README.md\n","fileTypesAndContributionMap":{"txt":{"insertions":10,"deletions":0},"md":{"insertions":1,"deletions":1}}},{"hash":"ddd6e6d45555d4f948b15d26dda93dbe1f36bac6","messageTitle":"Add delete command into bot","messageBody":"Update bot to use ArrayList instead of array\n\nUpdate test cases to support delete operation\n\nUpdate list to display different message if list is empty\n\nAdd error handling for index out of range.\n","tags":["Level-6","A-Enums","A-Collections"],"fileTypesAndContributionMap":{"txt":{"insertions":6,"deletions":0},"java":{"insertions":36,"deletions":24}}}]},{"date":"2022-01-23","commitResults":[{"hash":"5f45140cc3229fd142c3e5db16be8c225236ee39","messageTitle":"Add \"SAVE\" into enums and hashmap","messageBody":"Prepare code to handle save command\n","fileTypesAndContributionMap":{"java":{"insertions":6,"deletions":1}}}]},{"date":"2022-01-25","commitResults":[{"hash":"c10cda9504cc9f179996197b048b4a6593acdf5a","messageTitle":"Add saving to file and loading from file capability","messageBody":"Remove previous assumption of save command\n\nCreate ADT TaskList to hold all the Task\n","fileTypesAndContributionMap":{"java":{"insertions":244,"deletions":91}}},{"hash":"399a17c72798da6ce4e73e106a579b6ef7df0d3e","messageTitle":"Add DateTimeParser to parse string to date and format date to string","messageBody":"Update testcases to reflect the new output and error messages\n","fileTypesAndContributionMap":{"txt":{"insertions":4,"deletions":0},"java":{"insertions":38,"deletions":10}}}]},{"date":"2022-01-26","commitResults":[{"hash":"db32bbf07700138740eb19beca513228ae2546d7","messageTitle":"Refactor code to make it more OOP - Create Parser class to parse commands - Split all commands into different classes - Extract ui code to Ui class - Simplify start logic in Luke","messageBody":"Update test case to reflect new output messages\n","tags":["A-MoreOOP"],"fileTypesAndContributionMap":{"txt":{"insertions":1,"deletions":0},"java":{"insertions":352,"deletions":211},"bat":{"insertions":22,"deletions":0}}},{"hash":"da5df61ec21acd91730d1f6b720f587f06bebc2f","messageTitle":"Update datetime format to support more format, change datetime display","messageBody":"","fileTypesAndContributionMap":{"txt":{"insertions":4,"deletions":4},"java":{"insertions":19,"deletions":6}}}]},{"date":"2022-01-27","commitResults":[{"hash":"ea2baeb17ce88c2641eb49e82e38ecd046b427a6","messageTitle":"Put files into packages","messageBody":"","tags":["A-Packages"],"fileTypesAndContributionMap":{"java":{"insertions":114,"deletions":18}}},{"hash":"d80f699a3d1bfda8011fd09f820a22f6434adc2b","messageTitle":"Change access modifier for method in Luke","messageBody":"","fileTypesAndContributionMap":{"java":{"insertions":1,"deletions":1}}},{"hash":"33ea4cdb916fec1bee73780e9ea754c0fef5fdb8","messageTitle":"Add unit testing for parser class","messageBody":"Update text-ui-test to reflect new output\n\nUpdate packaging for Luke.java\n","tags":["A-JUnit"],"fileTypesAndContributionMap":{"java":{"insertions":102,"deletions":2},"bat":{"insertions":6,"deletions":6}}}]}]},"authorFileTypeContributionMap":{"lkldev":{"java":858,"md":9,"fxml":0,"sh":0,"bat":28,"gradle":0,"txt":37}},"authorContributionVariance":{"lkldev":44212.883},"authorDisplayNameMap":{"lkldev":"CS2103T-T13-2 LI K..NGLI"}}
