[{"path":"src/main/java/Duke.java","fileType":"java","lines":[{"lineNumber":1,"author":{"gitId":"TeddYE"},"content":"import task.Deadline;","lastModifiedDate":"2022-01-24"},{"lineNumber":2,"author":{"gitId":"TeddYE"},"content":"import task.Event;","lastModifiedDate":"2022-01-24"},{"lineNumber":3,"author":{"gitId":"TeddYE"},"content":"import task.Task;","lastModifiedDate":"2022-01-24"},{"lineNumber":4,"author":{"gitId":"TeddYE"},"content":"import task.ToDo;","lastModifiedDate":"2022-01-24"},{"lineNumber":5,"author":{"gitId":"TeddYE"},"content":"","lastModifiedDate":"2022-01-24"},{"lineNumber":6,"author":{"gitId":"TeddYE"},"content":"import java.util.Scanner;","lastModifiedDate":"2022-01-23"},{"lineNumber":7,"author":{"gitId":"TeddYE"},"content":"","lastModifiedDate":"2022-01-23"},{"lineNumber":8,"author":{"gitId":"-"},"content":"public class Duke {","lastModifiedDate":"2019-07-29"},{"lineNumber":9,"author":{"gitId":"TeddYE"},"content":"    private static final String WELCOME_MESSAGE \u003d \"Hello! I\u0027m Duke \\n\" + \"What can I do for you\";","lastModifiedDate":"2022-01-24"},{"lineNumber":10,"author":{"gitId":"TeddYE"},"content":"    private static final String GOODBYE_MESSAGE \u003d \"Bye. Hope to see you again soon!\";","lastModifiedDate":"2022-01-23"},{"lineNumber":11,"author":{"gitId":"TeddYE"},"content":"","lastModifiedDate":"2022-01-23"},{"lineNumber":12,"author":{"gitId":"-"},"content":"    public static void main(String[] args) {","lastModifiedDate":"2019-07-29"},{"lineNumber":13,"author":{"gitId":"TeddYE"},"content":"        Scanner sc \u003d new Scanner(System.in);","lastModifiedDate":"2022-01-23"},{"lineNumber":14,"author":{"gitId":"TeddYE"},"content":"        boolean isExit \u003d false;","lastModifiedDate":"2022-01-23"},{"lineNumber":15,"author":{"gitId":"TeddYE"},"content":"","lastModifiedDate":"2022-01-23"},{"lineNumber":16,"author":{"gitId":"TeddYE"},"content":"        System.out.println(WELCOME_MESSAGE);","lastModifiedDate":"2022-01-23"},{"lineNumber":17,"author":{"gitId":"TeddYE"},"content":"        while (!isExit) {","lastModifiedDate":"2022-01-23"},{"lineNumber":18,"author":{"gitId":"TeddYE"},"content":"            String userCommand \u003d sc.next();","lastModifiedDate":"2022-01-24"},{"lineNumber":19,"author":{"gitId":"TeddYE"},"content":"            switch (userCommand) {","lastModifiedDate":"2022-01-24"},{"lineNumber":20,"author":{"gitId":"TeddYE"},"content":"                case \"bye\":","lastModifiedDate":"2022-01-23"},{"lineNumber":21,"author":{"gitId":"TeddYE"},"content":"                    isExit \u003d true;","lastModifiedDate":"2022-01-23"},{"lineNumber":22,"author":{"gitId":"TeddYE"},"content":"                    System.out.println(GOODBYE_MESSAGE);","lastModifiedDate":"2022-01-23"},{"lineNumber":23,"author":{"gitId":"TeddYE"},"content":"                    break;","lastModifiedDate":"2022-01-23"},{"lineNumber":24,"author":{"gitId":"TeddYE"},"content":"                case \"list\":","lastModifiedDate":"2022-01-23"},{"lineNumber":25,"author":{"gitId":"TeddYE"},"content":"                    for (int i \u003d 0; i \u003c Task.getTasks().size(); i++) {","lastModifiedDate":"2022-01-24"},{"lineNumber":26,"author":{"gitId":"TeddYE"},"content":"                        System.out.printf(\"%d.%s%n\", i + 1, Task.getTasks().get(i));","lastModifiedDate":"2022-01-24"},{"lineNumber":27,"author":{"gitId":"TeddYE"},"content":"                    }","lastModifiedDate":"2022-01-23"},{"lineNumber":28,"author":{"gitId":"TeddYE"},"content":"                    break;","lastModifiedDate":"2022-01-23"},{"lineNumber":29,"author":{"gitId":"TeddYE"},"content":"                case \"mark\":","lastModifiedDate":"2022-01-24"},{"lineNumber":30,"author":{"gitId":"TeddYE"},"content":"                    int markIndex \u003d sc.nextInt() - 1;","lastModifiedDate":"2022-01-24"},{"lineNumber":31,"author":{"gitId":"TeddYE"},"content":"                    Task markTask \u003d Task.getTasks().get(markIndex);","lastModifiedDate":"2022-01-24"},{"lineNumber":32,"author":{"gitId":"TeddYE"},"content":"                    markTask.setIsDone(true);","lastModifiedDate":"2022-01-24"},{"lineNumber":33,"author":{"gitId":"TeddYE"},"content":"                    System.out.printf(\"Nice! I\u0027ve marked this task as done: \\n\"","lastModifiedDate":"2022-01-24"},{"lineNumber":34,"author":{"gitId":"TeddYE"},"content":"                            + \"   %s\\n\", markTask);","lastModifiedDate":"2022-01-24"},{"lineNumber":35,"author":{"gitId":"TeddYE"},"content":"                    break;","lastModifiedDate":"2022-01-24"},{"lineNumber":36,"author":{"gitId":"TeddYE"},"content":"                case \"unmark\":","lastModifiedDate":"2022-01-24"},{"lineNumber":37,"author":{"gitId":"TeddYE"},"content":"                    int unmarkIndex \u003d sc.nextInt() - 1;","lastModifiedDate":"2022-01-24"},{"lineNumber":38,"author":{"gitId":"TeddYE"},"content":"                    Task unmarkTask \u003d Task.getTasks().get(unmarkIndex);","lastModifiedDate":"2022-01-24"},{"lineNumber":39,"author":{"gitId":"TeddYE"},"content":"                    unmarkTask.setIsDone(false);","lastModifiedDate":"2022-01-24"},{"lineNumber":40,"author":{"gitId":"TeddYE"},"content":"                    System.out.printf(\"Ok, I\u0027ve marked this task as not done yet: \\n\"","lastModifiedDate":"2022-01-24"},{"lineNumber":41,"author":{"gitId":"TeddYE"},"content":"                            + \"   %s\\n\", unmarkTask);","lastModifiedDate":"2022-01-24"},{"lineNumber":42,"author":{"gitId":"TeddYE"},"content":"                    break;","lastModifiedDate":"2022-01-24"},{"lineNumber":43,"author":{"gitId":"TeddYE"},"content":"                case \"todo\":","lastModifiedDate":"2022-01-24"},{"lineNumber":44,"author":{"gitId":"TeddYE"},"content":"                    String toDoDescription \u003d sc.nextLine().trim();","lastModifiedDate":"2022-01-24"},{"lineNumber":45,"author":{"gitId":"TeddYE"},"content":"                    Task newToDo \u003d new ToDo(toDoDescription);","lastModifiedDate":"2022-01-24"},{"lineNumber":46,"author":{"gitId":"TeddYE"},"content":"                    Task.addTask(newToDo);","lastModifiedDate":"2022-01-24"},{"lineNumber":47,"author":{"gitId":"TeddYE"},"content":"                    System.out.printf(\"Got it. I\u0027ve added this task:\\n\" + \"%s\\n\" + \"%s\\n\",","lastModifiedDate":"2022-01-24"},{"lineNumber":48,"author":{"gitId":"TeddYE"},"content":"                            newToDo, Task.taskCountToString());","lastModifiedDate":"2022-01-24"},{"lineNumber":49,"author":{"gitId":"TeddYE"},"content":"                    break;","lastModifiedDate":"2022-01-24"},{"lineNumber":50,"author":{"gitId":"TeddYE"},"content":"                case \"deadline\":","lastModifiedDate":"2022-01-24"},{"lineNumber":51,"author":{"gitId":"TeddYE"},"content":"                    String deadlineTempInput \u003d sc.nextLine();","lastModifiedDate":"2022-01-24"},{"lineNumber":52,"author":{"gitId":"TeddYE"},"content":"                    String deadlineDescription \u003d deadlineTempInput.split(\"/by\", 2)[0].trim();","lastModifiedDate":"2022-01-24"},{"lineNumber":53,"author":{"gitId":"TeddYE"},"content":"                    String deadlineDueDate \u003d deadlineTempInput.split(\"/by\", 2)[1].trim();","lastModifiedDate":"2022-01-24"},{"lineNumber":54,"author":{"gitId":"TeddYE"},"content":"                    Task newDeadline \u003d new Deadline(deadlineDescription, deadlineDueDate);","lastModifiedDate":"2022-01-24"},{"lineNumber":55,"author":{"gitId":"TeddYE"},"content":"                    Task.addTask(newDeadline);","lastModifiedDate":"2022-01-24"},{"lineNumber":56,"author":{"gitId":"TeddYE"},"content":"                    System.out.printf(\"Got it. I\u0027ve added this task:\\n\" + \"%s\\n\" + \"%s\\n\",","lastModifiedDate":"2022-01-24"},{"lineNumber":57,"author":{"gitId":"TeddYE"},"content":"                            newDeadline, Task.taskCountToString());","lastModifiedDate":"2022-01-24"},{"lineNumber":58,"author":{"gitId":"TeddYE"},"content":"                    break;","lastModifiedDate":"2022-01-24"},{"lineNumber":59,"author":{"gitId":"TeddYE"},"content":"                case \"event\":","lastModifiedDate":"2022-01-24"},{"lineNumber":60,"author":{"gitId":"TeddYE"},"content":"                    String eventTempInput \u003d sc.nextLine();","lastModifiedDate":"2022-01-24"},{"lineNumber":61,"author":{"gitId":"TeddYE"},"content":"                    String eventDescription \u003d eventTempInput.split(\"/at\", 2)[0].trim();","lastModifiedDate":"2022-01-24"},{"lineNumber":62,"author":{"gitId":"TeddYE"},"content":"                    String eventDateTime \u003d eventTempInput.split(\"/at\", 2)[1].trim();","lastModifiedDate":"2022-01-24"},{"lineNumber":63,"author":{"gitId":"TeddYE"},"content":"                    Task newEvent \u003d new Event(eventDescription.toString(), eventDateTime.toString());","lastModifiedDate":"2022-01-24"},{"lineNumber":64,"author":{"gitId":"TeddYE"},"content":"                    Task.addTask(newEvent);","lastModifiedDate":"2022-01-24"},{"lineNumber":65,"author":{"gitId":"TeddYE"},"content":"                    System.out.printf(\"Got it. I\u0027ve added this task:\\n\" + \"%s\\n\" + \"%s\\n\",","lastModifiedDate":"2022-01-24"},{"lineNumber":66,"author":{"gitId":"TeddYE"},"content":"                            newEvent, Task.taskCountToString());","lastModifiedDate":"2022-01-24"},{"lineNumber":67,"author":{"gitId":"TeddYE"},"content":"                    break;","lastModifiedDate":"2022-01-24"},{"lineNumber":68,"author":{"gitId":"TeddYE"},"content":"                default:","lastModifiedDate":"2022-01-23"},{"lineNumber":69,"author":{"gitId":"TeddYE"},"content":"                    System.out.printf(\"Unknown command.\\n\");","lastModifiedDate":"2022-01-24"},{"lineNumber":70,"author":{"gitId":"TeddYE"},"content":"                    break;","lastModifiedDate":"2022-01-23"},{"lineNumber":71,"author":{"gitId":"TeddYE"},"content":"            }","lastModifiedDate":"2022-01-23"},{"lineNumber":72,"author":{"gitId":"TeddYE"},"content":"        }","lastModifiedDate":"2022-01-23"},{"lineNumber":73,"author":{"gitId":"-"},"content":"    }","lastModifiedDate":"2019-07-29"},{"lineNumber":74,"author":{"gitId":"-"},"content":"}","lastModifiedDate":"2019-07-29"}],"authorContributionMap":{"TeddYE":70,"-":4}},{"path":"src/main/java/task/Deadline.java","fileType":"java","lines":[{"lineNumber":1,"author":{"gitId":"TeddYE"},"content":"package task;","lastModifiedDate":"2022-01-24"},{"lineNumber":2,"author":{"gitId":"TeddYE"},"content":"","lastModifiedDate":"2022-01-24"},{"lineNumber":3,"author":{"gitId":"TeddYE"},"content":"public class Deadline extends Task{","lastModifiedDate":"2022-01-24"},{"lineNumber":4,"author":{"gitId":"TeddYE"},"content":"    protected String deadline;","lastModifiedDate":"2022-01-24"},{"lineNumber":5,"author":{"gitId":"TeddYE"},"content":"","lastModifiedDate":"2022-01-24"},{"lineNumber":6,"author":{"gitId":"TeddYE"},"content":"    public Deadline(String description, String deadline) {","lastModifiedDate":"2022-01-24"},{"lineNumber":7,"author":{"gitId":"TeddYE"},"content":"        super(description, \"D\");","lastModifiedDate":"2022-01-24"},{"lineNumber":8,"author":{"gitId":"TeddYE"},"content":"        this.deadline \u003d deadline;","lastModifiedDate":"2022-01-24"},{"lineNumber":9,"author":{"gitId":"TeddYE"},"content":"    }","lastModifiedDate":"2022-01-24"},{"lineNumber":10,"author":{"gitId":"TeddYE"},"content":"","lastModifiedDate":"2022-01-24"},{"lineNumber":11,"author":{"gitId":"TeddYE"},"content":"    public String getDeadline() {","lastModifiedDate":"2022-01-24"},{"lineNumber":12,"author":{"gitId":"TeddYE"},"content":"        return this.deadline;","lastModifiedDate":"2022-01-24"},{"lineNumber":13,"author":{"gitId":"TeddYE"},"content":"    }","lastModifiedDate":"2022-01-24"},{"lineNumber":14,"author":{"gitId":"TeddYE"},"content":"","lastModifiedDate":"2022-01-24"},{"lineNumber":15,"author":{"gitId":"TeddYE"},"content":"    @Override","lastModifiedDate":"2022-01-24"},{"lineNumber":16,"author":{"gitId":"TeddYE"},"content":"    public String toString() {","lastModifiedDate":"2022-01-24"},{"lineNumber":17,"author":{"gitId":"TeddYE"},"content":"        return super.toString() + String.format(\" (by: %s)\", this.getDeadline());","lastModifiedDate":"2022-01-24"},{"lineNumber":18,"author":{"gitId":"TeddYE"},"content":"    }","lastModifiedDate":"2022-01-24"},{"lineNumber":19,"author":{"gitId":"TeddYE"},"content":"}","lastModifiedDate":"2022-01-24"}],"authorContributionMap":{"TeddYE":19}},{"path":"src/main/java/task/Event.java","fileType":"java","lines":[{"lineNumber":1,"author":{"gitId":"TeddYE"},"content":"package task;","lastModifiedDate":"2022-01-24"},{"lineNumber":2,"author":{"gitId":"TeddYE"},"content":"","lastModifiedDate":"2022-01-24"},{"lineNumber":3,"author":{"gitId":"TeddYE"},"content":"public class Event extends Task{","lastModifiedDate":"2022-01-24"},{"lineNumber":4,"author":{"gitId":"TeddYE"},"content":"    protected String eventTime;","lastModifiedDate":"2022-01-24"},{"lineNumber":5,"author":{"gitId":"TeddYE"},"content":"","lastModifiedDate":"2022-01-24"},{"lineNumber":6,"author":{"gitId":"TeddYE"},"content":"    public Event(String description, String eventTime) {","lastModifiedDate":"2022-01-24"},{"lineNumber":7,"author":{"gitId":"TeddYE"},"content":"        super(description, \"E\");","lastModifiedDate":"2022-01-24"},{"lineNumber":8,"author":{"gitId":"TeddYE"},"content":"        this.eventTime \u003d eventTime;","lastModifiedDate":"2022-01-24"},{"lineNumber":9,"author":{"gitId":"TeddYE"},"content":"    }","lastModifiedDate":"2022-01-24"},{"lineNumber":10,"author":{"gitId":"TeddYE"},"content":"","lastModifiedDate":"2022-01-24"},{"lineNumber":11,"author":{"gitId":"TeddYE"},"content":"    public String getEventTime() {","lastModifiedDate":"2022-01-24"},{"lineNumber":12,"author":{"gitId":"TeddYE"},"content":"        return this.eventTime;","lastModifiedDate":"2022-01-24"},{"lineNumber":13,"author":{"gitId":"TeddYE"},"content":"    }","lastModifiedDate":"2022-01-24"},{"lineNumber":14,"author":{"gitId":"TeddYE"},"content":"","lastModifiedDate":"2022-01-24"},{"lineNumber":15,"author":{"gitId":"TeddYE"},"content":"    @Override","lastModifiedDate":"2022-01-24"},{"lineNumber":16,"author":{"gitId":"TeddYE"},"content":"    public String toString() {","lastModifiedDate":"2022-01-24"},{"lineNumber":17,"author":{"gitId":"TeddYE"},"content":"        return super.toString() + String.format(\" (at: %s)\", this.getEventTime());","lastModifiedDate":"2022-01-24"},{"lineNumber":18,"author":{"gitId":"TeddYE"},"content":"    }","lastModifiedDate":"2022-01-24"},{"lineNumber":19,"author":{"gitId":"TeddYE"},"content":"}","lastModifiedDate":"2022-01-24"}],"authorContributionMap":{"TeddYE":19}},{"path":"src/main/java/task/Task.java","fileType":"java","lines":[{"lineNumber":1,"author":{"gitId":"TeddYE"},"content":"package task;","lastModifiedDate":"2022-01-24"},{"lineNumber":2,"author":{"gitId":"TeddYE"},"content":"","lastModifiedDate":"2022-01-24"},{"lineNumber":3,"author":{"gitId":"TeddYE"},"content":"import java.util.ArrayList;","lastModifiedDate":"2022-01-24"},{"lineNumber":4,"author":{"gitId":"TeddYE"},"content":"","lastModifiedDate":"2022-01-24"},{"lineNumber":5,"author":{"gitId":"TeddYE"},"content":"public abstract class Task {","lastModifiedDate":"2022-01-24"},{"lineNumber":6,"author":{"gitId":"TeddYE"},"content":"    protected String description;","lastModifiedDate":"2022-01-24"},{"lineNumber":7,"author":{"gitId":"TeddYE"},"content":"    protected String taskType;","lastModifiedDate":"2022-01-24"},{"lineNumber":8,"author":{"gitId":"TeddYE"},"content":"    protected boolean isDone;","lastModifiedDate":"2022-01-24"},{"lineNumber":9,"author":{"gitId":"TeddYE"},"content":"","lastModifiedDate":"2022-01-24"},{"lineNumber":10,"author":{"gitId":"TeddYE"},"content":"    protected static final ArrayList\u003cTask\u003e TASKS \u003d new ArrayList\u003c\u003e();","lastModifiedDate":"2022-01-24"},{"lineNumber":11,"author":{"gitId":"TeddYE"},"content":"","lastModifiedDate":"2022-01-24"},{"lineNumber":12,"author":{"gitId":"TeddYE"},"content":"    public Task(String description, String taskType) {","lastModifiedDate":"2022-01-24"},{"lineNumber":13,"author":{"gitId":"TeddYE"},"content":"        this.description \u003d description;","lastModifiedDate":"2022-01-24"},{"lineNumber":14,"author":{"gitId":"TeddYE"},"content":"        this.taskType \u003d taskType;","lastModifiedDate":"2022-01-24"},{"lineNumber":15,"author":{"gitId":"TeddYE"},"content":"        this.isDone \u003d false;","lastModifiedDate":"2022-01-24"},{"lineNumber":16,"author":{"gitId":"TeddYE"},"content":"    }","lastModifiedDate":"2022-01-24"},{"lineNumber":17,"author":{"gitId":"TeddYE"},"content":"","lastModifiedDate":"2022-01-24"},{"lineNumber":18,"author":{"gitId":"TeddYE"},"content":"    public static ArrayList\u003cTask\u003e getTasks() {","lastModifiedDate":"2022-01-24"},{"lineNumber":19,"author":{"gitId":"TeddYE"},"content":"        return Task.TASKS;","lastModifiedDate":"2022-01-24"},{"lineNumber":20,"author":{"gitId":"TeddYE"},"content":"    }","lastModifiedDate":"2022-01-24"},{"lineNumber":21,"author":{"gitId":"TeddYE"},"content":"","lastModifiedDate":"2022-01-24"},{"lineNumber":22,"author":{"gitId":"TeddYE"},"content":"    public static void addTask(Task newTask) {","lastModifiedDate":"2022-01-24"},{"lineNumber":23,"author":{"gitId":"TeddYE"},"content":"        Task.TASKS.add(newTask);","lastModifiedDate":"2022-01-24"},{"lineNumber":24,"author":{"gitId":"TeddYE"},"content":"    }","lastModifiedDate":"2022-01-24"},{"lineNumber":25,"author":{"gitId":"TeddYE"},"content":"","lastModifiedDate":"2022-01-24"},{"lineNumber":26,"author":{"gitId":"TeddYE"},"content":"    public static Task getTask(int taskIndex) {","lastModifiedDate":"2022-01-24"},{"lineNumber":27,"author":{"gitId":"TeddYE"},"content":"        return Task.TASKS.get(taskIndex);","lastModifiedDate":"2022-01-24"},{"lineNumber":28,"author":{"gitId":"TeddYE"},"content":"    }","lastModifiedDate":"2022-01-24"},{"lineNumber":29,"author":{"gitId":"TeddYE"},"content":"","lastModifiedDate":"2022-01-24"},{"lineNumber":30,"author":{"gitId":"TeddYE"},"content":"    public static int getTaskCount() {","lastModifiedDate":"2022-01-24"},{"lineNumber":31,"author":{"gitId":"TeddYE"},"content":"        return Task.TASKS.size();","lastModifiedDate":"2022-01-24"},{"lineNumber":32,"author":{"gitId":"TeddYE"},"content":"    }","lastModifiedDate":"2022-01-24"},{"lineNumber":33,"author":{"gitId":"TeddYE"},"content":"","lastModifiedDate":"2022-01-24"},{"lineNumber":34,"author":{"gitId":"TeddYE"},"content":"    public static String taskCountToString() {","lastModifiedDate":"2022-01-24"},{"lineNumber":35,"author":{"gitId":"TeddYE"},"content":"        return String.format(\"Now you have %d task(s) in the list.\", Task.getTaskCount());","lastModifiedDate":"2022-01-24"},{"lineNumber":36,"author":{"gitId":"TeddYE"},"content":"    }","lastModifiedDate":"2022-01-24"},{"lineNumber":37,"author":{"gitId":"TeddYE"},"content":"","lastModifiedDate":"2022-01-24"},{"lineNumber":38,"author":{"gitId":"TeddYE"},"content":"    public String getDescription() {","lastModifiedDate":"2022-01-24"},{"lineNumber":39,"author":{"gitId":"TeddYE"},"content":"        return this.description;","lastModifiedDate":"2022-01-24"},{"lineNumber":40,"author":{"gitId":"TeddYE"},"content":"    }","lastModifiedDate":"2022-01-24"},{"lineNumber":41,"author":{"gitId":"TeddYE"},"content":"","lastModifiedDate":"2022-01-24"},{"lineNumber":42,"author":{"gitId":"TeddYE"},"content":"    public String getTaskType() { return this.taskType; }","lastModifiedDate":"2022-01-24"},{"lineNumber":43,"author":{"gitId":"TeddYE"},"content":"","lastModifiedDate":"2022-01-24"},{"lineNumber":44,"author":{"gitId":"TeddYE"},"content":"    public String getStatusIcon() {","lastModifiedDate":"2022-01-24"},{"lineNumber":45,"author":{"gitId":"TeddYE"},"content":"        return (isDone ? \"X\" : \" \");","lastModifiedDate":"2022-01-24"},{"lineNumber":46,"author":{"gitId":"TeddYE"},"content":"    }","lastModifiedDate":"2022-01-24"},{"lineNumber":47,"author":{"gitId":"TeddYE"},"content":"","lastModifiedDate":"2022-01-24"},{"lineNumber":48,"author":{"gitId":"TeddYE"},"content":"    public void setIsDone(boolean isDone) {","lastModifiedDate":"2022-01-24"},{"lineNumber":49,"author":{"gitId":"TeddYE"},"content":"        this.isDone \u003d isDone;","lastModifiedDate":"2022-01-24"},{"lineNumber":50,"author":{"gitId":"TeddYE"},"content":"    }","lastModifiedDate":"2022-01-24"},{"lineNumber":51,"author":{"gitId":"TeddYE"},"content":"","lastModifiedDate":"2022-01-24"},{"lineNumber":52,"author":{"gitId":"TeddYE"},"content":"    @Override","lastModifiedDate":"2022-01-24"},{"lineNumber":53,"author":{"gitId":"TeddYE"},"content":"    public String toString() {","lastModifiedDate":"2022-01-24"},{"lineNumber":54,"author":{"gitId":"TeddYE"},"content":"        return String.format(\"[%s][%s] %s\", this.getTaskType(), this.getStatusIcon(), this.getDescription());","lastModifiedDate":"2022-01-24"},{"lineNumber":55,"author":{"gitId":"TeddYE"},"content":"    }","lastModifiedDate":"2022-01-24"},{"lineNumber":56,"author":{"gitId":"TeddYE"},"content":"}","lastModifiedDate":"2022-01-24"}],"authorContributionMap":{"TeddYE":56}},{"path":"src/main/java/task/ToDo.java","fileType":"java","lines":[{"lineNumber":1,"author":{"gitId":"TeddYE"},"content":"package task;","lastModifiedDate":"2022-01-24"},{"lineNumber":2,"author":{"gitId":"TeddYE"},"content":"","lastModifiedDate":"2022-01-24"},{"lineNumber":3,"author":{"gitId":"TeddYE"},"content":"public class ToDo extends Task{","lastModifiedDate":"2022-01-24"},{"lineNumber":4,"author":{"gitId":"TeddYE"},"content":"    public ToDo(String description) {","lastModifiedDate":"2022-01-24"},{"lineNumber":5,"author":{"gitId":"TeddYE"},"content":"       super(description, \"T\");","lastModifiedDate":"2022-01-24"},{"lineNumber":6,"author":{"gitId":"TeddYE"},"content":"    }","lastModifiedDate":"2022-01-24"},{"lineNumber":7,"author":{"gitId":"TeddYE"},"content":"}","lastModifiedDate":"2022-01-24"}],"authorContributionMap":{"TeddYE":7}},{"path":"text-ui-test/input.txt","fileType":"txt","lines":[{"lineNumber":1,"author":{"gitId":"TeddYE"},"content":"todo borrow book","lastModifiedDate":"2022-01-24"},{"lineNumber":2,"author":{"gitId":"TeddYE"},"content":"deadline return book /by Sunday","lastModifiedDate":"2022-01-24"},{"lineNumber":3,"author":{"gitId":"TeddYE"},"content":"event project meeting /at Mon 2-4pm","lastModifiedDate":"2022-01-24"},{"lineNumber":4,"author":{"gitId":"TeddYE"},"content":"list","lastModifiedDate":"2022-01-24"},{"lineNumber":5,"author":{"gitId":"TeddYE"},"content":"mark 2","lastModifiedDate":"2022-01-24"},{"lineNumber":6,"author":{"gitId":"TeddYE"},"content":"list","lastModifiedDate":"2022-01-24"},{"lineNumber":7,"author":{"gitId":"TeddYE"},"content":"unmark 2","lastModifiedDate":"2022-01-24"},{"lineNumber":8,"author":{"gitId":"TeddYE"},"content":"list","lastModifiedDate":"2022-01-24"},{"lineNumber":9,"author":{"gitId":"TeddYE"},"content":"bye","lastModifiedDate":"2022-01-24"}],"authorContributionMap":{"TeddYE":9}}]
