{"authorDailyContributionsMap":{"TeddYE":[{"date":"2022-01-23","commitResults":[{"hash":"356f7d26b810c175c65988a7a3a9135e358acfa2","messageTitle":"Duke class: implement level 1 functionalities","messageBody":"Let\u0027s implement a skeletal version of Duke that starts by greeting\nthe user, simply echoes commands entered by the user, and exits when\nthe user types bye.\n","tags":["Level-1"],"fileTypesAndContributionMap":{"java":{"insertions":24,"deletions":6}}},{"hash":"5741e288c50ac97ab437fbe9ba348dfb322bf791","messageTitle":"Duke class: Implement level 2 functionalities","messageBody":"Let\u0027s add the ability to store whatever text entered by the user\nand display them back to the user when requested.\n","fileTypesAndContributionMap":{"java":{"insertions":11,"deletions":3}}},{"hash":"ad6aed9cefd0703f91b2d5738d49792aa1512b3d","messageTitle":"Duke class: remove redundant codes","messageBody":"Let\u0027s,\n* move the conditional break in the infinite loop into the loop\ncondition\n* remove String.format()\n","tags":["Level-2"],"fileTypesAndContributionMap":{"java":{"insertions":14,"deletions":17}}}]},{"date":"2022-01-24","commitResults":[{"hash":"44b496ef69733ca45426672c41bde96fd136ab89","messageTitle":"Duke class: Implement Level-3 functionalities","messageBody":"Lets,\n* add Task class to represent tasks\n* add the ability to mark tasks as done and the ability to change\nthe status back to not done\n","tags":["Level-3"],"fileTypesAndContributionMap":{"java":{"insertions":47,"deletions":5}}},{"hash":"ae02dd360cf8a8e8a0bb83cb681d79be226c6668","messageTitle":"Duke class: implement Level-4 functionalities","messageBody":"As there are multiple types of tasks that have some similarity\nbetween them, implement classes Todo, Deadline and Event classes\nto inherit from a Task class.\n\nLet\u0027s,\n* add support for tracking three types of task\n","tags":["Level-4"],"fileTypesAndContributionMap":{"java":{"insertions":142,"deletions":42}}},{"hash":"bee688affdb632e9a92a587ff8f6790c0bf54ddd","messageTitle":"Update i/o files for testing","messageBody":"Use the input/output redirection technique to semi-automate the\ntesting of Duke.\n","tags":["A-TextUiTesting"],"fileTypesAndContributionMap":{"txt":{"insertions":9,"deletions":0}}}]}]},"authorFileTypeContributionMap":{"TeddYE":{"java":171,"md":0,"fxml":0,"sh":0,"bat":0,"gradle":0,"txt":9}},"authorContributionVariance":{"TeddYE":5121.901},"authorDisplayNameMap":{"TeddYE":"CS2103-F09-1 WU W..EIYE"}}
