{"authorDailyContributionsMap":{"tobihy":[{"date":"2022-01-15","commitResults":[{"hash":"f18afa1bd9f11ccc88b1a7913b5f3b30918695b7","messageTitle":"Added greet, echo and exit functionality","messageBody":"","tags":["Level-1"],"fileTypesAndContributionMap":{"java":{"insertions":28,"deletions":6}}},{"hash":"f777704e74a3ae862ddaac00606efbf22a33dcfe","messageTitle":"Added add and list functionality","messageBody":"","tags":["Level-2"],"fileTypesAndContributionMap":{"java":{"insertions":13,"deletions":1}}},{"hash":"1f302c88da4295ab800656c9ce4b5f997caa0b66","messageTitle":"Added mark as done and mark as undone functionality","messageBody":"","tags":["Level-3"],"fileTypesAndContributionMap":{"java":{"insertions":47,"deletions":7}}},{"hash":"d20102545f6ab249f2f38ad84ad4ca8b69406665","messageTitle":"Added ToDos, Events and Deadlines","messageBody":"","tags":["Level-4"],"fileTypesAndContributionMap":{"java":{"insertions":59,"deletions":5}}},{"hash":"e0656560ba25d6d3d91b60c23a5b6741e1ff4ad0","messageTitle":"Included Automated Text UI Testing","messageBody":"","tags":["A-TextUiTesting"],"fileTypesAndContributionMap":{"txt":{"insertions":9,"deletions":0},"java":{"insertions":7,"deletions":8}}},{"hash":"8ee664820b1349d02a6521d61ac53791db4f1867","messageTitle":"Added minimal exception handling","messageBody":"","fileTypesAndContributionMap":{"java":{"insertions":83,"deletions":37}}}]},{"date":"2022-01-16","commitResults":[{"hash":"6398bc8a42c52899a0fd16254d0e3ee297ffc3c1","messageTitle":"Added exception handling for more cases","messageBody":"","tags":["Level-5"],"fileTypesAndContributionMap":{"java":{"insertions":40,"deletions":14}}},{"hash":"5cdd92515fd61f1c0a4b94de389793207e7ccdcd","messageTitle":"Added support for deleting tasks from the list","messageBody":"","tags":["Level-6"],"fileTypesAndContributionMap":{"java":{"insertions":41,"deletions":21}}},{"hash":"2f0b53b7b5fc4704e34757183aa5734a403a4ecd","messageTitle":"Edited code to make use of Enums","messageBody":"","tags":["A-Enums"],"fileTypesAndContributionMap":{"txt":{"insertions":3,"deletions":1},"java":{"insertions":61,"deletions":18}}}]},{"date":"2022-01-22","commitResults":[{"hash":"0dd83a376f74229bd50589e5a1fc5364d2cf7aa4","messageTitle":"Reformat code according to Java Coding Standard","messageBody":"","fileTypesAndContributionMap":{"java":{"insertions":27,"deletions":26}}},{"hash":"9c89bd5bc326e5f5af90b5195897990c3223ef52","messageTitle":"Refactor goodbye method","messageBody":"","fileTypesAndContributionMap":{"java":{"insertions":12,"deletions":8}}},{"hash":"269ae7559dea17b3e9199411ac692121efb84e24","messageTitle":"Add save functionality and error handling for more cases","messageBody":"","tags":["Level-7"],"fileTypesAndContributionMap":{"java":{"insertions":161,"deletions":36}}}]},{"date":"2022-01-23","commitResults":[{"hash":"730b4af2a2fc56b0fe036dd2824bf42740d29ae8","messageTitle":"Add date and time functionality in some tasks","messageBody":"","fileTypesAndContributionMap":{"java":{"insertions":311,"deletions":44}}},{"hash":"53da386b800d4cacd563d9d25d2ac0dd4605b893","messageTitle":"Add date and time functionality in some tasks","messageBody":"","tags":["Level-8"],"fileTypesAndContributionMap":{"java":{"insertions":62,"deletions":13}}}]},{"date":"2022-01-24","commitResults":[{"hash":"8a5ec2ef84168211521d7e518b3b86b09b86bc15","messageTitle":"Refactor code to extract out closely related code as classes","messageBody":"","tags":["A-MoreOOP"],"fileTypesAndContributionMap":{"java":{"insertions":566,"deletions":470}}},{"hash":"a5141ec29de07501a9746ff4d617c277353d5774","messageTitle":"Organise the classes into suitable java packages","messageBody":"","tags":["A-Packages"],"fileTypesAndContributionMap":{"java":{"insertions":147,"deletions":64},"bat":{"insertions":2,"deletions":2},"sh":{"insertions":1,"deletions":1},"md":{"insertions":2,"deletions":2}}},{"hash":"9d8c5abeaf4e5d50f852eaac52f9e043b037c261","messageTitle":"Add JUnit tests to test the behavior of the code","messageBody":"","tags":["A-Jar","A-JUnit"],"fileTypesAndContributionMap":{"java":{"insertions":130,"deletions":76}}}]},{"date":"2022-01-25","commitResults":[{"hash":"15a40a8ea5744de20b261fe841adfd32a256401b","messageTitle":"Add JavaDoc comments to the code","messageBody":"","fileTypesAndContributionMap":{"java":{"insertions":453,"deletions":52},"md":{"insertions":2,"deletions":2}}},{"hash":"c382de49a65b0367e7f054d5ef1e192d3abfc212","messageTitle":"Tweak the code to comply with a coding standard","messageBody":"","fileTypesAndContributionMap":{"java":{"insertions":83,"deletions":34}}},{"hash":"83b56ff13eda9368b52d7812700ce8723fc6aac1","messageTitle":"Give users a way to find a task by searching for a keyword","messageBody":"","fileTypesAndContributionMap":{"java":{"insertions":61,"deletions":1}}},{"hash":"deb24c003e17d3583626741df1086d73abdaf889","messageTitle":"Add JavaDoc comments for FindCommand","messageBody":"","fileTypesAndContributionMap":{"java":{"insertions":8,"deletions":0}}}]},{"date":"2022-01-27","commitResults":[{"hash":"8f40ee290ca34e29da2faff8011327a3d0b70bbe","messageTitle":"Add more JavaDoc comments, edit to follow coding standard","messageBody":"","tags":["Level-9"],"fileTypesAndContributionMap":{"java":{"insertions":152,"deletions":17}}}]},{"date":"2022-01-30","commitResults":[{"hash":"4fe3653fd73b2edc82c04fefd68a2f4e29201507","messageTitle":"Add more JavaDoc comments, fix delete, mark and unmark bugs","messageBody":"","fileTypesAndContributionMap":{"java":{"insertions":45,"deletions":30}}},{"hash":"096998fd399544379247ac355b49a4a1d36fd5df","messageTitle":"Automate project builds using Gradle","messageBody":"","fileTypesAndContributionMap":{"gradle":{"insertions":1,"deletions":1},"java":{"insertions":0,"deletions":1}}},{"hash":"d88ab2c2d4bfd8991e56d2cbb9d9f6b740b18d4d","messageTitle":"Use CheckStyle to detect and rectify coding violations","messageBody":"","fileTypesAndContributionMap":{"gradle":{"insertions":1,"deletions":1},"java":{"insertions":143,"deletions":112},"md":{"insertions":19,"deletions":13}}}]},{"date":"2022-02-03","commitResults":[{"hash":"6554667d87593883b893e5c022932fc4b3638b5f","messageTitle":"Add a GUI to Duke. Use the JavaFX technology to implement the GUI.","messageBody":"","fileTypesAndContributionMap":{"gradle":{"insertions":22,"deletions":6},"fxml":{"insertions":38,"deletions":0},"java":{"insertions":243,"deletions":28}}},{"hash":"1aaade86a0e669c5418127948d0e14797decc6ed","messageTitle":"Change duke and user profile pictures and edit FXML files","messageBody":"","fileTypesAndContributionMap":{"fxml":{"insertions":2,"deletions":2}}},{"hash":"629e89a780e9551dd1808daefb88e1a090acc3fd","messageTitle":"Add missing JavaDoc comments and change names of constants","messageBody":"","fileTypesAndContributionMap":{"fxml":{"insertions":0,"deletions":2},"java":{"insertions":44,"deletions":91}}}]},{"date":"2022-02-06","commitResults":[{"hash":"5c59801707e2df12cd4539fb4a819302ad3f02b1","messageTitle":"Add CSS styling to more elements","messageBody":"","fileTypesAndContributionMap":{"fxml":{"insertions":2,"deletions":5},"java":{"insertions":10,"deletions":5}}},{"hash":"18a54a051e3b35ea7aa993015ab58f79f9fc18aa","messageTitle":"Use Assertions","messageBody":"Code uses many if-else statements to control the flow of operations.\n\nAssertions help to document important assumptions that should hold at\nvarious points in the code.\n\nUsing Assertions is preferable over Exceptions as Assertions are used to\ncatch errors before runtime.\n","fileTypesAndContributionMap":{"java":{"insertions":48,"deletions":0}}},{"hash":"2fdeb6fb68204c87a6897da821331c2de8dfe185","messageTitle":"Improve code quality","messageBody":"Classes contain some deeply nested if-else statements and excessively\nlong methods\n\nThis can negatively impact code readability\n\nLet\u0027s,\n* Refactor the long methods\n* Restructure code\n","fileTypesAndContributionMap":{"java":{"insertions":184,"deletions":167}}},{"hash":"22de9b58fb78bdc21f79cf92ab00dce929f3b24d","messageTitle":"Use Streams in find command","messageBody":"","fileTypesAndContributionMap":{"java":{"insertions":5,"deletions":9}}}]},{"date":"2022-02-12","commitResults":[{"hash":"737357612500fa9fcfd84775ac9ae819c8615289","messageTitle":"Add ability to easily edit tasks","messageBody":"","fileTypesAndContributionMap":{"java":{"insertions":386,"deletions":34}}},{"hash":"e506bdb84e85d2b866494836913d5661e5ba838b","messageTitle":"Improve code quality: extract various exceptions","messageBody":"Exceptions in the Parser class have similar structure and behaviour.\n\nUsing a command class IncorrectCommand is inaccurate, as errors\nare not executed and hence should not be handled using a command class.\n\nLet\u0027s pull out errors in the parser that have behaviour in common into\nnew exceptions.\n\nUsing inheritance for the subclasses of DukeException over composition\nis preferred as the exceptions have different error messages.\n","fileTypesAndContributionMap":{"java":{"insertions":140,"deletions":69}}},{"hash":"3c9ad080e0155f40eaa3c1827b017d7687a877e3","messageTitle":"Improve the GUI to make it more polished","messageBody":"","fileTypesAndContributionMap":{"fxml":{"insertions":4,"deletions":2},"java":{"insertions":16,"deletions":3}}},{"hash":"334ac9e33b70973a94ed21ed58dff09eaa124e39","messageTitle":"Add spacing between dialog and display photo and refactor code","messageBody":"","fileTypesAndContributionMap":{"fxml":{"insertions":1,"deletions":1},"java":{"insertions":5,"deletions":0}}},{"hash":"8798674069800bbfc36171bcbd4ca928fc66f95b","messageTitle":"Fix some bugs","messageBody":"","fileTypesAndContributionMap":{"java":{"insertions":7,"deletions":2}}}]},{"date":"2022-02-13","commitResults":[{"hash":"031a9dd5bf2ca9f247bbafac85a0dce3a3f5cb94","messageTitle":"Add a user guide and fix directory issues in Storage.java","messageBody":"","fileTypesAndContributionMap":{"java":{"insertions":3,"deletions":3},"md":{"insertions":103,"deletions":13}}},{"hash":"c52cdb7d8061da1ac228ec2b90c9b9ed023f90d3","messageTitle":"Reformat User Guide for better readability","messageBody":"","tags":["A-UserGuide"],"fileTypesAndContributionMap":{"md":{"insertions":39,"deletions":25}}}]},{"date":"2022-02-16","commitResults":[{"hash":"87cbef01231687de55e0d93678101f433b332a37","messageTitle":"Change archiveBaseName in build.gradle","messageBody":"","fileTypesAndContributionMap":{"gradle":{"insertions":1,"deletions":1}}},{"hash":"3c5750c3703bf4100b850aac3a1a33fab1612cf4","messageTitle":"Add JUnit tests","messageBody":"","fileTypesAndContributionMap":{"java":{"insertions":14,"deletions":1}}},{"hash":"2d8cebc8a5c764252781a04c4eab8b6c2f20d3b9","messageTitle":"Clean up unused files and Java checkstyle warnings","messageBody":"","fileTypesAndContributionMap":{"txt":{"insertions":0,"deletions":11},"java":{"insertions":19,"deletions":18},"bat":{"insertions":0,"deletions":21},"sh":{"insertions":0,"deletions":38}}},{"hash":"2ef93a5b0e0f3755e548d7a8b8d00bbf2ab28748","messageTitle":"Change directory path of save data folder","messageBody":"","fileTypesAndContributionMap":{"java":{"insertions":1,"deletions":1}}},{"hash":"4bc886c16ec2033d585d4becb5f4a13353cb83c9","messageTitle":"Fix file path issues","messageBody":"","fileTypesAndContributionMap":{"java":{"insertions":10,"deletions":8}}}]},{"date":"2022-02-17","commitResults":[{"hash":"b002062d8712acd05f811fb4b46f53b61c2ca3e8","messageTitle":"Edit README.md","messageBody":"","fileTypesAndContributionMap":{"md":{"insertions":10,"deletions":1}}},{"hash":"f8f27aca7769178c581f9e947760803a6a28699e","messageTitle":"Edit README.md","messageBody":"","fileTypesAndContributionMap":{"md":{"insertions":1,"deletions":1}}}]}]},"authorFileTypeContributionMap":{"tobihy":{"java":2322,"md":132,"fxml":35,"sh":0,"bat":0,"gradle":23,"txt":0}},"authorContributionVariance":{"tobihy":89500.98},"authorDisplayNameMap":{"tobihy":"CS2103T-T13-1 TEO ..O YU"}}
