{"repoSenseVersion":"65052fc203","reportGeneratedTime":"Wed Jan 19 00:38:04 2022 UTC+08:00","reportGenerationTime":" 32.43 second(s)","zoneId":"UTC+08:00","reportTitle":"RepoSense Report","repos":[{"location":{"location":"https://github.com/dannytayjy/ip.git","repoName":"ip","organization":"dannytayjy"},"branch":"master","displayName":"dannytayjy/ip[master]","outputFolderName":"dannytayjy_ip_master"},{"location":{"location":"https://github.com/zihaowrez/ip.git","repoName":"ip","organization":"zihaowrez"},"branch":"master","displayName":"zihaowrez/ip[master]","outputFolderName":"zihaowrez_ip_master"},{"location":{"location":"https://github.com/Geralddtan/ip.git","repoName":"ip","organization":"Geralddtan"},"branch":"master","displayName":"Geralddtan/ip[master]","outputFolderName":"Geralddtan_ip_master"},{"location":{"location":"https://github.com/waffledood/ip.git","repoName":"ip","organization":"waffledood"},"branch":"master","displayName":"waffledood/ip[master]","outputFolderName":"waffledood_ip_master"},{"location":{"location":"https://github.com/Ashuh/ip.git","repoName":"ip","organization":"Ashuh"},"branch":"master","displayName":"Ashuh/ip[master]","outputFolderName":"Ashuh_ip_master"},{"location":{"location":"https://github.com/geetengtan/ip.git","repoName":"ip","organization":"geetengtan"},"branch":"master","displayName":"geetengtan/ip[master]","outputFolderName":"geetengtan_ip_master"},{"location":{"location":"https://github.com/onefangg/ip.git","repoName":"ip","organization":"onefangg"},"branch":"master","displayName":"onefangg/ip[master]","outputFolderName":"onefangg_ip_master"},{"location":{"location":"https://github.com/charmainehly/ip.git","repoName":"ip","organization":"charmainehly"},"branch":"master","displayName":"charmainehly/ip[master]","outputFolderName":"charmainehly_ip_master"},{"location":{"location":"https://github.com/SweetPotato0213/ip.git","repoName":"ip","organization":"SweetPotato0213"},"branch":"master","displayName":"SweetPotato0213/ip[master]","outputFolderName":"SweetPotato0213_ip_master"},{"location":{"location":"https://github.com/darshan152/ip.git","repoName":"ip","organization":"darshan152"},"branch":"master","displayName":"darshan152/ip[master]","outputFolderName":"darshan152_ip_master"},{"location":{"location":"https://github.com/AryanSarswat/ip.git","repoName":"ip","organization":"AryanSarswat"},"branch":"master","displayName":"AryanSarswat/ip[master]","outputFolderName":"AryanSarswat_ip_master"},{"location":{"location":"https://github.com/TeddYE/ip.git","repoName":"ip","organization":"TeddYE"},"branch":"master","displayName":"TeddYE/ip[master]","outputFolderName":"TeddYE_ip_master"},{"location":{"location":"https://github.com/hieunm1821/ip.git","repoName":"ip","organization":"hieunm1821"},"branch":"master","displayName":"hieunm1821/ip[master]","outputFolderName":"hieunm1821_ip_master"},{"location":{"location":"https://github.com/kahleongq/ip.git","repoName":"ip","organization":"kahleongq"},"branch":"master","displayName":"kahleongq/ip[master]","outputFolderName":"kahleongq_ip_master"},{"location":{"location":"https://github.com/DALIN-Prog/ip.git","repoName":"ip","organization":"DALIN-Prog"},"branch":"master","displayName":"DALIN-Prog/ip[master]","outputFolderName":"DALIN-Prog_ip_master"},{"location":{"location":"https://github.com/alfredkohhh/ip.git","repoName":"ip","organization":"alfredkohhh"},"branch":"master","displayName":"alfredkohhh/ip[master]","outputFolderName":"alfredkohhh_ip_master"},{"location":{"location":"https://github.com/KristopherPTaslim/ip.git","repoName":"ip","organization":"KristopherPTaslim"},"branch":"master","displayName":"KristopherPTaslim/ip[master]","outputFolderName":"KristopherPTaslim_ip_master"},{"location":{"location":"https://github.com/tanyjnaaman/ip.git","repoName":"ip","organization":"tanyjnaaman"},"branch":"master","displayName":"tanyjnaaman/ip[master]","outputFolderName":"tanyjnaaman_ip_master"},{"location":{"location":"https://github.com/dionegoh/ip.git","repoName":"ip","organization":"dionegoh"},"branch":"master","displayName":"dionegoh/ip[master]","outputFolderName":"dionegoh_ip_master"},{"location":{"location":"https://github.com/cindyangXQ/ip.git","repoName":"ip","organization":"cindyangXQ"},"branch":"master","displayName":"cindyangXQ/ip[master]","outputFolderName":"cindyangXQ_ip_master"},{"location":{"location":"https://github.com/zxgoh/ip.git","repoName":"ip","organization":"zxgoh"},"branch":"master","displayName":"zxgoh/ip[master]","outputFolderName":"zxgoh_ip_master"},{"location":{"location":"https://github.com/YiHern-Lee/ip.git","repoName":"ip","organization":"YiHern-Lee"},"branch":"master","displayName":"YiHern-Lee/ip[master]","outputFolderName":"YiHern-Lee_ip_master"},{"location":{"location":"https://github.com/brandonrhan/ip.git","repoName":"ip","organization":"brandonrhan"},"branch":"master","displayName":"brandonrhan/ip[master]","outputFolderName":"brandonrhan_ip_master"},{"location":{"location":"https://github.com/geraldneo567/ip.git","repoName":"ip","organization":"geraldneo567"},"branch":"master","displayName":"geraldneo567/ip[master]","outputFolderName":"geraldneo567_ip_master"},{"location":{"location":"https://github.com/yokester98/ip.git","repoName":"ip","organization":"yokester98"},"branch":"master","displayName":"yokester98/ip[master]","outputFolderName":"yokester98_ip_master"},{"location":{"location":"https://github.com/benmurphyy/ip.git","repoName":"ip","organization":"benmurphyy"},"branch":"master","displayName":"benmurphyy/ip[master]","outputFolderName":"benmurphyy_ip_master"},{"location":{"location":"https://github.com/cheehongw/ip.git","repoName":"ip","organization":"cheehongw"},"branch":"master","displayName":"cheehongw/ip[master]","outputFolderName":"cheehongw_ip_master"},{"location":{"location":"https://github.com/goalfix/ip.git","repoName":"ip","organization":"goalfix"},"branch":"master","displayName":"goalfix/ip[master]","outputFolderName":"goalfix_ip_master"},{"location":{"location":"https://github.com/KwanHW/ip.git","repoName":"ip","organization":"KwanHW"},"branch":"master","displayName":"KwanHW/ip[master]","outputFolderName":"KwanHW_ip_master"},{"location":{"location":"https://github.com/lzan98/ip.git","repoName":"ip","organization":"lzan98"},"branch":"master","displayName":"lzan98/ip[master]","outputFolderName":"lzan98_ip_master"},{"location":{"location":"https://github.com/hanhuiice/ip.git","repoName":"ip","organization":"hanhuiice"},"branch":"master","displayName":"hanhuiice/ip[master]","outputFolderName":"hanhuiice_ip_master"},{"location":{"location":"https://github.com/ChanWeiJie/ip.git","repoName":"ip","organization":"ChanWeiJie"},"branch":"master","displayName":"ChanWeiJie/ip[master]","outputFolderName":"ChanWeiJie_ip_master"},{"location":{"location":"https://github.com/dandaandaaaaaan/ip.git","repoName":"ip","organization":"dandaandaaaaaan"},"branch":"master","displayName":"dandaandaaaaaan/ip[master]","outputFolderName":"dandaandaaaaaan_ip_master"},{"location":{"location":"https://github.com/Wei-Xinn/ip.git","repoName":"ip","organization":"Wei-Xinn"},"branch":"master","displayName":"Wei-Xinn/ip[master]","outputFolderName":"Wei-Xinn_ip_master"},{"location":{"location":"https://github.com/tiewweijian/ip.git","repoName":"ip","organization":"tiewweijian"},"branch":"master","displayName":"tiewweijian/ip[master]","outputFolderName":"tiewweijian_ip_master"},{"location":{"location":"https://github.com/LeeEnEn/ip.git","repoName":"ip","organization":"LeeEnEn"},"branch":"master","displayName":"LeeEnEn/ip[master]","outputFolderName":"LeeEnEn_ip_master"},{"location":{"location":"https://github.com/bryans17/ip.git","repoName":"ip","organization":"bryans17"},"branch":"master","displayName":"bryans17/ip[master]","outputFolderName":"bryans17_ip_master"},{"location":{"location":"https://github.com/yumengtan/ip.git","repoName":"ip","organization":"yumengtan"},"branch":"master","displayName":"yumengtan/ip[master]","outputFolderName":"yumengtan_ip_master"},{"location":{"location":"https://github.com/ivorcmx/ip.git","repoName":"ip","organization":"ivorcmx"},"branch":"master","displayName":"ivorcmx/ip[master]","outputFolderName":"ivorcmx_ip_master"},{"location":{"location":"https://github.com/sharpstorm/ip.git","repoName":"ip","organization":"sharpstorm"},"branch":"master","displayName":"sharpstorm/ip[master]","outputFolderName":"sharpstorm_ip_master"},{"location":{"location":"https://github.com/putaojuice/ip.git","repoName":"ip","organization":"putaojuice"},"branch":"master","displayName":"putaojuice/ip[master]","outputFolderName":"putaojuice_ip_master"},{"location":{"location":"https://github.com/snoidetx/ip.git","repoName":"ip","organization":"snoidetx"},"branch":"master","displayName":"snoidetx/ip[master]","outputFolderName":"snoidetx_ip_master"},{"location":{"location":"https://github.com/xzzz3/ip.git","repoName":"ip","organization":"xzzz3"},"branch":"master","displayName":"xzzz3/ip[master]","outputFolderName":"xzzz3_ip_master"},{"location":{"location":"https://github.com/sophiien/ip.git","repoName":"ip","organization":"sophiien"},"branch":"master","displayName":"sophiien/ip[master]","outputFolderName":"sophiien_ip_master"},{"location":{"location":"https://github.com/michaelseyo/ip.git","repoName":"ip","organization":"michaelseyo"},"branch":"master","displayName":"michaelseyo/ip[master]","outputFolderName":"michaelseyo_ip_master"},{"location":{"location":"https://github.com/aaron-ljx/ip.git","repoName":"ip","organization":"aaron-ljx"},"branch":"master","displayName":"aaron-ljx/ip[master]","outputFolderName":"aaron-ljx_ip_master"},{"location":{"location":"https://github.com/yunbinmo/ip.git","repoName":"ip","organization":"yunbinmo"},"branch":"master","displayName":"yunbinmo/ip[master]","outputFolderName":"yunbinmo_ip_master"},{"location":{"location":"https://github.com/zzkzzzz/ip.git","repoName":"ip","organization":"zzkzzzz"},"branch":"master","displayName":"zzkzzzz/ip[master]","outputFolderName":"zzkzzzz_ip_master"},{"location":{"location":"https://github.com/domlimm/ip.git","repoName":"ip","organization":"domlimm"},"branch":"master","displayName":"domlimm/ip[master]","outputFolderName":"domlimm_ip_master"},{"location":{"location":"https://github.com/jessicajacelyn/ip.git","repoName":"ip","organization":"jessicajacelyn"},"branch":"master","displayName":"jessicajacelyn/ip[master]","outputFolderName":"jessicajacelyn_ip_master"},{"location":{"location":"https://github.com/seksek13/ip.git","repoName":"ip","organization":"seksek13"},"branch":"master","displayName":"seksek13/ip[master]","outputFolderName":"seksek13_ip_master"},{"location":{"location":"https://github.com/hsiaojietng/ip.git","repoName":"ip","organization":"hsiaojietng"},"branch":"master","displayName":"hsiaojietng/ip[master]","outputFolderName":"hsiaojietng_ip_master"},{"location":{"location":"https://github.com/reignnz/ip.git","repoName":"ip","organization":"reignnz"},"branch":"master","displayName":"reignnz/ip[master]","outputFolderName":"reignnz_ip_master"},{"location":{"location":"https://github.com/FYimu/ip.git","repoName":"ip","organization":"FYimu"},"branch":"master","displayName":"FYimu/ip[master]","outputFolderName":"FYimu_ip_master"},{"location":{"location":"https://github.com/chriswengqi/ip.git","repoName":"ip","organization":"chriswengqi"},"branch":"master","displayName":"chriswengqi/ip[master]","outputFolderName":"chriswengqi_ip_master"},{"location":{"location":"https://github.com/channne/ip.git","repoName":"ip","organization":"channne"},"branch":"master","displayName":"channne/ip[master]","outputFolderName":"channne_ip_master"},{"location":{"location":"https://github.com/ryanwalterlee/ip.git","repoName":"ip","organization":"ryanwalterlee"},"branch":"master","displayName":"ryanwalterlee/ip[master]","outputFolderName":"ryanwalterlee_ip_master"},{"location":{"location":"https://github.com/leeyiheng12/ip.git","repoName":"ip","organization":"leeyiheng12"},"branch":"master","displayName":"leeyiheng12/ip[master]","outputFolderName":"leeyiheng12_ip_master"},{"location":{"location":"https://github.com/Punpun1643/ip.git","repoName":"ip","organization":"Punpun1643"},"branch":"master","displayName":"Punpun1643/ip[master]","outputFolderName":"Punpun1643_ip_master"},{"location":{"location":"https://github.com/likeabowx/ip.git","repoName":"ip","organization":"likeabowx"},"branch":"master","displayName":"likeabowx/ip[master]","outputFolderName":"likeabowx_ip_master"},{"location":{"location":"https://github.com/bingsen0806/ip.git","repoName":"ip","organization":"bingsen0806"},"branch":"master","displayName":"bingsen0806/ip[master]","outputFolderName":"bingsen0806_ip_master"},{"location":{"location":"https://github.com/ddx-510/ip.git","repoName":"ip","organization":"ddx-510"},"branch":"master","displayName":"ddx-510/ip[master]","outputFolderName":"ddx-510_ip_master"},{"location":{"location":"https://github.com/vishandi/ip.git","repoName":"ip","organization":"vishandi"},"branch":"master","displayName":"vishandi/ip[master]","outputFolderName":"vishandi_ip_master"},{"location":{"location":"https://github.com/brelkh/ip.git","repoName":"ip","organization":"brelkh"},"branch":"master","displayName":"brelkh/ip[master]","outputFolderName":"brelkh_ip_master"},{"location":{"location":"https://github.com/EvaderFati/ip.git","repoName":"ip","organization":"EvaderFati"},"branch":"master","displayName":"EvaderFati/ip[master]","outputFolderName":"EvaderFati_ip_master"},{"location":{"location":"https://github.com/chuabingquan/ip.git","repoName":"ip","organization":"chuabingquan"},"branch":"master","displayName":"chuabingquan/ip[master]","outputFolderName":"chuabingquan_ip_master"},{"location":{"location":"https://github.com/joelwongjy/ip.git","repoName":"ip","organization":"joelwongjy"},"branch":"master","displayName":"joelwongjy/ip[master]","outputFolderName":"joelwongjy_ip_master"},{"location":{"location":"https://github.com/tsumian/ip.git","repoName":"ip","organization":"tsumian"},"branch":"master","displayName":"tsumian/ip[master]","outputFolderName":"tsumian_ip_master"},{"location":{"location":"https://github.com/Gnoznaug/ip.git","repoName":"ip","organization":"Gnoznaug"},"branch":"master","displayName":"Gnoznaug/ip[master]","outputFolderName":"Gnoznaug_ip_master"},{"location":{"location":"https://github.com/aceszhenwei/ip.git","repoName":"ip","organization":"aceszhenwei"},"branch":"master","displayName":"aceszhenwei/ip[master]","outputFolderName":"aceszhenwei_ip_master"},{"location":{"location":"https://github.com/myc37/ip.git","repoName":"ip","organization":"myc37"},"branch":"master","displayName":"myc37/ip[master]","outputFolderName":"myc37_ip_master"},{"location":{"location":"https://github.com/raynerljm/ip.git","repoName":"ip","organization":"raynerljm"},"branch":"master","displayName":"raynerljm/ip[master]","outputFolderName":"raynerljm_ip_master"},{"location":{"location":"https://github.com/zechajw/ip.git","repoName":"ip","organization":"zechajw"},"branch":"master","displayName":"zechajw/ip[master]","outputFolderName":"zechajw_ip_master"},{"location":{"location":"https://github.com/xSaints19x/ip.git","repoName":"ip","organization":"xSaints19x"},"branch":"master","displayName":"xSaints19x/ip[master]","outputFolderName":"xSaints19x_ip_master"},{"location":{"location":"https://github.com/tyanhan/ip.git","repoName":"ip","organization":"tyanhan"},"branch":"master","displayName":"tyanhan/ip[master]","outputFolderName":"tyanhan_ip_master"},{"location":{"location":"https://github.com/kerbysoh/ip.git","repoName":"ip","organization":"kerbysoh"},"branch":"master","displayName":"kerbysoh/ip[master]","outputFolderName":"kerbysoh_ip_master"},{"location":{"location":"https://github.com/hanqinilnix/ip.git","repoName":"ip","organization":"hanqinilnix"},"branch":"master","displayName":"hanqinilnix/ip[master]","outputFolderName":"hanqinilnix_ip_master"},{"location":{"location":"https://github.com/seanleong339/ip.git","repoName":"ip","organization":"seanleong339"},"branch":"master","displayName":"seanleong339/ip[master]","outputFolderName":"seanleong339_ip_master"},{"location":{"location":"https://github.com/Btaykb/ip.git","repoName":"ip","organization":"Btaykb"},"branch":"master","displayName":"Btaykb/ip[master]","outputFolderName":"Btaykb_ip_master"},{"location":{"location":"https://github.com/Jiaaa-yang/ip.git","repoName":"ip","organization":"Jiaaa-yang"},"branch":"master","displayName":"Jiaaa-yang/ip[master]","outputFolderName":"Jiaaa-yang_ip_master"},{"location":{"location":"https://github.com/FestiveCat/ip.git","repoName":"ip","organization":"FestiveCat"},"branch":"master","displayName":"FestiveCat/ip[master]","outputFolderName":"FestiveCat_ip_master"},{"location":{"location":"https://github.com/yl-ang/ip.git","repoName":"ip","organization":"yl-ang"},"branch":"master","displayName":"yl-ang/ip[master]","outputFolderName":"yl-ang_ip_master"},{"location":{"location":"https://github.com/iztanpy/ip.git","repoName":"ip","organization":"iztanpy"},"branch":"master","displayName":"iztanpy/ip[master]","outputFolderName":"iztanpy_ip_master"},{"location":{"location":"https://github.com/e0543517/ip.git","repoName":"ip","organization":"e0543517"},"branch":"master","displayName":"e0543517/ip[master]","outputFolderName":"e0543517_ip_master"},{"location":{"location":"https://github.com/ryantanlien/ip.git","repoName":"ip","organization":"ryantanlien"},"branch":"master","displayName":"ryantanlien/ip[master]","outputFolderName":"ryantanlien_ip_master"},{"location":{"location":"https://github.com/Fenway17/ip.git","repoName":"ip","organization":"Fenway17"},"branch":"master","displayName":"Fenway17/ip[master]","outputFolderName":"Fenway17_ip_master"},{"location":{"location":"https://github.com/yuqitanyq/ip.git","repoName":"ip","organization":"yuqitanyq"},"branch":"master","displayName":"yuqitanyq/ip[master]","outputFolderName":"yuqitanyq_ip_master"},{"location":{"location":"https://github.com/YiFei2/ip.git","repoName":"ip","organization":"YiFei2"},"branch":"master","displayName":"YiFei2/ip[master]","outputFolderName":"YiFei2_ip_master"},{"location":{"location":"https://github.com/DannyDakota/ip.git","repoName":"ip","organization":"DannyDakota"},"branch":"master","displayName":"DannyDakota/ip[master]","outputFolderName":"DannyDakota_ip_master"},{"location":{"location":"https://github.com/weijuey/ip.git","repoName":"ip","organization":"weijuey"},"branch":"master","displayName":"weijuey/ip[master]","outputFolderName":"weijuey_ip_master"},{"location":{"location":"https://github.com/jiale-c/ip.git","repoName":"ip","organization":"jiale-c"},"branch":"master","displayName":"jiale-c/ip[master]","outputFolderName":"jiale-c_ip_master"},{"location":{"location":"https://github.com/RyanCheungJF/ip.git","repoName":"ip","organization":"RyanCheungJF"},"branch":"master","displayName":"RyanCheungJF/ip[master]","outputFolderName":"RyanCheungJF_ip_master"},{"location":{"location":"https://github.com/Korochii/ip.git","repoName":"ip","organization":"Korochii"},"branch":"master","displayName":"Korochii/ip[master]","outputFolderName":"Korochii_ip_master"},{"location":{"location":"https://github.com/NicsunXnus/ip.git","repoName":"ip","organization":"NicsunXnus"},"branch":"master","displayName":"NicsunXnus/ip[master]","outputFolderName":"NicsunXnus_ip_master"},{"location":{"location":"https://github.com/janald99/ip.git","repoName":"ip","organization":"janald99"},"branch":"master","displayName":"janald99/ip[master]","outputFolderName":"janald99_ip_master"},{"location":{"location":"https://github.com/glennljw/ip.git","repoName":"ip","organization":"glennljw"},"branch":"master","displayName":"glennljw/ip[master]","outputFolderName":"glennljw_ip_master"},{"location":{"location":"https://github.com/sbhbenjamin/ip.git","repoName":"ip","organization":"sbhbenjamin"},"branch":"master","displayName":"sbhbenjamin/ip[master]","outputFolderName":"sbhbenjamin_ip_master"},{"location":{"location":"https://github.com/ian-from-dover/ip.git","repoName":"ip","organization":"ian-from-dover"},"branch":"master","displayName":"ian-from-dover/ip[master]","outputFolderName":"ian-from-dover_ip_master"},{"location":{"location":"https://github.com/tobihy/ip.git","repoName":"ip","organization":"tobihy"},"branch":"master","displayName":"tobihy/ip[master]","outputFolderName":"tobihy_ip_master"},{"location":{"location":"https://github.com/medajet/ip.git","repoName":"ip","organization":"medajet"},"branch":"master","displayName":"medajet/ip[master]","outputFolderName":"medajet_ip_master"},{"location":{"location":"https://github.com/Cyolune/ip.git","repoName":"ip","organization":"Cyolune"},"branch":"master","displayName":"Cyolune/ip[master]","outputFolderName":"Cyolune_ip_master"},{"location":{"location":"https://github.com/WJunHong/ip.git","repoName":"ip","organization":"WJunHong"},"branch":"master","displayName":"WJunHong/ip[master]","outputFolderName":"WJunHong_ip_master"},{"location":{"location":"https://github.com/LowJiaHao99/ip.git","repoName":"ip","organization":"LowJiaHao99"},"branch":"master","displayName":"LowJiaHao99/ip[master]","outputFolderName":"LowJiaHao99_ip_master"},{"location":{"location":"https://github.com/kev-intq/ip.git","repoName":"ip","organization":"kev-intq"},"branch":"master","displayName":"kev-intq/ip[master]","outputFolderName":"kev-intq_ip_master"},{"location":{"location":"https://github.com/takufunkai/ip.git","repoName":"ip","organization":"takufunkai"},"branch":"master","displayName":"takufunkai/ip[master]","outputFolderName":"takufunkai_ip_master"},{"location":{"location":"https://github.com/lzf834/ip.git","repoName":"ip","organization":"lzf834"},"branch":"master","displayName":"lzf834/ip[master]","outputFolderName":"lzf834_ip_master"},{"location":{"location":"https://github.com/tanchinkiat99/ip.git","repoName":"ip","organization":"tanchinkiat99"},"branch":"master","displayName":"tanchinkiat99/ip[master]","outputFolderName":"tanchinkiat99_ip_master"},{"location":{"location":"https://github.com/arcornior/ip.git","repoName":"ip","organization":"arcornior"},"branch":"master","displayName":"arcornior/ip[master]","outputFolderName":"arcornior_ip_master"},{"location":{"location":"https://github.com/tzhan98/ip.git","repoName":"ip","organization":"tzhan98"},"branch":"master","displayName":"tzhan98/ip[master]","outputFolderName":"tzhan98_ip_master"},{"location":{"location":"https://github.com/jamesyeap/ip.git","repoName":"ip","organization":"jamesyeap"},"branch":"master","displayName":"jamesyeap/ip[master]","outputFolderName":"jamesyeap_ip_master"},{"location":{"location":"https://github.com/blaketingyu/ip.git","repoName":"ip","organization":"blaketingyu"},"branch":"master","displayName":"blaketingyu/ip[master]","outputFolderName":"blaketingyu_ip_master"},{"location":{"location":"https://github.com/bakano98/ip.git","repoName":"ip","organization":"bakano98"},"branch":"master","displayName":"bakano98/ip[master]","outputFolderName":"bakano98_ip_master"},{"location":{"location":"https://github.com/lowkaiwei98/ip.git","repoName":"ip","organization":"lowkaiwei98"},"branch":"master","displayName":"lowkaiwei98/ip[master]","outputFolderName":"lowkaiwei98_ip_master"},{"location":{"location":"https://github.com/DaneMarc/ip.git","repoName":"ip","organization":"DaneMarc"},"branch":"master","displayName":"DaneMarc/ip[master]","outputFolderName":"DaneMarc_ip_master"},{"location":{"location":"https://github.com/tanyutao544/ip.git","repoName":"ip","organization":"tanyutao544"},"branch":"master","displayName":"tanyutao544/ip[master]","outputFolderName":"tanyutao544_ip_master"},{"location":{"location":"https://github.com/MelvinCZJ/ip.git","repoName":"ip","organization":"MelvinCZJ"},"branch":"master","displayName":"MelvinCZJ/ip[master]","outputFolderName":"MelvinCZJ_ip_master"},{"location":{"location":"https://github.com/junjunjieOng/ip.git","repoName":"ip","organization":"junjunjieOng"},"branch":"master","displayName":"junjunjieOng/ip[master]","outputFolderName":"junjunjieOng_ip_master"},{"location":{"location":"https://github.com/laughingkid-sg/ip.git","repoName":"ip","organization":"laughingkid-sg"},"branch":"master","displayName":"laughingkid-sg/ip[master]","outputFolderName":"laughingkid-sg_ip_master"},{"location":{"location":"https://github.com/e0544333/ip.git","repoName":"ip","organization":"e0544333"},"branch":"master","displayName":"e0544333/ip[master]","outputFolderName":"e0544333_ip_master"},{"location":{"location":"https://github.com/ongkimlai/ip.git","repoName":"ip","organization":"ongkimlai"},"branch":"master","displayName":"ongkimlai/ip[master]","outputFolderName":"ongkimlai_ip_master"},{"location":{"location":"https://github.com/ngjunkang/ip.git","repoName":"ip","organization":"ngjunkang"},"branch":"master","displayName":"ngjunkang/ip[master]","outputFolderName":"ngjunkang_ip_master"},{"location":{"location":"https://github.com/junrong98/ip.git","repoName":"ip","organization":"junrong98"},"branch":"master","displayName":"junrong98/ip[master]","outputFolderName":"junrong98_ip_master"},{"location":{"location":"https://github.com/eman-kom/ip.git","repoName":"ip","organization":"eman-kom"},"branch":"master","displayName":"eman-kom/ip[master]","outputFolderName":"eman-kom_ip_master"},{"location":{"location":"https://github.com/Ryan-L98/ip.git","repoName":"ip","organization":"Ryan-L98"},"branch":"master","displayName":"Ryan-L98/ip[master]","outputFolderName":"Ryan-L98_ip_master"},{"location":{"location":"https://github.com/lkldev/ip.git","repoName":"ip","organization":"lkldev"},"branch":"master","displayName":"lkldev/ip[master]","outputFolderName":"lkldev_ip_master"},{"location":{"location":"https://github.com/atmh/ip.git","repoName":"ip","organization":"atmh"},"branch":"master","displayName":"atmh/ip[master]","outputFolderName":"atmh_ip_master"},{"location":{"location":"https://github.com/KeithCZW/ip.git","repoName":"ip","organization":"KeithCZW"},"branch":"master","displayName":"KeithCZW/ip[master]","outputFolderName":"KeithCZW_ip_master"},{"location":{"location":"https://github.com/TypeDefinition/ip.git","repoName":"ip","organization":"TypeDefinition"},"branch":"master","displayName":"TypeDefinition/ip[master]","outputFolderName":"TypeDefinition_ip_master"},{"location":{"location":"https://github.com/goel-a/ip.git","repoName":"ip","organization":"goel-a"},"branch":"master","displayName":"goel-a/ip[master]","outputFolderName":"goel-a_ip_master"},{"location":{"location":"https://github.com/talkintomato/ip.git","repoName":"ip","organization":"talkintomato"},"branch":"master","displayName":"talkintomato/ip[master]","outputFolderName":"talkintomato_ip_master"},{"location":{"location":"https://github.com/Kidsnd274/ip.git","repoName":"ip","organization":"Kidsnd274"},"branch":"master","displayName":"Kidsnd274/ip[master]","outputFolderName":"Kidsnd274_ip_master"},{"location":{"location":"https://github.com/aweijun/ip.git","repoName":"ip","organization":"aweijun"},"branch":"master","displayName":"aweijun/ip[master]","outputFolderName":"aweijun_ip_master"},{"location":{"location":"https://github.com/kevinkuo0320/ip.git","repoName":"ip","organization":"kevinkuo0320"},"branch":"master","displayName":"kevinkuo0320/ip[master]","outputFolderName":"kevinkuo0320_ip_master"},{"location":{"location":"https://github.com/jaysmyname/ip.git","repoName":"ip","organization":"jaysmyname"},"branch":"master","displayName":"jaysmyname/ip[master]","outputFolderName":"jaysmyname_ip_master"},{"location":{"location":"https://github.com/tehkokhoe/ip.git","repoName":"ip","organization":"tehkokhoe"},"branch":"master","displayName":"tehkokhoe/ip[master]","outputFolderName":"tehkokhoe_ip_master"},{"location":{"location":"https://github.com/kaiyichen/ip.git","repoName":"ip","organization":"kaiyichen"},"branch":"master","displayName":"kaiyichen/ip[master]","outputFolderName":"kaiyichen_ip_master"},{"location":{"location":"https://github.com/redpelican2108/ip.git","repoName":"ip","organization":"redpelican2108"},"branch":"master","displayName":"redpelican2108/ip[master]","outputFolderName":"redpelican2108_ip_master"},{"location":{"location":"https://github.com/mechfrog88/ip.git","repoName":"ip","organization":"mechfrog88"},"branch":"master","displayName":"mechfrog88/ip[master]","outputFolderName":"mechfrog88_ip_master"},{"location":{"location":"https://github.com/DavidTan0527/ip.git","repoName":"ip","organization":"DavidTan0527"},"branch":"master","displayName":"DavidTan0527/ip[master]","outputFolderName":"DavidTan0527_ip_master"},{"location":{"location":"https://github.com/zunedz/ip.git","repoName":"ip","organization":"zunedz"},"branch":"master","displayName":"zunedz/ip[master]","outputFolderName":"zunedz_ip_master"},{"location":{"location":"https://github.com/1001mei/ip.git","repoName":"ip","organization":"1001mei"},"branch":"master","displayName":"1001mei/ip[master]","outputFolderName":"1001mei_ip_master"},{"location":{"location":"https://github.com/yongler/ip.git","repoName":"ip","organization":"yongler"},"branch":"master","displayName":"yongler/ip[master]","outputFolderName":"yongler_ip_master"},{"location":{"location":"https://github.com/cheekean5848/ip.git","repoName":"ip","organization":"cheekean5848"},"branch":"master","displayName":"cheekean5848/ip[master]","outputFolderName":"cheekean5848_ip_master"},{"location":{"location":"https://github.com/tonishka/ip.git","repoName":"ip","organization":"tonishka"},"branch":"master","displayName":"tonishka/ip[master]","outputFolderName":"tonishka_ip_master"},{"location":{"location":"https://github.com/pnutzz-0207/ip.git","repoName":"ip","organization":"pnutzz-0207"},"branch":"master","displayName":"pnutzz-0207/ip[master]","outputFolderName":"pnutzz-0207_ip_master"},{"location":{"location":"https://github.com/ro4k9/ip.git","repoName":"ip","organization":"ro4k9"},"branch":"master","displayName":"ro4k9/ip[master]","outputFolderName":"ro4k9_ip_master"},{"location":{"location":"https://github.com/soloplxya/ip.git","repoName":"ip","organization":"soloplxya"},"branch":"master","displayName":"soloplxya/ip[master]","outputFolderName":"soloplxya_ip_master"},{"location":{"location":"https://github.com/9teMare/ip.git","repoName":"ip","organization":"9teMare"},"branch":"master","displayName":"9teMare/ip[master]","outputFolderName":"9teMare_ip_master"},{"location":{"location":"https://github.com/Spyobird/ip.git","repoName":"ip","organization":"Spyobird"},"branch":"master","displayName":"Spyobird/ip[master]","outputFolderName":"Spyobird_ip_master"},{"location":{"location":"https://github.com/petermonky/ip.git","repoName":"ip","organization":"petermonky"},"branch":"master","displayName":"petermonky/ip[master]","outputFolderName":"petermonky_ip_master"},{"location":{"location":"https://github.com/AinsleyJ/ip.git","repoName":"ip","organization":"AinsleyJ"},"branch":"master","displayName":"AinsleyJ/ip[master]","outputFolderName":"AinsleyJ_ip_master"},{"location":{"location":"https://github.com/NatalieTanML/ip.git","repoName":"ip","organization":"NatalieTanML"},"branch":"master","displayName":"NatalieTanML/ip[master]","outputFolderName":"NatalieTanML_ip_master"},{"location":{"location":"https://github.com/wxliong/ip.git","repoName":"ip","organization":"wxliong"},"branch":"master","displayName":"wxliong/ip[master]","outputFolderName":"wxliong_ip_master"},{"location":{"location":"https://github.com/BrendonLau/ip.git","repoName":"ip","organization":"BrendonLau"},"branch":"master","displayName":"BrendonLau/ip[master]","outputFolderName":"BrendonLau_ip_master"},{"location":{"location":"https://github.com/cwq2326/ip.git","repoName":"ip","organization":"cwq2326"},"branch":"master","displayName":"cwq2326/ip[master]","outputFolderName":"cwq2326_ip_master"},{"location":{"location":"https://github.com/jxt00/ip.git","repoName":"ip","organization":"jxt00"},"branch":"master","displayName":"jxt00/ip[master]","outputFolderName":"jxt00_ip_master"},{"location":{"location":"https://github.com/bloodofme/ip.git","repoName":"ip","organization":"bloodofme"},"branch":"master","displayName":"bloodofme/ip[master]","outputFolderName":"bloodofme_ip_master"},{"location":{"location":"https://github.com/alexteo98/ip.git","repoName":"ip","organization":"alexteo98"},"branch":"master","displayName":"alexteo98/ip[master]","outputFolderName":"alexteo98_ip_master"},{"location":{"location":"https://github.com/AAlghrairy/ip.git","repoName":"ip","organization":"AAlghrairy"},"branch":"master","displayName":"AAlghrairy/ip[master]","outputFolderName":"AAlghrairy_ip_master"},{"location":{"location":"https://github.com/robinrojh/ip.git","repoName":"ip","organization":"robinrojh"},"branch":"master","displayName":"robinrojh/ip[master]","outputFolderName":"robinrojh_ip_master"},{"location":{"location":"https://github.com/thikhinab/ip.git","repoName":"ip","organization":"thikhinab"},"branch":"master","displayName":"thikhinab/ip[master]","outputFolderName":"thikhinab_ip_master"},{"location":{"location":"https://github.com/zixin448/ip.git","repoName":"ip","organization":"zixin448"},"branch":"master","displayName":"zixin448/ip[master]","outputFolderName":"zixin448_ip_master"},{"location":{"location":"https://github.com/cwnm/ip.git","repoName":"ip","organization":"cwnm"},"branch":"master","displayName":"cwnm/ip[master]","outputFolderName":"cwnm_ip_master"},{"location":{"location":"https://github.com/honganhcs/ip.git","repoName":"ip","organization":"honganhcs"},"branch":"master","displayName":"honganhcs/ip[master]","outputFolderName":"honganhcs_ip_master"},{"location":{"location":"https://github.com/justinyjt/ip.git","repoName":"ip","organization":"justinyjt"},"branch":"master","displayName":"justinyjt/ip[master]","outputFolderName":"justinyjt_ip_master"},{"location":{"location":"https://github.com/JonathanHoshi/ip.git","repoName":"ip","organization":"JonathanHoshi"},"branch":"master","displayName":"JonathanHoshi/ip[master]","outputFolderName":"JonathanHoshi_ip_master"},{"location":{"location":"https://github.com/nicollegann/ip.git","repoName":"ip","organization":"nicollegann"},"branch":"master","displayName":"nicollegann/ip[master]","outputFolderName":"nicollegann_ip_master"},{"location":{"location":"https://github.com/brigittesantoso/ip.git","repoName":"ip","organization":"brigittesantoso"},"branch":"master","displayName":"brigittesantoso/ip[master]","outputFolderName":"brigittesantoso_ip_master"},{"location":{"location":"https://github.com/Tiffanylin21/ip.git","repoName":"ip","organization":"Tiffanylin21"},"branch":"master","displayName":"Tiffanylin21/ip[master]","outputFolderName":"Tiffanylin21_ip_master"},{"location":{"location":"https://github.com/junjieteoh/ip.git","repoName":"ip","organization":"junjieteoh"},"branch":"master","displayName":"junjieteoh/ip[master]","outputFolderName":"junjieteoh_ip_master"},{"location":{"location":"https://github.com/lawwm/ip.git","repoName":"ip","organization":"lawwm"},"branch":"master","displayName":"lawwm/ip[master]","outputFolderName":"lawwm_ip_master"},{"location":{"location":"https://github.com/xMashedxTomatox/ip.git","repoName":"ip","organization":"xMashedxTomatox"},"branch":"master","displayName":"xMashedxTomatox/ip[master]","outputFolderName":"xMashedxTomatox_ip_master"},{"location":{"location":"https://github.com/zawedcvg/ip.git","repoName":"ip","organization":"zawedcvg"},"branch":"master","displayName":"zawedcvg/ip[master]","outputFolderName":"zawedcvg_ip_master"},{"location":{"location":"https://github.com/Ardentsoul/ip.git","repoName":"ip","organization":"Ardentsoul"},"branch":"master","displayName":"Ardentsoul/ip[master]","outputFolderName":"Ardentsoul_ip_master"},{"location":{"location":"https://github.com/s7manth/ip.git","repoName":"ip","organization":"s7manth"},"branch":"master","displayName":"s7manth/ip[master]","outputFolderName":"s7manth_ip_master"},{"location":{"location":"https://github.com/ckcherry23/ip.git","repoName":"ip","organization":"ckcherry23"},"branch":"master","displayName":"ckcherry23/ip[master]","outputFolderName":"ckcherry23_ip_master"},{"location":{"location":"https://github.com/rahulprasad01/ip.git","repoName":"ip","organization":"rahulprasad01"},"branch":"master","displayName":"rahulprasad01/ip[master]","outputFolderName":"rahulprasad01_ip_master"},{"location":{"location":"https://github.com/Shivang211/ip.git","repoName":"ip","organization":"Shivang211"},"branch":"master","displayName":"Shivang211/ip[master]","outputFolderName":"Shivang211_ip_master"},{"location":{"location":"https://github.com/nnmoq/ip.git","repoName":"ip","organization":"nnmoq"},"branch":"master","displayName":"nnmoq/ip[master]","outputFolderName":"nnmoq_ip_master"},{"location":{"location":"https://github.com/AD-NAP/ip.git","repoName":"ip","organization":"AD-NAP"},"branch":"master","displayName":"AD-NAP/ip[master]","outputFolderName":"AD-NAP_ip_master"},{"location":{"location":"https://github.com/pyk595/ip.git","repoName":"ip","organization":"pyk595"},"branch":"master","displayName":"pyk595/ip[master]","outputFolderName":"pyk595_ip_master"},{"location":{"location":"https://github.com/Graphcalibur/ip.git","repoName":"ip","organization":"Graphcalibur"},"branch":"master","displayName":"Graphcalibur/ip[master]","outputFolderName":"Graphcalibur_ip_master"}],"errorList":[{"repoName":"https://github.com/OhEyeSee/ip","errorMessage":"https://github.com/OhEyeSee/ip is an invalid location."},{"repoName":"https://github.com/jaegarpoon/ip","errorMessage":"https://github.com/jaegarpoon/ip is an invalid location."},{"repoName":"https://github.com/declanleeler/ip","errorMessage":"https://github.com/declanleeler/ip is an invalid location."},{"repoName":"https://github.com/punnyhuimin/ip","errorMessage":"https://github.com/punnyhuimin/ip is an invalid location."},{"repoName":"https://github.com/shittake/ip","errorMessage":"https://github.com/shittake/ip is an invalid location."},{"repoName":"https://github.com/LikHern/ip","errorMessage":"https://github.com/LikHern/ip is an invalid location."},{"repoName":"https://github.com/limweiliang/ip","errorMessage":"https://github.com/limweiliang/ip is an invalid location."},{"repoName":"https://github.com/SethCKL/ip","errorMessage":"https://github.com/SethCKL/ip is an invalid location."},{"repoName":"https://github.com/jetrz/ip","errorMessage":"https://github.com/jetrz/ip is an invalid location."},{"repoName":"https://github.com/Denniszedead/ip","errorMessage":"https://github.com/Denniszedead/ip is an invalid location."},{"repoName":"https://github.com/kashing555/ip","errorMessage":"https://github.com/kashing555/ip is an invalid location."},{"repoName":"https://github.com/kavxya/ip","errorMessage":"https://github.com/kavxya/ip is an invalid location."},{"repoName":"https://github.com/khoahre123/ip","errorMessage":"https://github.com/khoahre123/ip is an invalid location."},{"repoName":"https://github.com/winkmike/ip","errorMessage":"https://github.com/winkmike/ip is an invalid location."},{"repoName":"https://github.com/Rdac0/ip","errorMessage":"https://github.com/Rdac0/ip is an invalid location."},{"repoName":"https://github.com/castryl/ip","errorMessage":"https://github.com/castryl/ip is an invalid location."},{"repoName":"https://github.com/howardwhw2/ip","errorMessage":"https://github.com/howardwhw2/ip is an invalid location."},{"repoName":"https://github.com/jiewei98/ip","errorMessage":"https://github.com/jiewei98/ip is an invalid location."},{"repoName":"https://github.com/flairekq/ip","errorMessage":"https://github.com/flairekq/ip is an invalid location."},{"repoName":"https://github.com/HanJiyao/ip","errorMessage":"https://github.com/HanJiyao/ip is an invalid location."},{"repoName":"https://github.com/isabelteo/ip","errorMessage":"https://github.com/isabelteo/ip is an invalid location."},{"repoName":"https://github.com/MontyPython28/ip","errorMessage":"https://github.com/MontyPython28/ip is an invalid location."},{"repoName":"https://github.com/lovemathboy/ip","errorMessage":"https://github.com/lovemathboy/ip is an invalid location."},{"repoName":"https://github.com/junlee1991/ip","errorMessage":"https://github.com/junlee1991/ip is an invalid location."},{"repoName":"https://github.com/jbkim1999/ip","errorMessage":"https://github.com/jbkim1999/ip is an invalid location."},{"repoName":"https://github.com/fantablack/ip","errorMessage":"https://github.com/fantablack/ip is an invalid location."},{"repoName":"https://github.com/sibinhho99-nus/ip","errorMessage":"https://github.com/sibinhho99-nus/ip is an invalid location."},{"repoName":"https://github.com/swiftguy1/ip","errorMessage":"https://github.com/swiftguy1/ip is an invalid location."},{"repoName":"https://github.com/gigituang/ip","errorMessage":"https://github.com/gigituang/ip is an invalid location."},{"repoName":"https://github.com/xpzmichael/ip","errorMessage":"https://github.com/xpzmichael/ip is an invalid location."},{"repoName":"https://github.com/Rye-Catcher/ip","errorMessage":"https://github.com/Rye-Catcher/ip is an invalid location."},{"repoName":"https://github.com/juayhee/ip","errorMessage":"https://github.com/juayhee/ip is an invalid location."},{"repoName":"https://github.com/jltham/ip","errorMessage":"https://github.com/jltham/ip is an invalid location."},{"repoName":"https://github.com/garethkoh/ip","errorMessage":"https://github.com/garethkoh/ip is an invalid location."},{"repoName":"https://github.com/cpwill01/ip","errorMessage":"https://github.com/cpwill01/ip is an invalid location."},{"repoName":"https://github.com/teominghuang/ip","errorMessage":"https://github.com/teominghuang/ip is an invalid location."},{"repoName":"https://github.com/shurvirarora/ip","errorMessage":"https://github.com/shurvirarora/ip is an invalid location."},{"repoName":"https://github.com/lchokhoe/ip","errorMessage":"https://github.com/lchokhoe/ip is an invalid location."},{"repoName":"https://github.com/zzhikai/ip","errorMessage":"https://github.com/zzhikai/ip is an invalid location."},{"repoName":"https://github.com/snss231/ip","errorMessage":"https://github.com/snss231/ip is an invalid location."},{"repoName":"https://github.com/Benjykoh/ip","errorMessage":"https://github.com/Benjykoh/ip is an invalid location."},{"repoName":"https://github.com/Justinnje/ip","errorMessage":"https://github.com/Justinnje/ip is an invalid location."},{"repoName":"https://github.com/mazx4960/ip","errorMessage":"https://github.com/mazx4960/ip is an invalid location."},{"repoName":"https://github.com/imrajsinghsandhu/ip","errorMessage":"https://github.com/imrajsinghsandhu/ip is an invalid location."},{"repoName":"https://github.com/kuanjr/ip","errorMessage":"https://github.com/kuanjr/ip is an invalid location."},{"repoName":"https://github.com/eugenechiaay/ip","errorMessage":"https://github.com/eugenechiaay/ip is an invalid location."},{"repoName":"https://github.com/tanweien/ip","errorMessage":"https://github.com/tanweien/ip is an invalid location."},{"repoName":"https://github.com/SimJM/ip","errorMessage":"https://github.com/SimJM/ip is an invalid location."},{"repoName":"https://github.com/markbiju/ip","errorMessage":"https://github.com/markbiju/ip is an invalid location."},{"repoName":"https://github.com/seanlaiys/ip","errorMessage":"https://github.com/seanlaiys/ip is an invalid location."},{"repoName":"https://github.com/yusufaine/ip","errorMessage":"https://github.com/yusufaine/ip is an invalid location."},{"repoName":"https://github.com/lamwj98/ip","errorMessage":"https://github.com/lamwj98/ip is an invalid location."},{"repoName":"https://github.com/rcjj98/ip","errorMessage":"https://github.com/rcjj98/ip is an invalid location."},{"repoName":"https://github.com/jinnhl/ip","errorMessage":"https://github.com/jinnhl/ip is an invalid location."},{"repoName":"https://github.com/aidanasden/ip","errorMessage":"https://github.com/aidanasden/ip is an invalid location."},{"repoName":"https://github.com/simjunheng/ip","errorMessage":"https://github.com/simjunheng/ip is an invalid location."},{"repoName":"https://github.com/tandeshao/ip","errorMessage":"https://github.com/tandeshao/ip is an invalid location."},{"repoName":"https://github.com/whoisjunhong/ip","errorMessage":"https://github.com/whoisjunhong/ip is an invalid location."},{"repoName":"https://github.com/AdrianOngJJ/ip","errorMessage":"https://github.com/AdrianOngJJ/ip is an invalid location."},{"repoName":"https://github.com/Oddcorner/ip","errorMessage":"https://github.com/Oddcorner/ip is an invalid location."},{"repoName":"https://github.com/zhongfu/ip","errorMessage":"https://github.com/zhongfu/ip is an invalid location."},{"repoName":"https://github.com/Halpfrog/ip","errorMessage":"https://github.com/Halpfrog/ip is an invalid location."},{"repoName":"https://github.com/Decaxical/ip","errorMessage":"https://github.com/Decaxical/ip is an invalid location."},{"repoName":"https://github.com/j4ck990/ip","errorMessage":"https://github.com/j4ck990/ip is an invalid location."},{"repoName":"https://github.com/ovidharshini/ip","errorMessage":"https://github.com/ovidharshini/ip is an invalid location."},{"repoName":"https://github.com/mradhyaf/ip","errorMessage":"https://github.com/mradhyaf/ip is an invalid location."},{"repoName":"https://github.com/ThePrevailingOne/ip","errorMessage":"https://github.com/ThePrevailingOne/ip is an invalid location."},{"repoName":"https://github.com/albertsutz/ip","errorMessage":"https://github.com/albertsutz/ip is an invalid location."},{"repoName":"https://github.com/chuashihong/ip","errorMessage":"https://github.com/chuashihong/ip is an invalid location."},{"repoName":"https://github.com/joey-chance/ip","errorMessage":"https://github.com/joey-chance/ip is an invalid location."},{"repoName":"https://github.com/clement0010/ip","errorMessage":"https://github.com/clement0010/ip is an invalid location."},{"repoName":"https://github.com/manu2002g/ip","errorMessage":"https://github.com/manu2002g/ip is an invalid location."},{"repoName":"https://github.com/thewrik/ip","errorMessage":"https://github.com/thewrik/ip is an invalid location."},{"repoName":"https://github.com/juslam19/ip","errorMessage":"https://github.com/juslam19/ip is an invalid location."},{"repoName":"https://github.com/louisdavinlie/ip","errorMessage":"https://github.com/louisdavinlie/ip is an invalid location."},{"repoName":"https://github.com/B1LLP4RK/ip","errorMessage":"https://github.com/B1LLP4RK/ip is an invalid location."},{"repoName":"https://github.com/sheimoria/ip","errorMessage":"https://github.com/sheimoria/ip is an invalid location."},{"repoName":"https://github.com/justinekoh/ip","errorMessage":"https://github.com/justinekoh/ip is an invalid location."},{"repoName":"https://github.com/hqhqhq1/ip","errorMessage":"https://github.com/hqhqhq1/ip is an invalid location."},{"repoName":"https://github.com/LapisRaider/ip","errorMessage":"https://github.com/LapisRaider/ip is an invalid location."},{"repoName":"https://github.com/riakhaitan/ip","errorMessage":"https://github.com/riakhaitan/ip is an invalid location."},{"repoName":"https://github.com/holymolytrolley/ip","errorMessage":"https://github.com/holymolytrolley/ip is an invalid location."},{"repoName":"https://github.com/cashewnade/ip","errorMessage":"https://github.com/cashewnade/ip is an invalid location."},{"repoName":"https://github.com/joeietao/ip","errorMessage":"https://github.com/joeietao/ip is an invalid location."},{"repoName":"https://github.com/chanyijuan/ip","errorMessage":"https://github.com/chanyijuan/ip is an invalid location."},{"repoName":"https://github.com/muraddurrani/ip","errorMessage":"https://github.com/muraddurrani/ip is an invalid location."},{"repoName":"https://github.com/Jacky142857/ip","errorMessage":"https://github.com/Jacky142857/ip is an invalid location."},{"repoName":"https://github.com/vanessaxuuan/ip","errorMessage":"https://github.com/vanessaxuuan/ip is an invalid location."},{"repoName":"https://github.com/Vishwanth2210/ip","errorMessage":"https://github.com/Vishwanth2210/ip is an invalid location."},{"repoName":"https://github.com/kxshxsh/ip","errorMessage":"https://github.com/kxshxsh/ip is an invalid location."},{"repoName":"https://github.com/tomascherian/ip","errorMessage":"https://github.com/tomascherian/ip is an invalid location."},{"repoName":"https://github.com/Harish-coding/ip","errorMessage":"https://github.com/Harish-coding/ip is an invalid location."},{"repoName":"https://github.com/Dineshraj555/ip","errorMessage":"https://github.com/Dineshraj555/ip is an invalid location."},{"repoName":"https://github.com/joszx/ip","errorMessage":"https://github.com/joszx/ip is an invalid location."},{"repoName":"https://github.com/viki0526/ip","errorMessage":"https://github.com/viki0526/ip is an invalid location."},{"repoName":"https://github.com/prgJ/ip","errorMessage":"https://github.com/prgJ/ip is an invalid location."},{"repoName":"https://github.com/aditi2313/ip","errorMessage":"https://github.com/aditi2313/ip is an invalid location."},{"repoName":"https://github.com/Gernene/ip","errorMessage":"https://github.com/Gernene/ip is an invalid location."},{"repoName":"https://github.com/brian16600/ip","errorMessage":"https://github.com/brian16600/ip is an invalid location."},{"repoName":"https://github.com/OhEyeSee/ip","errorMessage":"https://github.com/OhEyeSee/ip is an invalid location."},{"repoName":"https://github.com/jaegarpoon/ip","errorMessage":"https://github.com/jaegarpoon/ip is an invalid location."},{"repoName":"https://github.com/declanleeler/ip","errorMessage":"https://github.com/declanleeler/ip is an invalid location."},{"repoName":"https://github.com/punnyhuimin/ip","errorMessage":"https://github.com/punnyhuimin/ip is an invalid location."},{"repoName":"https://github.com/shittake/ip","errorMessage":"https://github.com/shittake/ip is an invalid location."},{"repoName":"https://github.com/LikHern/ip","errorMessage":"https://github.com/LikHern/ip is an invalid location."},{"repoName":"https://github.com/limweiliang/ip","errorMessage":"https://github.com/limweiliang/ip is an invalid location."},{"repoName":"https://github.com/SethCKL/ip","errorMessage":"https://github.com/SethCKL/ip is an invalid location."},{"repoName":"https://github.com/jetrz/ip","errorMessage":"https://github.com/jetrz/ip is an invalid location."},{"repoName":"https://github.com/Denniszedead/ip","errorMessage":"https://github.com/Denniszedead/ip is an invalid location."},{"repoName":"https://github.com/kashing555/ip","errorMessage":"https://github.com/kashing555/ip is an invalid location."},{"repoName":"https://github.com/kavxya/ip","errorMessage":"https://github.com/kavxya/ip is an invalid location."},{"repoName":"https://github.com/khoahre123/ip","errorMessage":"https://github.com/khoahre123/ip is an invalid location."},{"repoName":"https://github.com/winkmike/ip","errorMessage":"https://github.com/winkmike/ip is an invalid location."},{"repoName":"https://github.com/Rdac0/ip","errorMessage":"https://github.com/Rdac0/ip is an invalid location."},{"repoName":"https://github.com/castryl/ip","errorMessage":"https://github.com/castryl/ip is an invalid location."},{"repoName":"https://github.com/howardwhw2/ip","errorMessage":"https://github.com/howardwhw2/ip is an invalid location."},{"repoName":"https://github.com/jiewei98/ip","errorMessage":"https://github.com/jiewei98/ip is an invalid location."},{"repoName":"https://github.com/flairekq/ip","errorMessage":"https://github.com/flairekq/ip is an invalid location."},{"repoName":"https://github.com/HanJiyao/ip","errorMessage":"https://github.com/HanJiyao/ip is an invalid location."},{"repoName":"https://github.com/isabelteo/ip","errorMessage":"https://github.com/isabelteo/ip is an invalid location."},{"repoName":"https://github.com/MontyPython28/ip","errorMessage":"https://github.com/MontyPython28/ip is an invalid location."},{"repoName":"https://github.com/lovemathboy/ip","errorMessage":"https://github.com/lovemathboy/ip is an invalid location."},{"repoName":"https://github.com/junlee1991/ip","errorMessage":"https://github.com/junlee1991/ip is an invalid location."},{"repoName":"https://github.com/jbkim1999/ip","errorMessage":"https://github.com/jbkim1999/ip is an invalid location."},{"repoName":"https://github.com/fantablack/ip","errorMessage":"https://github.com/fantablack/ip is an invalid location."},{"repoName":"https://github.com/sibinhho99-nus/ip","errorMessage":"https://github.com/sibinhho99-nus/ip is an invalid location."},{"repoName":"https://github.com/swiftguy1/ip","errorMessage":"https://github.com/swiftguy1/ip is an invalid location."},{"repoName":"https://github.com/gigituang/ip","errorMessage":"https://github.com/gigituang/ip is an invalid location."},{"repoName":"https://github.com/xpzmichael/ip","errorMessage":"https://github.com/xpzmichael/ip is an invalid location."},{"repoName":"https://github.com/Rye-Catcher/ip","errorMessage":"https://github.com/Rye-Catcher/ip is an invalid location."},{"repoName":"https://github.com/juayhee/ip","errorMessage":"https://github.com/juayhee/ip is an invalid location."},{"repoName":"https://github.com/jltham/ip","errorMessage":"https://github.com/jltham/ip is an invalid location."},{"repoName":"https://github.com/garethkoh/ip","errorMessage":"https://github.com/garethkoh/ip is an invalid location."},{"repoName":"https://github.com/cpwill01/ip","errorMessage":"https://github.com/cpwill01/ip is an invalid location."},{"repoName":"https://github.com/teominghuang/ip","errorMessage":"https://github.com/teominghuang/ip is an invalid location."},{"repoName":"https://github.com/shurvirarora/ip","errorMessage":"https://github.com/shurvirarora/ip is an invalid location."},{"repoName":"https://github.com/lchokhoe/ip","errorMessage":"https://github.com/lchokhoe/ip is an invalid location."},{"repoName":"https://github.com/zzhikai/ip","errorMessage":"https://github.com/zzhikai/ip is an invalid location."},{"repoName":"https://github.com/snss231/ip","errorMessage":"https://github.com/snss231/ip is an invalid location."},{"repoName":"https://github.com/Benjykoh/ip","errorMessage":"https://github.com/Benjykoh/ip is an invalid location."},{"repoName":"https://github.com/Justinnje/ip","errorMessage":"https://github.com/Justinnje/ip is an invalid location."},{"repoName":"https://github.com/mazx4960/ip","errorMessage":"https://github.com/mazx4960/ip is an invalid location."},{"repoName":"https://github.com/imrajsinghsandhu/ip","errorMessage":"https://github.com/imrajsinghsandhu/ip is an invalid location."},{"repoName":"https://github.com/kuanjr/ip","errorMessage":"https://github.com/kuanjr/ip is an invalid location."},{"repoName":"https://github.com/eugenechiaay/ip","errorMessage":"https://github.com/eugenechiaay/ip is an invalid location."},{"repoName":"https://github.com/tanweien/ip","errorMessage":"https://github.com/tanweien/ip is an invalid location."},{"repoName":"https://github.com/SimJM/ip","errorMessage":"https://github.com/SimJM/ip is an invalid location."},{"repoName":"https://github.com/markbiju/ip","errorMessage":"https://github.com/markbiju/ip is an invalid location."},{"repoName":"https://github.com/seanlaiys/ip","errorMessage":"https://github.com/seanlaiys/ip is an invalid location."},{"repoName":"https://github.com/yusufaine/ip","errorMessage":"https://github.com/yusufaine/ip is an invalid location."},{"repoName":"https://github.com/lamwj98/ip","errorMessage":"https://github.com/lamwj98/ip is an invalid location."},{"repoName":"https://github.com/rcjj98/ip","errorMessage":"https://github.com/rcjj98/ip is an invalid location."},{"repoName":"https://github.com/jinnhl/ip","errorMessage":"https://github.com/jinnhl/ip is an invalid location."},{"repoName":"https://github.com/aidanasden/ip","errorMessage":"https://github.com/aidanasden/ip is an invalid location."},{"repoName":"https://github.com/simjunheng/ip","errorMessage":"https://github.com/simjunheng/ip is an invalid location."},{"repoName":"https://github.com/tandeshao/ip","errorMessage":"https://github.com/tandeshao/ip is an invalid location."},{"repoName":"https://github.com/whoisjunhong/ip","errorMessage":"https://github.com/whoisjunhong/ip is an invalid location."},{"repoName":"https://github.com/AdrianOngJJ/ip","errorMessage":"https://github.com/AdrianOngJJ/ip is an invalid location."},{"repoName":"https://github.com/Oddcorner/ip","errorMessage":"https://github.com/Oddcorner/ip is an invalid location."},{"repoName":"https://github.com/zhongfu/ip","errorMessage":"https://github.com/zhongfu/ip is an invalid location."},{"repoName":"https://github.com/Halpfrog/ip","errorMessage":"https://github.com/Halpfrog/ip is an invalid location."},{"repoName":"https://github.com/Decaxical/ip","errorMessage":"https://github.com/Decaxical/ip is an invalid location."},{"repoName":"https://github.com/j4ck990/ip","errorMessage":"https://github.com/j4ck990/ip is an invalid location."},{"repoName":"https://github.com/ovidharshini/ip","errorMessage":"https://github.com/ovidharshini/ip is an invalid location."},{"repoName":"https://github.com/mradhyaf/ip","errorMessage":"https://github.com/mradhyaf/ip is an invalid location."},{"repoName":"https://github.com/ThePrevailingOne/ip","errorMessage":"https://github.com/ThePrevailingOne/ip is an invalid location."},{"repoName":"https://github.com/albertsutz/ip","errorMessage":"https://github.com/albertsutz/ip is an invalid location."},{"repoName":"https://github.com/chuashihong/ip","errorMessage":"https://github.com/chuashihong/ip is an invalid location."},{"repoName":"https://github.com/joey-chance/ip","errorMessage":"https://github.com/joey-chance/ip is an invalid location."},{"repoName":"https://github.com/clement0010/ip","errorMessage":"https://github.com/clement0010/ip is an invalid location."},{"repoName":"https://github.com/manu2002g/ip","errorMessage":"https://github.com/manu2002g/ip is an invalid location."},{"repoName":"https://github.com/thewrik/ip","errorMessage":"https://github.com/thewrik/ip is an invalid location."},{"repoName":"https://github.com/juslam19/ip","errorMessage":"https://github.com/juslam19/ip is an invalid location."},{"repoName":"https://github.com/louisdavinlie/ip","errorMessage":"https://github.com/louisdavinlie/ip is an invalid location."},{"repoName":"https://github.com/B1LLP4RK/ip","errorMessage":"https://github.com/B1LLP4RK/ip is an invalid location."},{"repoName":"https://github.com/sheimoria/ip","errorMessage":"https://github.com/sheimoria/ip is an invalid location."},{"repoName":"https://github.com/justinekoh/ip","errorMessage":"https://github.com/justinekoh/ip is an invalid location."},{"repoName":"https://github.com/hqhqhq1/ip","errorMessage":"https://github.com/hqhqhq1/ip is an invalid location."},{"repoName":"https://github.com/LapisRaider/ip","errorMessage":"https://github.com/LapisRaider/ip is an invalid location."},{"repoName":"https://github.com/riakhaitan/ip","errorMessage":"https://github.com/riakhaitan/ip is an invalid location."},{"repoName":"https://github.com/holymolytrolley/ip","errorMessage":"https://github.com/holymolytrolley/ip is an invalid location."},{"repoName":"https://github.com/cashewnade/ip","errorMessage":"https://github.com/cashewnade/ip is an invalid location."},{"repoName":"https://github.com/joeietao/ip","errorMessage":"https://github.com/joeietao/ip is an invalid location."},{"repoName":"https://github.com/chanyijuan/ip","errorMessage":"https://github.com/chanyijuan/ip is an invalid location."},{"repoName":"https://github.com/muraddurrani/ip","errorMessage":"https://github.com/muraddurrani/ip is an invalid location."},{"repoName":"https://github.com/Jacky142857/ip","errorMessage":"https://github.com/Jacky142857/ip is an invalid location."},{"repoName":"https://github.com/vanessaxuuan/ip","errorMessage":"https://github.com/vanessaxuuan/ip is an invalid location."},{"repoName":"https://github.com/Vishwanth2210/ip","errorMessage":"https://github.com/Vishwanth2210/ip is an invalid location."},{"repoName":"https://github.com/kxshxsh/ip","errorMessage":"https://github.com/kxshxsh/ip is an invalid location."},{"repoName":"https://github.com/tomascherian/ip","errorMessage":"https://github.com/tomascherian/ip is an invalid location."},{"repoName":"https://github.com/Harish-coding/ip","errorMessage":"https://github.com/Harish-coding/ip is an invalid location."},{"repoName":"https://github.com/Dineshraj555/ip","errorMessage":"https://github.com/Dineshraj555/ip is an invalid location."},{"repoName":"https://github.com/joszx/ip","errorMessage":"https://github.com/joszx/ip is an invalid location."},{"repoName":"https://github.com/viki0526/ip","errorMessage":"https://github.com/viki0526/ip is an invalid location."},{"repoName":"https://github.com/prgJ/ip","errorMessage":"https://github.com/prgJ/ip is an invalid location."},{"repoName":"https://github.com/aditi2313/ip","errorMessage":"https://github.com/aditi2313/ip is an invalid location."},{"repoName":"https://github.com/Gernene/ip","errorMessage":"https://github.com/Gernene/ip is an invalid location."},{"repoName":"https://github.com/brian16600/ip","errorMessage":"https://github.com/brian16600/ip is an invalid location."},{"repoName":"fredtwt/ip[master]","errorMessage":"Branch \"master\" does not exist."}],"sinceDate":"2022-01-14","untilDate":"2022-01-18","isSinceDateProvided":true,"isUntilDateProvided":false}
