{"authorDailyContributionsMap":{"LikHern":[{"date":"2022-02-20","commitResults":[{"hash":"e934d30095fcc6b3c89526e20b2f700a4e0e637d","messageTitle":"Update Duke.java","messageBody":"","tags":["Level-1"],"fileTypesAndContributionMap":{"java":{"insertions":20,"deletions":6}}},{"hash":"1afdccda8429484b8a26fb24eb5c9ac15854b5bd","messageTitle":"Update Duke.java","messageBody":"Add the ability to store whatever text entered by the user and\ndisplay them back to the user when requested.\n","tags":["Level-2"],"fileTypesAndContributionMap":{"java":{"insertions":26,"deletions":9}}}]},{"date":"2022-02-23","commitResults":[{"hash":"aeaa066d44ffe65d10524cf68859ad2e2696d06c","messageTitle":"Add Task.java and update Duke.java","messageBody":"Add the ability to mark tasks as done. Optionally, add the ability to\nchange the status back to not done.\n","tags":["Level-3"],"fileTypesAndContributionMap":{"java":{"insertions":68,"deletions":13}}}]},{"date":"2022-02-24","commitResults":[{"hash":"92c82c4de2c779a8479036c86a966f5e471c06e0","messageTitle":"Add Deadline.java, Event.java and Todo.java as well as update Duke.java","messageBody":"Add support for tracking three types of tasks:\n-Todos: tasks without any date/time attached to it\n-Deadlines: tasks that need to be done before a specific date/time\n-Events: tasks that start at a specific time and ends at a specific time\n","tags":["Level-4"],"fileTypesAndContributionMap":{"java":{"insertions":58,"deletions":3}}},{"hash":"4a1cd087e6391e9035bc0b0860bd38dbb6ec0489","messageTitle":"Add input.txt and EXPECTED.TXT as well as update Duke.java","messageBody":"Use the input/output redirection technique to semi-automate the testing\nof Duke.\n","tags":["A-TextUiTesting"],"fileTypesAndContributionMap":{"txt":{"insertions":15,"deletions":0},"java":{"insertions":1,"deletions":1}}}]},{"date":"2022-02-26","commitResults":[{"hash":"745de914c645b5d48abd728ae6eafd0de07645d2","messageTitle":"Update Duke.java","messageBody":"Teach Duke to deal with errors such as incorrect inputs entered by user.\n","tags":["Level-5"],"fileTypesAndContributionMap":{"java":{"insertions":6,"deletions":1}}},{"hash":"8439e29a6a000f49d48e93ba40f8e8a2a0f820ca","messageTitle":"Update Duke.java","messageBody":"Add support for deleting tasks from the list.\n","tags":["Level-6"],"fileTypesAndContributionMap":{"java":{"insertions":15,"deletions":0}}}]}]},"authorFileTypeContributionMap":{"LikHern":{"java":167,"md":0,"fxml":0,"sh":0,"bat":0,"gradle":0,"txt":15}},"authorContributionVariance":{"LikHern":352.70456},"authorDisplayNameMap":{"LikHern":"CS2103-W16-3 LOW ..HERN"}}
