{"authorDailyContributionsMap":{"tsumian":[{"date":"2022-01-18","commitResults":[{"hash":"a3874ee71220b600b79e0d6b226b3363b6c52a40","messageTitle":"Level-1","messageBody":"","tags":["Level-2"],"fileTypesAndContributionMap":{"java":{"insertions":15,"deletions":0}}}]},{"date":"2022-01-19","commitResults":[{"hash":"943a8b03f61d736ecb53250013c80d8528bda6ea","messageTitle":"Level-2","messageBody":"","fileTypesAndContributionMap":{"java":{"insertions":2,"deletions":0}}},{"hash":"8857b50735bf476d3b76543a6891d022ac789cc0","messageTitle":"Level-2","messageBody":"","fileTypesAndContributionMap":{"java":{"insertions":35,"deletions":2}}},{"hash":"d3c0c7e8d7150d1168bd260ea3c07991b6a6ade2","messageTitle":"Level-3","messageBody":"","tags":["Level-3"],"fileTypesAndContributionMap":{"java":{"insertions":79,"deletions":11}}}]},{"date":"2022-01-20","commitResults":[{"hash":"4c9a3bd110bbcf53905f3ee121180d27276688b0","messageTitle":"Todo, Events and Deadlines","messageBody":"","tags":["Level-4"],"fileTypesAndContributionMap":{"java":{"insertions":122,"deletions":13}}},{"hash":"af1e8aeb43f28a917bfa0ba0a168e3e8b53d344c","messageTitle":"Level-4","messageBody":"","fileTypesAndContributionMap":{"java":{"insertions":2,"deletions":1}}}]},{"date":"2022-01-21","commitResults":[{"hash":"e1b607041bb57c3c242afbd5b61cb2dbf4a1f947","messageTitle":"A-TextUiTesing","messageBody":"","tags":["A-TextUiTesting"],"fileTypesAndContributionMap":{"txt":{"insertions":11,"deletions":0},"java":{"insertions":8,"deletions":8},"sh":{"insertions":1,"deletions":1}}},{"hash":"3f18255c13eec776fde82b971ef9ac96e42091a0","messageTitle":"Level-5","messageBody":"","tags":["Level-5"],"fileTypesAndContributionMap":{"java":{"insertions":247,"deletions":69}}},{"hash":"7284565c2b0011ae1c31bb808cf0c62d4a85bba9","messageTitle":"Level-6","messageBody":"","tags":["Level-6"],"fileTypesAndContributionMap":{"java":{"insertions":35,"deletions":68}}},{"hash":"a4c25003620011cac036b02a71825ff61f3cb27c","messageTitle":"no message","messageBody":"","fileTypesAndContributionMap":{"java":{"insertions":0,"deletions":5}}},{"hash":"6ff6875200c99e6e39af0be2d0f6a074f61e2a6c","messageTitle":"Revert \"no message\"","messageBody":"This reverts commit a4c25003620011cac036b02a71825ff61f3cb27c.\n","fileTypesAndContributionMap":{"java":{"insertions":5,"deletions":0}}}]},{"date":"2022-01-26","commitResults":[{"hash":"48f53c52d6d31dfe81c3d3c6fda3f1c8bfc1b522","messageTitle":"Add save to disk function","messageBody":"","tags":["Level-7"],"fileTypesAndContributionMap":{"txt":{"insertions":2,"deletions":0},"java":{"insertions":128,"deletions":19}}},{"hash":"2edea37c199d0224083308b60ce28414c1a02dab","messageTitle":"Add Times and Dates to Events/Deadlines","messageBody":"","tags":["Level-8","A-MoreOOP"],"fileTypesAndContributionMap":{"txt":{"insertions":0,"deletions":2},"java":{"insertions":93,"deletions":5}}}]},{"date":"2022-01-28","commitResults":[{"hash":"2c7cd7459599c4bbe6d431ff1b7b5c675060094c","messageTitle":"Add packages Duke and Exception","messageBody":"","tags":["A-Packages"],"fileTypesAndContributionMap":{"java":{"insertions":28,"deletions":10}}}]},{"date":"2022-01-29","commitResults":[{"hash":"8e112450f4db2af8995b142c11594ef7b48f751c","messageTitle":"Add unit tests for task and ListStorage","messageBody":"","tags":["A-JUnit"],"fileTypesAndContributionMap":{"java":{"insertions":97,"deletions":1}}},{"hash":"d9fab5314118e7b96d091cacbcac25408c4ae3a0","messageTitle":"Add JAR file","messageBody":"","tags":["A-Jar"],"fileTypesAndContributionMap":{"txt":{"insertions":1,"deletions":0}}}]},{"date":"2022-01-30","commitResults":[{"hash":"d57a126218bc3d59b1f672fca73e4a57bcaa56c6","messageTitle":"Update JavaDoc","messageBody":"","tags":["A-JavaDoc"],"fileTypesAndContributionMap":{"java":{"insertions":79,"deletions":10}}},{"hash":"9af5ae695d3acfd33c32a4fc7ba5c4845d74aa08","messageTitle":"Update JavaDoc","messageBody":"","fileTypesAndContributionMap":{"java":{"insertions":145,"deletions":41}}},{"hash":"b459b9e8cfc49122372781708980c992b88440d3","messageTitle":"Update Coding Standard and JavaDoc","messageBody":"","tags":["A-CodingStandard"],"fileTypesAndContributionMap":{"java":{"insertions":74,"deletions":8}}},{"hash":"366c466f8fcec942adeccc8b7f0ea4a8329b7cea","messageTitle":"Add find function","messageBody":"","tags":["Level-9"],"fileTypesAndContributionMap":{"java":{"insertions":21,"deletions":2}}}]}]},"authorFileTypeContributionMap":{"tsumian":{"java":949,"md":0,"fxml":0,"sh":1,"bat":0,"gradle":0,"txt":12}},"authorContributionVariance":{"tsumian":19406.242},"authorDisplayNameMap":{"tsumian":"CS2103T-T13-1 THIA..MIAN"}}
