[{"path":"src/main/java/Duke.java","fileType":"java","lines":[{"lineNumber":1,"author":{"gitId":"ddx-510"},"content":"import java.util.ArrayList;","lastModifiedDate":"2022-01-16"},{"lineNumber":2,"author":{"gitId":"-"},"content":"import java.util.Scanner;","lastModifiedDate":"2022-01-12"},{"lineNumber":3,"author":{"gitId":"ddx-510"},"content":"","lastModifiedDate":"2022-01-14"},{"lineNumber":4,"author":{"gitId":"ddx-510"},"content":"import helperClasses.*;","lastModifiedDate":"2022-01-16"},{"lineNumber":5,"author":{"gitId":"-"},"content":"","lastModifiedDate":"2022-01-12"},{"lineNumber":6,"author":{"gitId":"-"},"content":"public class Duke {","lastModifiedDate":"2019-07-29"},{"lineNumber":7,"author":{"gitId":"-"},"content":"    private static boolean isEnd \u003d false;","lastModifiedDate":"2022-01-12"},{"lineNumber":8,"author":{"gitId":"ddx-510"},"content":"    private static final ArrayList\u003cTask\u003e TaskList \u003d new ArrayList\u003cTask\u003e();","lastModifiedDate":"2022-01-16"},{"lineNumber":9,"author":{"gitId":"ddx-510"},"content":"    private static final Scanner myObj \u003d new Scanner(System.in);","lastModifiedDate":"2022-01-16"},{"lineNumber":10,"author":{"gitId":"-"},"content":"","lastModifiedDate":"2022-01-12"},{"lineNumber":11,"author":{"gitId":"ddx-510"},"content":"    public enum Command{","lastModifiedDate":"2022-01-20"},{"lineNumber":12,"author":{"gitId":"ddx-510"},"content":"        BYE(\"bye\"),","lastModifiedDate":"2022-01-20"},{"lineNumber":13,"author":{"gitId":"ddx-510"},"content":"        LIST(\"list\"),","lastModifiedDate":"2022-01-20"},{"lineNumber":14,"author":{"gitId":"ddx-510"},"content":"        MARK(\"mark\"),","lastModifiedDate":"2022-01-20"},{"lineNumber":15,"author":{"gitId":"ddx-510"},"content":"        UNMARK(\"unmark\"),","lastModifiedDate":"2022-01-20"},{"lineNumber":16,"author":{"gitId":"ddx-510"},"content":"        DELETE(\"delete\"),","lastModifiedDate":"2022-01-20"},{"lineNumber":17,"author":{"gitId":"ddx-510"},"content":"        TODO(\"todo\"),","lastModifiedDate":"2022-01-20"},{"lineNumber":18,"author":{"gitId":"ddx-510"},"content":"        DEADLINE(\"deadline\"),","lastModifiedDate":"2022-01-20"},{"lineNumber":19,"author":{"gitId":"ddx-510"},"content":"        EVENT(\"event\");","lastModifiedDate":"2022-01-20"},{"lineNumber":20,"author":{"gitId":"ddx-510"},"content":"","lastModifiedDate":"2022-01-20"},{"lineNumber":21,"author":{"gitId":"ddx-510"},"content":"        private String command;","lastModifiedDate":"2022-01-20"},{"lineNumber":22,"author":{"gitId":"ddx-510"},"content":"        Command(String commandIN) {","lastModifiedDate":"2022-01-20"},{"lineNumber":23,"author":{"gitId":"ddx-510"},"content":"            this.command \u003d commandIN;","lastModifiedDate":"2022-01-20"},{"lineNumber":24,"author":{"gitId":"ddx-510"},"content":"        }","lastModifiedDate":"2022-01-20"},{"lineNumber":25,"author":{"gitId":"ddx-510"},"content":"","lastModifiedDate":"2022-01-20"},{"lineNumber":26,"author":{"gitId":"ddx-510"},"content":"        public String getCommand() {","lastModifiedDate":"2022-01-20"},{"lineNumber":27,"author":{"gitId":"ddx-510"},"content":"            return command;","lastModifiedDate":"2022-01-20"},{"lineNumber":28,"author":{"gitId":"ddx-510"},"content":"        }","lastModifiedDate":"2022-01-20"},{"lineNumber":29,"author":{"gitId":"ddx-510"},"content":"    }","lastModifiedDate":"2022-01-20"},{"lineNumber":30,"author":{"gitId":"-"},"content":"","lastModifiedDate":"2022-01-20"},{"lineNumber":31,"author":{"gitId":"-"},"content":"    public static void horizontalLine(){","lastModifiedDate":"2022-01-12"},{"lineNumber":32,"author":{"gitId":"-"},"content":"        System.out.println(\"____________________________________________________________\");","lastModifiedDate":"2022-01-12"},{"lineNumber":33,"author":{"gitId":"-"},"content":"    }","lastModifiedDate":"2022-01-12"},{"lineNumber":34,"author":{"gitId":"-"},"content":"","lastModifiedDate":"2022-01-12"},{"lineNumber":35,"author":{"gitId":"-"},"content":"    public static void greet(){","lastModifiedDate":"2022-01-12"},{"lineNumber":36,"author":{"gitId":"-"},"content":"        horizontalLine();","lastModifiedDate":"2022-01-12"},{"lineNumber":37,"author":{"gitId":"-"},"content":"        System.out.println(\"\\tHello I am DDX\");","lastModifiedDate":"2022-01-12"},{"lineNumber":38,"author":{"gitId":"-"},"content":"        System.out.println(\"\\tWhat can I do for you?\");","lastModifiedDate":"2022-01-12"},{"lineNumber":39,"author":{"gitId":"-"},"content":"        horizontalLine();","lastModifiedDate":"2022-01-12"},{"lineNumber":40,"author":{"gitId":"ddx-510"},"content":"","lastModifiedDate":"2022-01-15"},{"lineNumber":41,"author":{"gitId":"-"},"content":"    }","lastModifiedDate":"2022-01-12"},{"lineNumber":42,"author":{"gitId":"-"},"content":"","lastModifiedDate":"2022-01-12"},{"lineNumber":43,"author":{"gitId":"-"},"content":"    public static void echo() {","lastModifiedDate":"2022-01-12"},{"lineNumber":44,"author":{"gitId":"ddx-510"},"content":"        // Create a Scanner object","lastModifiedDate":"2022-01-15"},{"lineNumber":45,"author":{"gitId":"-"},"content":"        String input \u003d myObj.nextLine();","lastModifiedDate":"2022-01-12"},{"lineNumber":46,"author":{"gitId":"ddx-510"},"content":"        try{","lastModifiedDate":"2022-01-16"},{"lineNumber":47,"author":{"gitId":"ddx-510"},"content":"            if (input.equals(Command.BYE.getCommand())) {","lastModifiedDate":"2022-01-20"},{"lineNumber":48,"author":{"gitId":"ddx-510"},"content":"                // detect bye","lastModifiedDate":"2022-01-20"},{"lineNumber":49,"author":{"gitId":"ddx-510"},"content":"                Duke.bye();","lastModifiedDate":"2022-01-20"},{"lineNumber":50,"author":{"gitId":"ddx-510"},"content":"            } else if (input.equals(Command.LIST.getCommand())){","lastModifiedDate":"2022-01-20"},{"lineNumber":51,"author":{"gitId":"-"},"content":"                // detect list","lastModifiedDate":"2022-01-12"},{"lineNumber":52,"author":{"gitId":"-"},"content":"                Duke.list();","lastModifiedDate":"2022-01-12"},{"lineNumber":53,"author":{"gitId":"-"},"content":"            } else {","lastModifiedDate":"2022-01-12"},{"lineNumber":54,"author":{"gitId":"ddx-510"},"content":"                if (input.startsWith(Command.MARK.getCommand())","lastModifiedDate":"2022-01-20"},{"lineNumber":55,"author":{"gitId":"ddx-510"},"content":"                        || input.startsWith(Command.UNMARK.getCommand())","lastModifiedDate":"2022-01-20"},{"lineNumber":56,"author":{"gitId":"ddx-510"},"content":"                        || input.startsWith(Command.DELETE.getCommand())){","lastModifiedDate":"2022-01-20"},{"lineNumber":57,"author":{"gitId":"ddx-510"},"content":"                    boolean isDigit \u003d !Character.isDigit(input.charAt(input.length() - 1));","lastModifiedDate":"2022-01-16"},{"lineNumber":58,"author":{"gitId":"ddx-510"},"content":"                    int markDigit \u003d Character.getNumericValue(input.charAt(input.length() - 1));","lastModifiedDate":"2022-01-16"},{"lineNumber":59,"author":{"gitId":"ddx-510"},"content":"                    if (input.startsWith(Command.MARK.getCommand())){","lastModifiedDate":"2022-01-20"},{"lineNumber":60,"author":{"gitId":"-"},"content":"                        // detect mark","lastModifiedDate":"2022-01-12"},{"lineNumber":61,"author":{"gitId":"ddx-510"},"content":"                        if (isDigit) {","lastModifiedDate":"2022-01-16"},{"lineNumber":62,"author":{"gitId":"ddx-510"},"content":"                            throw new DukeException(\"☹ OOPS!!! The mark cannot be done.\");","lastModifiedDate":"2022-01-16"},{"lineNumber":63,"author":{"gitId":"ddx-510"},"content":"                        }","lastModifiedDate":"2022-01-16"},{"lineNumber":64,"author":{"gitId":"ddx-510"},"content":"                        if (markDigit - 1 \u003c 0 || (markDigit \u003e TaskList.size())){","lastModifiedDate":"2022-01-16"},{"lineNumber":65,"author":{"gitId":"ddx-510"},"content":"                            throw new DukeException(\"☹ OOPS!!! The task of a mark cannot be reached.\");","lastModifiedDate":"2022-01-16"},{"lineNumber":66,"author":{"gitId":"ddx-510"},"content":"                        }","lastModifiedDate":"2022-01-16"},{"lineNumber":67,"author":{"gitId":"ddx-510"},"content":"                        mark(markDigit - 1);","lastModifiedDate":"2022-01-16"},{"lineNumber":68,"author":{"gitId":"-"},"content":"                        return;","lastModifiedDate":"2022-01-12"},{"lineNumber":69,"author":{"gitId":"ddx-510"},"content":"                    }","lastModifiedDate":"2022-01-16"},{"lineNumber":70,"author":{"gitId":"ddx-510"},"content":"                    if (input.startsWith(Command.UNMARK.getCommand())) {","lastModifiedDate":"2022-01-20"},{"lineNumber":71,"author":{"gitId":"-"},"content":"                        // detect unmark","lastModifiedDate":"2022-01-12"},{"lineNumber":72,"author":{"gitId":"ddx-510"},"content":"                        if (isDigit) {","lastModifiedDate":"2022-01-16"},{"lineNumber":73,"author":{"gitId":"ddx-510"},"content":"                            throw new DukeException(\"☹ OOPS!!! The unmark cannot be done.\");","lastModifiedDate":"2022-01-16"},{"lineNumber":74,"author":{"gitId":"ddx-510"},"content":"                        }","lastModifiedDate":"2022-01-16"},{"lineNumber":75,"author":{"gitId":"ddx-510"},"content":"                        if (markDigit - 1 \u003c 0 || (markDigit \u003e TaskList.size())){","lastModifiedDate":"2022-01-16"},{"lineNumber":76,"author":{"gitId":"ddx-510"},"content":"                            throw new DukeException(\"☹ OOPS!!! The task of a unmark cannot be reached.\");","lastModifiedDate":"2022-01-16"},{"lineNumber":77,"author":{"gitId":"ddx-510"},"content":"                        }","lastModifiedDate":"2022-01-16"},{"lineNumber":78,"author":{"gitId":"ddx-510"},"content":"                        unmark(markDigit - 1);","lastModifiedDate":"2022-01-16"},{"lineNumber":79,"author":{"gitId":"-"},"content":"                        return;","lastModifiedDate":"2022-01-12"},{"lineNumber":80,"author":{"gitId":"ddx-510"},"content":"                    }","lastModifiedDate":"2022-01-16"},{"lineNumber":81,"author":{"gitId":"ddx-510"},"content":"                    if (input.startsWith(Command.DELETE.getCommand())) {","lastModifiedDate":"2022-01-20"},{"lineNumber":82,"author":{"gitId":"ddx-510"},"content":"                        // detect delete","lastModifiedDate":"2022-01-16"},{"lineNumber":83,"author":{"gitId":"ddx-510"},"content":"                        if (isDigit) {","lastModifiedDate":"2022-01-16"},{"lineNumber":84,"author":{"gitId":"ddx-510"},"content":"                            throw new DukeException(\"☹ OOPS!!! The delete cannot be done.\");","lastModifiedDate":"2022-01-16"},{"lineNumber":85,"author":{"gitId":"ddx-510"},"content":"                        }","lastModifiedDate":"2022-01-16"},{"lineNumber":86,"author":{"gitId":"ddx-510"},"content":"                        if (markDigit - 1 \u003c 0 || (markDigit \u003e TaskList.size())){","lastModifiedDate":"2022-01-16"},{"lineNumber":87,"author":{"gitId":"ddx-510"},"content":"                            throw new DukeException(\"☹ OOPS!!! The task of a delete cannot be reached.\");","lastModifiedDate":"2022-01-16"},{"lineNumber":88,"author":{"gitId":"ddx-510"},"content":"                        }","lastModifiedDate":"2022-01-16"},{"lineNumber":89,"author":{"gitId":"ddx-510"},"content":"                        delete(markDigit - 1);","lastModifiedDate":"2022-01-16"},{"lineNumber":90,"author":{"gitId":"ddx-510"},"content":"                    }","lastModifiedDate":"2022-01-16"},{"lineNumber":91,"author":{"gitId":"ddx-510"},"content":"                } else {","lastModifiedDate":"2022-01-14"},{"lineNumber":92,"author":{"gitId":"-"},"content":"                    // add task","lastModifiedDate":"2022-01-12"},{"lineNumber":93,"author":{"gitId":"ddx-510"},"content":"                    if (input.startsWith(Command.TODO.getCommand())) {","lastModifiedDate":"2022-01-20"},{"lineNumber":94,"author":{"gitId":"ddx-510"},"content":"                        // generate","lastModifiedDate":"2022-01-14"},{"lineNumber":95,"author":{"gitId":"ddx-510"},"content":"                        String description \u003d input.substring(4);","lastModifiedDate":"2022-01-16"},{"lineNumber":96,"author":{"gitId":"ddx-510"},"content":"                        if (Duke.isEmpty(description)) {","lastModifiedDate":"2022-01-16"},{"lineNumber":97,"author":{"gitId":"ddx-510"},"content":"                            throw new DukeException(\"☹ OOPS!!! The description of a todo cannot be empty.\");","lastModifiedDate":"2022-01-16"},{"lineNumber":98,"author":{"gitId":"ddx-510"},"content":"                        }","lastModifiedDate":"2022-01-16"},{"lineNumber":99,"author":{"gitId":"ddx-510"},"content":"                        addTodo(description);","lastModifiedDate":"2022-01-20"},{"lineNumber":100,"author":{"gitId":"ddx-510"},"content":"                    } else if (input.startsWith(Command.DEADLINE.getCommand())) {","lastModifiedDate":"2022-01-20"},{"lineNumber":101,"author":{"gitId":"ddx-510"},"content":"                        if (Duke.isEmpty(input.substring(8))){","lastModifiedDate":"2022-01-16"},{"lineNumber":102,"author":{"gitId":"ddx-510"},"content":"                            throw new DukeException(\"☹ OOPS!!! The description of a deadline cannot be empty.\");","lastModifiedDate":"2022-01-16"},{"lineNumber":103,"author":{"gitId":"ddx-510"},"content":"                        }","lastModifiedDate":"2022-01-16"},{"lineNumber":104,"author":{"gitId":"ddx-510"},"content":"                        if (!input.contains(\"/by\")) {","lastModifiedDate":"2022-01-16"},{"lineNumber":105,"author":{"gitId":"ddx-510"},"content":"                            throw new DukeException(\"☹ OOPS!!! The date of a deadline cannot be empty.\");","lastModifiedDate":"2022-01-16"},{"lineNumber":106,"author":{"gitId":"ddx-510"},"content":"                        }","lastModifiedDate":"2022-01-16"},{"lineNumber":107,"author":{"gitId":"ddx-510"},"content":"                        int byPos \u003d input.indexOf(\"/by\");","lastModifiedDate":"2022-01-14"},{"lineNumber":108,"author":{"gitId":"ddx-510"},"content":"                        String description \u003d input.substring(9,byPos);","lastModifiedDate":"2022-01-14"},{"lineNumber":109,"author":{"gitId":"ddx-510"},"content":"                        String by \u003d input.substring(byPos+4);","lastModifiedDate":"2022-01-14"},{"lineNumber":110,"author":{"gitId":"ddx-510"},"content":"                        addDdl(description, by);","lastModifiedDate":"2022-01-20"},{"lineNumber":111,"author":{"gitId":"ddx-510"},"content":"                    } else if (input.startsWith(Command.EVENT.getCommand())) {","lastModifiedDate":"2022-01-20"},{"lineNumber":112,"author":{"gitId":"ddx-510"},"content":"                        if (Duke.isEmpty(input.substring(5))){","lastModifiedDate":"2022-01-16"},{"lineNumber":113,"author":{"gitId":"ddx-510"},"content":"                            throw new DukeException(\"☹ OOPS!!! The description of a event cannot be empty.\");","lastModifiedDate":"2022-01-16"},{"lineNumber":114,"author":{"gitId":"ddx-510"},"content":"                        }","lastModifiedDate":"2022-01-16"},{"lineNumber":115,"author":{"gitId":"ddx-510"},"content":"                        if (!input.contains(\"/at\")) {","lastModifiedDate":"2022-01-16"},{"lineNumber":116,"author":{"gitId":"ddx-510"},"content":"                            throw new DukeException(\"☹ OOPS!!! The date of a event cannot be empty.\");","lastModifiedDate":"2022-01-16"},{"lineNumber":117,"author":{"gitId":"ddx-510"},"content":"                        }","lastModifiedDate":"2022-01-16"},{"lineNumber":118,"author":{"gitId":"ddx-510"},"content":"                        int atPos \u003d input.indexOf(\"/at\");","lastModifiedDate":"2022-01-14"},{"lineNumber":119,"author":{"gitId":"ddx-510"},"content":"                        String description \u003d input.substring(6,atPos);","lastModifiedDate":"2022-01-14"},{"lineNumber":120,"author":{"gitId":"ddx-510"},"content":"                        String at \u003d input.substring(atPos+4);","lastModifiedDate":"2022-01-14"},{"lineNumber":121,"author":{"gitId":"ddx-510"},"content":"                        addEvent(description, at);","lastModifiedDate":"2022-01-20"},{"lineNumber":122,"author":{"gitId":"ddx-510"},"content":"                    } else {","lastModifiedDate":"2022-01-14"},{"lineNumber":123,"author":{"gitId":"ddx-510"},"content":"                        throw new DukeException(\"☹ OOPS!!! I\u0027m sorry, but I don\u0027t know what that means :-(\");","lastModifiedDate":"2022-01-16"},{"lineNumber":124,"author":{"gitId":"ddx-510"},"content":"                    }","lastModifiedDate":"2022-01-14"},{"lineNumber":125,"author":{"gitId":"-"},"content":"                }","lastModifiedDate":"2022-01-12"},{"lineNumber":126,"author":{"gitId":"-"},"content":"            }","lastModifiedDate":"2022-01-12"},{"lineNumber":127,"author":{"gitId":"ddx-510"},"content":"        } catch (DukeException e){","lastModifiedDate":"2022-01-16"},{"lineNumber":128,"author":{"gitId":"ddx-510"},"content":"            horizontalLine();","lastModifiedDate":"2022-01-16"},{"lineNumber":129,"author":{"gitId":"ddx-510"},"content":"            System.out.println(e.getMessage());","lastModifiedDate":"2022-01-16"},{"lineNumber":130,"author":{"gitId":"ddx-510"},"content":"            horizontalLine();","lastModifiedDate":"2022-01-16"},{"lineNumber":131,"author":{"gitId":"ddx-510"},"content":"        }","lastModifiedDate":"2022-01-16"},{"lineNumber":132,"author":{"gitId":"ddx-510"},"content":"    }","lastModifiedDate":"2022-01-16"},{"lineNumber":133,"author":{"gitId":"ddx-510"},"content":"","lastModifiedDate":"2022-01-16"},{"lineNumber":134,"author":{"gitId":"ddx-510"},"content":"    public static boolean isEmpty(String input) {","lastModifiedDate":"2022-01-16"},{"lineNumber":135,"author":{"gitId":"ddx-510"},"content":"        if (input.equals(\"\")) {","lastModifiedDate":"2022-01-16"},{"lineNumber":136,"author":{"gitId":"ddx-510"},"content":"            return true;","lastModifiedDate":"2022-01-16"},{"lineNumber":137,"author":{"gitId":"ddx-510"},"content":"        }","lastModifiedDate":"2022-01-16"},{"lineNumber":138,"author":{"gitId":"ddx-510"},"content":"        int curr \u003d 0;","lastModifiedDate":"2022-01-16"},{"lineNumber":139,"author":{"gitId":"ddx-510"},"content":"        while (curr \u003c input.length()) {","lastModifiedDate":"2022-01-16"},{"lineNumber":140,"author":{"gitId":"ddx-510"},"content":"            if (input.charAt(curr) !\u003d \u0027 \u0027) {","lastModifiedDate":"2022-01-16"},{"lineNumber":141,"author":{"gitId":"ddx-510"},"content":"                return false;","lastModifiedDate":"2022-01-16"},{"lineNumber":142,"author":{"gitId":"-"},"content":"            }","lastModifiedDate":"2022-01-16"},{"lineNumber":143,"author":{"gitId":"ddx-510"},"content":"            curr++;","lastModifiedDate":"2022-01-16"},{"lineNumber":144,"author":{"gitId":"-"},"content":"        }","lastModifiedDate":"2022-01-16"},{"lineNumber":145,"author":{"gitId":"ddx-510"},"content":"        return true;","lastModifiedDate":"2022-01-16"},{"lineNumber":146,"author":{"gitId":"-"},"content":"    }","lastModifiedDate":"2022-01-12"},{"lineNumber":147,"author":{"gitId":"-"},"content":"","lastModifiedDate":"2022-01-12"},{"lineNumber":148,"author":{"gitId":"ddx-510"},"content":"    public static void bye(){","lastModifiedDate":"2022-01-20"},{"lineNumber":149,"author":{"gitId":"ddx-510"},"content":"        Duke.isEnd \u003d true;","lastModifiedDate":"2022-01-20"},{"lineNumber":150,"author":{"gitId":"ddx-510"},"content":"        String result \u003d \"\\tBye. Hope to see you again soon!\";","lastModifiedDate":"2022-01-20"},{"lineNumber":151,"author":{"gitId":"-"},"content":"        // print result","lastModifiedDate":"2022-01-20"},{"lineNumber":152,"author":{"gitId":"-"},"content":"        horizontalLine();","lastModifiedDate":"2022-01-20"},{"lineNumber":153,"author":{"gitId":"-"},"content":"        System.out.println(result);","lastModifiedDate":"2022-01-20"},{"lineNumber":154,"author":{"gitId":"-"},"content":"        horizontalLine();","lastModifiedDate":"2022-01-20"},{"lineNumber":155,"author":{"gitId":"ddx-510"},"content":"        myObj.close();","lastModifiedDate":"2022-01-20"},{"lineNumber":156,"author":{"gitId":"-"},"content":"    }","lastModifiedDate":"2022-01-20"},{"lineNumber":157,"author":{"gitId":"-"},"content":"","lastModifiedDate":"2022-01-20"},{"lineNumber":158,"author":{"gitId":"-"},"content":"    public static void list(){","lastModifiedDate":"2022-01-12"},{"lineNumber":159,"author":{"gitId":"-"},"content":"        horizontalLine();","lastModifiedDate":"2022-01-12"},{"lineNumber":160,"author":{"gitId":"-"},"content":"        System.out.println(\"Here are the tasks in your list:\");","lastModifiedDate":"2022-01-12"},{"lineNumber":161,"author":{"gitId":"ddx-510"},"content":"        for (int i \u003d 0; i \u003c TaskList.size() ; i++) {","lastModifiedDate":"2022-01-16"},{"lineNumber":162,"author":{"gitId":"ddx-510"},"content":"            if (TaskList.get(i) !\u003d null) {","lastModifiedDate":"2022-01-16"},{"lineNumber":163,"author":{"gitId":"ddx-510"},"content":"                System.out.format(\"%s. %s\\n\", i + 1, TaskList.get(i).toString());","lastModifiedDate":"2022-01-16"},{"lineNumber":164,"author":{"gitId":"-"},"content":"            }","lastModifiedDate":"2022-01-12"},{"lineNumber":165,"author":{"gitId":"-"},"content":"        }","lastModifiedDate":"2022-01-12"},{"lineNumber":166,"author":{"gitId":"-"},"content":"        horizontalLine();","lastModifiedDate":"2022-01-12"},{"lineNumber":167,"author":{"gitId":"-"},"content":"    }","lastModifiedDate":"2022-01-12"},{"lineNumber":168,"author":{"gitId":"-"},"content":"","lastModifiedDate":"2022-01-12"},{"lineNumber":169,"author":{"gitId":"-"},"content":"    public static void mark(int currTask){","lastModifiedDate":"2022-01-12"},{"lineNumber":170,"author":{"gitId":"ddx-510"},"content":"        TaskList.get(currTask).markAsDone();","lastModifiedDate":"2022-01-16"},{"lineNumber":171,"author":{"gitId":"-"},"content":"        horizontalLine();","lastModifiedDate":"2022-01-12"},{"lineNumber":172,"author":{"gitId":"-"},"content":"        System.out.println(\"Nice! I\u0027ve marked this task as done:\");","lastModifiedDate":"2022-01-12"},{"lineNumber":173,"author":{"gitId":"ddx-510"},"content":"        System.out.println(TaskList.get(currTask).toString());","lastModifiedDate":"2022-01-16"},{"lineNumber":174,"author":{"gitId":"-"},"content":"        horizontalLine();","lastModifiedDate":"2022-01-12"},{"lineNumber":175,"author":{"gitId":"-"},"content":"    }","lastModifiedDate":"2022-01-12"},{"lineNumber":176,"author":{"gitId":"-"},"content":"","lastModifiedDate":"2022-01-12"},{"lineNumber":177,"author":{"gitId":"-"},"content":"    public static void unmark(int currTask){","lastModifiedDate":"2022-01-12"},{"lineNumber":178,"author":{"gitId":"ddx-510"},"content":"        TaskList.get(currTask).markAsNotDone();","lastModifiedDate":"2022-01-16"},{"lineNumber":179,"author":{"gitId":"-"},"content":"        horizontalLine();","lastModifiedDate":"2022-01-12"},{"lineNumber":180,"author":{"gitId":"-"},"content":"        System.out.println(\"OK, I\u0027ve marked this task as not done yet:\");","lastModifiedDate":"2022-01-12"},{"lineNumber":181,"author":{"gitId":"ddx-510"},"content":"        System.out.println(TaskList.get(currTask).toString());","lastModifiedDate":"2022-01-16"},{"lineNumber":182,"author":{"gitId":"ddx-510"},"content":"        horizontalLine();","lastModifiedDate":"2022-01-16"},{"lineNumber":183,"author":{"gitId":"ddx-510"},"content":"    }","lastModifiedDate":"2022-01-16"},{"lineNumber":184,"author":{"gitId":"ddx-510"},"content":"","lastModifiedDate":"2022-01-16"},{"lineNumber":185,"author":{"gitId":"ddx-510"},"content":"    public static void addTodo(String description) {","lastModifiedDate":"2022-01-20"},{"lineNumber":186,"author":{"gitId":"ddx-510"},"content":"        ToDo temp \u003d new ToDo(description);","lastModifiedDate":"2022-01-20"},{"lineNumber":187,"author":{"gitId":"ddx-510"},"content":"        TaskList.add(temp);","lastModifiedDate":"2022-01-20"},{"lineNumber":188,"author":{"gitId":"ddx-510"},"content":"        String result \u003d String.format(\"Got it. I\u0027ve added this task:\\n\\t%s\\nNow you have %d tasks in the list.\",","lastModifiedDate":"2022-01-20"},{"lineNumber":189,"author":{"gitId":"ddx-510"},"content":"                temp.toString(),TaskList.size());","lastModifiedDate":"2022-01-20"},{"lineNumber":190,"author":{"gitId":"ddx-510"},"content":"        horizontalLine();","lastModifiedDate":"2022-01-20"},{"lineNumber":191,"author":{"gitId":"ddx-510"},"content":"        System.out.println(result);","lastModifiedDate":"2022-01-20"},{"lineNumber":192,"author":{"gitId":"ddx-510"},"content":"        horizontalLine();","lastModifiedDate":"2022-01-20"},{"lineNumber":193,"author":{"gitId":"ddx-510"},"content":"    }","lastModifiedDate":"2022-01-20"},{"lineNumber":194,"author":{"gitId":"ddx-510"},"content":"","lastModifiedDate":"2022-01-20"},{"lineNumber":195,"author":{"gitId":"ddx-510"},"content":"    public static void addDdl(String description, String by){","lastModifiedDate":"2022-01-20"},{"lineNumber":196,"author":{"gitId":"ddx-510"},"content":"        Deadline ddl \u003d new Deadline(description, by);","lastModifiedDate":"2022-01-20"},{"lineNumber":197,"author":{"gitId":"ddx-510"},"content":"        TaskList.add(ddl);","lastModifiedDate":"2022-01-20"},{"lineNumber":198,"author":{"gitId":"ddx-510"},"content":"        String result \u003d String.format(\"Got it. I\u0027ve added this task:\\n\\t%s\\nNow you have %d tasks in the list.\",","lastModifiedDate":"2022-01-20"},{"lineNumber":199,"author":{"gitId":"ddx-510"},"content":"                ddl.toString(), TaskList.size());","lastModifiedDate":"2022-01-20"},{"lineNumber":200,"author":{"gitId":"ddx-510"},"content":"        horizontalLine();","lastModifiedDate":"2022-01-20"},{"lineNumber":201,"author":{"gitId":"ddx-510"},"content":"        System.out.println(result);","lastModifiedDate":"2022-01-20"},{"lineNumber":202,"author":{"gitId":"ddx-510"},"content":"        horizontalLine();","lastModifiedDate":"2022-01-20"},{"lineNumber":203,"author":{"gitId":"ddx-510"},"content":"    }","lastModifiedDate":"2022-01-20"},{"lineNumber":204,"author":{"gitId":"ddx-510"},"content":"","lastModifiedDate":"2022-01-20"},{"lineNumber":205,"author":{"gitId":"ddx-510"},"content":"    public static void addEvent(String description, String at) {","lastModifiedDate":"2022-01-20"},{"lineNumber":206,"author":{"gitId":"ddx-510"},"content":"        Event event \u003d new Event(description, at);","lastModifiedDate":"2022-01-20"},{"lineNumber":207,"author":{"gitId":"ddx-510"},"content":"        TaskList.add(event);","lastModifiedDate":"2022-01-20"},{"lineNumber":208,"author":{"gitId":"ddx-510"},"content":"        String result \u003d String.format(\"Got it. I\u0027ve added this task:\\n\\t%s\\nNow you have %d tasks in the list.\",","lastModifiedDate":"2022-01-20"},{"lineNumber":209,"author":{"gitId":"ddx-510"},"content":"                event.toString(), TaskList.size());","lastModifiedDate":"2022-01-20"},{"lineNumber":210,"author":{"gitId":"-"},"content":"        horizontalLine();","lastModifiedDate":"2022-01-20"},{"lineNumber":211,"author":{"gitId":"ddx-510"},"content":"        System.out.println(result);","lastModifiedDate":"2022-01-20"},{"lineNumber":212,"author":{"gitId":"-"},"content":"        horizontalLine();","lastModifiedDate":"2022-01-20"},{"lineNumber":213,"author":{"gitId":"-"},"content":"    }","lastModifiedDate":"2022-01-20"},{"lineNumber":214,"author":{"gitId":"-"},"content":"","lastModifiedDate":"2022-01-20"},{"lineNumber":215,"author":{"gitId":"ddx-510"},"content":"    public static void delete(int currTask) {","lastModifiedDate":"2022-01-16"},{"lineNumber":216,"author":{"gitId":"ddx-510"},"content":"        horizontalLine();","lastModifiedDate":"2022-01-16"},{"lineNumber":217,"author":{"gitId":"ddx-510"},"content":"        System.out.println(\"OK, I\u0027ve removed this task:\");","lastModifiedDate":"2022-01-16"},{"lineNumber":218,"author":{"gitId":"ddx-510"},"content":"        System.out.println(\"\\t\" + TaskList.get(currTask).toString());","lastModifiedDate":"2022-01-16"},{"lineNumber":219,"author":{"gitId":"ddx-510"},"content":"        TaskList.remove(currTask);","lastModifiedDate":"2022-01-16"},{"lineNumber":220,"author":{"gitId":"ddx-510"},"content":"        System.out.format(\"Now you have %d tasks in the list.\\n\",TaskList.size());","lastModifiedDate":"2022-01-16"},{"lineNumber":221,"author":{"gitId":"-"},"content":"        horizontalLine();","lastModifiedDate":"2022-01-12"},{"lineNumber":222,"author":{"gitId":"-"},"content":"    }","lastModifiedDate":"2022-01-12"},{"lineNumber":223,"author":{"gitId":"-"},"content":"","lastModifiedDate":"2022-01-12"},{"lineNumber":224,"author":{"gitId":"-"},"content":"    public static void main(String[] args) {","lastModifiedDate":"2019-07-29"},{"lineNumber":225,"author":{"gitId":"-"},"content":"        greet();","lastModifiedDate":"2022-01-12"},{"lineNumber":226,"author":{"gitId":"-"},"content":"        while (!isEnd) {","lastModifiedDate":"2022-01-12"},{"lineNumber":227,"author":{"gitId":"-"},"content":"            echo();","lastModifiedDate":"2022-01-12"},{"lineNumber":228,"author":{"gitId":"-"},"content":"        }","lastModifiedDate":"2022-01-12"},{"lineNumber":229,"author":{"gitId":"-"},"content":"    }","lastModifiedDate":"2019-07-29"},{"lineNumber":230,"author":{"gitId":"-"},"content":"}","lastModifiedDate":"2019-07-29"}],"authorContributionMap":{"ddx-510":160,"-":70}},{"path":"src/main/java/helperClasses/Deadline.java","fileType":"java","lines":[{"lineNumber":1,"author":{"gitId":"ddx-510"},"content":"package helperClasses;","lastModifiedDate":"2022-01-14"},{"lineNumber":2,"author":{"gitId":"ddx-510"},"content":"","lastModifiedDate":"2022-01-14"},{"lineNumber":3,"author":{"gitId":"ddx-510"},"content":"public class Deadline extends Task {","lastModifiedDate":"2022-01-14"},{"lineNumber":4,"author":{"gitId":"ddx-510"},"content":"","lastModifiedDate":"2022-01-14"},{"lineNumber":5,"author":{"gitId":"ddx-510"},"content":"    protected String by;","lastModifiedDate":"2022-01-14"},{"lineNumber":6,"author":{"gitId":"ddx-510"},"content":"","lastModifiedDate":"2022-01-14"},{"lineNumber":7,"author":{"gitId":"ddx-510"},"content":"    public Deadline(String description, String by) {","lastModifiedDate":"2022-01-14"},{"lineNumber":8,"author":{"gitId":"ddx-510"},"content":"        super(description);","lastModifiedDate":"2022-01-14"},{"lineNumber":9,"author":{"gitId":"ddx-510"},"content":"        this.by \u003d by;","lastModifiedDate":"2022-01-14"},{"lineNumber":10,"author":{"gitId":"ddx-510"},"content":"    }","lastModifiedDate":"2022-01-14"},{"lineNumber":11,"author":{"gitId":"ddx-510"},"content":"","lastModifiedDate":"2022-01-14"},{"lineNumber":12,"author":{"gitId":"ddx-510"},"content":"    @Override","lastModifiedDate":"2022-01-14"},{"lineNumber":13,"author":{"gitId":"ddx-510"},"content":"    public String toString() {","lastModifiedDate":"2022-01-14"},{"lineNumber":14,"author":{"gitId":"ddx-510"},"content":"        return \"[D]\" + super.toString() + \" (by: \" + by + \")\";","lastModifiedDate":"2022-01-14"},{"lineNumber":15,"author":{"gitId":"ddx-510"},"content":"    }","lastModifiedDate":"2022-01-14"},{"lineNumber":16,"author":{"gitId":"ddx-510"},"content":"}","lastModifiedDate":"2022-01-14"}],"authorContributionMap":{"ddx-510":16}},{"path":"src/main/java/helperClasses/DukeException.java","fileType":"java","lines":[{"lineNumber":1,"author":{"gitId":"ddx-510"},"content":"package helperClasses;","lastModifiedDate":"2022-01-16"},{"lineNumber":2,"author":{"gitId":"ddx-510"},"content":"","lastModifiedDate":"2022-01-16"},{"lineNumber":3,"author":{"gitId":"ddx-510"},"content":"public class DukeException extends Exception{","lastModifiedDate":"2022-01-16"},{"lineNumber":4,"author":{"gitId":"ddx-510"},"content":"","lastModifiedDate":"2022-01-16"},{"lineNumber":5,"author":{"gitId":"ddx-510"},"content":"    public DukeException(String errorMessage) {","lastModifiedDate":"2022-01-16"},{"lineNumber":6,"author":{"gitId":"ddx-510"},"content":"        super(errorMessage);","lastModifiedDate":"2022-01-16"},{"lineNumber":7,"author":{"gitId":"ddx-510"},"content":"    }","lastModifiedDate":"2022-01-16"},{"lineNumber":8,"author":{"gitId":"ddx-510"},"content":"","lastModifiedDate":"2022-01-16"},{"lineNumber":9,"author":{"gitId":"ddx-510"},"content":"}","lastModifiedDate":"2022-01-16"}],"authorContributionMap":{"ddx-510":9}},{"path":"src/main/java/helperClasses/Event.java","fileType":"java","lines":[{"lineNumber":1,"author":{"gitId":"ddx-510"},"content":"package helperClasses;","lastModifiedDate":"2022-01-14"},{"lineNumber":2,"author":{"gitId":"ddx-510"},"content":"","lastModifiedDate":"2022-01-14"},{"lineNumber":3,"author":{"gitId":"ddx-510"},"content":"public class Event extends Task {","lastModifiedDate":"2022-01-14"},{"lineNumber":4,"author":{"gitId":"ddx-510"},"content":"","lastModifiedDate":"2022-01-14"},{"lineNumber":5,"author":{"gitId":"ddx-510"},"content":"    protected String at;","lastModifiedDate":"2022-01-14"},{"lineNumber":6,"author":{"gitId":"ddx-510"},"content":"","lastModifiedDate":"2022-01-14"},{"lineNumber":7,"author":{"gitId":"ddx-510"},"content":"    public Event(String description, String at) {","lastModifiedDate":"2022-01-14"},{"lineNumber":8,"author":{"gitId":"ddx-510"},"content":"        super(description);","lastModifiedDate":"2022-01-14"},{"lineNumber":9,"author":{"gitId":"ddx-510"},"content":"        this.at \u003d at;","lastModifiedDate":"2022-01-14"},{"lineNumber":10,"author":{"gitId":"ddx-510"},"content":"    }","lastModifiedDate":"2022-01-14"},{"lineNumber":11,"author":{"gitId":"ddx-510"},"content":"","lastModifiedDate":"2022-01-14"},{"lineNumber":12,"author":{"gitId":"ddx-510"},"content":"    @Override","lastModifiedDate":"2022-01-14"},{"lineNumber":13,"author":{"gitId":"ddx-510"},"content":"    public String toString() {","lastModifiedDate":"2022-01-14"},{"lineNumber":14,"author":{"gitId":"ddx-510"},"content":"        return \"[E]\" + super.toString() + \" (at: \" + at + \")\";","lastModifiedDate":"2022-01-14"},{"lineNumber":15,"author":{"gitId":"ddx-510"},"content":"    }","lastModifiedDate":"2022-01-14"},{"lineNumber":16,"author":{"gitId":"ddx-510"},"content":"}","lastModifiedDate":"2022-01-14"},{"lineNumber":17,"author":{"gitId":"ddx-510"},"content":"","lastModifiedDate":"2022-01-14"}],"authorContributionMap":{"ddx-510":17}},{"path":"src/main/java/helperClasses/Task.java","fileType":"java","lines":[{"lineNumber":1,"author":{"gitId":"-"},"content":"package helperClasses;","lastModifiedDate":"2022-01-12"},{"lineNumber":2,"author":{"gitId":"-"},"content":"public class Task {","lastModifiedDate":"2022-01-12"},{"lineNumber":3,"author":{"gitId":"-"},"content":"    protected String description;","lastModifiedDate":"2022-01-12"},{"lineNumber":4,"author":{"gitId":"-"},"content":"    protected boolean isDone;","lastModifiedDate":"2022-01-12"},{"lineNumber":5,"author":{"gitId":"-"},"content":"","lastModifiedDate":"2022-01-12"},{"lineNumber":6,"author":{"gitId":"-"},"content":"    public Task(String description) {","lastModifiedDate":"2022-01-12"},{"lineNumber":7,"author":{"gitId":"-"},"content":"        this.description \u003d description;","lastModifiedDate":"2022-01-12"},{"lineNumber":8,"author":{"gitId":"-"},"content":"        this.isDone \u003d false;","lastModifiedDate":"2022-01-12"},{"lineNumber":9,"author":{"gitId":"-"},"content":"    }","lastModifiedDate":"2022-01-12"},{"lineNumber":10,"author":{"gitId":"-"},"content":"","lastModifiedDate":"2022-01-12"},{"lineNumber":11,"author":{"gitId":"-"},"content":"    public String getStatusIcon() {","lastModifiedDate":"2022-01-12"},{"lineNumber":12,"author":{"gitId":"-"},"content":"        return (isDone ? \"X\" : \" \"); // mark done task with X","lastModifiedDate":"2022-01-12"},{"lineNumber":13,"author":{"gitId":"-"},"content":"    }","lastModifiedDate":"2022-01-12"},{"lineNumber":14,"author":{"gitId":"-"},"content":"","lastModifiedDate":"2022-01-12"},{"lineNumber":15,"author":{"gitId":"-"},"content":"    public String getDescription() {","lastModifiedDate":"2022-01-12"},{"lineNumber":16,"author":{"gitId":"-"},"content":"        return this.description; // mark done task with X","lastModifiedDate":"2022-01-12"},{"lineNumber":17,"author":{"gitId":"-"},"content":"    }","lastModifiedDate":"2022-01-12"},{"lineNumber":18,"author":{"gitId":"-"},"content":"","lastModifiedDate":"2022-01-12"},{"lineNumber":19,"author":{"gitId":"-"},"content":"    public void markAsDone(){","lastModifiedDate":"2022-01-12"},{"lineNumber":20,"author":{"gitId":"-"},"content":"        this.isDone \u003d true;","lastModifiedDate":"2022-01-12"},{"lineNumber":21,"author":{"gitId":"-"},"content":"    }","lastModifiedDate":"2022-01-12"},{"lineNumber":22,"author":{"gitId":"-"},"content":"","lastModifiedDate":"2022-01-12"},{"lineNumber":23,"author":{"gitId":"-"},"content":"    public void markAsNotDone(){","lastModifiedDate":"2022-01-12"},{"lineNumber":24,"author":{"gitId":"-"},"content":"        this.isDone \u003d false;","lastModifiedDate":"2022-01-12"},{"lineNumber":25,"author":{"gitId":"-"},"content":"    }","lastModifiedDate":"2022-01-12"},{"lineNumber":26,"author":{"gitId":"ddx-510"},"content":"","lastModifiedDate":"2022-01-14"},{"lineNumber":27,"author":{"gitId":"ddx-510"},"content":"    @Override","lastModifiedDate":"2022-01-14"},{"lineNumber":28,"author":{"gitId":"ddx-510"},"content":"    public String toString() {","lastModifiedDate":"2022-01-14"},{"lineNumber":29,"author":{"gitId":"ddx-510"},"content":"        return String.format(\"[%s] %s\", this.getStatusIcon(), this.getDescription());","lastModifiedDate":"2022-01-14"},{"lineNumber":30,"author":{"gitId":"ddx-510"},"content":"    }","lastModifiedDate":"2022-01-14"},{"lineNumber":31,"author":{"gitId":"-"},"content":"}","lastModifiedDate":"2022-01-12"}],"authorContributionMap":{"ddx-510":5,"-":26}},{"path":"src/main/java/helperClasses/ToDo.java","fileType":"java","lines":[{"lineNumber":1,"author":{"gitId":"ddx-510"},"content":"package helperClasses;","lastModifiedDate":"2022-01-14"},{"lineNumber":2,"author":{"gitId":"ddx-510"},"content":"","lastModifiedDate":"2022-01-14"},{"lineNumber":3,"author":{"gitId":"ddx-510"},"content":"public class ToDo extends Task{","lastModifiedDate":"2022-01-14"},{"lineNumber":4,"author":{"gitId":"ddx-510"},"content":"    public ToDo(String description) {","lastModifiedDate":"2022-01-14"},{"lineNumber":5,"author":{"gitId":"ddx-510"},"content":"        super(description);","lastModifiedDate":"2022-01-14"},{"lineNumber":6,"author":{"gitId":"ddx-510"},"content":"    }","lastModifiedDate":"2022-01-14"},{"lineNumber":7,"author":{"gitId":"ddx-510"},"content":"","lastModifiedDate":"2022-01-14"},{"lineNumber":8,"author":{"gitId":"ddx-510"},"content":"    @Override","lastModifiedDate":"2022-01-14"},{"lineNumber":9,"author":{"gitId":"ddx-510"},"content":"    public String toString() {","lastModifiedDate":"2022-01-14"},{"lineNumber":10,"author":{"gitId":"ddx-510"},"content":"        return \"[T]\" + super.toString();","lastModifiedDate":"2022-01-14"},{"lineNumber":11,"author":{"gitId":"ddx-510"},"content":"    }","lastModifiedDate":"2022-01-14"},{"lineNumber":12,"author":{"gitId":"ddx-510"},"content":"}","lastModifiedDate":"2022-01-14"}],"authorContributionMap":{"ddx-510":12}},{"path":"text-ui-test/input.txt","fileType":"txt","lines":[{"lineNumber":1,"author":{"gitId":"ddx-510"},"content":"todo borrow book","lastModifiedDate":"2022-01-15"},{"lineNumber":2,"author":{"gitId":"ddx-510"},"content":"deadline return book /by Sunday","lastModifiedDate":"2022-01-15"},{"lineNumber":3,"author":{"gitId":"ddx-510"},"content":"event project meeting /at Mon 2-4pm","lastModifiedDate":"2022-01-15"},{"lineNumber":4,"author":{"gitId":"ddx-510"},"content":"list","lastModifiedDate":"2022-01-15"},{"lineNumber":5,"author":{"gitId":"ddx-510"},"content":"mark 1","lastModifiedDate":"2022-01-15"},{"lineNumber":6,"author":{"gitId":"ddx-510"},"content":"mark 2","lastModifiedDate":"2022-01-15"},{"lineNumber":7,"author":{"gitId":"ddx-510"},"content":"mark 3","lastModifiedDate":"2022-01-15"},{"lineNumber":8,"author":{"gitId":"ddx-510"},"content":"list","lastModifiedDate":"2022-01-15"},{"lineNumber":9,"author":{"gitId":"ddx-510"},"content":"bye","lastModifiedDate":"2022-01-15"}],"authorContributionMap":{"ddx-510":9}}]
