{"authorDailyContributionsMap":{"yumengtan":[{"date":"2022-01-18","commitResults":[{"hash":"fed31a51080b9a5b6e5b0f353468f0f312f36983","messageTitle":"level 1","messageBody":"","tags":["Level-1.Greet,Echo,Exit"],"fileTypesAndContributionMap":{"java":{"insertions":32,"deletions":6}}},{"hash":"90e3a822c8544a87af52c5bf888e35821d2839a0","messageTitle":"Level 2. Add, List","messageBody":"","tags":["Level-2.Add,List"],"fileTypesAndContributionMap":{"java":{"insertions":40,"deletions":13}}},{"hash":"1ece3196d0df190ce624edbbfa3e80f3b7bca6d7","messageTitle":"Level 3. Mark as Done","messageBody":"","tags":["Level-3"],"fileTypesAndContributionMap":{"java":{"insertions":67,"deletions":11}}},{"hash":"cb08def0f5ce61d5a1f96ae953437fe7f4c07e3a","messageTitle":"Level 4. ToDos, Events, Deadlines","messageBody":"","tags":["Level-4"],"fileTypesAndContributionMap":{"java":{"insertions":93,"deletions":2}}},{"hash":"ef9b45069d0c88ece64f7db1aa48eedcc59cdb21","messageTitle":" one word command error","messageBody":"","fileTypesAndContributionMap":{"java":{"insertions":34,"deletions":21}}},{"hash":"ff1c11ccc731d819c94e5728832c48c1be5462d3","messageTitle":"A-TextUITesting: Automated Text UI Testing","messageBody":"","tags":["A-TextUiTesting"],"fileTypesAndContributionMap":{"txt":{"insertions":8,"deletions":0}}}]},{"date":"2022-01-19","commitResults":[{"hash":"da74226a0ee871378cfabc474b4ec568d40ee800","messageTitle":"Level 5. Handle Errors.","messageBody":"","tags":["Level-5"],"fileTypesAndContributionMap":{"java":{"insertions":119,"deletions":31}}},{"hash":"ac30ff8fb0af8053394310a521a9e86d4e146005","messageTitle":"Handled Upper case for commands","messageBody":"","fileTypesAndContributionMap":{"java":{"insertions":2,"deletions":1}}},{"hash":"1bcb1de6b919f01347b595e5804bed672323fa06","messageTitle":"Level 6. Delete","messageBody":"","tags":["Level-6"],"fileTypesAndContributionMap":{"java":{"insertions":17,"deletions":11}}}]},{"date":"2022-01-20","commitResults":[{"hash":"87c9e5604a57095de2f177f127d4f5839a1d8a8f","messageTitle":"Added Exceptions to package","messageBody":"","fileTypesAndContributionMap":{"java":{"insertions":10,"deletions":0}}},{"hash":"a95995cc8e9f8789b82aa5799028a6d3ce2e6b2b","messageTitle":"added help commands","messageBody":"","fileTypesAndContributionMap":{"java":{"insertions":37,"deletions":22}}},{"hash":"cec34e1ef70af3c67a90b60163ddcc074909825a","messageTitle":"fixed todo/deadline/event command not working","messageBody":"","fileTypesAndContributionMap":{"java":{"insertions":2,"deletions":1}}}]},{"date":"2022-01-27","commitResults":[{"hash":"18b6adce3cb0630cf0d6be8be08ce5ab7a1076c7","messageTitle":"Save","messageBody":"","fileTypesAndContributionMap":{"java":{"insertions":282,"deletions":0}}},{"hash":"419f8726c503ee4dcb7ac316d5dbf8cecf8476d5","messageTitle":"Fixed Load function","messageBody":"","tags":["Level-7"],"fileTypesAndContributionMap":{"java":{"insertions":37,"deletions":20}}}]},{"date":"2022-01-28","commitResults":[{"hash":"616417b1336c01832a27d524adc45e6e39492981","messageTitle":"Add Date and Time","messageBody":"","tags":["Level-8"],"fileTypesAndContributionMap":{"java":{"insertions":182,"deletions":20}}},{"hash":"da44aaaa7f289ef7f2ee5ba720ad93963e178755","messageTitle":"Fixed loadlist error","messageBody":"","fileTypesAndContributionMap":{"java":{"insertions":48,"deletions":50}}}]},{"date":"2022-01-29","commitResults":[{"hash":"ccc02d3ff7645c685cf787f88b227148b5f35b66","messageTitle":"Add A-MoreOOP","messageBody":"","tags":["A-MoreOOP"],"fileTypesAndContributionMap":{"java":{"insertions":343,"deletions":204}}},{"hash":"13765bbe712a8e2a4929e410bb6b648ce1e2308f","messageTitle":"Add A-Packages","messageBody":"","tags":["A-Packages"],"fileTypesAndContributionMap":{"java":{"insertions":51,"deletions":14}}},{"hash":"b1130f7d18b0aed416f1651e667e6b5c4cbf47d5","messageTitle":"A-JUnit","messageBody":"","tags":["A-JUnit"],"fileTypesAndContributionMap":{"java":{"insertions":64,"deletions":0}}},{"hash":"74f75d1428f6bf64ac426022b6eb71005f15b17a","messageTitle":"Change UI for empty list","messageBody":"","fileTypesAndContributionMap":{"java":{"insertions":11,"deletions":6}}}]},{"date":"2022-01-30","commitResults":[{"hash":"c4dbdfcf20d4c9aeb304ce56ac907913f178161c","messageTitle":"Add JavaDoc","messageBody":"","tags":["A-JavaDoc"],"fileTypesAndContributionMap":{"java":{"insertions":310,"deletions":89}}},{"hash":"c220c548964f6e18e652f2e0ffd9191b5ca57f89","messageTitle":"Add A-CodingStandard","messageBody":"","tags":["A-CodingStandard"],"fileTypesAndContributionMap":{"java":{"insertions":41,"deletions":40}}},{"hash":"abb12d3acf86cf688664ad9fce998ce46857fd50","messageTitle":"Add Find function","messageBody":"","tags":["Level-9"],"fileTypesAndContributionMap":{"java":{"insertions":62,"deletions":15}}},{"hash":"26bc6aede1a9c53995d7aabd83162327015c1ca7","messageTitle":"Reformat functions","messageBody":"","fileTypesAndContributionMap":{"java":{"insertions":39,"deletions":32}}},{"hash":"2e72f120307cf1650494aa9dc80e604434412c6b","messageTitle":"Edit find function","messageBody":"","fileTypesAndContributionMap":{"java":{"insertions":4,"deletions":1}}}]}]},"authorFileTypeContributionMap":{"yumengtan":{"java":1025,"md":0,"fxml":0,"sh":0,"bat":0,"gradle":0,"txt":8}},"authorContributionVariance":{"yumengtan":49984.21},"authorDisplayNameMap":{"yumengtan":"CS2103-F11-4 TAN ..MENG"}}
