[{"path":"src/main/java/Chat.java","fileType":"java","lines":[{"lineNumber":1,"author":{"gitId":"imrajsinghsandhu"},"content":"import java.util.*;","lastModifiedDate":"2022-01-20"},{"lineNumber":2,"author":{"gitId":"imrajsinghsandhu"},"content":"","lastModifiedDate":"2022-01-20"},{"lineNumber":3,"author":{"gitId":"imrajsinghsandhu"},"content":"public class Chat {","lastModifiedDate":"2022-01-20"},{"lineNumber":4,"author":{"gitId":"imrajsinghsandhu"},"content":"","lastModifiedDate":"2022-01-20"},{"lineNumber":5,"author":{"gitId":"imrajsinghsandhu"},"content":"    /**","lastModifiedDate":"2022-01-20"},{"lineNumber":6,"author":{"gitId":"imrajsinghsandhu"},"content":"     * This Chat version is just supposed to take in the commands,","lastModifiedDate":"2022-01-20"},{"lineNumber":7,"author":{"gitId":"imrajsinghsandhu"},"content":"     * and return them, thats all.","lastModifiedDate":"2022-01-20"},{"lineNumber":8,"author":{"gitId":"imrajsinghsandhu"},"content":"     */","lastModifiedDate":"2022-01-20"},{"lineNumber":9,"author":{"gitId":"imrajsinghsandhu"},"content":"","lastModifiedDate":"2022-01-20"},{"lineNumber":10,"author":{"gitId":"imrajsinghsandhu"},"content":"    public static String LINE_BREAK \u003d \"---------------\";","lastModifiedDate":"2022-01-20"},{"lineNumber":11,"author":{"gitId":"imrajsinghsandhu"},"content":"    public static String GREETING \u003d \"FUNNY FELLA WEIIIIII! \\nHow can I help Mr Singhhhhh?\";","lastModifiedDate":"2022-01-20"},{"lineNumber":12,"author":{"gitId":"imrajsinghsandhu"},"content":"    public static String BYE \u003d LINE_BREAK + \"\\n Byeeeee, come back again ah!\\n\" +","lastModifiedDate":"2022-01-20"},{"lineNumber":13,"author":{"gitId":"imrajsinghsandhu"},"content":"            LINE_BREAK;","lastModifiedDate":"2022-01-20"},{"lineNumber":14,"author":{"gitId":"imrajsinghsandhu"},"content":"    public static String LINE_INTRO \u003d \"Nah, here\u0027s your list\";","lastModifiedDate":"2022-01-20"},{"lineNumber":15,"author":{"gitId":"imrajsinghsandhu"},"content":"    public static String MARK_MESSAGE \u003d \"Power la Mr Bosssssss, mark alr bro!\";","lastModifiedDate":"2022-01-20"},{"lineNumber":16,"author":{"gitId":"imrajsinghsandhu"},"content":"    public static String UNMARK_MESSAGE \u003d \"No probs bro, unmarked already!\";","lastModifiedDate":"2022-01-20"},{"lineNumber":17,"author":{"gitId":"imrajsinghsandhu"},"content":"","lastModifiedDate":"2022-01-20"},{"lineNumber":18,"author":{"gitId":"imrajsinghsandhu"},"content":"    public static void main(String[] args) {","lastModifiedDate":"2022-01-20"},{"lineNumber":19,"author":{"gitId":"imrajsinghsandhu"},"content":"","lastModifiedDate":"2022-01-20"},{"lineNumber":20,"author":{"gitId":"imrajsinghsandhu"},"content":"        // an array of tasks","lastModifiedDate":"2022-01-20"},{"lineNumber":21,"author":{"gitId":"imrajsinghsandhu"},"content":"        Task[] list \u003d new Task[100];","lastModifiedDate":"2022-01-20"},{"lineNumber":22,"author":{"gitId":"imrajsinghsandhu"},"content":"        int counter \u003d 0;","lastModifiedDate":"2022-01-20"},{"lineNumber":23,"author":{"gitId":"imrajsinghsandhu"},"content":"        System.out.println(GREETING);","lastModifiedDate":"2022-01-20"},{"lineNumber":24,"author":{"gitId":"imrajsinghsandhu"},"content":"        // new Data Structure to hold the tasks","lastModifiedDate":"2022-01-20"},{"lineNumber":25,"author":{"gitId":"imrajsinghsandhu"},"content":"        ArrayList\u003cTask\u003e tasks \u003d new ArrayList\u003cTask\u003e();","lastModifiedDate":"2022-01-20"},{"lineNumber":26,"author":{"gitId":"imrajsinghsandhu"},"content":"","lastModifiedDate":"2022-01-20"},{"lineNumber":27,"author":{"gitId":"imrajsinghsandhu"},"content":"        // takes in the incoming prompt","lastModifiedDate":"2022-01-20"},{"lineNumber":28,"author":{"gitId":"imrajsinghsandhu"},"content":"        Scanner sc \u003d new Scanner(System.in);","lastModifiedDate":"2022-01-20"},{"lineNumber":29,"author":{"gitId":"imrajsinghsandhu"},"content":"","lastModifiedDate":"2022-01-20"},{"lineNumber":30,"author":{"gitId":"imrajsinghsandhu"},"content":"        // Outputs","lastModifiedDate":"2022-01-20"},{"lineNumber":31,"author":{"gitId":"imrajsinghsandhu"},"content":"        while (true) {","lastModifiedDate":"2022-01-20"},{"lineNumber":32,"author":{"gitId":"imrajsinghsandhu"},"content":"","lastModifiedDate":"2022-01-20"},{"lineNumber":33,"author":{"gitId":"imrajsinghsandhu"},"content":"            String input \u003d sc.nextLine();","lastModifiedDate":"2022-01-20"},{"lineNumber":34,"author":{"gitId":"imrajsinghsandhu"},"content":"","lastModifiedDate":"2022-01-20"},{"lineNumber":35,"author":{"gitId":"imrajsinghsandhu"},"content":"            // we will check from 0 to the first space","lastModifiedDate":"2022-01-20"},{"lineNumber":36,"author":{"gitId":"imrajsinghsandhu"},"content":"            // this will let us know of the command","lastModifiedDate":"2022-01-20"},{"lineNumber":37,"author":{"gitId":"imrajsinghsandhu"},"content":"            String[] command \u003d input.split(\" \");","lastModifiedDate":"2022-01-20"},{"lineNumber":38,"author":{"gitId":"imrajsinghsandhu"},"content":"","lastModifiedDate":"2022-01-20"},{"lineNumber":39,"author":{"gitId":"imrajsinghsandhu"},"content":"            if (input.equals(\"bye\")) {","lastModifiedDate":"2022-01-20"},{"lineNumber":40,"author":{"gitId":"imrajsinghsandhu"},"content":"                System.out.println(BYE);","lastModifiedDate":"2022-01-20"},{"lineNumber":41,"author":{"gitId":"imrajsinghsandhu"},"content":"                break;","lastModifiedDate":"2022-01-20"},{"lineNumber":42,"author":{"gitId":"imrajsinghsandhu"},"content":"            } else if (input.equals(\"list\")) {","lastModifiedDate":"2022-01-20"},{"lineNumber":43,"author":{"gitId":"imrajsinghsandhu"},"content":"","lastModifiedDate":"2022-01-20"},{"lineNumber":44,"author":{"gitId":"imrajsinghsandhu"},"content":"                System.out.println(LINE_BREAK);","lastModifiedDate":"2022-01-20"},{"lineNumber":45,"author":{"gitId":"imrajsinghsandhu"},"content":"                System.out.println(\"  \" + LINE_INTRO);","lastModifiedDate":"2022-01-20"},{"lineNumber":46,"author":{"gitId":"imrajsinghsandhu"},"content":"                int internalCounter \u003d 1;","lastModifiedDate":"2022-01-20"},{"lineNumber":47,"author":{"gitId":"imrajsinghsandhu"},"content":"","lastModifiedDate":"2022-01-20"},{"lineNumber":48,"author":{"gitId":"imrajsinghsandhu"},"content":"                // iterate through the list","lastModifiedDate":"2022-01-20"},{"lineNumber":49,"author":{"gitId":"imrajsinghsandhu"},"content":"                for (Task item : list) {","lastModifiedDate":"2022-01-20"},{"lineNumber":50,"author":{"gitId":"imrajsinghsandhu"},"content":"                    if (item !\u003d null) {","lastModifiedDate":"2022-01-20"},{"lineNumber":51,"author":{"gitId":"imrajsinghsandhu"},"content":"","lastModifiedDate":"2022-01-20"},{"lineNumber":52,"author":{"gitId":"imrajsinghsandhu"},"content":"                        String description \u003d item.getDescription();","lastModifiedDate":"2022-01-20"},{"lineNumber":53,"author":{"gitId":"imrajsinghsandhu"},"content":"                        System.out.println(","lastModifiedDate":"2022-01-20"},{"lineNumber":54,"author":{"gitId":"imrajsinghsandhu"},"content":"                                \" \" + internalCounter + \". \" + \"[\" + item.getStatusIcon() + \"] \" + description);","lastModifiedDate":"2022-01-20"},{"lineNumber":55,"author":{"gitId":"imrajsinghsandhu"},"content":"                        ++internalCounter;","lastModifiedDate":"2022-01-20"},{"lineNumber":56,"author":{"gitId":"imrajsinghsandhu"},"content":"                    } else {","lastModifiedDate":"2022-01-20"},{"lineNumber":57,"author":{"gitId":"imrajsinghsandhu"},"content":"                        break;","lastModifiedDate":"2022-01-20"},{"lineNumber":58,"author":{"gitId":"imrajsinghsandhu"},"content":"                    }","lastModifiedDate":"2022-01-20"},{"lineNumber":59,"author":{"gitId":"imrajsinghsandhu"},"content":"                }","lastModifiedDate":"2022-01-20"},{"lineNumber":60,"author":{"gitId":"imrajsinghsandhu"},"content":"                System.out.println(LINE_BREAK);","lastModifiedDate":"2022-01-20"},{"lineNumber":61,"author":{"gitId":"imrajsinghsandhu"},"content":"            } else if (command[0].equals(\"mark\")) {","lastModifiedDate":"2022-01-20"},{"lineNumber":62,"author":{"gitId":"imrajsinghsandhu"},"content":"","lastModifiedDate":"2022-01-20"},{"lineNumber":63,"author":{"gitId":"imrajsinghsandhu"},"content":"                int number \u003d Integer.parseInt(command[1]) - 1;","lastModifiedDate":"2022-01-20"},{"lineNumber":64,"author":{"gitId":"imrajsinghsandhu"},"content":"","lastModifiedDate":"2022-01-20"},{"lineNumber":65,"author":{"gitId":"imrajsinghsandhu"},"content":"                Task currTask \u003d list[number];","lastModifiedDate":"2022-01-20"},{"lineNumber":66,"author":{"gitId":"imrajsinghsandhu"},"content":"                boolean currState \u003d currTask.getIsDone();","lastModifiedDate":"2022-01-20"},{"lineNumber":67,"author":{"gitId":"imrajsinghsandhu"},"content":"                currTask.setDone(!currState);","lastModifiedDate":"2022-01-20"},{"lineNumber":68,"author":{"gitId":"imrajsinghsandhu"},"content":"","lastModifiedDate":"2022-01-20"},{"lineNumber":69,"author":{"gitId":"imrajsinghsandhu"},"content":"                System.out.println(LINE_BREAK);","lastModifiedDate":"2022-01-20"},{"lineNumber":70,"author":{"gitId":"imrajsinghsandhu"},"content":"                System.out.println(\"   \" + MARK_MESSAGE);","lastModifiedDate":"2022-01-20"},{"lineNumber":71,"author":{"gitId":"imrajsinghsandhu"},"content":"                System.out.println(\"        [X] \" + currTask.getDescription());","lastModifiedDate":"2022-01-20"},{"lineNumber":72,"author":{"gitId":"imrajsinghsandhu"},"content":"                System.out.println(LINE_BREAK);","lastModifiedDate":"2022-01-20"},{"lineNumber":73,"author":{"gitId":"imrajsinghsandhu"},"content":"            } else if (command[0].equals(\"unmark\")) {","lastModifiedDate":"2022-01-20"},{"lineNumber":74,"author":{"gitId":"imrajsinghsandhu"},"content":"                int number \u003d Integer.parseInt(command[1]);","lastModifiedDate":"2022-01-20"},{"lineNumber":75,"author":{"gitId":"imrajsinghsandhu"},"content":"","lastModifiedDate":"2022-01-20"},{"lineNumber":76,"author":{"gitId":"imrajsinghsandhu"},"content":"                Task currTask \u003d list[number];","lastModifiedDate":"2022-01-20"},{"lineNumber":77,"author":{"gitId":"imrajsinghsandhu"},"content":"                boolean currState \u003d currTask.getIsDone();","lastModifiedDate":"2022-01-20"},{"lineNumber":78,"author":{"gitId":"imrajsinghsandhu"},"content":"                currTask.setDone(!currState);","lastModifiedDate":"2022-01-20"},{"lineNumber":79,"author":{"gitId":"imrajsinghsandhu"},"content":"","lastModifiedDate":"2022-01-20"},{"lineNumber":80,"author":{"gitId":"imrajsinghsandhu"},"content":"                System.out.println(LINE_BREAK);","lastModifiedDate":"2022-01-20"},{"lineNumber":81,"author":{"gitId":"imrajsinghsandhu"},"content":"                System.out.println(\"   \" + UNMARK_MESSAGE);","lastModifiedDate":"2022-01-20"},{"lineNumber":82,"author":{"gitId":"imrajsinghsandhu"},"content":"                System.out.println(\"        [ ] \" + currTask.getDescription());","lastModifiedDate":"2022-01-20"},{"lineNumber":83,"author":{"gitId":"imrajsinghsandhu"},"content":"                System.out.println(LINE_BREAK);","lastModifiedDate":"2022-01-20"},{"lineNumber":84,"author":{"gitId":"imrajsinghsandhu"},"content":"            } else {","lastModifiedDate":"2022-01-20"},{"lineNumber":85,"author":{"gitId":"imrajsinghsandhu"},"content":"                // here we declare the new task to be added","lastModifiedDate":"2022-01-20"},{"lineNumber":86,"author":{"gitId":"imrajsinghsandhu"},"content":"                Task t \u003d new Task(input);","lastModifiedDate":"2022-01-20"},{"lineNumber":87,"author":{"gitId":"imrajsinghsandhu"},"content":"","lastModifiedDate":"2022-01-20"},{"lineNumber":88,"author":{"gitId":"imrajsinghsandhu"},"content":"                list[counter] \u003d t;","lastModifiedDate":"2022-01-20"},{"lineNumber":89,"author":{"gitId":"imrajsinghsandhu"},"content":"                System.out.println(LINE_BREAK);","lastModifiedDate":"2022-01-20"},{"lineNumber":90,"author":{"gitId":"imrajsinghsandhu"},"content":"                System.out.println(\" ok added alr bro: \" + input);","lastModifiedDate":"2022-01-20"},{"lineNumber":91,"author":{"gitId":"imrajsinghsandhu"},"content":"                System.out.println(LINE_BREAK);","lastModifiedDate":"2022-01-20"},{"lineNumber":92,"author":{"gitId":"imrajsinghsandhu"},"content":"                ++counter;","lastModifiedDate":"2022-01-20"},{"lineNumber":93,"author":{"gitId":"imrajsinghsandhu"},"content":"            }","lastModifiedDate":"2022-01-20"},{"lineNumber":94,"author":{"gitId":"imrajsinghsandhu"},"content":"        }","lastModifiedDate":"2022-01-20"},{"lineNumber":95,"author":{"gitId":"imrajsinghsandhu"},"content":"    }","lastModifiedDate":"2022-01-20"},{"lineNumber":96,"author":{"gitId":"imrajsinghsandhu"},"content":"","lastModifiedDate":"2022-01-20"},{"lineNumber":97,"author":{"gitId":"imrajsinghsandhu"},"content":"}","lastModifiedDate":"2022-01-20"}],"authorContributionMap":{"imrajsinghsandhu":97}},{"path":"src/main/java/Deadlines.java","fileType":"java","lines":[{"lineNumber":1,"author":{"gitId":"imrajsinghsandhu"},"content":"import java.util.*;","lastModifiedDate":"2022-01-20"},{"lineNumber":2,"author":{"gitId":"imrajsinghsandhu"},"content":"","lastModifiedDate":"2022-01-20"},{"lineNumber":3,"author":{"gitId":"imrajsinghsandhu"},"content":"/**","lastModifiedDate":"2022-01-20"},{"lineNumber":4,"author":{"gitId":"imrajsinghsandhu"},"content":" * Tasks that need to be done before a specific time/date.","lastModifiedDate":"2022-01-20"},{"lineNumber":5,"author":{"gitId":"imrajsinghsandhu"},"content":" */","lastModifiedDate":"2022-01-20"},{"lineNumber":6,"author":{"gitId":"imrajsinghsandhu"},"content":"public class Deadlines extends Task {","lastModifiedDate":"2022-01-20"},{"lineNumber":7,"author":{"gitId":"imrajsinghsandhu"},"content":"","lastModifiedDate":"2022-01-20"},{"lineNumber":8,"author":{"gitId":"imrajsinghsandhu"},"content":"    public Deadlines(String description) {","lastModifiedDate":"2022-01-20"},{"lineNumber":9,"author":{"gitId":"imrajsinghsandhu"},"content":"        super(description);","lastModifiedDate":"2022-01-20"},{"lineNumber":10,"author":{"gitId":"imrajsinghsandhu"},"content":"        // TODO Auto-generated constructor stub","lastModifiedDate":"2022-01-20"},{"lineNumber":11,"author":{"gitId":"imrajsinghsandhu"},"content":"    }","lastModifiedDate":"2022-01-20"},{"lineNumber":12,"author":{"gitId":"imrajsinghsandhu"},"content":"","lastModifiedDate":"2022-01-20"},{"lineNumber":13,"author":{"gitId":"imrajsinghsandhu"},"content":"    @Override","lastModifiedDate":"2022-01-20"},{"lineNumber":14,"author":{"gitId":"imrajsinghsandhu"},"content":"    public String toString() {","lastModifiedDate":"2022-01-20"},{"lineNumber":15,"author":{"gitId":"imrajsinghsandhu"},"content":"        return \"[D]\" + super.getStatusIcon() + \" \" + super.getDescription();","lastModifiedDate":"2022-01-20"},{"lineNumber":16,"author":{"gitId":"imrajsinghsandhu"},"content":"    }","lastModifiedDate":"2022-01-20"},{"lineNumber":17,"author":{"gitId":"imrajsinghsandhu"},"content":"","lastModifiedDate":"2022-01-20"},{"lineNumber":18,"author":{"gitId":"imrajsinghsandhu"},"content":"}","lastModifiedDate":"2022-01-20"}],"authorContributionMap":{"imrajsinghsandhu":18}},{"path":"src/main/java/Duke.java","fileType":"java","lines":[{"lineNumber":1,"author":{"gitId":"-"},"content":"public class Duke {","lastModifiedDate":"2019-07-29"},{"lineNumber":2,"author":{"gitId":"-"},"content":"    public static void main(String[] args) {","lastModifiedDate":"2019-07-29"},{"lineNumber":3,"author":{"gitId":"-"},"content":"        String logo \u003d \" ____        _        \\n\"","lastModifiedDate":"2019-07-29"},{"lineNumber":4,"author":{"gitId":"-"},"content":"                + \"|  _ \\\\ _   _| | _____ \\n\"","lastModifiedDate":"2019-07-29"},{"lineNumber":5,"author":{"gitId":"-"},"content":"                + \"| | | | | | | |/ / _ \\\\\\n\"","lastModifiedDate":"2019-07-29"},{"lineNumber":6,"author":{"gitId":"-"},"content":"                + \"| |_| | |_| |   \u003c  __/\\n\"","lastModifiedDate":"2019-07-29"},{"lineNumber":7,"author":{"gitId":"-"},"content":"                + \"|____/ \\\\__,_|_|\\\\_\\\\___|\\n\";","lastModifiedDate":"2019-07-29"},{"lineNumber":8,"author":{"gitId":"-"},"content":"        System.out.println(\"Hello from\\n\" + logo);","lastModifiedDate":"2019-07-29"},{"lineNumber":9,"author":{"gitId":"imrajsinghsandhu"},"content":"","lastModifiedDate":"2022-01-20"},{"lineNumber":10,"author":{"gitId":"-"},"content":"    }","lastModifiedDate":"2019-07-29"},{"lineNumber":11,"author":{"gitId":"-"},"content":"}","lastModifiedDate":"2019-07-29"}],"authorContributionMap":{"imrajsinghsandhu":1,"-":10}},{"path":"src/main/java/DukeException.java","fileType":"java","lines":[{"lineNumber":1,"author":{"gitId":"imrajsinghsandhu"},"content":"import java.util.*;","lastModifiedDate":"2022-01-20"},{"lineNumber":2,"author":{"gitId":"imrajsinghsandhu"},"content":"","lastModifiedDate":"2022-01-20"},{"lineNumber":3,"author":{"gitId":"imrajsinghsandhu"},"content":"public class DukeException {","lastModifiedDate":"2022-01-20"},{"lineNumber":4,"author":{"gitId":"imrajsinghsandhu"},"content":"","lastModifiedDate":"2022-01-20"},{"lineNumber":5,"author":{"gitId":"imrajsinghsandhu"},"content":"}","lastModifiedDate":"2022-01-20"}],"authorContributionMap":{"imrajsinghsandhu":5}},{"path":"src/main/java/Events.java","fileType":"java","lines":[{"lineNumber":1,"author":{"gitId":"imrajsinghsandhu"},"content":"import java.util.*;","lastModifiedDate":"2022-01-20"},{"lineNumber":2,"author":{"gitId":"imrajsinghsandhu"},"content":"","lastModifiedDate":"2022-01-20"},{"lineNumber":3,"author":{"gitId":"imrajsinghsandhu"},"content":"/**","lastModifiedDate":"2022-01-20"},{"lineNumber":4,"author":{"gitId":"imrajsinghsandhu"},"content":" * tasks that STARTS at a specific time and ENDS at a specific time.","lastModifiedDate":"2022-01-20"},{"lineNumber":5,"author":{"gitId":"imrajsinghsandhu"},"content":" */","lastModifiedDate":"2022-01-20"},{"lineNumber":6,"author":{"gitId":"imrajsinghsandhu"},"content":"public class Events extends Task {","lastModifiedDate":"2022-01-20"},{"lineNumber":7,"author":{"gitId":"imrajsinghsandhu"},"content":"","lastModifiedDate":"2022-01-20"},{"lineNumber":8,"author":{"gitId":"imrajsinghsandhu"},"content":"    public Events(String description) {","lastModifiedDate":"2022-01-20"},{"lineNumber":9,"author":{"gitId":"imrajsinghsandhu"},"content":"        super(description);","lastModifiedDate":"2022-01-20"},{"lineNumber":10,"author":{"gitId":"imrajsinghsandhu"},"content":"        // TODO Auto-generated constructor stub","lastModifiedDate":"2022-01-20"},{"lineNumber":11,"author":{"gitId":"imrajsinghsandhu"},"content":"    }","lastModifiedDate":"2022-01-20"},{"lineNumber":12,"author":{"gitId":"imrajsinghsandhu"},"content":"","lastModifiedDate":"2022-01-20"},{"lineNumber":13,"author":{"gitId":"imrajsinghsandhu"},"content":"    @Override","lastModifiedDate":"2022-01-20"},{"lineNumber":14,"author":{"gitId":"imrajsinghsandhu"},"content":"    public String toString() {","lastModifiedDate":"2022-01-20"},{"lineNumber":15,"author":{"gitId":"imrajsinghsandhu"},"content":"        return \"[E]\" + super.getStatusIcon() + \" \" + super.getDescription();","lastModifiedDate":"2022-01-20"},{"lineNumber":16,"author":{"gitId":"imrajsinghsandhu"},"content":"    }","lastModifiedDate":"2022-01-20"},{"lineNumber":17,"author":{"gitId":"imrajsinghsandhu"},"content":"","lastModifiedDate":"2022-01-20"},{"lineNumber":18,"author":{"gitId":"imrajsinghsandhu"},"content":"}","lastModifiedDate":"2022-01-20"}],"authorContributionMap":{"imrajsinghsandhu":18}},{"path":"src/main/java/Task.java","fileType":"java","lines":[{"lineNumber":1,"author":{"gitId":"imrajsinghsandhu"},"content":"import java.util.*;","lastModifiedDate":"2022-01-20"},{"lineNumber":2,"author":{"gitId":"imrajsinghsandhu"},"content":"","lastModifiedDate":"2022-01-20"},{"lineNumber":3,"author":{"gitId":"imrajsinghsandhu"},"content":"/**","lastModifiedDate":"2022-01-20"},{"lineNumber":4,"author":{"gitId":"imrajsinghsandhu"},"content":" * Each task will hold the status of done or not done, plus description of the","lastModifiedDate":"2022-01-20"},{"lineNumber":5,"author":{"gitId":"imrajsinghsandhu"},"content":" * task to be done.","lastModifiedDate":"2022-01-20"},{"lineNumber":6,"author":{"gitId":"imrajsinghsandhu"},"content":" */","lastModifiedDate":"2022-01-20"},{"lineNumber":7,"author":{"gitId":"imrajsinghsandhu"},"content":"public class Task {","lastModifiedDate":"2022-01-20"},{"lineNumber":8,"author":{"gitId":"imrajsinghsandhu"},"content":"    private String description;","lastModifiedDate":"2022-01-20"},{"lineNumber":9,"author":{"gitId":"imrajsinghsandhu"},"content":"    private boolean isDone;","lastModifiedDate":"2022-01-20"},{"lineNumber":10,"author":{"gitId":"imrajsinghsandhu"},"content":"","lastModifiedDate":"2022-01-20"},{"lineNumber":11,"author":{"gitId":"imrajsinghsandhu"},"content":"    public Task(String description) {","lastModifiedDate":"2022-01-20"},{"lineNumber":12,"author":{"gitId":"imrajsinghsandhu"},"content":"        this.description \u003d description;","lastModifiedDate":"2022-01-20"},{"lineNumber":13,"author":{"gitId":"imrajsinghsandhu"},"content":"        this.isDone \u003d false;","lastModifiedDate":"2022-01-20"},{"lineNumber":14,"author":{"gitId":"imrajsinghsandhu"},"content":"    }","lastModifiedDate":"2022-01-20"},{"lineNumber":15,"author":{"gitId":"imrajsinghsandhu"},"content":"","lastModifiedDate":"2022-01-20"},{"lineNumber":16,"author":{"gitId":"imrajsinghsandhu"},"content":"    /**","lastModifiedDate":"2022-01-20"},{"lineNumber":17,"author":{"gitId":"imrajsinghsandhu"},"content":"     * Call this method to see if we should mark X or leave blank.","lastModifiedDate":"2022-01-20"},{"lineNumber":18,"author":{"gitId":"imrajsinghsandhu"},"content":"     * ","lastModifiedDate":"2022-01-20"},{"lineNumber":19,"author":{"gitId":"imrajsinghsandhu"},"content":"     * @return","lastModifiedDate":"2022-01-20"},{"lineNumber":20,"author":{"gitId":"imrajsinghsandhu"},"content":"     */","lastModifiedDate":"2022-01-20"},{"lineNumber":21,"author":{"gitId":"imrajsinghsandhu"},"content":"    public String getStatusIcon() {","lastModifiedDate":"2022-01-20"},{"lineNumber":22,"author":{"gitId":"imrajsinghsandhu"},"content":"        return (this.isDone ? \"X\" : \" \"); // mark done task with X","lastModifiedDate":"2022-01-20"},{"lineNumber":23,"author":{"gitId":"imrajsinghsandhu"},"content":"    }","lastModifiedDate":"2022-01-20"},{"lineNumber":24,"author":{"gitId":"imrajsinghsandhu"},"content":"","lastModifiedDate":"2022-01-20"},{"lineNumber":25,"author":{"gitId":"imrajsinghsandhu"},"content":"    // Getters","lastModifiedDate":"2022-01-20"},{"lineNumber":26,"author":{"gitId":"imrajsinghsandhu"},"content":"    public boolean getIsDone() {","lastModifiedDate":"2022-01-20"},{"lineNumber":27,"author":{"gitId":"imrajsinghsandhu"},"content":"        return this.isDone;","lastModifiedDate":"2022-01-20"},{"lineNumber":28,"author":{"gitId":"imrajsinghsandhu"},"content":"    }","lastModifiedDate":"2022-01-20"},{"lineNumber":29,"author":{"gitId":"imrajsinghsandhu"},"content":"","lastModifiedDate":"2022-01-20"},{"lineNumber":30,"author":{"gitId":"imrajsinghsandhu"},"content":"    public String getDescription() {","lastModifiedDate":"2022-01-20"},{"lineNumber":31,"author":{"gitId":"imrajsinghsandhu"},"content":"        return this.description;","lastModifiedDate":"2022-01-20"},{"lineNumber":32,"author":{"gitId":"imrajsinghsandhu"},"content":"    }","lastModifiedDate":"2022-01-20"},{"lineNumber":33,"author":{"gitId":"imrajsinghsandhu"},"content":"","lastModifiedDate":"2022-01-20"},{"lineNumber":34,"author":{"gitId":"imrajsinghsandhu"},"content":"    // Setters","lastModifiedDate":"2022-01-20"},{"lineNumber":35,"author":{"gitId":"imrajsinghsandhu"},"content":"    public void setDone(boolean isDone) {","lastModifiedDate":"2022-01-20"},{"lineNumber":36,"author":{"gitId":"imrajsinghsandhu"},"content":"        this.isDone \u003d isDone;","lastModifiedDate":"2022-01-20"},{"lineNumber":37,"author":{"gitId":"imrajsinghsandhu"},"content":"    }","lastModifiedDate":"2022-01-20"},{"lineNumber":38,"author":{"gitId":"imrajsinghsandhu"},"content":"","lastModifiedDate":"2022-01-20"},{"lineNumber":39,"author":{"gitId":"imrajsinghsandhu"},"content":"    /**","lastModifiedDate":"2022-01-20"},{"lineNumber":40,"author":{"gitId":"imrajsinghsandhu"},"content":"     * What else do we need?","lastModifiedDate":"2022-01-20"},{"lineNumber":41,"author":{"gitId":"imrajsinghsandhu"},"content":"     * ","lastModifiedDate":"2022-01-20"},{"lineNumber":42,"author":{"gitId":"imrajsinghsandhu"},"content":"     * we firstly need to sort out the inputs from the scanner,","lastModifiedDate":"2022-01-20"},{"lineNumber":43,"author":{"gitId":"imrajsinghsandhu"},"content":"     * we need to account for the number from the second input","lastModifiedDate":"2022-01-20"},{"lineNumber":44,"author":{"gitId":"imrajsinghsandhu"},"content":"     */","lastModifiedDate":"2022-01-20"},{"lineNumber":45,"author":{"gitId":"imrajsinghsandhu"},"content":"","lastModifiedDate":"2022-01-20"},{"lineNumber":46,"author":{"gitId":"imrajsinghsandhu"},"content":"}","lastModifiedDate":"2022-01-20"}],"authorContributionMap":{"imrajsinghsandhu":46}},{"path":"src/main/java/ToDos.java","fileType":"java","lines":[{"lineNumber":1,"author":{"gitId":"imrajsinghsandhu"},"content":"import java.util.*;","lastModifiedDate":"2022-01-20"},{"lineNumber":2,"author":{"gitId":"imrajsinghsandhu"},"content":"","lastModifiedDate":"2022-01-20"},{"lineNumber":3,"author":{"gitId":"imrajsinghsandhu"},"content":"/**","lastModifiedDate":"2022-01-20"},{"lineNumber":4,"author":{"gitId":"imrajsinghsandhu"},"content":" * Tasks without any date/time attached to it.","lastModifiedDate":"2022-01-20"},{"lineNumber":5,"author":{"gitId":"imrajsinghsandhu"},"content":" */","lastModifiedDate":"2022-01-20"},{"lineNumber":6,"author":{"gitId":"imrajsinghsandhu"},"content":"public class ToDos extends Task {","lastModifiedDate":"2022-01-20"},{"lineNumber":7,"author":{"gitId":"imrajsinghsandhu"},"content":"","lastModifiedDate":"2022-01-20"},{"lineNumber":8,"author":{"gitId":"imrajsinghsandhu"},"content":"    public ToDos(String description) {","lastModifiedDate":"2022-01-20"},{"lineNumber":9,"author":{"gitId":"imrajsinghsandhu"},"content":"        super(description);","lastModifiedDate":"2022-01-20"},{"lineNumber":10,"author":{"gitId":"imrajsinghsandhu"},"content":"        // TODO Auto-generated constructor stub","lastModifiedDate":"2022-01-20"},{"lineNumber":11,"author":{"gitId":"imrajsinghsandhu"},"content":"    }","lastModifiedDate":"2022-01-20"},{"lineNumber":12,"author":{"gitId":"imrajsinghsandhu"},"content":"","lastModifiedDate":"2022-01-20"},{"lineNumber":13,"author":{"gitId":"imrajsinghsandhu"},"content":"    @Override","lastModifiedDate":"2022-01-20"},{"lineNumber":14,"author":{"gitId":"imrajsinghsandhu"},"content":"    public String toString() {","lastModifiedDate":"2022-01-20"},{"lineNumber":15,"author":{"gitId":"imrajsinghsandhu"},"content":"        return \"[T]\" + super.getStatusIcon() + \" \" + super.getDescription();","lastModifiedDate":"2022-01-20"},{"lineNumber":16,"author":{"gitId":"imrajsinghsandhu"},"content":"    }","lastModifiedDate":"2022-01-20"},{"lineNumber":17,"author":{"gitId":"imrajsinghsandhu"},"content":"}","lastModifiedDate":"2022-01-20"}],"authorContributionMap":{"imrajsinghsandhu":17}}]
