[{"path":"src/TaskListDB.txt","fileType":"txt","lines":[{"lineNumber":1,"author":{"gitId":"SethCKL"},"content":"T# #1","lastModifiedDate":"2022-02-01"},{"lineNumber":2,"author":{"gitId":"SethCKL"},"content":"T# #2","lastModifiedDate":"2022-02-01"},{"lineNumber":3,"author":{"gitId":"SethCKL"},"content":"D# #return book#2019-12-02 18:00","lastModifiedDate":"2022-02-01"}],"authorContributionMap":{"SethCKL":3}},{"path":"src/main/java/Deadline.java","fileType":"java","lines":[{"lineNumber":1,"author":{"gitId":"SethCKL"},"content":"import java.time.LocalDateTime;","lastModifiedDate":"2022-02-01"},{"lineNumber":2,"author":{"gitId":"SethCKL"},"content":"import java.time.format.DateTimeFormatter;","lastModifiedDate":"2022-02-01"},{"lineNumber":3,"author":{"gitId":"SethCKL"},"content":"","lastModifiedDate":"2022-02-01"},{"lineNumber":4,"author":{"gitId":"SethCKL"},"content":"public class Deadline extends Task {","lastModifiedDate":"2022-01-24"},{"lineNumber":5,"author":{"gitId":"SethCKL"},"content":"    protected LocalDateTime dueBy;","lastModifiedDate":"2022-02-01"},{"lineNumber":6,"author":{"gitId":"SethCKL"},"content":"","lastModifiedDate":"2022-01-24"},{"lineNumber":7,"author":{"gitId":"SethCKL"},"content":"    public Deadline(String description, LocalDateTime dueBy) {","lastModifiedDate":"2022-02-01"},{"lineNumber":8,"author":{"gitId":"SethCKL"},"content":"        super(description);","lastModifiedDate":"2022-01-24"},{"lineNumber":9,"author":{"gitId":"SethCKL"},"content":"        this.dueBy \u003d dueBy;","lastModifiedDate":"2022-01-24"},{"lineNumber":10,"author":{"gitId":"SethCKL"},"content":"    }","lastModifiedDate":"2022-01-24"},{"lineNumber":11,"author":{"gitId":"SethCKL"},"content":"","lastModifiedDate":"2022-01-24"},{"lineNumber":12,"author":{"gitId":"SethCKL"},"content":"    @Override","lastModifiedDate":"2022-01-24"},{"lineNumber":13,"author":{"gitId":"SethCKL"},"content":"    public String toString() {","lastModifiedDate":"2022-01-24"},{"lineNumber":14,"author":{"gitId":"SethCKL"},"content":"        return String.format(\"[D]%s(by: %s)\", super.toString(), this.dueBy.format(DateTimeFormatter.ofPattern(\"yyyy-MM-dd HH:mm\")));","lastModifiedDate":"2022-02-01"},{"lineNumber":15,"author":{"gitId":"SethCKL"},"content":"    }","lastModifiedDate":"2022-01-24"},{"lineNumber":16,"author":{"gitId":"SethCKL"},"content":"","lastModifiedDate":"2022-02-01"},{"lineNumber":17,"author":{"gitId":"SethCKL"},"content":"    @Override","lastModifiedDate":"2022-02-01"},{"lineNumber":18,"author":{"gitId":"SethCKL"},"content":"    public String toStorageString() {","lastModifiedDate":"2022-02-01"},{"lineNumber":19,"author":{"gitId":"SethCKL"},"content":"        return String.format(\"D#%s#%s#%s\", this.getStatusIcon(), this.description, this.dueBy.format(DateTimeFormatter.ofPattern(\"yyyy-MM-dd HH:mm\")));","lastModifiedDate":"2022-02-01"},{"lineNumber":20,"author":{"gitId":"SethCKL"},"content":"    }","lastModifiedDate":"2022-01-24"},{"lineNumber":21,"author":{"gitId":"SethCKL"},"content":"}","lastModifiedDate":"2022-01-24"}],"authorContributionMap":{"SethCKL":21}},{"path":"src/main/java/Duke.java","fileType":"java","lines":[{"lineNumber":1,"author":{"gitId":"SethCKL"},"content":"import java.time.LocalDateTime;","lastModifiedDate":"2022-02-01"},{"lineNumber":2,"author":{"gitId":"SethCKL"},"content":"import java.time.format.DateTimeFormatter;","lastModifiedDate":"2022-02-01"},{"lineNumber":3,"author":{"gitId":"SethCKL"},"content":"import java.util.Scanner;","lastModifiedDate":"2022-01-21"},{"lineNumber":4,"author":{"gitId":"SethCKL"},"content":"import java.util.ArrayList;","lastModifiedDate":"2022-01-23"},{"lineNumber":5,"author":{"gitId":"SethCKL"},"content":"import java.io.File;","lastModifiedDate":"2022-02-01"},{"lineNumber":6,"author":{"gitId":"SethCKL"},"content":"import java.io.FileWriter;","lastModifiedDate":"2022-02-01"},{"lineNumber":7,"author":{"gitId":"SethCKL"},"content":"import java.io.IOException;","lastModifiedDate":"2022-02-01"},{"lineNumber":8,"author":{"gitId":"SethCKL"},"content":"import java.io.FileNotFoundException;","lastModifiedDate":"2022-02-01"},{"lineNumber":9,"author":{"gitId":"SethCKL"},"content":"","lastModifiedDate":"2022-01-21"},{"lineNumber":10,"author":{"gitId":"-"},"content":"public class Duke {","lastModifiedDate":"2019-07-29"},{"lineNumber":11,"author":{"gitId":"SethCKL"},"content":"    public static ArrayList\u003cTask\u003e taskList;","lastModifiedDate":"2022-01-23"},{"lineNumber":12,"author":{"gitId":"SethCKL"},"content":"    public static String firstThreeChar;","lastModifiedDate":"2022-01-24"},{"lineNumber":13,"author":{"gitId":"SethCKL"},"content":"    public static String firstFourChar;","lastModifiedDate":"2022-01-24"},{"lineNumber":14,"author":{"gitId":"SethCKL"},"content":"    public static String firstFiveChar;","lastModifiedDate":"2022-01-24"},{"lineNumber":15,"author":{"gitId":"SethCKL"},"content":"    public static String firstSixChar;","lastModifiedDate":"2022-01-24"},{"lineNumber":16,"author":{"gitId":"SethCKL"},"content":"    public static String firstSevenChar;","lastModifiedDate":"2022-01-24"},{"lineNumber":17,"author":{"gitId":"SethCKL"},"content":"    public static String firstEightChar;","lastModifiedDate":"2022-01-24"},{"lineNumber":18,"author":{"gitId":"SethCKL"},"content":"    public static void main(String[] args) throws NoDescException, InvalidInputException{","lastModifiedDate":"2022-01-24"},{"lineNumber":19,"author":{"gitId":"SethCKL"},"content":"        // Declare Task ArrayList to keep tasks and starting Task number","lastModifiedDate":"2022-01-23"},{"lineNumber":20,"author":{"gitId":"SethCKL"},"content":"        taskList \u003d new ArrayList\u003c\u003e();","lastModifiedDate":"2022-01-23"},{"lineNumber":21,"author":{"gitId":"SethCKL"},"content":"        // Declare DateTimeFormatter","lastModifiedDate":"2022-02-01"},{"lineNumber":22,"author":{"gitId":"SethCKL"},"content":"        DateTimeFormatter dateTimeFormatter \u003d DateTimeFormatter.ofPattern(\"d/MM/yyyy HHmm\");","lastModifiedDate":"2022-02-01"},{"lineNumber":23,"author":{"gitId":"SethCKL"},"content":"        // Print welcome message","lastModifiedDate":"2022-01-22"},{"lineNumber":24,"author":{"gitId":"SethCKL"},"content":"        System.out.println(\"Hello, this is Belvedere, your virtual assistant!\\nHow may i assist you?\");","lastModifiedDate":"2022-01-22"},{"lineNumber":25,"author":{"gitId":"SethCKL"},"content":"        printLine();","lastModifiedDate":"2022-01-21"},{"lineNumber":26,"author":{"gitId":"SethCKL"},"content":"        // Scanner object to detect input from CLI","lastModifiedDate":"2022-01-22"},{"lineNumber":27,"author":{"gitId":"SethCKL"},"content":"        Scanner scanner \u003d new Scanner(System.in);","lastModifiedDate":"2022-01-21"},{"lineNumber":28,"author":{"gitId":"SethCKL"},"content":"        // File object to specify filename and path.","lastModifiedDate":"2022-02-01"},{"lineNumber":29,"author":{"gitId":"SethCKL"},"content":"        String filePath \u003d \"./src/TaskListDB.txt\";","lastModifiedDate":"2022-02-01"},{"lineNumber":30,"author":{"gitId":"SethCKL"},"content":"        // Read inputs from file","lastModifiedDate":"2022-02-01"},{"lineNumber":31,"author":{"gitId":"SethCKL"},"content":"        try {","lastModifiedDate":"2022-02-01"},{"lineNumber":32,"author":{"gitId":"SethCKL"},"content":"            readFromFile(filePath);","lastModifiedDate":"2022-02-01"},{"lineNumber":33,"author":{"gitId":"SethCKL"},"content":"        } catch (Exception E) {","lastModifiedDate":"2022-02-01"},{"lineNumber":34,"author":{"gitId":"SethCKL"},"content":"            File fileName \u003d new File(\"./src/TaskListDB.txt\");","lastModifiedDate":"2022-02-01"},{"lineNumber":35,"author":{"gitId":"SethCKL"},"content":"        }","lastModifiedDate":"2022-02-01"},{"lineNumber":36,"author":{"gitId":"SethCKL"},"content":"        //// Loop to keep getting input until bye","lastModifiedDate":"2022-02-01"},{"lineNumber":37,"author":{"gitId":"SethCKL"},"content":"        while (true) {","lastModifiedDate":"2022-01-21"},{"lineNumber":38,"author":{"gitId":"SethCKL"},"content":"            try {","lastModifiedDate":"2022-01-24"},{"lineNumber":39,"author":{"gitId":"SethCKL"},"content":"                String input \u003d scanner.nextLine();","lastModifiedDate":"2022-01-23"},{"lineNumber":40,"author":{"gitId":"SethCKL"},"content":"                int inputLength \u003d input.length();","lastModifiedDate":"2022-01-24"},{"lineNumber":41,"author":{"gitId":"SethCKL"},"content":"                // setFirstChars","lastModifiedDate":"2022-01-24"},{"lineNumber":42,"author":{"gitId":"SethCKL"},"content":"                setFirstChars(input,inputLength);","lastModifiedDate":"2022-01-24"},{"lineNumber":43,"author":{"gitId":"SethCKL"},"content":"                if (firstThreeChar.equals(\"bye\")) {","lastModifiedDate":"2022-01-24"},{"lineNumber":44,"author":{"gitId":"SethCKL"},"content":"                    System.out.println(\"Bye. Hope to see you again soon!\");","lastModifiedDate":"2022-01-21"},{"lineNumber":45,"author":{"gitId":"SethCKL"},"content":"                    saveToFile(filePath);","lastModifiedDate":"2022-02-01"},{"lineNumber":46,"author":{"gitId":"SethCKL"},"content":"                    printLine();","lastModifiedDate":"2022-01-22"},{"lineNumber":47,"author":{"gitId":"SethCKL"},"content":"                    break;","lastModifiedDate":"2022-01-21"},{"lineNumber":48,"author":{"gitId":"SethCKL"},"content":"                }","lastModifiedDate":"2022-01-21"},{"lineNumber":49,"author":{"gitId":"SethCKL"},"content":"                if (firstFourChar.equals(\"list\")) {","lastModifiedDate":"2022-01-24"},{"lineNumber":50,"author":{"gitId":"SethCKL"},"content":"                    printTaskList();","lastModifiedDate":"2022-01-22"},{"lineNumber":51,"author":{"gitId":"SethCKL"},"content":"                    continue;","lastModifiedDate":"2022-01-22"},{"lineNumber":52,"author":{"gitId":"SethCKL"},"content":"                }","lastModifiedDate":"2022-01-22"},{"lineNumber":53,"author":{"gitId":"SethCKL"},"content":"                if (firstFourChar.equals(\"mark\")) {","lastModifiedDate":"2022-01-24"},{"lineNumber":54,"author":{"gitId":"SethCKL"},"content":"                    int selectedTaskNum \u003d Character.getNumericValue(input.charAt(inputLength-1));","lastModifiedDate":"2022-01-24"},{"lineNumber":55,"author":{"gitId":"SethCKL"},"content":"                    Task selectedTask \u003d taskList.get(selectedTaskNum-1);","lastModifiedDate":"2022-01-24"},{"lineNumber":56,"author":{"gitId":"SethCKL"},"content":"                    selectedTask.markAsDone();","lastModifiedDate":"2022-01-24"},{"lineNumber":57,"author":{"gitId":"SethCKL"},"content":"                    System.out.println(String.format(\"Ok, I\u0027ve marked this task as done:\\n%s\",selectedTask.toString()));","lastModifiedDate":"2022-01-24"},{"lineNumber":58,"author":{"gitId":"SethCKL"},"content":"                    printLine();","lastModifiedDate":"2022-01-24"},{"lineNumber":59,"author":{"gitId":"SethCKL"},"content":"                    continue;","lastModifiedDate":"2022-01-24"},{"lineNumber":60,"author":{"gitId":"SethCKL"},"content":"                }","lastModifiedDate":"2022-01-24"},{"lineNumber":61,"author":{"gitId":"SethCKL"},"content":"                if (firstFourChar.equals(\"todo\")) {","lastModifiedDate":"2022-01-24"},{"lineNumber":62,"author":{"gitId":"SethCKL"},"content":"                    // if no description, throw error","lastModifiedDate":"2022-01-24"},{"lineNumber":63,"author":{"gitId":"SethCKL"},"content":"                    if(input.equals(\"todo\")) {","lastModifiedDate":"2022-01-24"},{"lineNumber":64,"author":{"gitId":"SethCKL"},"content":"                        throw new NoDescException(\"todo\");","lastModifiedDate":"2022-01-24"},{"lineNumber":65,"author":{"gitId":"SethCKL"},"content":"                    }","lastModifiedDate":"2022-01-24"},{"lineNumber":66,"author":{"gitId":"SethCKL"},"content":"                    String description \u003d input.substring(5,inputLength);","lastModifiedDate":"2022-01-24"},{"lineNumber":67,"author":{"gitId":"SethCKL"},"content":"                    Todo newTask \u003d new Todo(description);","lastModifiedDate":"2022-01-24"},{"lineNumber":68,"author":{"gitId":"SethCKL"},"content":"                    taskList.add(newTask);","lastModifiedDate":"2022-01-24"},{"lineNumber":69,"author":{"gitId":"SethCKL"},"content":"                    printAddedAck(newTask);","lastModifiedDate":"2022-01-24"},{"lineNumber":70,"author":{"gitId":"SethCKL"},"content":"                    printLine();","lastModifiedDate":"2022-01-24"},{"lineNumber":71,"author":{"gitId":"SethCKL"},"content":"                    continue;","lastModifiedDate":"2022-01-24"},{"lineNumber":72,"author":{"gitId":"SethCKL"},"content":"                }","lastModifiedDate":"2022-01-24"},{"lineNumber":73,"author":{"gitId":"SethCKL"},"content":"                if (firstFiveChar.equals(\"event\")){","lastModifiedDate":"2022-01-24"},{"lineNumber":74,"author":{"gitId":"SethCKL"},"content":"                    String descriptionAndSetAt \u003d input.substring(6,inputLength);","lastModifiedDate":"2022-01-24"},{"lineNumber":75,"author":{"gitId":"SethCKL"},"content":"                    String[] split \u003d descriptionAndSetAt.split(\"/\",2);","lastModifiedDate":"2022-02-01"},{"lineNumber":76,"author":{"gitId":"SethCKL"},"content":"                    String localDateTimeString \u003d split[1].split(\" \", 2)[1];","lastModifiedDate":"2022-02-01"},{"lineNumber":77,"author":{"gitId":"SethCKL"},"content":"                    LocalDateTime localDateTime \u003d LocalDateTime.parse(localDateTimeString, dateTimeFormatter);","lastModifiedDate":"2022-02-01"},{"lineNumber":78,"author":{"gitId":"SethCKL"},"content":"                    Event newTask \u003d new Event(split[0], localDateTime);","lastModifiedDate":"2022-02-01"},{"lineNumber":79,"author":{"gitId":"SethCKL"},"content":"                    taskList.add(newTask);","lastModifiedDate":"2022-01-24"},{"lineNumber":80,"author":{"gitId":"SethCKL"},"content":"                    printAddedAck(newTask);","lastModifiedDate":"2022-01-24"},{"lineNumber":81,"author":{"gitId":"SethCKL"},"content":"                    printLine();","lastModifiedDate":"2022-01-24"},{"lineNumber":82,"author":{"gitId":"SethCKL"},"content":"                    continue;","lastModifiedDate":"2022-01-24"},{"lineNumber":83,"author":{"gitId":"SethCKL"},"content":"                }","lastModifiedDate":"2022-01-24"},{"lineNumber":84,"author":{"gitId":"SethCKL"},"content":"                if (firstSixChar.equals(\"unmark\")) {","lastModifiedDate":"2022-01-24"},{"lineNumber":85,"author":{"gitId":"SethCKL"},"content":"                    int selectedTaskNum \u003d Character.getNumericValue(input.charAt(inputLength-1));","lastModifiedDate":"2022-01-24"},{"lineNumber":86,"author":{"gitId":"SethCKL"},"content":"                    Task selectedTask \u003d taskList.get(selectedTaskNum-1);","lastModifiedDate":"2022-01-23"},{"lineNumber":87,"author":{"gitId":"SethCKL"},"content":"                    selectedTask.markAsUndone();","lastModifiedDate":"2022-01-23"},{"lineNumber":88,"author":{"gitId":"SethCKL"},"content":"                    System.out.println(String.format(\"Ok, I\u0027ve marked this task as not done yet:\\n%s\",selectedTask.toString()));","lastModifiedDate":"2022-01-23"},{"lineNumber":89,"author":{"gitId":"SethCKL"},"content":"                    printLine();","lastModifiedDate":"2022-01-23"},{"lineNumber":90,"author":{"gitId":"SethCKL"},"content":"                    continue;","lastModifiedDate":"2022-01-23"},{"lineNumber":91,"author":{"gitId":"SethCKL"},"content":"                }","lastModifiedDate":"2022-01-23"},{"lineNumber":92,"author":{"gitId":"SethCKL"},"content":"                if (firstSixChar.equals(\"delete\")) {","lastModifiedDate":"2022-01-24"},{"lineNumber":93,"author":{"gitId":"SethCKL"},"content":"                    int selectedTaskNum \u003d Character.getNumericValue(input.charAt(inputLength-1));","lastModifiedDate":"2022-01-24"},{"lineNumber":94,"author":{"gitId":"SethCKL"},"content":"                    Task selectedTask \u003d taskList.get(selectedTaskNum-1);","lastModifiedDate":"2022-01-24"},{"lineNumber":95,"author":{"gitId":"SethCKL"},"content":"                    taskList.remove(selectedTaskNum-1);","lastModifiedDate":"2022-01-24"},{"lineNumber":96,"author":{"gitId":"SethCKL"},"content":"                    printRemovedAck(selectedTask);","lastModifiedDate":"2022-01-24"},{"lineNumber":97,"author":{"gitId":"SethCKL"},"content":"                    printLine();","lastModifiedDate":"2022-01-24"},{"lineNumber":98,"author":{"gitId":"SethCKL"},"content":"                    continue;","lastModifiedDate":"2022-01-24"},{"lineNumber":99,"author":{"gitId":"SethCKL"},"content":"                }","lastModifiedDate":"2022-01-24"},{"lineNumber":100,"author":{"gitId":"SethCKL"},"content":"                if (firstEightChar.equals(\"deadline\")) {","lastModifiedDate":"2022-01-24"},{"lineNumber":101,"author":{"gitId":"SethCKL"},"content":"                    String descriptionAndDueBy \u003d input.substring(9,inputLength);","lastModifiedDate":"2022-01-24"},{"lineNumber":102,"author":{"gitId":"SethCKL"},"content":"                    String[] split \u003d descriptionAndDueBy.split(\"/\",2);","lastModifiedDate":"2022-02-01"},{"lineNumber":103,"author":{"gitId":"SethCKL"},"content":"                    String localDateTimeString \u003d split[1].split(\" \", 2)[1];","lastModifiedDate":"2022-02-01"},{"lineNumber":104,"author":{"gitId":"SethCKL"},"content":"                    System.out.println(localDateTimeString);","lastModifiedDate":"2022-02-01"},{"lineNumber":105,"author":{"gitId":"SethCKL"},"content":"                    LocalDateTime localDateTime \u003d LocalDateTime.parse(localDateTimeString, dateTimeFormatter);","lastModifiedDate":"2022-02-01"},{"lineNumber":106,"author":{"gitId":"SethCKL"},"content":"                    Deadline newTask \u003d new Deadline(split[0], localDateTime);","lastModifiedDate":"2022-02-01"},{"lineNumber":107,"author":{"gitId":"SethCKL"},"content":"                    taskList.add(newTask);","lastModifiedDate":"2022-01-24"},{"lineNumber":108,"author":{"gitId":"SethCKL"},"content":"                    printAddedAck(newTask);","lastModifiedDate":"2022-01-24"},{"lineNumber":109,"author":{"gitId":"SethCKL"},"content":"                    printLine();","lastModifiedDate":"2022-01-23"},{"lineNumber":110,"author":{"gitId":"SethCKL"},"content":"                    continue;","lastModifiedDate":"2022-01-23"},{"lineNumber":111,"author":{"gitId":"SethCKL"},"content":"                } else {","lastModifiedDate":"2022-01-23"},{"lineNumber":112,"author":{"gitId":"SethCKL"},"content":"                    throw new InvalidInputException(\"Invalid Input\");","lastModifiedDate":"2022-01-24"},{"lineNumber":113,"author":{"gitId":"SethCKL"},"content":"                }","lastModifiedDate":"2022-01-24"},{"lineNumber":114,"author":{"gitId":"SethCKL"},"content":"            } catch(NoDescException error) {","lastModifiedDate":"2022-01-24"},{"lineNumber":115,"author":{"gitId":"SethCKL"},"content":"                System.out.println(\"☹ OOPS!!! The description of a todo cannot be empty.\");","lastModifiedDate":"2022-01-24"},{"lineNumber":116,"author":{"gitId":"SethCKL"},"content":"                printLine();","lastModifiedDate":"2022-01-24"},{"lineNumber":117,"author":{"gitId":"SethCKL"},"content":"            } catch(Exception error) {","lastModifiedDate":"2022-01-24"},{"lineNumber":118,"author":{"gitId":"SethCKL"},"content":"                System.out.println(\"☹ OOPS!!! I\u0027m sorry but I don\u0027t know what that means :-(\");","lastModifiedDate":"2022-01-24"},{"lineNumber":119,"author":{"gitId":"SethCKL"},"content":"                printLine();","lastModifiedDate":"2022-01-21"},{"lineNumber":120,"author":{"gitId":"SethCKL"},"content":"            }","lastModifiedDate":"2022-01-21"},{"lineNumber":121,"author":{"gitId":"SethCKL"},"content":"        }","lastModifiedDate":"2022-01-21"},{"lineNumber":122,"author":{"gitId":"SethCKL"},"content":"    }","lastModifiedDate":"2022-01-23"},{"lineNumber":123,"author":{"gitId":"SethCKL"},"content":"    // Static method to print a line in the terminal to separate call and response","lastModifiedDate":"2022-01-23"},{"lineNumber":124,"author":{"gitId":"SethCKL"},"content":"    private static void printLine() {","lastModifiedDate":"2022-01-24"},{"lineNumber":125,"author":{"gitId":"SethCKL"},"content":"        System.out.println(\"--------------------------------------------------\");","lastModifiedDate":"2022-01-22"},{"lineNumber":126,"author":{"gitId":"SethCKL"},"content":"    }","lastModifiedDate":"2022-01-22"},{"lineNumber":127,"author":{"gitId":"SethCKL"},"content":"    private static void printAddedAck(Task task) {","lastModifiedDate":"2022-01-24"},{"lineNumber":128,"author":{"gitId":"SethCKL"},"content":"        System.out.println(String.format(\"Got it. I\u0027ve added this task:\\n%s\\nNow you have %d tasks in the list\",task.toString(),taskList.size()));","lastModifiedDate":"2022-01-24"},{"lineNumber":129,"author":{"gitId":"SethCKL"},"content":"    }","lastModifiedDate":"2022-01-24"},{"lineNumber":130,"author":{"gitId":"SethCKL"},"content":"    private static void printRemovedAck(Task task) {","lastModifiedDate":"2022-01-24"},{"lineNumber":131,"author":{"gitId":"SethCKL"},"content":"        System.out.println(String.format(\"Noted. I\u0027ve removed this task:\\n%s\\nNow you have %d tasks in the list\",task.toString(),taskList.size()));","lastModifiedDate":"2022-01-24"},{"lineNumber":132,"author":{"gitId":"SethCKL"},"content":"    }","lastModifiedDate":"2022-01-24"},{"lineNumber":133,"author":{"gitId":"SethCKL"},"content":"","lastModifiedDate":"2022-01-24"},{"lineNumber":134,"author":{"gitId":"SethCKL"},"content":"    private static void printTaskList() {","lastModifiedDate":"2022-01-24"},{"lineNumber":135,"author":{"gitId":"SethCKL"},"content":"        for (int i \u003d 0; i \u003c taskList.size(); i++) {","lastModifiedDate":"2022-01-24"},{"lineNumber":136,"author":{"gitId":"SethCKL"},"content":"            System.out.print(String.format(\"%d. %s \\n\", i+1, taskList.get(i).toString()));","lastModifiedDate":"2022-01-24"},{"lineNumber":137,"author":{"gitId":"SethCKL"},"content":"        }","lastModifiedDate":"2022-01-22"},{"lineNumber":138,"author":{"gitId":"SethCKL"},"content":"        printLine();","lastModifiedDate":"2022-01-22"},{"lineNumber":139,"author":{"gitId":"-"},"content":"    }","lastModifiedDate":"2019-07-29"},{"lineNumber":140,"author":{"gitId":"SethCKL"},"content":"    private static void setFirstChars(String input, int inputLength) {","lastModifiedDate":"2022-01-24"},{"lineNumber":141,"author":{"gitId":"SethCKL"},"content":"        //reset first","lastModifiedDate":"2022-01-24"},{"lineNumber":142,"author":{"gitId":"SethCKL"},"content":"        firstThreeChar \u003d \"123\";","lastModifiedDate":"2022-01-24"},{"lineNumber":143,"author":{"gitId":"SethCKL"},"content":"        firstFourChar \u003d \"1234\";","lastModifiedDate":"2022-01-24"},{"lineNumber":144,"author":{"gitId":"SethCKL"},"content":"        firstFiveChar \u003d \"12345\";","lastModifiedDate":"2022-01-24"},{"lineNumber":145,"author":{"gitId":"SethCKL"},"content":"        firstSixChar \u003d \"123456\";","lastModifiedDate":"2022-01-24"},{"lineNumber":146,"author":{"gitId":"SethCKL"},"content":"        firstSevenChar \u003d \"1234567\";","lastModifiedDate":"2022-01-24"},{"lineNumber":147,"author":{"gitId":"SethCKL"},"content":"        firstEightChar \u003d \"12345678\";","lastModifiedDate":"2022-01-24"},{"lineNumber":148,"author":{"gitId":"SethCKL"},"content":"        if (inputLength \u003e\u003d 3) {","lastModifiedDate":"2022-01-24"},{"lineNumber":149,"author":{"gitId":"SethCKL"},"content":"            firstThreeChar \u003d input.substring(0,3);","lastModifiedDate":"2022-01-24"},{"lineNumber":150,"author":{"gitId":"SethCKL"},"content":"        }","lastModifiedDate":"2022-01-24"},{"lineNumber":151,"author":{"gitId":"SethCKL"},"content":"        if (inputLength \u003e\u003d 4) {","lastModifiedDate":"2022-01-24"},{"lineNumber":152,"author":{"gitId":"SethCKL"},"content":"            firstFourChar \u003d input.substring(0,4);","lastModifiedDate":"2022-01-24"},{"lineNumber":153,"author":{"gitId":"SethCKL"},"content":"        }","lastModifiedDate":"2022-01-24"},{"lineNumber":154,"author":{"gitId":"SethCKL"},"content":"        if (inputLength \u003e\u003d 5) {","lastModifiedDate":"2022-01-24"},{"lineNumber":155,"author":{"gitId":"SethCKL"},"content":"            firstFiveChar \u003d input.substring(0,5);","lastModifiedDate":"2022-01-24"},{"lineNumber":156,"author":{"gitId":"SethCKL"},"content":"        }","lastModifiedDate":"2022-01-24"},{"lineNumber":157,"author":{"gitId":"SethCKL"},"content":"        if (inputLength \u003e\u003d 6) {","lastModifiedDate":"2022-01-24"},{"lineNumber":158,"author":{"gitId":"SethCKL"},"content":"            firstSixChar \u003d input.substring(0,6);","lastModifiedDate":"2022-01-24"},{"lineNumber":159,"author":{"gitId":"SethCKL"},"content":"        }","lastModifiedDate":"2022-01-24"},{"lineNumber":160,"author":{"gitId":"SethCKL"},"content":"        if (inputLength \u003e\u003d 7) {","lastModifiedDate":"2022-01-24"},{"lineNumber":161,"author":{"gitId":"SethCKL"},"content":"            firstSevenChar \u003d input.substring(0,7);","lastModifiedDate":"2022-01-24"},{"lineNumber":162,"author":{"gitId":"SethCKL"},"content":"        }","lastModifiedDate":"2022-01-24"},{"lineNumber":163,"author":{"gitId":"SethCKL"},"content":"        if (inputLength \u003e\u003d 8) {","lastModifiedDate":"2022-01-24"},{"lineNumber":164,"author":{"gitId":"SethCKL"},"content":"            firstEightChar \u003d input.substring(0,8);","lastModifiedDate":"2022-01-24"},{"lineNumber":165,"author":{"gitId":"SethCKL"},"content":"        }","lastModifiedDate":"2022-01-24"},{"lineNumber":166,"author":{"gitId":"SethCKL"},"content":"    }","lastModifiedDate":"2022-01-24"},{"lineNumber":167,"author":{"gitId":"SethCKL"},"content":"","lastModifiedDate":"2022-02-01"},{"lineNumber":168,"author":{"gitId":"SethCKL"},"content":"    private static void saveToFile(String filePath) throws IOException{","lastModifiedDate":"2022-02-01"},{"lineNumber":169,"author":{"gitId":"SethCKL"},"content":"        FileWriter fileWriter \u003d new FileWriter(filePath);","lastModifiedDate":"2022-02-01"},{"lineNumber":170,"author":{"gitId":"SethCKL"},"content":"        for (int i \u003d 0; i \u003c taskList.size(); i++) {","lastModifiedDate":"2022-02-01"},{"lineNumber":171,"author":{"gitId":"SethCKL"},"content":"            fileWriter.write(taskList.get(i).toStorageString() + \"\\n\");","lastModifiedDate":"2022-02-01"},{"lineNumber":172,"author":{"gitId":"SethCKL"},"content":"        }","lastModifiedDate":"2022-02-01"},{"lineNumber":173,"author":{"gitId":"SethCKL"},"content":"        fileWriter.close();","lastModifiedDate":"2022-02-01"},{"lineNumber":174,"author":{"gitId":"SethCKL"},"content":"    }","lastModifiedDate":"2022-02-01"},{"lineNumber":175,"author":{"gitId":"SethCKL"},"content":"","lastModifiedDate":"2022-02-01"},{"lineNumber":176,"author":{"gitId":"SethCKL"},"content":"    private static void readFromFile(String filePath) throws FileNotFoundException {","lastModifiedDate":"2022-02-01"},{"lineNumber":177,"author":{"gitId":"SethCKL"},"content":"        File file \u003d new File(filePath);","lastModifiedDate":"2022-02-01"},{"lineNumber":178,"author":{"gitId":"SethCKL"},"content":"        Scanner scanner \u003d new Scanner(file);","lastModifiedDate":"2022-02-01"},{"lineNumber":179,"author":{"gitId":"SethCKL"},"content":"        while (scanner.hasNext()) {","lastModifiedDate":"2022-02-01"},{"lineNumber":180,"author":{"gitId":"SethCKL"},"content":"            String[] taskInfo \u003d scanner.nextLine().split(\"#\");","lastModifiedDate":"2022-02-01"},{"lineNumber":181,"author":{"gitId":"SethCKL"},"content":"            Task newTask \u003d null;","lastModifiedDate":"2022-02-01"},{"lineNumber":182,"author":{"gitId":"SethCKL"},"content":"            switch (taskInfo[0]) {","lastModifiedDate":"2022-02-01"},{"lineNumber":183,"author":{"gitId":"SethCKL"},"content":"                case \"T\":","lastModifiedDate":"2022-02-01"},{"lineNumber":184,"author":{"gitId":"SethCKL"},"content":"                    newTask \u003d new Todo(taskInfo[2]);","lastModifiedDate":"2022-02-01"},{"lineNumber":185,"author":{"gitId":"SethCKL"},"content":"                    break;","lastModifiedDate":"2022-02-01"},{"lineNumber":186,"author":{"gitId":"SethCKL"},"content":"                case \"D\":","lastModifiedDate":"2022-02-01"},{"lineNumber":187,"author":{"gitId":"SethCKL"},"content":"                    newTask \u003d new Deadline(taskInfo[2],LocalDateTime.parse(taskInfo[3], DateTimeFormatter.ofPattern(\"yyyy-MM-dd HH:mm\")));","lastModifiedDate":"2022-02-01"},{"lineNumber":188,"author":{"gitId":"SethCKL"},"content":"                    break;","lastModifiedDate":"2022-02-01"},{"lineNumber":189,"author":{"gitId":"SethCKL"},"content":"                case \"E\":","lastModifiedDate":"2022-02-01"},{"lineNumber":190,"author":{"gitId":"SethCKL"},"content":"                    newTask \u003d new Event(taskInfo[2], LocalDateTime.parse(taskInfo[3], DateTimeFormatter.ofPattern(\"yyyy-MM-dd HH:mm\")));","lastModifiedDate":"2022-02-01"},{"lineNumber":191,"author":{"gitId":"SethCKL"},"content":"                    break;","lastModifiedDate":"2022-02-01"},{"lineNumber":192,"author":{"gitId":"SethCKL"},"content":"            }","lastModifiedDate":"2022-02-01"},{"lineNumber":193,"author":{"gitId":"SethCKL"},"content":"            if (taskInfo[1].equals(\"X\")) {","lastModifiedDate":"2022-02-01"},{"lineNumber":194,"author":{"gitId":"SethCKL"},"content":"                newTask.markAsDone();","lastModifiedDate":"2022-02-01"},{"lineNumber":195,"author":{"gitId":"SethCKL"},"content":"            }","lastModifiedDate":"2022-02-01"},{"lineNumber":196,"author":{"gitId":"SethCKL"},"content":"            taskList.add(newTask);","lastModifiedDate":"2022-02-01"},{"lineNumber":197,"author":{"gitId":"SethCKL"},"content":"        }","lastModifiedDate":"2022-02-01"},{"lineNumber":198,"author":{"gitId":"-"},"content":"    }","lastModifiedDate":"2022-02-01"},{"lineNumber":199,"author":{"gitId":"-"},"content":"}","lastModifiedDate":"2019-07-29"}],"authorContributionMap":{"SethCKL":195,"-":4}},{"path":"src/main/java/Event.java","fileType":"java","lines":[{"lineNumber":1,"author":{"gitId":"SethCKL"},"content":"import java.time.LocalDateTime;","lastModifiedDate":"2022-02-01"},{"lineNumber":2,"author":{"gitId":"SethCKL"},"content":"import java.time.format.DateTimeFormatter;","lastModifiedDate":"2022-02-01"},{"lineNumber":3,"author":{"gitId":"SethCKL"},"content":"","lastModifiedDate":"2022-02-01"},{"lineNumber":4,"author":{"gitId":"SethCKL"},"content":"public class Event extends Task{","lastModifiedDate":"2022-01-24"},{"lineNumber":5,"author":{"gitId":"SethCKL"},"content":"    protected LocalDateTime setAt;","lastModifiedDate":"2022-02-01"},{"lineNumber":6,"author":{"gitId":"SethCKL"},"content":"","lastModifiedDate":"2022-01-24"},{"lineNumber":7,"author":{"gitId":"SethCKL"},"content":"    public Event(String description, LocalDateTime setAt) {","lastModifiedDate":"2022-02-01"},{"lineNumber":8,"author":{"gitId":"SethCKL"},"content":"        super(description);","lastModifiedDate":"2022-01-24"},{"lineNumber":9,"author":{"gitId":"SethCKL"},"content":"        this.setAt \u003d setAt;","lastModifiedDate":"2022-01-24"},{"lineNumber":10,"author":{"gitId":"SethCKL"},"content":"    }","lastModifiedDate":"2022-01-24"},{"lineNumber":11,"author":{"gitId":"SethCKL"},"content":"","lastModifiedDate":"2022-01-24"},{"lineNumber":12,"author":{"gitId":"SethCKL"},"content":"    @Override","lastModifiedDate":"2022-01-24"},{"lineNumber":13,"author":{"gitId":"SethCKL"},"content":"    public String toString() {","lastModifiedDate":"2022-01-24"},{"lineNumber":14,"author":{"gitId":"SethCKL"},"content":"        return String.format(\"[E]%s(at: %s)\", super.toString(), this.setAt.format(DateTimeFormatter.ofPattern(\"yyyy-MM-dd HH:mm\")));","lastModifiedDate":"2022-02-01"},{"lineNumber":15,"author":{"gitId":"SethCKL"},"content":"    }","lastModifiedDate":"2022-01-24"},{"lineNumber":16,"author":{"gitId":"SethCKL"},"content":"","lastModifiedDate":"2022-02-01"},{"lineNumber":17,"author":{"gitId":"SethCKL"},"content":"    @Override","lastModifiedDate":"2022-02-01"},{"lineNumber":18,"author":{"gitId":"SethCKL"},"content":"    public String toStorageString() {","lastModifiedDate":"2022-02-01"},{"lineNumber":19,"author":{"gitId":"SethCKL"},"content":"        return String.format(\"E#%s#%s#%s\", this.getStatusIcon(), this.description, this.setAt.format(DateTimeFormatter.ofPattern(\"yyyy-MM-dd HH:mm\")));","lastModifiedDate":"2022-02-01"},{"lineNumber":20,"author":{"gitId":"SethCKL"},"content":"    }","lastModifiedDate":"2022-01-24"},{"lineNumber":21,"author":{"gitId":"SethCKL"},"content":"}","lastModifiedDate":"2022-01-24"}],"authorContributionMap":{"SethCKL":21}},{"path":"src/main/java/InvalidInputException.java","fileType":"java","lines":[{"lineNumber":1,"author":{"gitId":"SethCKL"},"content":"public class InvalidInputException extends Exception{","lastModifiedDate":"2022-01-24"},{"lineNumber":2,"author":{"gitId":"SethCKL"},"content":"    InvalidInputException(String errorMessage) {","lastModifiedDate":"2022-01-24"},{"lineNumber":3,"author":{"gitId":"SethCKL"},"content":"        super(errorMessage);","lastModifiedDate":"2022-01-24"},{"lineNumber":4,"author":{"gitId":"SethCKL"},"content":"    }","lastModifiedDate":"2022-01-24"},{"lineNumber":5,"author":{"gitId":"SethCKL"},"content":"}","lastModifiedDate":"2022-01-24"}],"authorContributionMap":{"SethCKL":5}},{"path":"src/main/java/NoDescException.java","fileType":"java","lines":[{"lineNumber":1,"author":{"gitId":"SethCKL"},"content":"public class NoDescException extends Exception{","lastModifiedDate":"2022-01-24"},{"lineNumber":2,"author":{"gitId":"SethCKL"},"content":"    public NoDescException(String errorMessage) {","lastModifiedDate":"2022-01-24"},{"lineNumber":3,"author":{"gitId":"SethCKL"},"content":"        super(errorMessage);","lastModifiedDate":"2022-01-24"},{"lineNumber":4,"author":{"gitId":"SethCKL"},"content":"    }","lastModifiedDate":"2022-01-24"},{"lineNumber":5,"author":{"gitId":"SethCKL"},"content":"}","lastModifiedDate":"2022-01-24"}],"authorContributionMap":{"SethCKL":5}},{"path":"src/main/java/Task.java","fileType":"java","lines":[{"lineNumber":1,"author":{"gitId":"SethCKL"},"content":"public class Task {","lastModifiedDate":"2022-01-23"},{"lineNumber":2,"author":{"gitId":"SethCKL"},"content":"    protected String description;","lastModifiedDate":"2022-01-23"},{"lineNumber":3,"author":{"gitId":"SethCKL"},"content":"    protected boolean isDone;","lastModifiedDate":"2022-01-23"},{"lineNumber":4,"author":{"gitId":"SethCKL"},"content":"","lastModifiedDate":"2022-01-23"},{"lineNumber":5,"author":{"gitId":"SethCKL"},"content":"    public Task(String description) {","lastModifiedDate":"2022-01-23"},{"lineNumber":6,"author":{"gitId":"SethCKL"},"content":"        this.description \u003d description;","lastModifiedDate":"2022-01-23"},{"lineNumber":7,"author":{"gitId":"SethCKL"},"content":"        this.isDone \u003d false;","lastModifiedDate":"2022-01-23"},{"lineNumber":8,"author":{"gitId":"SethCKL"},"content":"    }","lastModifiedDate":"2022-01-23"},{"lineNumber":9,"author":{"gitId":"SethCKL"},"content":"","lastModifiedDate":"2022-01-23"},{"lineNumber":10,"author":{"gitId":"SethCKL"},"content":"    public String getStatusIcon() {","lastModifiedDate":"2022-01-23"},{"lineNumber":11,"author":{"gitId":"SethCKL"},"content":"        return (isDone ? \"X\" : \" \");","lastModifiedDate":"2022-01-23"},{"lineNumber":12,"author":{"gitId":"SethCKL"},"content":"    }","lastModifiedDate":"2022-01-23"},{"lineNumber":13,"author":{"gitId":"SethCKL"},"content":"","lastModifiedDate":"2022-01-23"},{"lineNumber":14,"author":{"gitId":"SethCKL"},"content":"    public void markAsDone() {","lastModifiedDate":"2022-01-23"},{"lineNumber":15,"author":{"gitId":"SethCKL"},"content":"        this.isDone \u003d true;","lastModifiedDate":"2022-01-23"},{"lineNumber":16,"author":{"gitId":"SethCKL"},"content":"    }","lastModifiedDate":"2022-01-23"},{"lineNumber":17,"author":{"gitId":"SethCKL"},"content":"","lastModifiedDate":"2022-01-23"},{"lineNumber":18,"author":{"gitId":"SethCKL"},"content":"    public void markAsUndone() {","lastModifiedDate":"2022-01-23"},{"lineNumber":19,"author":{"gitId":"SethCKL"},"content":"        this.isDone \u003d false;","lastModifiedDate":"2022-01-23"},{"lineNumber":20,"author":{"gitId":"SethCKL"},"content":"    }","lastModifiedDate":"2022-01-23"},{"lineNumber":21,"author":{"gitId":"SethCKL"},"content":"","lastModifiedDate":"2022-01-23"},{"lineNumber":22,"author":{"gitId":"SethCKL"},"content":"    public String toStorageString() {","lastModifiedDate":"2022-02-01"},{"lineNumber":23,"author":{"gitId":"SethCKL"},"content":"        return \"placeholder\";","lastModifiedDate":"2022-02-01"},{"lineNumber":24,"author":{"gitId":"SethCKL"},"content":"    }","lastModifiedDate":"2022-02-01"},{"lineNumber":25,"author":{"gitId":"SethCKL"},"content":"","lastModifiedDate":"2022-02-01"},{"lineNumber":26,"author":{"gitId":"SethCKL"},"content":"    @Override","lastModifiedDate":"2022-01-23"},{"lineNumber":27,"author":{"gitId":"SethCKL"},"content":"    public String toString() {","lastModifiedDate":"2022-01-23"},{"lineNumber":28,"author":{"gitId":"SethCKL"},"content":"        return String.format(\"[%s] %s\", getStatusIcon(), description);","lastModifiedDate":"2022-01-23"},{"lineNumber":29,"author":{"gitId":"SethCKL"},"content":"    }","lastModifiedDate":"2022-01-23"},{"lineNumber":30,"author":{"gitId":"SethCKL"},"content":"}","lastModifiedDate":"2022-01-23"}],"authorContributionMap":{"SethCKL":30}},{"path":"src/main/java/Todo.java","fileType":"java","lines":[{"lineNumber":1,"author":{"gitId":"SethCKL"},"content":"public class Todo extends Task{","lastModifiedDate":"2022-01-24"},{"lineNumber":2,"author":{"gitId":"SethCKL"},"content":"","lastModifiedDate":"2022-01-24"},{"lineNumber":3,"author":{"gitId":"SethCKL"},"content":"    public Todo(String description) {","lastModifiedDate":"2022-01-24"},{"lineNumber":4,"author":{"gitId":"SethCKL"},"content":"        super(description);","lastModifiedDate":"2022-01-24"},{"lineNumber":5,"author":{"gitId":"SethCKL"},"content":"    }","lastModifiedDate":"2022-01-24"},{"lineNumber":6,"author":{"gitId":"SethCKL"},"content":"","lastModifiedDate":"2022-01-24"},{"lineNumber":7,"author":{"gitId":"SethCKL"},"content":"    @Override","lastModifiedDate":"2022-01-24"},{"lineNumber":8,"author":{"gitId":"SethCKL"},"content":"    public String toString() {","lastModifiedDate":"2022-01-24"},{"lineNumber":9,"author":{"gitId":"SethCKL"},"content":"        return String.format(\"[T]%s\", super.toString());","lastModifiedDate":"2022-01-24"},{"lineNumber":10,"author":{"gitId":"SethCKL"},"content":"    }","lastModifiedDate":"2022-01-24"},{"lineNumber":11,"author":{"gitId":"SethCKL"},"content":"","lastModifiedDate":"2022-02-01"},{"lineNumber":12,"author":{"gitId":"SethCKL"},"content":"    @Override","lastModifiedDate":"2022-02-01"},{"lineNumber":13,"author":{"gitId":"SethCKL"},"content":"    public String toStorageString() {","lastModifiedDate":"2022-02-01"},{"lineNumber":14,"author":{"gitId":"SethCKL"},"content":"        return String.format(\"T#%s#%s\", this.getStatusIcon(), this.description);","lastModifiedDate":"2022-02-01"},{"lineNumber":15,"author":{"gitId":"SethCKL"},"content":"    }","lastModifiedDate":"2022-02-01"},{"lineNumber":16,"author":{"gitId":"SethCKL"},"content":"}","lastModifiedDate":"2022-01-24"}],"authorContributionMap":{"SethCKL":16}},{"path":"text-ui-test/input.txt","fileType":"txt","lines":[{"lineNumber":1,"author":{"gitId":"SethCKL"},"content":"\u003c\u003c\u003c\u003c\u003c\u003c\u003c HEAD","lastModifiedDate":"2022-02-01"},{"lineNumber":2,"author":{"gitId":"SethCKL"},"content":"deadline return book/by 2/12/2019 1800","lastModifiedDate":"2022-02-01"},{"lineNumber":3,"author":{"gitId":"SethCKL"},"content":"\u003d\u003d\u003d\u003d\u003d\u003d\u003d","lastModifiedDate":"2022-02-01"},{"lineNumber":4,"author":{"gitId":"SethCKL"},"content":"todo borrow book","lastModifiedDate":"2022-02-01"},{"lineNumber":5,"author":{"gitId":"SethCKL"},"content":"deadline return book /by Sunday","lastModifiedDate":"2022-02-01"},{"lineNumber":6,"author":{"gitId":"SethCKL"},"content":"event project meeting /at Mon 2-4pm","lastModifiedDate":"2022-02-01"},{"lineNumber":7,"author":{"gitId":"SethCKL"},"content":"bye","lastModifiedDate":"2022-02-01"},{"lineNumber":8,"author":{"gitId":"SethCKL"},"content":"\u003e\u003e\u003e\u003e\u003e\u003e\u003e branch-Level-7","lastModifiedDate":"2022-02-01"}],"authorContributionMap":{"SethCKL":8}}]
