{"authorDailyContributionsMap":{"SethCKL":[{"date":"2022-01-21","commitResults":[{"hash":"721857549882e33f34c8209e8b3c20ea69baf878","messageTitle":"Level-1. Greet, Echo, Exit","messageBody":"","tags":["Level-1"],"fileTypesAndContributionMap":{"java":{"insertions":20,"deletions":6}}}]},{"date":"2022-01-22","commitResults":[{"hash":"ea3f0d1e816b3f3127194e1d9678cd6215977899","messageTitle":"Level 2. Add, List","messageBody":"","tags":["Level-2"],"fileTypesAndContributionMap":{"java":{"insertions":30,"deletions":5}}}]},{"date":"2022-01-23","commitResults":[{"hash":"ba3e4d3e935d16f8a2bf32c0cee72f948b0cac94","messageTitle":"Level 3. Mark as Done","messageBody":"","tags":["Level-3"],"fileTypesAndContributionMap":{"java":{"insertions":57,"deletions":19}}}]},{"date":"2022-01-24","commitResults":[{"hash":"5849c8ee8dac2fe72a4094ef32a3beb0259399f2","messageTitle":"Level 4. ToDos, Events, Deadlines","messageBody":"","tags":["Level-4","A-TextUiTesting"],"fileTypesAndContributionMap":{"java":{"insertions":116,"deletions":15}}},{"hash":"5c5acdf9d0d0eebf725c4abf400729950ff738ec","messageTitle":"Level 6. Delete","messageBody":"","fileTypesAndContributionMap":{"java":{"insertions":89,"deletions":59}}}]},{"date":"2022-02-01","commitResults":[{"hash":"916af3d1c3a0c9615ca84502e8d9d6cee6e080a2","messageTitle":"Level-7: Save","messageBody":"","tags":["Level-7"],"fileTypesAndContributionMap":{"txt":{"insertions":6,"deletions":0},"java":{"insertions":65,"deletions":1}}},{"hash":"aecd3543e9235abb4eb03f824fbbbd3a3f89201b","messageTitle":"Level-8: Dates and Times","messageBody":"","tags":["Level-8"],"fileTypesAndContributionMap":{"txt":{"insertions":1,"deletions":0},"java":{"insertions":25,"deletions":10}}},{"hash":"25e570386e4a5c76b06a6ab2b14bf05d40ea24be","messageTitle":"A-MoreOOP: Use More OOP","messageBody":"","tags":["A-MoreOOP"],"fileTypesAndContributionMap":{"txt":{"insertions":6,"deletions":10},"java":{"insertions":223,"deletions":199}}},{"hash":"6976feb4ba42529263c0c5f03ed65c8c73503242","messageTitle":"Branch Level-8","messageBody":"","fileTypesAndContributionMap":{"java":{"insertions":7,"deletions":7}}},{"hash":"505f0c9554ce7aaa8233e6e01775c84d8b78a7a3","messageTitle":"A-MoreOOP: Use More OOP","messageBody":"","fileTypesAndContributionMap":{"txt":{"insertions":3,"deletions":10},"java":{"insertions":223,"deletions":199}}},{"hash":"a5479f9efa88b3cadbbdb19f1c787d049a3769b3","messageTitle":"A-Packages: Organise into Packages","messageBody":"","tags":["A-Packages"],"fileTypesAndContributionMap":{"java":{"insertions":22,"deletions":0}}}]},{"date":"2022-02-02","commitResults":[{"hash":"0f414847eb4407d88d43f1e1c9bca9fe06ad8f39","messageTitle":"Added Junit tests","messageBody":"","tags":["A-JUnit"],"fileTypesAndContributionMap":{"txt":{"insertions":0,"deletions":0},"java":{"insertions":31,"deletions":0}}},{"hash":"3d23dcdc3c2a1a82d582a1900c6d9f1c04e896db","messageTitle":"Added Level-9","messageBody":"","tags":["Level-9"],"fileTypesAndContributionMap":{"txt":{"insertions":1,"deletions":0},"java":{"insertions":15,"deletions":1}}}]},{"date":"2022-02-03","commitResults":[{"hash":"d30b6a13b4c9b686822eb4cabbc4728c8c372443","messageTitle":"add javadocs and fix codestyle","messageBody":"","tags":["A-JavaDoc","A-CodingStandard"],"fileTypesAndContributionMap":{"txt":{"insertions":3,"deletions":1},"java":{"insertions":293,"deletions":168},"bat":{"insertions":2,"deletions":2}}},{"hash":"1e9a65c53028b82c115c9c1c444201e608d1c6e3","messageTitle":"update codestyle","messageBody":"","fileTypesAndContributionMap":{"java":{"insertions":37,"deletions":37}}}]},{"date":"2022-02-05","commitResults":[{"hash":"e29ceedff43ed7a1e14e7ff628f9d90d8578b85f","messageTitle":"remove debug statement from parser","messageBody":"","fileTypesAndContributionMap":{"txt":{"insertions":0,"deletions":1},"java":{"insertions":0,"deletions":1}}}]},{"date":"2022-02-15","commitResults":[{"hash":"855cb386770b80656287a0365af2e07f186674ac","messageTitle":"added level 10","messageBody":"","tags":["Level-10"],"fileTypesAndContributionMap":{"gradle":{"insertions":16,"deletions":2},"fxml":{"insertions":37,"deletions":0},"java":{"insertions":239,"deletions":106}}},{"hash":"b17fbb064f80635924d6a7f75be8d03e410f3e88","messageTitle":"change gradle build file and add checkstyle xml","messageBody":"","fileTypesAndContributionMap":{"gradle":{"insertions":2,"deletions":2}}}]},{"date":"2022-02-16","commitResults":[{"hash":"1d68b4ad39115f3fdefcd9648c50dfbac2e2cc96","messageTitle":"Add assert statements to Cleese and Ui classes","messageBody":"The Cleese and Ui class are crucial to get the program to a\nstate where we can test basic functionality and correctness.\n\nAdding assert statements will help to ensure that the classes\nand underlying functions are always given the correct input.\n\nThis allows for increased confidence of bugs or issues\narising from other parts of the program and speeds up\npotential debugging.\n","tags":["A-FullCommitMessage","A-Assertions"],"fileTypesAndContributionMap":{"gradle":{"insertions":2,"deletions":1},"java":{"insertions":9,"deletions":0}}}]},{"date":"2022-02-17","commitResults":[{"hash":"f836f6744495743f63b844bd8b6b859c012091f8","messageTitle":"improve code quality across all files where applicable","messageBody":"","tags":["A-CodeQuality"],"fileTypesAndContributionMap":{"java":{"insertions":46,"deletions":37}}},{"hash":"e52bbe1cb13a06b925ff1b66f4cd6c955c6fcc60","messageTitle":"add help command to assist user in knowing what commands are available","messageBody":"","tags":["BCD-Extension"],"fileTypesAndContributionMap":{"java":{"insertions":12,"deletions":2}}}]},{"date":"2022-02-18","commitResults":[{"hash":"6796c641f7534e1e9d0d8783fabd7fa548c81ffd","messageTitle":"add javadocs to methods flagged by checkstyle","messageBody":"","fileTypesAndContributionMap":{"java":{"insertions":34,"deletions":1}}},{"hash":"cb56de491864d39f40d372c709d22778b7126369","messageTitle":"Update README.md","messageBody":"","fileTypesAndContributionMap":{"md":{"insertions":8,"deletions":7}}},{"hash":"c2a5a8b52083cb9b4211ffe510d45b083f15f361","messageTitle":"Update README.md","messageBody":"","fileTypesAndContributionMap":{"md":{"insertions":12,"deletions":8}}},{"hash":"9d2925db073275680f9aba5d469cf50831b4f2d6","messageTitle":"Update README.md","messageBody":"","fileTypesAndContributionMap":{"md":{"insertions":2,"deletions":6}}},{"hash":"850206884c24b2ad241a57a11b464db88e7d4e47","messageTitle":"Update README.md","messageBody":"","fileTypesAndContributionMap":{"md":{"insertions":42,"deletions":0}}},{"hash":"48e2f0a226053ee9521388089352716f2fdbbe94","messageTitle":"Update README.md","messageBody":"","fileTypesAndContributionMap":{"md":{"insertions":2,"deletions":2}}},{"hash":"1c666b29cb6a91d639802253c63aa83e34c7a4b2","messageTitle":"update build.gradle CleeseTest.java","messageBody":"","fileTypesAndContributionMap":{"gradle":{"insertions":5,"deletions":4},"txt":{"insertions":1,"deletions":0},"java":{"insertions":6,"deletions":7}}}]}]},"authorFileTypeContributionMap":{"SethCKL":{"java":705,"md":54,"fxml":37,"sh":0,"bat":2,"gradle":18,"txt":7}},"authorContributionVariance":{"SethCKL":39192.7},"authorDisplayNameMap":{"SethCKL":"CS2103-W17-4 CHON..EONG"}}
