{"authorDailyContributionsMap":{"hsiaojietng":[{"date":"2022-01-15","commitResults":[{"hash":"751a82aa062a89a95c9f12dd044fd68541bec3d3","messageTitle":"Implemented Level 1. Greet, Echo, Exit.","messageBody":"","tags":["Level-1"],"fileTypesAndContributionMap":{"java":{"insertions":25,"deletions":6}}},{"hash":"47563f6b64b76b67c5a23f0b5aff47d578989c53","messageTitle":"Implemented DukeList database to act as List with add and list functions","messageBody":"","tags":["Level-2"],"fileTypesAndContributionMap":{"java":{"insertions":35,"deletions":4}}}]},{"date":"2022-01-16","commitResults":[{"hash":"facd938647c12ac784496c82e551a1f60f46c909","messageTitle":"Implemented mark as done function and created abstracted methods more","messageBody":"","tags":["Level-3"],"fileTypesAndContributionMap":{"java":{"insertions":104,"deletions":15}}}]},{"date":"2022-01-18","commitResults":[{"hash":"bcfc20b59720454ae0d0ed1b6907e845023f266c","messageTitle":"Created inherited classes: Todo, Deadline, Events and abstracted the command words into a class \"Action\"","messageBody":"","tags":["Level-4"],"fileTypesAndContributionMap":{"java":{"insertions":224,"deletions":68}}},{"hash":"392ec75919cfa0ed3a4bcaf6680c6e8ac6c6c7ce","messageTitle":"Added testing bat file for semi automated testing","messageBody":"","fileTypesAndContributionMap":{"txt":{"insertions":12,"deletions":0}}}]}]},"authorFileTypeContributionMap":{"hsiaojietng":{"java":300,"md":0,"fxml":0,"sh":0,"bat":0,"gradle":0,"txt":12}},"authorContributionVariance":{"hsiaojietng":12573.439},"authorDisplayNameMap":{"hsiaojietng":"NG H..JIET"}}
