[{"path":"src/main/java/Deadlines.java","fileType":"java","lines":[{"lineNumber":1,"author":{"gitId":"jltham"},"content":"public class Deadlines extends Task {","lastModifiedDate":"2022-01-21"},{"lineNumber":2,"author":{"gitId":"jltham"},"content":"    protected static String type \u003d \"[D]\";","lastModifiedDate":"2022-01-21"},{"lineNumber":3,"author":{"gitId":"jltham"},"content":"","lastModifiedDate":"2022-01-21"},{"lineNumber":4,"author":{"gitId":"jltham"},"content":"    public Deadlines(String description, boolean isDone) {","lastModifiedDate":"2022-01-21"},{"lineNumber":5,"author":{"gitId":"jltham"},"content":"        super(description, isDone);","lastModifiedDate":"2022-01-21"},{"lineNumber":6,"author":{"gitId":"jltham"},"content":"        String[] temp \u003d description.split(\"/by \");","lastModifiedDate":"2022-01-21"},{"lineNumber":7,"author":{"gitId":"jltham"},"content":"        if (temp.length \u003e 1) {","lastModifiedDate":"2022-01-21"},{"lineNumber":8,"author":{"gitId":"jltham"},"content":"            this.description \u003d temp[0] + \" (by: \" + temp[1] + \")\";","lastModifiedDate":"2022-01-21"},{"lineNumber":9,"author":{"gitId":"jltham"},"content":"        } else {","lastModifiedDate":"2022-01-21"},{"lineNumber":10,"author":{"gitId":"jltham"},"content":"            this.description \u003d description;","lastModifiedDate":"2022-01-21"},{"lineNumber":11,"author":{"gitId":"jltham"},"content":"        }","lastModifiedDate":"2022-01-21"},{"lineNumber":12,"author":{"gitId":"jltham"},"content":"    }","lastModifiedDate":"2022-01-21"},{"lineNumber":13,"author":{"gitId":"jltham"},"content":"","lastModifiedDate":"2022-01-21"},{"lineNumber":14,"author":{"gitId":"jltham"},"content":"    public Deadlines(String description) {","lastModifiedDate":"2022-01-21"},{"lineNumber":15,"author":{"gitId":"jltham"},"content":"        this(description, false);","lastModifiedDate":"2022-01-21"},{"lineNumber":16,"author":{"gitId":"jltham"},"content":"    }","lastModifiedDate":"2022-01-21"},{"lineNumber":17,"author":{"gitId":"jltham"},"content":"","lastModifiedDate":"2022-01-21"},{"lineNumber":18,"author":{"gitId":"jltham"},"content":"    @Override","lastModifiedDate":"2022-01-21"},{"lineNumber":19,"author":{"gitId":"jltham"},"content":"    public String toString() {","lastModifiedDate":"2022-01-21"},{"lineNumber":20,"author":{"gitId":"jltham"},"content":"        return this.isDone ? \"[D][X] \" + this.description","lastModifiedDate":"2022-01-21"},{"lineNumber":21,"author":{"gitId":"jltham"},"content":"                : \"[D][ ] \" + this.description;","lastModifiedDate":"2022-01-21"},{"lineNumber":22,"author":{"gitId":"jltham"},"content":"    }","lastModifiedDate":"2022-01-21"},{"lineNumber":23,"author":{"gitId":"jltham"},"content":"}","lastModifiedDate":"2022-01-21"}],"authorContributionMap":{"jltham":23}},{"path":"src/main/java/DukeException.java","fileType":"java","lines":[{"lineNumber":1,"author":{"gitId":"jltham"},"content":"public class DukeException extends Exception {","lastModifiedDate":"2022-01-21"},{"lineNumber":2,"author":{"gitId":"jltham"},"content":"    public DukeException(String errorMessage) {","lastModifiedDate":"2022-01-21"},{"lineNumber":3,"author":{"gitId":"jltham"},"content":"        super(\"☹ OOPS!!! \" + errorMessage);","lastModifiedDate":"2022-01-21"},{"lineNumber":4,"author":{"gitId":"jltham"},"content":"    }","lastModifiedDate":"2022-01-21"},{"lineNumber":5,"author":{"gitId":"jltham"},"content":"}","lastModifiedDate":"2022-01-21"}],"authorContributionMap":{"jltham":5}},{"path":"src/main/java/DukeTest.java","fileType":"java","lines":[{"lineNumber":1,"author":{"gitId":"jltham"},"content":"import java.util.ArrayList;","lastModifiedDate":"2022-01-21"},{"lineNumber":2,"author":{"gitId":"jltham"},"content":"import java.util.Scanner;","lastModifiedDate":"2022-01-21"},{"lineNumber":3,"author":{"gitId":"jltham"},"content":"","lastModifiedDate":"2022-01-21"},{"lineNumber":4,"author":{"gitId":"jltham"},"content":"public class DukeTest {","lastModifiedDate":"2022-01-21"},{"lineNumber":5,"author":{"gitId":"jltham"},"content":"    private static String exitTrigger \u003d \"bye\";","lastModifiedDate":"2022-01-21"},{"lineNumber":6,"author":{"gitId":"jltham"},"content":"","lastModifiedDate":"2022-01-21"},{"lineNumber":7,"author":{"gitId":"jltham"},"content":"    private static ArrayList\u003cTask\u003e taskList \u003d new ArrayList\u003c\u003e();","lastModifiedDate":"2022-01-21"},{"lineNumber":8,"author":{"gitId":"jltham"},"content":"","lastModifiedDate":"2022-01-21"},{"lineNumber":9,"author":{"gitId":"jltham"},"content":"    private static boolean isExit(String input) {","lastModifiedDate":"2022-01-21"},{"lineNumber":10,"author":{"gitId":"jltham"},"content":"        return input.equals(exitTrigger);","lastModifiedDate":"2022-01-21"},{"lineNumber":11,"author":{"gitId":"jltham"},"content":"    }","lastModifiedDate":"2022-01-21"},{"lineNumber":12,"author":{"gitId":"jltham"},"content":"","lastModifiedDate":"2022-01-21"},{"lineNumber":13,"author":{"gitId":"jltham"},"content":"    private static void exit() {","lastModifiedDate":"2022-01-21"},{"lineNumber":14,"author":{"gitId":"jltham"},"content":"        System.out.println(\"Bye. Hope to see you again soon!\");","lastModifiedDate":"2022-01-21"},{"lineNumber":15,"author":{"gitId":"jltham"},"content":"    }","lastModifiedDate":"2022-01-21"},{"lineNumber":16,"author":{"gitId":"jltham"},"content":"","lastModifiedDate":"2022-01-21"},{"lineNumber":17,"author":{"gitId":"jltham"},"content":"    private static void addTask(Task task) {","lastModifiedDate":"2022-01-21"},{"lineNumber":18,"author":{"gitId":"jltham"},"content":"        taskList.add(task);","lastModifiedDate":"2022-01-21"},{"lineNumber":19,"author":{"gitId":"jltham"},"content":"        System.out.println(\"Got it. I\u0027ve added this task:\\n\" + task.toString() +","lastModifiedDate":"2022-01-21"},{"lineNumber":20,"author":{"gitId":"jltham"},"content":"                \"\\nNow you have \" + taskList.size() + \" tasks in the list.\");","lastModifiedDate":"2022-01-21"},{"lineNumber":21,"author":{"gitId":"jltham"},"content":"    }","lastModifiedDate":"2022-01-21"},{"lineNumber":22,"author":{"gitId":"jltham"},"content":"","lastModifiedDate":"2022-01-21"},{"lineNumber":23,"author":{"gitId":"jltham"},"content":"    private static void deleteTask(int idx) {","lastModifiedDate":"2022-01-21"},{"lineNumber":24,"author":{"gitId":"jltham"},"content":"        Task temp \u003d taskList.get(idx - 1);","lastModifiedDate":"2022-01-21"},{"lineNumber":25,"author":{"gitId":"jltham"},"content":"        taskList.remove(idx - 1);","lastModifiedDate":"2022-01-21"},{"lineNumber":26,"author":{"gitId":"jltham"},"content":"        System.out.println(\"Noted. I\u0027ve removed this task:\\n\" + temp.toString() +","lastModifiedDate":"2022-01-21"},{"lineNumber":27,"author":{"gitId":"jltham"},"content":"                \"\\nNow you have \" + taskList.size() + \" tasks in the list.\");","lastModifiedDate":"2022-01-21"},{"lineNumber":28,"author":{"gitId":"jltham"},"content":"","lastModifiedDate":"2022-01-21"},{"lineNumber":29,"author":{"gitId":"jltham"},"content":"    }","lastModifiedDate":"2022-01-21"},{"lineNumber":30,"author":{"gitId":"jltham"},"content":"","lastModifiedDate":"2022-01-21"},{"lineNumber":31,"author":{"gitId":"jltham"},"content":"    private static void list() {","lastModifiedDate":"2022-01-21"},{"lineNumber":32,"author":{"gitId":"jltham"},"content":"        for (int i \u003d 1; i \u003c\u003d taskList.size(); i++) {","lastModifiedDate":"2022-01-21"},{"lineNumber":33,"author":{"gitId":"jltham"},"content":"            System.out.println(i + \".\" + taskList.get(i - 1).toString());","lastModifiedDate":"2022-01-21"},{"lineNumber":34,"author":{"gitId":"jltham"},"content":"        }","lastModifiedDate":"2022-01-21"},{"lineNumber":35,"author":{"gitId":"jltham"},"content":"    }","lastModifiedDate":"2022-01-21"},{"lineNumber":36,"author":{"gitId":"jltham"},"content":"","lastModifiedDate":"2022-01-21"},{"lineNumber":37,"author":{"gitId":"jltham"},"content":"    public static void main(String[] args) {","lastModifiedDate":"2022-01-21"},{"lineNumber":38,"author":{"gitId":"jltham"},"content":"        try {","lastModifiedDate":"2022-01-21"},{"lineNumber":39,"author":{"gitId":"jltham"},"content":"            Scanner scanner \u003d new Scanner(System.in);","lastModifiedDate":"2022-01-21"},{"lineNumber":40,"author":{"gitId":"jltham"},"content":"            System.out.println(\"Hello! I\u0027m Duke\\nWhat can I do for you?\");","lastModifiedDate":"2022-01-21"},{"lineNumber":41,"author":{"gitId":"jltham"},"content":"","lastModifiedDate":"2022-01-21"},{"lineNumber":42,"author":{"gitId":"jltham"},"content":"            String input \u003d scanner.nextLine();","lastModifiedDate":"2022-01-21"},{"lineNumber":43,"author":{"gitId":"jltham"},"content":"            String[] splitInput \u003d new String[2];","lastModifiedDate":"2022-01-21"},{"lineNumber":44,"author":{"gitId":"jltham"},"content":"            String command;","lastModifiedDate":"2022-01-21"},{"lineNumber":45,"author":{"gitId":"jltham"},"content":"            splitInput \u003d input.split(\" \", 2);","lastModifiedDate":"2022-01-21"},{"lineNumber":46,"author":{"gitId":"jltham"},"content":"            command \u003d splitInput[0];","lastModifiedDate":"2022-01-21"},{"lineNumber":47,"author":{"gitId":"jltham"},"content":"","lastModifiedDate":"2022-01-21"},{"lineNumber":48,"author":{"gitId":"jltham"},"content":"            while (!(isExit(command))) {","lastModifiedDate":"2022-01-21"},{"lineNumber":49,"author":{"gitId":"jltham"},"content":"                switch (command) {","lastModifiedDate":"2022-01-21"},{"lineNumber":50,"author":{"gitId":"jltham"},"content":"                    case \"list\":","lastModifiedDate":"2022-01-21"},{"lineNumber":51,"author":{"gitId":"jltham"},"content":"                        list();","lastModifiedDate":"2022-01-21"},{"lineNumber":52,"author":{"gitId":"jltham"},"content":"                        break;","lastModifiedDate":"2022-01-21"},{"lineNumber":53,"author":{"gitId":"jltham"},"content":"                    case \"mark\":","lastModifiedDate":"2022-01-21"},{"lineNumber":54,"author":{"gitId":"jltham"},"content":"                        taskList.get(Integer.parseInt(splitInput[1]) - 1).mark();","lastModifiedDate":"2022-01-21"},{"lineNumber":55,"author":{"gitId":"jltham"},"content":"                        break;","lastModifiedDate":"2022-01-21"},{"lineNumber":56,"author":{"gitId":"jltham"},"content":"                    case \"unmark\":","lastModifiedDate":"2022-01-21"},{"lineNumber":57,"author":{"gitId":"jltham"},"content":"                        taskList.get(Integer.parseInt(splitInput[1]) - 1).unmark();","lastModifiedDate":"2022-01-21"},{"lineNumber":58,"author":{"gitId":"jltham"},"content":"                        break;","lastModifiedDate":"2022-01-21"},{"lineNumber":59,"author":{"gitId":"jltham"},"content":"                    case \"todo\":","lastModifiedDate":"2022-01-21"},{"lineNumber":60,"author":{"gitId":"jltham"},"content":"                        if (splitInput.length \u003c 2) {","lastModifiedDate":"2022-01-21"},{"lineNumber":61,"author":{"gitId":"jltham"},"content":"                            throw new DukeException(\"The description of a todo cannot be empty.\");","lastModifiedDate":"2022-01-21"},{"lineNumber":62,"author":{"gitId":"jltham"},"content":"                        } else {","lastModifiedDate":"2022-01-21"},{"lineNumber":63,"author":{"gitId":"jltham"},"content":"                            addTask(new ToDos(splitInput[1]));","lastModifiedDate":"2022-01-21"},{"lineNumber":64,"author":{"gitId":"jltham"},"content":"                            break;","lastModifiedDate":"2022-01-21"},{"lineNumber":65,"author":{"gitId":"jltham"},"content":"                        }","lastModifiedDate":"2022-01-21"},{"lineNumber":66,"author":{"gitId":"jltham"},"content":"                    case \"deadline\":","lastModifiedDate":"2022-01-21"},{"lineNumber":67,"author":{"gitId":"jltham"},"content":"                        if (splitInput.length \u003c 2) {","lastModifiedDate":"2022-01-21"},{"lineNumber":68,"author":{"gitId":"jltham"},"content":"                            throw new DukeException(\"The description of a deadline cannot be empty.\");","lastModifiedDate":"2022-01-21"},{"lineNumber":69,"author":{"gitId":"jltham"},"content":"                        } else {","lastModifiedDate":"2022-01-21"},{"lineNumber":70,"author":{"gitId":"jltham"},"content":"                            addTask(new Deadlines(splitInput[1]));","lastModifiedDate":"2022-01-21"},{"lineNumber":71,"author":{"gitId":"jltham"},"content":"                            break;","lastModifiedDate":"2022-01-21"},{"lineNumber":72,"author":{"gitId":"jltham"},"content":"                        }","lastModifiedDate":"2022-01-21"},{"lineNumber":73,"author":{"gitId":"jltham"},"content":"                    case \"event\":","lastModifiedDate":"2022-01-21"},{"lineNumber":74,"author":{"gitId":"jltham"},"content":"                        if (splitInput.length \u003c 2) {","lastModifiedDate":"2022-01-21"},{"lineNumber":75,"author":{"gitId":"jltham"},"content":"                            throw new DukeException(\"The description of an event cannot be empty.\");","lastModifiedDate":"2022-01-21"},{"lineNumber":76,"author":{"gitId":"jltham"},"content":"                        } else {","lastModifiedDate":"2022-01-21"},{"lineNumber":77,"author":{"gitId":"jltham"},"content":"                            addTask(new Events(splitInput[1]));","lastModifiedDate":"2022-01-21"},{"lineNumber":78,"author":{"gitId":"jltham"},"content":"                            break;","lastModifiedDate":"2022-01-21"},{"lineNumber":79,"author":{"gitId":"jltham"},"content":"                        }","lastModifiedDate":"2022-01-21"},{"lineNumber":80,"author":{"gitId":"jltham"},"content":"                    case \"delete\":","lastModifiedDate":"2022-01-21"},{"lineNumber":81,"author":{"gitId":"jltham"},"content":"                        deleteTask(Integer.parseInt(splitInput[1]));","lastModifiedDate":"2022-01-21"},{"lineNumber":82,"author":{"gitId":"jltham"},"content":"                        break;","lastModifiedDate":"2022-01-21"},{"lineNumber":83,"author":{"gitId":"jltham"},"content":"                    default:","lastModifiedDate":"2022-01-21"},{"lineNumber":84,"author":{"gitId":"jltham"},"content":"                        throw new DukeException(\"I\u0027m sorry, but I don\u0027t know what that means :-(\");","lastModifiedDate":"2022-01-21"},{"lineNumber":85,"author":{"gitId":"jltham"},"content":"                }","lastModifiedDate":"2022-01-21"},{"lineNumber":86,"author":{"gitId":"jltham"},"content":"","lastModifiedDate":"2022-01-21"},{"lineNumber":87,"author":{"gitId":"jltham"},"content":"                input \u003d scanner.nextLine();","lastModifiedDate":"2022-01-21"},{"lineNumber":88,"author":{"gitId":"jltham"},"content":"                splitInput \u003d input.split(\" \", 2);","lastModifiedDate":"2022-01-21"},{"lineNumber":89,"author":{"gitId":"jltham"},"content":"                command \u003d splitInput[0];","lastModifiedDate":"2022-01-21"},{"lineNumber":90,"author":{"gitId":"jltham"},"content":"            }","lastModifiedDate":"2022-01-21"},{"lineNumber":91,"author":{"gitId":"jltham"},"content":"","lastModifiedDate":"2022-01-21"},{"lineNumber":92,"author":{"gitId":"jltham"},"content":"            exit();","lastModifiedDate":"2022-01-21"},{"lineNumber":93,"author":{"gitId":"jltham"},"content":"            scanner.close();","lastModifiedDate":"2022-01-21"},{"lineNumber":94,"author":{"gitId":"jltham"},"content":"        } catch (DukeException e) {","lastModifiedDate":"2022-01-21"},{"lineNumber":95,"author":{"gitId":"jltham"},"content":"            System.out.println(e.getMessage());","lastModifiedDate":"2022-01-21"},{"lineNumber":96,"author":{"gitId":"jltham"},"content":"        }","lastModifiedDate":"2022-01-21"},{"lineNumber":97,"author":{"gitId":"jltham"},"content":"    }","lastModifiedDate":"2022-01-21"},{"lineNumber":98,"author":{"gitId":"jltham"},"content":"}","lastModifiedDate":"2022-01-21"}],"authorContributionMap":{"jltham":98}},{"path":"src/main/java/Events.java","fileType":"java","lines":[{"lineNumber":1,"author":{"gitId":"jltham"},"content":"public class Events extends Task {","lastModifiedDate":"2022-01-21"},{"lineNumber":2,"author":{"gitId":"jltham"},"content":"    protected static String type \u003d \"[E]\";","lastModifiedDate":"2022-01-21"},{"lineNumber":3,"author":{"gitId":"jltham"},"content":"","lastModifiedDate":"2022-01-21"},{"lineNumber":4,"author":{"gitId":"jltham"},"content":"    public Events(String description, boolean isDone) {","lastModifiedDate":"2022-01-21"},{"lineNumber":5,"author":{"gitId":"jltham"},"content":"        super(description, isDone);","lastModifiedDate":"2022-01-21"},{"lineNumber":6,"author":{"gitId":"jltham"},"content":"        String[] temp \u003d description.split(\"/at \");","lastModifiedDate":"2022-01-21"},{"lineNumber":7,"author":{"gitId":"jltham"},"content":"        if (temp.length \u003e 1) {","lastModifiedDate":"2022-01-21"},{"lineNumber":8,"author":{"gitId":"jltham"},"content":"            this.description \u003d temp[0] + \" (at: \" + temp[1] + \")\";","lastModifiedDate":"2022-01-21"},{"lineNumber":9,"author":{"gitId":"jltham"},"content":"        } else {","lastModifiedDate":"2022-01-21"},{"lineNumber":10,"author":{"gitId":"jltham"},"content":"            this.description \u003d description;","lastModifiedDate":"2022-01-21"},{"lineNumber":11,"author":{"gitId":"jltham"},"content":"        }","lastModifiedDate":"2022-01-21"},{"lineNumber":12,"author":{"gitId":"jltham"},"content":"    }","lastModifiedDate":"2022-01-21"},{"lineNumber":13,"author":{"gitId":"jltham"},"content":"","lastModifiedDate":"2022-01-21"},{"lineNumber":14,"author":{"gitId":"jltham"},"content":"    public Events(String description) {","lastModifiedDate":"2022-01-21"},{"lineNumber":15,"author":{"gitId":"jltham"},"content":"        this(description, false);","lastModifiedDate":"2022-01-21"},{"lineNumber":16,"author":{"gitId":"jltham"},"content":"    }","lastModifiedDate":"2022-01-21"},{"lineNumber":17,"author":{"gitId":"jltham"},"content":"","lastModifiedDate":"2022-01-21"},{"lineNumber":18,"author":{"gitId":"jltham"},"content":"    @Override","lastModifiedDate":"2022-01-21"},{"lineNumber":19,"author":{"gitId":"jltham"},"content":"    public String toString() {","lastModifiedDate":"2022-01-21"},{"lineNumber":20,"author":{"gitId":"jltham"},"content":"        return this.isDone ? \"[E][X] \" + this.description","lastModifiedDate":"2022-01-21"},{"lineNumber":21,"author":{"gitId":"jltham"},"content":"                : \"[E][ ] \" + this.description;","lastModifiedDate":"2022-01-21"},{"lineNumber":22,"author":{"gitId":"jltham"},"content":"    }","lastModifiedDate":"2022-01-21"},{"lineNumber":23,"author":{"gitId":"jltham"},"content":"","lastModifiedDate":"2022-01-21"},{"lineNumber":24,"author":{"gitId":"jltham"},"content":"}","lastModifiedDate":"2022-01-21"}],"authorContributionMap":{"jltham":24}},{"path":"src/main/java/Task.java","fileType":"java","lines":[{"lineNumber":1,"author":{"gitId":"jltham"},"content":"public class Task {","lastModifiedDate":"2022-01-21"},{"lineNumber":2,"author":{"gitId":"jltham"},"content":"    protected String description;","lastModifiedDate":"2022-01-21"},{"lineNumber":3,"author":{"gitId":"jltham"},"content":"    protected boolean isDone;","lastModifiedDate":"2022-01-21"},{"lineNumber":4,"author":{"gitId":"jltham"},"content":"","lastModifiedDate":"2022-01-21"},{"lineNumber":5,"author":{"gitId":"jltham"},"content":"    public Task(String description, boolean isDone) {","lastModifiedDate":"2022-01-21"},{"lineNumber":6,"author":{"gitId":"jltham"},"content":"        this.description \u003d description;","lastModifiedDate":"2022-01-21"},{"lineNumber":7,"author":{"gitId":"jltham"},"content":"        this.isDone \u003d isDone;","lastModifiedDate":"2022-01-21"},{"lineNumber":8,"author":{"gitId":"jltham"},"content":"    }","lastModifiedDate":"2022-01-21"},{"lineNumber":9,"author":{"gitId":"jltham"},"content":"","lastModifiedDate":"2022-01-21"},{"lineNumber":10,"author":{"gitId":"jltham"},"content":"    public Task(String description) {","lastModifiedDate":"2022-01-21"},{"lineNumber":11,"author":{"gitId":"jltham"},"content":"        this(description, false);","lastModifiedDate":"2022-01-21"},{"lineNumber":12,"author":{"gitId":"jltham"},"content":"    }","lastModifiedDate":"2022-01-21"},{"lineNumber":13,"author":{"gitId":"jltham"},"content":"","lastModifiedDate":"2022-01-21"},{"lineNumber":14,"author":{"gitId":"jltham"},"content":"    public void mark() {","lastModifiedDate":"2022-01-21"},{"lineNumber":15,"author":{"gitId":"jltham"},"content":"        this.isDone \u003d true;","lastModifiedDate":"2022-01-21"},{"lineNumber":16,"author":{"gitId":"jltham"},"content":"        System.out.println(\"Nice! I\u0027ve marked this task as done:\\n\" + this.toString());","lastModifiedDate":"2022-01-21"},{"lineNumber":17,"author":{"gitId":"jltham"},"content":"    }","lastModifiedDate":"2022-01-21"},{"lineNumber":18,"author":{"gitId":"jltham"},"content":"","lastModifiedDate":"2022-01-21"},{"lineNumber":19,"author":{"gitId":"jltham"},"content":"    public void unmark() {","lastModifiedDate":"2022-01-21"},{"lineNumber":20,"author":{"gitId":"jltham"},"content":"        this.isDone \u003d false;","lastModifiedDate":"2022-01-21"},{"lineNumber":21,"author":{"gitId":"jltham"},"content":"        System.out.println(\"OK, I\u0027ve marked this task as not done yet:\\n\" + this.toString());","lastModifiedDate":"2022-01-21"},{"lineNumber":22,"author":{"gitId":"jltham"},"content":"    }","lastModifiedDate":"2022-01-21"},{"lineNumber":23,"author":{"gitId":"jltham"},"content":"","lastModifiedDate":"2022-01-21"},{"lineNumber":24,"author":{"gitId":"jltham"},"content":"    @Override","lastModifiedDate":"2022-01-21"},{"lineNumber":25,"author":{"gitId":"jltham"},"content":"    public String toString() {","lastModifiedDate":"2022-01-21"},{"lineNumber":26,"author":{"gitId":"jltham"},"content":"        return this.isDone ? \"[X] \" + this.description","lastModifiedDate":"2022-01-21"},{"lineNumber":27,"author":{"gitId":"jltham"},"content":"                : \"[ ] \" + this.description;","lastModifiedDate":"2022-01-21"},{"lineNumber":28,"author":{"gitId":"jltham"},"content":"    }","lastModifiedDate":"2022-01-21"},{"lineNumber":29,"author":{"gitId":"jltham"},"content":"}","lastModifiedDate":"2022-01-21"}],"authorContributionMap":{"jltham":29}},{"path":"src/main/java/ToDos.java","fileType":"java","lines":[{"lineNumber":1,"author":{"gitId":"jltham"},"content":"public class ToDos extends Task {","lastModifiedDate":"2022-01-21"},{"lineNumber":2,"author":{"gitId":"jltham"},"content":"    protected static String type \u003d \"[T]\";","lastModifiedDate":"2022-01-21"},{"lineNumber":3,"author":{"gitId":"jltham"},"content":"","lastModifiedDate":"2022-01-21"},{"lineNumber":4,"author":{"gitId":"jltham"},"content":"    public ToDos(String description, boolean isDone) {","lastModifiedDate":"2022-01-21"},{"lineNumber":5,"author":{"gitId":"jltham"},"content":"        super(description, isDone);","lastModifiedDate":"2022-01-21"},{"lineNumber":6,"author":{"gitId":"jltham"},"content":"    }","lastModifiedDate":"2022-01-21"},{"lineNumber":7,"author":{"gitId":"jltham"},"content":"","lastModifiedDate":"2022-01-21"},{"lineNumber":8,"author":{"gitId":"jltham"},"content":"    public ToDos(String description) {","lastModifiedDate":"2022-01-21"},{"lineNumber":9,"author":{"gitId":"jltham"},"content":"        super(description);","lastModifiedDate":"2022-01-21"},{"lineNumber":10,"author":{"gitId":"jltham"},"content":"    }","lastModifiedDate":"2022-01-21"},{"lineNumber":11,"author":{"gitId":"jltham"},"content":"","lastModifiedDate":"2022-01-21"},{"lineNumber":12,"author":{"gitId":"jltham"},"content":"    @Override","lastModifiedDate":"2022-01-21"},{"lineNumber":13,"author":{"gitId":"jltham"},"content":"    public String toString() {","lastModifiedDate":"2022-01-21"},{"lineNumber":14,"author":{"gitId":"jltham"},"content":"        return this.isDone ? \"[T][X] \" + this.description","lastModifiedDate":"2022-01-21"},{"lineNumber":15,"author":{"gitId":"jltham"},"content":"                : \"[T][ ] \" + this.description;","lastModifiedDate":"2022-01-21"},{"lineNumber":16,"author":{"gitId":"jltham"},"content":"    }","lastModifiedDate":"2022-01-21"},{"lineNumber":17,"author":{"gitId":"jltham"},"content":"}","lastModifiedDate":"2022-01-21"}],"authorContributionMap":{"jltham":17}}]
