{"authorDailyContributionsMap":{"jltham":[{"date":"2022-01-21","commitResults":[{"hash":"c2c1800ac515f76d15b37aeaf690b46591c277a1","messageTitle":"added level-1 requirements","messageBody":"","tags":["Level-1"],"fileTypesAndContributionMap":{"java":{"insertions":28,"deletions":0}}},{"hash":"c1797666fd5d91d6a6baa802bb7b1631637d9321","messageTitle":"added level-2 requirements","messageBody":"","tags":["Level-2"],"fileTypesAndContributionMap":{"java":{"insertions":24,"deletions":3}}},{"hash":"1898f81484b66c7750eef090661139da3daef799","messageTitle":"Added Task class and mark/unmark functions","messageBody":"","tags":["Level-3"],"fileTypesAndContributionMap":{"java":{"insertions":68,"deletions":10}}},{"hash":"2d8814df579d076779d8530f9c49d492c37d0e4f","messageTitle":"added different specifications of tasks","messageBody":"","tags":["Level-4"],"fileTypesAndContributionMap":{"java":{"insertions":84,"deletions":27}}},{"hash":"82056ec30379c3d70821b005344ac0ac339e2399","messageTitle":"added DukeException and exception handling","messageBody":"","tags":["Level-5"],"fileTypesAndContributionMap":{"java":{"insertions":56,"deletions":35}}},{"hash":"62a77b74681021816aa0dae79341a486c5e6c63d","messageTitle":"added delete function","messageBody":"","tags":["Level-6"],"fileTypesAndContributionMap":{"java":{"insertions":13,"deletions":2}}}]},{"date":"2022-01-28","commitResults":[{"hash":"dcc3c88920cc480a8710e8f6d80bb49f49ed3cdf","messageTitle":"Edited Duke","messageBody":"","tags":["A-TextUiTesting"],"fileTypesAndContributionMap":{"java":{"insertions":23,"deletions":13}}},{"hash":"82d62e13d0aa2f2da8e1a5f7824fee04bb764784","messageTitle":"Added automated Text UI Testing","messageBody":"","fileTypesAndContributionMap":{"bat":{"insertions":1,"deletions":1}}}]},{"date":"2022-02-02","commitResults":[{"hash":"193b6769427b0771cd1a2181dd1fcf99f8ca11bb","messageTitle":"Implemented new Save function","messageBody":"","tags":["Level-7"],"fileTypesAndContributionMap":{"txt":{"insertions":2,"deletions":0},"java":{"insertions":141,"deletions":5}}},{"hash":"9abcb8266b778d6b98f37ecadd51ad68684d9062","messageTitle":"Stored deadline date and times as LocalDate and LocalTime objects","messageBody":"","tags":["Level-8"],"fileTypesAndContributionMap":{"java":{"insertions":60,"deletions":14}}}]}]},"authorFileTypeContributionMap":{"jltham":{"java":388,"md":0,"fxml":0,"sh":0,"bat":1,"gradle":0,"txt":2}},"authorContributionVariance":{"jltham":7731.15},"authorDisplayNameMap":{"jltham":"CS2103T-W09-3 THAM.. LIN"}}
