[{"path":"README.md","fileType":"md","lines":[{"lineNumber":1,"author":{"gitId":"eman-kom"},"content":"# duke.Duke project template","lastModifiedDate":"2022-01-29"},{"lineNumber":2,"author":{"gitId":"-"},"content":"","lastModifiedDate":"2020-05-25"},{"lineNumber":3,"author":{"gitId":"-"},"content":"This is a project template for a greenfield Java project. It\u0027s named after the Java mascot _Duke_. Given below are instructions on how to use it.","lastModifiedDate":"2020-05-25"},{"lineNumber":4,"author":{"gitId":"-"},"content":"","lastModifiedDate":"2020-05-25"},{"lineNumber":5,"author":{"gitId":"-"},"content":"## Setting up in Intellij","lastModifiedDate":"2020-05-25"},{"lineNumber":6,"author":{"gitId":"-"},"content":"","lastModifiedDate":"2020-05-25"},{"lineNumber":7,"author":{"gitId":"-"},"content":"Prerequisites: JDK 11, update Intellij to the most recent version.","lastModifiedDate":"2020-05-25"},{"lineNumber":8,"author":{"gitId":"-"},"content":"","lastModifiedDate":"2020-05-25"},{"lineNumber":9,"author":{"gitId":"-"},"content":"1. Open Intellij (if you are not in the welcome screen, click `File` \u003e `Close Project` to close the existing project first)","lastModifiedDate":"2021-01-17"},{"lineNumber":10,"author":{"gitId":"-"},"content":"1. Open the project into Intellij as follows:","lastModifiedDate":"2021-01-17"},{"lineNumber":11,"author":{"gitId":"-"},"content":"   1. Click `Open`.","lastModifiedDate":"2021-01-17"},{"lineNumber":12,"author":{"gitId":"-"},"content":"   1. Select the project directory, and click `OK`.","lastModifiedDate":"2021-01-17"},{"lineNumber":13,"author":{"gitId":"-"},"content":"   1. If there are any further prompts, accept the defaults.","lastModifiedDate":"2020-05-25"},{"lineNumber":14,"author":{"gitId":"-"},"content":"1. Configure the project to use **JDK 11** (not other versions) as explained in [here](https://www.jetbrains.com/help/idea/sdk.html#set-up-jdk).\u003cbr\u003e","lastModifiedDate":"2021-07-29"},{"lineNumber":15,"author":{"gitId":"-"},"content":"   In the same dialog, set the **Project language level** field to the `SDK default` option.","lastModifiedDate":"2021-07-29"},{"lineNumber":16,"author":{"gitId":"eman-kom"},"content":"3. After that, locate the `src/main/java/duke.Duke.java` file, right-click it, and choose `Run duke.Duke.main()` (if the code editor is showing compile errors, try restarting the IDE). If the setup is correct, you should see something like the below as the output:","lastModifiedDate":"2022-01-29"},{"lineNumber":17,"author":{"gitId":"-"},"content":"   ```","lastModifiedDate":"2020-05-25"},{"lineNumber":18,"author":{"gitId":"-"},"content":"   Hello from","lastModifiedDate":"2020-05-25"},{"lineNumber":19,"author":{"gitId":"-"},"content":"    ____        _        ","lastModifiedDate":"2020-05-25"},{"lineNumber":20,"author":{"gitId":"-"},"content":"   |  _ \\ _   _| | _____ ","lastModifiedDate":"2020-05-25"},{"lineNumber":21,"author":{"gitId":"-"},"content":"   | | | | | | | |/ / _ \\","lastModifiedDate":"2020-05-25"},{"lineNumber":22,"author":{"gitId":"-"},"content":"   | |_| | |_| |   \u003c  __/","lastModifiedDate":"2020-05-25"},{"lineNumber":23,"author":{"gitId":"-"},"content":"   |____/ \\__,_|_|\\_\\___|","lastModifiedDate":"2020-05-25"},{"lineNumber":24,"author":{"gitId":"-"},"content":"   ```","lastModifiedDate":"2020-05-25"}],"authorContributionMap":{"eman-kom":2,"-":22}},{"path":"src/main/java/seedu/duke/Duke.java","fileType":"java","lines":[{"lineNumber":1,"author":{"gitId":"eman-kom"},"content":"package seedu.duke;","lastModifiedDate":"2022-01-30"},{"lineNumber":2,"author":{"gitId":"eman-kom"},"content":"import storage.Storage;","lastModifiedDate":"2022-01-30"},{"lineNumber":3,"author":{"gitId":"eman-kom"},"content":"import storage.TaskList;","lastModifiedDate":"2022-01-30"},{"lineNumber":4,"author":{"gitId":"eman-kom"},"content":"","lastModifiedDate":"2022-01-30"},{"lineNumber":5,"author":{"gitId":"eman-kom"},"content":"import java.io.IOException;","lastModifiedDate":"2022-01-23"},{"lineNumber":6,"author":{"gitId":"eman-kom"},"content":"import java.text.ParseException;","lastModifiedDate":"2022-01-29"},{"lineNumber":7,"author":{"gitId":"eman-kom"},"content":"","lastModifiedDate":"2022-01-16"},{"lineNumber":8,"author":{"gitId":"-"},"content":"public class Duke {","lastModifiedDate":"2019-07-29"},{"lineNumber":9,"author":{"gitId":"eman-kom"},"content":"","lastModifiedDate":"2022-01-16"},{"lineNumber":10,"author":{"gitId":"eman-kom"},"content":"    private final Ui ui;","lastModifiedDate":"2022-01-29"},{"lineNumber":11,"author":{"gitId":"eman-kom"},"content":"    private final Parser parser;","lastModifiedDate":"2022-01-29"},{"lineNumber":12,"author":{"gitId":"eman-kom"},"content":"    private final Storage storage;","lastModifiedDate":"2022-01-29"},{"lineNumber":13,"author":{"gitId":"eman-kom"},"content":"    private final TaskList tasks;","lastModifiedDate":"2022-01-29"},{"lineNumber":14,"author":{"gitId":"eman-kom"},"content":"","lastModifiedDate":"2022-01-16"},{"lineNumber":15,"author":{"gitId":"eman-kom"},"content":"    private Duke() throws IOException, ParseException {","lastModifiedDate":"2022-01-29"},{"lineNumber":16,"author":{"gitId":"eman-kom"},"content":"        ui \u003d new Ui();","lastModifiedDate":"2022-01-29"},{"lineNumber":17,"author":{"gitId":"eman-kom"},"content":"        parser \u003d new Parser();","lastModifiedDate":"2022-01-29"},{"lineNumber":18,"author":{"gitId":"eman-kom"},"content":"        storage \u003d new Storage();","lastModifiedDate":"2022-01-29"},{"lineNumber":19,"author":{"gitId":"eman-kom"},"content":"        tasks \u003d new TaskList(storage.read());","lastModifiedDate":"2022-01-29"},{"lineNumber":20,"author":{"gitId":"eman-kom"},"content":"    }","lastModifiedDate":"2022-01-17"},{"lineNumber":21,"author":{"gitId":"eman-kom"},"content":"","lastModifiedDate":"2022-01-17"},{"lineNumber":22,"author":{"gitId":"eman-kom"},"content":"    private void run() {","lastModifiedDate":"2022-01-29"},{"lineNumber":23,"author":{"gitId":"eman-kom"},"content":"","lastModifiedDate":"2022-01-17"},{"lineNumber":24,"author":{"gitId":"eman-kom"},"content":"        ui.showWelcome();","lastModifiedDate":"2022-01-29"},{"lineNumber":25,"author":{"gitId":"eman-kom"},"content":"        boolean isQuit \u003d false;","lastModifiedDate":"2022-01-29"},{"lineNumber":26,"author":{"gitId":"eman-kom"},"content":"","lastModifiedDate":"2022-01-17"},{"lineNumber":27,"author":{"gitId":"eman-kom"},"content":"        while (!isQuit) {","lastModifiedDate":"2022-01-29"},{"lineNumber":28,"author":{"gitId":"eman-kom"},"content":"            try {","lastModifiedDate":"2022-01-17"},{"lineNumber":29,"author":{"gitId":"eman-kom"},"content":"","lastModifiedDate":"2022-01-17"},{"lineNumber":30,"author":{"gitId":"eman-kom"},"content":"                String input \u003d ui.getCommand();","lastModifiedDate":"2022-01-29"},{"lineNumber":31,"author":{"gitId":"eman-kom"},"content":"                String[] cmd \u003d parser.splitCmd(input);","lastModifiedDate":"2022-01-29"},{"lineNumber":32,"author":{"gitId":"eman-kom"},"content":"","lastModifiedDate":"2022-01-16"},{"lineNumber":33,"author":{"gitId":"eman-kom"},"content":"                if (parser.checkQuit(cmd[0].trim())) {","lastModifiedDate":"2022-01-29"},{"lineNumber":34,"author":{"gitId":"eman-kom"},"content":"                    isQuit \u003d true;","lastModifiedDate":"2022-01-29"},{"lineNumber":35,"author":{"gitId":"eman-kom"},"content":"                } else {","lastModifiedDate":"2022-01-29"},{"lineNumber":36,"author":{"gitId":"eman-kom"},"content":"                    String task \u003d cmd.length \u003c 2 ? \"\" : cmd[1];","lastModifiedDate":"2022-01-29"},{"lineNumber":37,"author":{"gitId":"eman-kom"},"content":"                    parser.runCmd(cmd[0].trim(), task.trim(), tasks, ui, storage);","lastModifiedDate":"2022-01-29"},{"lineNumber":38,"author":{"gitId":"eman-kom"},"content":"                }","lastModifiedDate":"2022-01-16"},{"lineNumber":39,"author":{"gitId":"eman-kom"},"content":"","lastModifiedDate":"2022-01-16"},{"lineNumber":40,"author":{"gitId":"eman-kom"},"content":"            } catch (DukeException | IOException e) {","lastModifiedDate":"2022-01-29"},{"lineNumber":41,"author":{"gitId":"eman-kom"},"content":"                ui.showError(e.toString());","lastModifiedDate":"2022-01-29"},{"lineNumber":42,"author":{"gitId":"-"},"content":"            }","lastModifiedDate":"2019-07-29"},{"lineNumber":43,"author":{"gitId":"eman-kom"},"content":"        }","lastModifiedDate":"2022-01-17"},{"lineNumber":44,"author":{"gitId":"eman-kom"},"content":"","lastModifiedDate":"2022-01-17"},{"lineNumber":45,"author":{"gitId":"eman-kom"},"content":"        ui.showGoodBye();","lastModifiedDate":"2022-01-29"},{"lineNumber":46,"author":{"gitId":"eman-kom"},"content":"    }","lastModifiedDate":"2022-01-23"},{"lineNumber":47,"author":{"gitId":"eman-kom"},"content":"","lastModifiedDate":"2022-01-23"},{"lineNumber":48,"author":{"gitId":"eman-kom"},"content":"    /**","lastModifiedDate":"2022-01-30"},{"lineNumber":49,"author":{"gitId":"eman-kom"},"content":"     * Runs the program","lastModifiedDate":"2022-01-30"},{"lineNumber":50,"author":{"gitId":"eman-kom"},"content":"     * @param args","lastModifiedDate":"2022-01-30"},{"lineNumber":51,"author":{"gitId":"eman-kom"},"content":"     * @throws IOException","lastModifiedDate":"2022-01-30"},{"lineNumber":52,"author":{"gitId":"eman-kom"},"content":"     * @throws ParseException","lastModifiedDate":"2022-01-30"},{"lineNumber":53,"author":{"gitId":"eman-kom"},"content":"     */","lastModifiedDate":"2022-01-30"},{"lineNumber":54,"author":{"gitId":"eman-kom"},"content":"    public static void main(String[] args) throws IOException, ParseException {","lastModifiedDate":"2022-01-29"},{"lineNumber":55,"author":{"gitId":"eman-kom"},"content":"        new Duke().run();","lastModifiedDate":"2022-01-29"},{"lineNumber":56,"author":{"gitId":"eman-kom"},"content":"    }","lastModifiedDate":"2022-01-23"},{"lineNumber":57,"author":{"gitId":"-"},"content":"}","lastModifiedDate":"2019-07-29"}],"authorContributionMap":{"eman-kom":54,"-":3}},{"path":"src/main/java/seedu/duke/DukeException.java","fileType":"java","lines":[{"lineNumber":1,"author":{"gitId":"eman-kom"},"content":"package seedu.duke;","lastModifiedDate":"2022-01-30"},{"lineNumber":2,"author":{"gitId":"eman-kom"},"content":"","lastModifiedDate":"2022-01-29"},{"lineNumber":3,"author":{"gitId":"eman-kom"},"content":"public class DukeException extends Exception {","lastModifiedDate":"2022-01-17"},{"lineNumber":4,"author":{"gitId":"eman-kom"},"content":"","lastModifiedDate":"2022-01-17"},{"lineNumber":5,"author":{"gitId":"eman-kom"},"content":"    public DukeException(String message) {","lastModifiedDate":"2022-01-17"},{"lineNumber":6,"author":{"gitId":"eman-kom"},"content":"        super(message);","lastModifiedDate":"2022-01-17"},{"lineNumber":7,"author":{"gitId":"eman-kom"},"content":"    }","lastModifiedDate":"2022-01-17"},{"lineNumber":8,"author":{"gitId":"eman-kom"},"content":"}","lastModifiedDate":"2022-01-17"}],"authorContributionMap":{"eman-kom":8}},{"path":"src/main/java/seedu/duke/Parser.java","fileType":"java","lines":[{"lineNumber":1,"author":{"gitId":"eman-kom"},"content":"package seedu.duke;","lastModifiedDate":"2022-01-30"},{"lineNumber":2,"author":{"gitId":"eman-kom"},"content":"","lastModifiedDate":"2022-01-29"},{"lineNumber":3,"author":{"gitId":"eman-kom"},"content":"import storage.Storage;","lastModifiedDate":"2022-01-30"},{"lineNumber":4,"author":{"gitId":"eman-kom"},"content":"import storage.TaskList;","lastModifiedDate":"2022-01-30"},{"lineNumber":5,"author":{"gitId":"eman-kom"},"content":"import task.Deadline;","lastModifiedDate":"2022-01-30"},{"lineNumber":6,"author":{"gitId":"eman-kom"},"content":"import task.Event;","lastModifiedDate":"2022-01-30"},{"lineNumber":7,"author":{"gitId":"eman-kom"},"content":"import task.Task;","lastModifiedDate":"2022-01-30"},{"lineNumber":8,"author":{"gitId":"eman-kom"},"content":"import task.ToDo;","lastModifiedDate":"2022-01-30"},{"lineNumber":9,"author":{"gitId":"eman-kom"},"content":"","lastModifiedDate":"2022-01-30"},{"lineNumber":10,"author":{"gitId":"eman-kom"},"content":"import java.io.IOException;","lastModifiedDate":"2022-01-29"},{"lineNumber":11,"author":{"gitId":"eman-kom"},"content":"import java.text.ParseException;","lastModifiedDate":"2022-01-29"},{"lineNumber":12,"author":{"gitId":"eman-kom"},"content":"import java.text.SimpleDateFormat;","lastModifiedDate":"2022-01-29"},{"lineNumber":13,"author":{"gitId":"eman-kom"},"content":"import java.util.Arrays;","lastModifiedDate":"2022-01-29"},{"lineNumber":14,"author":{"gitId":"eman-kom"},"content":"import java.util.Date;","lastModifiedDate":"2022-01-29"},{"lineNumber":15,"author":{"gitId":"eman-kom"},"content":"","lastModifiedDate":"2022-01-29"},{"lineNumber":16,"author":{"gitId":"eman-kom"},"content":"public class Parser {","lastModifiedDate":"2022-01-29"},{"lineNumber":17,"author":{"gitId":"eman-kom"},"content":"","lastModifiedDate":"2022-01-29"},{"lineNumber":18,"author":{"gitId":"eman-kom"},"content":"    private final String[] cmdTypes \u003d {\"find\", \"list\", \"delete\", \"unmark\", \"mark\", \"todo\", \"event\", \"deadline\", \"bye\"};","lastModifiedDate":"2022-01-29"},{"lineNumber":19,"author":{"gitId":"eman-kom"},"content":"","lastModifiedDate":"2022-01-29"},{"lineNumber":20,"author":{"gitId":"eman-kom"},"content":"    /**","lastModifiedDate":"2022-01-30"},{"lineNumber":21,"author":{"gitId":"eman-kom"},"content":"     * Gets string and checks if command is in cmdTypes","lastModifiedDate":"2022-01-30"},{"lineNumber":22,"author":{"gitId":"eman-kom"},"content":"     * @param input User input","lastModifiedDate":"2022-01-30"},{"lineNumber":23,"author":{"gitId":"eman-kom"},"content":"     * @return String array split into command and the rest of the input","lastModifiedDate":"2022-01-30"},{"lineNumber":24,"author":{"gitId":"eman-kom"},"content":"     * @throws DukeException Command not in cmdTypes","lastModifiedDate":"2022-01-30"},{"lineNumber":25,"author":{"gitId":"eman-kom"},"content":"     */","lastModifiedDate":"2022-01-30"},{"lineNumber":26,"author":{"gitId":"eman-kom"},"content":"    public String[] splitCmd(String input) throws DukeException {","lastModifiedDate":"2022-01-29"},{"lineNumber":27,"author":{"gitId":"eman-kom"},"content":"","lastModifiedDate":"2022-01-29"},{"lineNumber":28,"author":{"gitId":"eman-kom"},"content":"        String[] cmd \u003d input.trim().split(\" \", 2);","lastModifiedDate":"2022-01-29"},{"lineNumber":29,"author":{"gitId":"eman-kom"},"content":"        boolean doesExist \u003d Arrays.asList(cmdTypes).contains(cmd[0].trim().toLowerCase());","lastModifiedDate":"2022-01-29"},{"lineNumber":30,"author":{"gitId":"eman-kom"},"content":"","lastModifiedDate":"2022-01-29"},{"lineNumber":31,"author":{"gitId":"eman-kom"},"content":"        if (doesExist) {","lastModifiedDate":"2022-01-29"},{"lineNumber":32,"author":{"gitId":"eman-kom"},"content":"            return cmd;","lastModifiedDate":"2022-01-29"},{"lineNumber":33,"author":{"gitId":"eman-kom"},"content":"        } else {","lastModifiedDate":"2022-01-29"},{"lineNumber":34,"author":{"gitId":"eman-kom"},"content":"            throw new DukeException(\"Wrong Command Entered\");","lastModifiedDate":"2022-01-29"},{"lineNumber":35,"author":{"gitId":"eman-kom"},"content":"        }","lastModifiedDate":"2022-01-29"},{"lineNumber":36,"author":{"gitId":"eman-kom"},"content":"    }","lastModifiedDate":"2022-01-29"},{"lineNumber":37,"author":{"gitId":"eman-kom"},"content":"","lastModifiedDate":"2022-01-29"},{"lineNumber":38,"author":{"gitId":"eman-kom"},"content":"    /**","lastModifiedDate":"2022-01-30"},{"lineNumber":39,"author":{"gitId":"eman-kom"},"content":"     * Check if cmd is the bye command","lastModifiedDate":"2022-01-30"},{"lineNumber":40,"author":{"gitId":"eman-kom"},"content":"     * @param cmd the command that the user input","lastModifiedDate":"2022-01-30"},{"lineNumber":41,"author":{"gitId":"eman-kom"},"content":"     * @return true if is \"bye\" else false","lastModifiedDate":"2022-01-30"},{"lineNumber":42,"author":{"gitId":"eman-kom"},"content":"     */","lastModifiedDate":"2022-01-30"},{"lineNumber":43,"author":{"gitId":"eman-kom"},"content":"    public boolean checkQuit(String cmd) {","lastModifiedDate":"2022-01-29"},{"lineNumber":44,"author":{"gitId":"eman-kom"},"content":"        return cmd.equalsIgnoreCase(cmdTypes[8]);","lastModifiedDate":"2022-01-29"},{"lineNumber":45,"author":{"gitId":"eman-kom"},"content":"    }","lastModifiedDate":"2022-01-29"},{"lineNumber":46,"author":{"gitId":"eman-kom"},"content":"","lastModifiedDate":"2022-01-29"},{"lineNumber":47,"author":{"gitId":"eman-kom"},"content":"    /**","lastModifiedDate":"2022-01-30"},{"lineNumber":48,"author":{"gitId":"eman-kom"},"content":"     * Parses and runs the command given","lastModifiedDate":"2022-01-30"},{"lineNumber":49,"author":{"gitId":"eman-kom"},"content":"     * @param cmd command type","lastModifiedDate":"2022-01-30"},{"lineNumber":50,"author":{"gitId":"eman-kom"},"content":"     * @param task task to be parsed and run","lastModifiedDate":"2022-01-30"},{"lineNumber":51,"author":{"gitId":"eman-kom"},"content":"     * @param tasks task list of the current program","lastModifiedDate":"2022-01-30"},{"lineNumber":52,"author":{"gitId":"eman-kom"},"content":"     * @param ui ui for displaying messages to the user","lastModifiedDate":"2022-01-30"},{"lineNumber":53,"author":{"gitId":"eman-kom"},"content":"     * @param storage contains the file object for I/O operations to the save file","lastModifiedDate":"2022-01-30"},{"lineNumber":54,"author":{"gitId":"eman-kom"},"content":"     * @throws DukeException A foreseeable error has occurred","lastModifiedDate":"2022-01-30"},{"lineNumber":55,"author":{"gitId":"eman-kom"},"content":"     * @throws IOException Save file error occurred","lastModifiedDate":"2022-01-30"},{"lineNumber":56,"author":{"gitId":"eman-kom"},"content":"     */","lastModifiedDate":"2022-01-30"},{"lineNumber":57,"author":{"gitId":"eman-kom"},"content":"    public void runCmd(String cmd, String task, TaskList tasks, Ui ui, Storage storage)","lastModifiedDate":"2022-01-29"},{"lineNumber":58,"author":{"gitId":"eman-kom"},"content":"            throws DukeException, IOException {","lastModifiedDate":"2022-01-29"},{"lineNumber":59,"author":{"gitId":"eman-kom"},"content":"","lastModifiedDate":"2022-01-29"},{"lineNumber":60,"author":{"gitId":"eman-kom"},"content":"        int idx;","lastModifiedDate":"2022-01-29"},{"lineNumber":61,"author":{"gitId":"eman-kom"},"content":"        Task newTask;","lastModifiedDate":"2022-01-29"},{"lineNumber":62,"author":{"gitId":"eman-kom"},"content":"        String[] parsedTask;","lastModifiedDate":"2022-01-29"},{"lineNumber":63,"author":{"gitId":"eman-kom"},"content":"        switch (cmd.toLowerCase().trim()) {","lastModifiedDate":"2022-01-29"},{"lineNumber":64,"author":{"gitId":"eman-kom"},"content":"","lastModifiedDate":"2022-01-29"},{"lineNumber":65,"author":{"gitId":"eman-kom"},"content":"        case \"list\":","lastModifiedDate":"2022-01-29"},{"lineNumber":66,"author":{"gitId":"eman-kom"},"content":"            System.out.println(tasks.toString());","lastModifiedDate":"2022-01-29"},{"lineNumber":67,"author":{"gitId":"eman-kom"},"content":"            break;","lastModifiedDate":"2022-01-29"},{"lineNumber":68,"author":{"gitId":"eman-kom"},"content":"","lastModifiedDate":"2022-01-29"},{"lineNumber":69,"author":{"gitId":"eman-kom"},"content":"        case \"mark\":","lastModifiedDate":"2022-01-29"},{"lineNumber":70,"author":{"gitId":"eman-kom"},"content":"            idx \u003d getIdx(task, tasks.getTaskList().size());","lastModifiedDate":"2022-01-29"},{"lineNumber":71,"author":{"gitId":"eman-kom"},"content":"            tasks.getTask(idx).setCompleted(true);","lastModifiedDate":"2022-01-29"},{"lineNumber":72,"author":{"gitId":"eman-kom"},"content":"            storage.write(tasks.getTaskList());","lastModifiedDate":"2022-01-29"},{"lineNumber":73,"author":{"gitId":"eman-kom"},"content":"            ui.showMarked(tasks.getTask(idx));","lastModifiedDate":"2022-01-29"},{"lineNumber":74,"author":{"gitId":"eman-kom"},"content":"            break;","lastModifiedDate":"2022-01-29"},{"lineNumber":75,"author":{"gitId":"eman-kom"},"content":"","lastModifiedDate":"2022-01-29"},{"lineNumber":76,"author":{"gitId":"eman-kom"},"content":"        case \"unmark\":","lastModifiedDate":"2022-01-29"},{"lineNumber":77,"author":{"gitId":"eman-kom"},"content":"            idx \u003d getIdx(task, tasks.getTaskList().size());","lastModifiedDate":"2022-01-29"},{"lineNumber":78,"author":{"gitId":"eman-kom"},"content":"            tasks.getTask(idx).setCompleted(false);","lastModifiedDate":"2022-01-29"},{"lineNumber":79,"author":{"gitId":"eman-kom"},"content":"            storage.write(tasks.getTaskList());","lastModifiedDate":"2022-01-29"},{"lineNumber":80,"author":{"gitId":"eman-kom"},"content":"            ui.showUnmarked(tasks.getTask(idx));","lastModifiedDate":"2022-01-29"},{"lineNumber":81,"author":{"gitId":"eman-kom"},"content":"            break;","lastModifiedDate":"2022-01-29"},{"lineNumber":82,"author":{"gitId":"eman-kom"},"content":"","lastModifiedDate":"2022-01-29"},{"lineNumber":83,"author":{"gitId":"eman-kom"},"content":"        case \"delete\":","lastModifiedDate":"2022-01-29"},{"lineNumber":84,"author":{"gitId":"eman-kom"},"content":"            idx \u003d getIdx(task, tasks.getTaskList().size());","lastModifiedDate":"2022-01-29"},{"lineNumber":85,"author":{"gitId":"eman-kom"},"content":"            ui.showDeleted(tasks.getTask(idx));","lastModifiedDate":"2022-01-29"},{"lineNumber":86,"author":{"gitId":"eman-kom"},"content":"            tasks.removeTask(idx);","lastModifiedDate":"2022-01-29"},{"lineNumber":87,"author":{"gitId":"eman-kom"},"content":"            storage.write(tasks.getTaskList());","lastModifiedDate":"2022-01-29"},{"lineNumber":88,"author":{"gitId":"eman-kom"},"content":"            break;","lastModifiedDate":"2022-01-29"},{"lineNumber":89,"author":{"gitId":"eman-kom"},"content":"","lastModifiedDate":"2022-01-29"},{"lineNumber":90,"author":{"gitId":"eman-kom"},"content":"        case \"todo\":","lastModifiedDate":"2022-01-29"},{"lineNumber":91,"author":{"gitId":"eman-kom"},"content":"            if (task.equals(\"\")) {","lastModifiedDate":"2022-01-29"},{"lineNumber":92,"author":{"gitId":"eman-kom"},"content":"                throw new DukeException(\"There is no task\");","lastModifiedDate":"2022-01-29"},{"lineNumber":93,"author":{"gitId":"eman-kom"},"content":"            } else {","lastModifiedDate":"2022-01-29"},{"lineNumber":94,"author":{"gitId":"eman-kom"},"content":"                newTask \u003d new ToDo(task);","lastModifiedDate":"2022-01-29"},{"lineNumber":95,"author":{"gitId":"eman-kom"},"content":"                tasks.addTask(newTask);","lastModifiedDate":"2022-01-29"},{"lineNumber":96,"author":{"gitId":"eman-kom"},"content":"                storage.write(tasks.getTaskList());","lastModifiedDate":"2022-01-29"},{"lineNumber":97,"author":{"gitId":"eman-kom"},"content":"                ui.showAdded(newTask);","lastModifiedDate":"2022-01-29"},{"lineNumber":98,"author":{"gitId":"eman-kom"},"content":"            }","lastModifiedDate":"2022-01-29"},{"lineNumber":99,"author":{"gitId":"eman-kom"},"content":"            break;","lastModifiedDate":"2022-01-29"},{"lineNumber":100,"author":{"gitId":"eman-kom"},"content":"","lastModifiedDate":"2022-01-29"},{"lineNumber":101,"author":{"gitId":"eman-kom"},"content":"        case \"deadline\":","lastModifiedDate":"2022-01-29"},{"lineNumber":102,"author":{"gitId":"eman-kom"},"content":"            parsedTask \u003d checkTask(task, \"/by\");","lastModifiedDate":"2022-01-29"},{"lineNumber":103,"author":{"gitId":"eman-kom"},"content":"            newTask \u003d new Deadline(parsedTask[0], getDateTime(parsedTask[1]));","lastModifiedDate":"2022-01-29"},{"lineNumber":104,"author":{"gitId":"eman-kom"},"content":"            tasks.addTask(newTask);","lastModifiedDate":"2022-01-29"},{"lineNumber":105,"author":{"gitId":"eman-kom"},"content":"            storage.write(tasks.getTaskList());","lastModifiedDate":"2022-01-29"},{"lineNumber":106,"author":{"gitId":"eman-kom"},"content":"            ui.showAdded(newTask);","lastModifiedDate":"2022-01-29"},{"lineNumber":107,"author":{"gitId":"eman-kom"},"content":"            break;","lastModifiedDate":"2022-01-29"},{"lineNumber":108,"author":{"gitId":"eman-kom"},"content":"","lastModifiedDate":"2022-01-29"},{"lineNumber":109,"author":{"gitId":"eman-kom"},"content":"        case \"event\":","lastModifiedDate":"2022-01-29"},{"lineNumber":110,"author":{"gitId":"eman-kom"},"content":"            parsedTask \u003d checkTask(task, \"/at\");","lastModifiedDate":"2022-01-29"},{"lineNumber":111,"author":{"gitId":"eman-kom"},"content":"            newTask \u003d new Event(parsedTask[0], getDateTime(parsedTask[1]));","lastModifiedDate":"2022-01-29"},{"lineNumber":112,"author":{"gitId":"eman-kom"},"content":"            tasks.addTask(newTask);","lastModifiedDate":"2022-01-29"},{"lineNumber":113,"author":{"gitId":"eman-kom"},"content":"            storage.write(tasks.getTaskList());","lastModifiedDate":"2022-01-29"},{"lineNumber":114,"author":{"gitId":"eman-kom"},"content":"            ui.showAdded(newTask);","lastModifiedDate":"2022-01-29"},{"lineNumber":115,"author":{"gitId":"eman-kom"},"content":"            break;","lastModifiedDate":"2022-01-29"},{"lineNumber":116,"author":{"gitId":"eman-kom"},"content":"","lastModifiedDate":"2022-01-29"},{"lineNumber":117,"author":{"gitId":"eman-kom"},"content":"        case \"find\":","lastModifiedDate":"2022-01-29"},{"lineNumber":118,"author":{"gitId":"eman-kom"},"content":"            tasks.find(task);","lastModifiedDate":"2022-01-29"},{"lineNumber":119,"author":{"gitId":"eman-kom"},"content":"","lastModifiedDate":"2022-01-30"},{"lineNumber":120,"author":{"gitId":"eman-kom"},"content":"        default:","lastModifiedDate":"2022-01-29"},{"lineNumber":121,"author":{"gitId":"eman-kom"},"content":"        }","lastModifiedDate":"2022-01-29"},{"lineNumber":122,"author":{"gitId":"eman-kom"},"content":"    }","lastModifiedDate":"2022-01-29"},{"lineNumber":123,"author":{"gitId":"eman-kom"},"content":"","lastModifiedDate":"2022-01-29"},{"lineNumber":124,"author":{"gitId":"eman-kom"},"content":"    /**","lastModifiedDate":"2022-01-30"},{"lineNumber":125,"author":{"gitId":"eman-kom"},"content":"     * Checks the validity of the index of the array list","lastModifiedDate":"2022-01-30"},{"lineNumber":126,"author":{"gitId":"eman-kom"},"content":"     * @param strIdx index of list in string type","lastModifiedDate":"2022-01-30"},{"lineNumber":127,"author":{"gitId":"eman-kom"},"content":"     * @param listSize size of list","lastModifiedDate":"2022-01-30"},{"lineNumber":128,"author":{"gitId":"eman-kom"},"content":"     * @return the index of the list","lastModifiedDate":"2022-01-30"},{"lineNumber":129,"author":{"gitId":"eman-kom"},"content":"     * @throws DukeException A foreseeable error has occured","lastModifiedDate":"2022-01-30"},{"lineNumber":130,"author":{"gitId":"eman-kom"},"content":"     */","lastModifiedDate":"2022-01-30"},{"lineNumber":131,"author":{"gitId":"eman-kom"},"content":"    private int getIdx(String strIdx, int listSize) throws DukeException {","lastModifiedDate":"2022-01-29"},{"lineNumber":132,"author":{"gitId":"eman-kom"},"content":"        try {","lastModifiedDate":"2022-01-29"},{"lineNumber":133,"author":{"gitId":"eman-kom"},"content":"            int idx \u003d Integer.parseInt(strIdx) - 1;","lastModifiedDate":"2022-01-29"},{"lineNumber":134,"author":{"gitId":"eman-kom"},"content":"","lastModifiedDate":"2022-01-29"},{"lineNumber":135,"author":{"gitId":"eman-kom"},"content":"            if (!(idx \u003e\u003d 0 \u0026\u0026 idx \u003c listSize)) {","lastModifiedDate":"2022-01-29"},{"lineNumber":136,"author":{"gitId":"eman-kom"},"content":"                throw new DukeException(\"duke.Task does not exist\");","lastModifiedDate":"2022-01-29"},{"lineNumber":137,"author":{"gitId":"eman-kom"},"content":"            }","lastModifiedDate":"2022-01-29"},{"lineNumber":138,"author":{"gitId":"eman-kom"},"content":"","lastModifiedDate":"2022-01-29"},{"lineNumber":139,"author":{"gitId":"eman-kom"},"content":"            return idx;","lastModifiedDate":"2022-01-29"},{"lineNumber":140,"author":{"gitId":"eman-kom"},"content":"        } catch (NumberFormatException e) {","lastModifiedDate":"2022-01-29"},{"lineNumber":141,"author":{"gitId":"eman-kom"},"content":"            throw new DukeException(\"There is no index\");","lastModifiedDate":"2022-01-29"},{"lineNumber":142,"author":{"gitId":"eman-kom"},"content":"        }","lastModifiedDate":"2022-01-29"},{"lineNumber":143,"author":{"gitId":"eman-kom"},"content":"","lastModifiedDate":"2022-01-29"},{"lineNumber":144,"author":{"gitId":"eman-kom"},"content":"    }","lastModifiedDate":"2022-01-29"},{"lineNumber":145,"author":{"gitId":"eman-kom"},"content":"","lastModifiedDate":"2022-01-29"},{"lineNumber":146,"author":{"gitId":"eman-kom"},"content":"    /**","lastModifiedDate":"2022-01-30"},{"lineNumber":147,"author":{"gitId":"eman-kom"},"content":"     * Checks the validity of the task in question for event and deadline","lastModifiedDate":"2022-01-30"},{"lineNumber":148,"author":{"gitId":"eman-kom"},"content":"     * @param task Task needed to be checked","lastModifiedDate":"2022-01-30"},{"lineNumber":149,"author":{"gitId":"eman-kom"},"content":"     * @param keyWord Word ued to separate datetime and description of task","lastModifiedDate":"2022-01-30"},{"lineNumber":150,"author":{"gitId":"eman-kom"},"content":"     * @return String array of the split task","lastModifiedDate":"2022-01-30"},{"lineNumber":151,"author":{"gitId":"eman-kom"},"content":"     * @throws DukeException Task cannot be parsed","lastModifiedDate":"2022-01-30"},{"lineNumber":152,"author":{"gitId":"eman-kom"},"content":"     */","lastModifiedDate":"2022-01-30"},{"lineNumber":153,"author":{"gitId":"eman-kom"},"content":"    private String[] checkTask(String task, String keyWord) throws DukeException {","lastModifiedDate":"2022-01-29"},{"lineNumber":154,"author":{"gitId":"eman-kom"},"content":"","lastModifiedDate":"2022-01-29"},{"lineNumber":155,"author":{"gitId":"eman-kom"},"content":"        String[] splitTask \u003d task.split(keyWord, 2);","lastModifiedDate":"2022-01-29"},{"lineNumber":156,"author":{"gitId":"eman-kom"},"content":"","lastModifiedDate":"2022-01-29"},{"lineNumber":157,"author":{"gitId":"eman-kom"},"content":"        if (splitTask.length \u003c 2) {","lastModifiedDate":"2022-01-29"},{"lineNumber":158,"author":{"gitId":"eman-kom"},"content":"            throw new DukeException(\"\\\"\" + keyWord + \"\\\" Not Found\");","lastModifiedDate":"2022-01-29"},{"lineNumber":159,"author":{"gitId":"eman-kom"},"content":"        } else {","lastModifiedDate":"2022-01-29"},{"lineNumber":160,"author":{"gitId":"eman-kom"},"content":"            if (splitTask[0].equals(\"\") \u0026\u0026 splitTask[1].equals(\"\")) {","lastModifiedDate":"2022-01-29"},{"lineNumber":161,"author":{"gitId":"eman-kom"},"content":"                throw new DukeException(\"No task in instruction\");","lastModifiedDate":"2022-01-29"},{"lineNumber":162,"author":{"gitId":"eman-kom"},"content":"            } else if (splitTask[0].equals(\"\")) {","lastModifiedDate":"2022-01-29"},{"lineNumber":163,"author":{"gitId":"eman-kom"},"content":"                throw new DukeException(\"Description of task not found\");","lastModifiedDate":"2022-01-29"},{"lineNumber":164,"author":{"gitId":"eman-kom"},"content":"            } else if (splitTask[1].equals(\"\")) {","lastModifiedDate":"2022-01-29"},{"lineNumber":165,"author":{"gitId":"eman-kom"},"content":"                throw new DukeException(\"Datetime of task not found\");","lastModifiedDate":"2022-01-29"},{"lineNumber":166,"author":{"gitId":"eman-kom"},"content":"            }","lastModifiedDate":"2022-01-29"},{"lineNumber":167,"author":{"gitId":"eman-kom"},"content":"        }","lastModifiedDate":"2022-01-29"},{"lineNumber":168,"author":{"gitId":"eman-kom"},"content":"","lastModifiedDate":"2022-01-29"},{"lineNumber":169,"author":{"gitId":"eman-kom"},"content":"        splitTask[0] \u003d splitTask[0].trim();","lastModifiedDate":"2022-01-29"},{"lineNumber":170,"author":{"gitId":"eman-kom"},"content":"        splitTask[1] \u003d splitTask[1].trim();","lastModifiedDate":"2022-01-29"},{"lineNumber":171,"author":{"gitId":"eman-kom"},"content":"        return splitTask;","lastModifiedDate":"2022-01-29"},{"lineNumber":172,"author":{"gitId":"eman-kom"},"content":"    }","lastModifiedDate":"2022-01-29"},{"lineNumber":173,"author":{"gitId":"eman-kom"},"content":"","lastModifiedDate":"2022-01-29"},{"lineNumber":174,"author":{"gitId":"eman-kom"},"content":"    /**","lastModifiedDate":"2022-01-30"},{"lineNumber":175,"author":{"gitId":"eman-kom"},"content":"     * Converts string datetime into Date datetime","lastModifiedDate":"2022-01-30"},{"lineNumber":176,"author":{"gitId":"eman-kom"},"content":"     * @param datetime Datetime in string type","lastModifiedDate":"2022-01-30"},{"lineNumber":177,"author":{"gitId":"eman-kom"},"content":"     * @return Datetime in Date type","lastModifiedDate":"2022-01-30"},{"lineNumber":178,"author":{"gitId":"eman-kom"},"content":"     * @throws DukeException Date cannot be parsed","lastModifiedDate":"2022-01-30"},{"lineNumber":179,"author":{"gitId":"eman-kom"},"content":"     */","lastModifiedDate":"2022-01-30"},{"lineNumber":180,"author":{"gitId":"eman-kom"},"content":"    private Date getDateTime(String datetime) throws DukeException {","lastModifiedDate":"2022-01-29"},{"lineNumber":181,"author":{"gitId":"eman-kom"},"content":"        SimpleDateFormat dateFormat \u003d new SimpleDateFormat(\"dd-MMM-yyyy h.mma\");","lastModifiedDate":"2022-01-29"},{"lineNumber":182,"author":{"gitId":"eman-kom"},"content":"","lastModifiedDate":"2022-01-29"},{"lineNumber":183,"author":{"gitId":"eman-kom"},"content":"        try {","lastModifiedDate":"2022-01-29"},{"lineNumber":184,"author":{"gitId":"eman-kom"},"content":"            return dateFormat.parse(datetime);","lastModifiedDate":"2022-01-29"},{"lineNumber":185,"author":{"gitId":"eman-kom"},"content":"        } catch (ParseException e) {","lastModifiedDate":"2022-01-29"},{"lineNumber":186,"author":{"gitId":"eman-kom"},"content":"            throw new DukeException(\"That is not a date.\\n\\t\\tRequires this format: dd-MMM-yyyy h.mma\\n\\t\\tFor Example: 3-jan-2011 1.00pm\");","lastModifiedDate":"2022-01-30"},{"lineNumber":187,"author":{"gitId":"eman-kom"},"content":"        }","lastModifiedDate":"2022-01-29"},{"lineNumber":188,"author":{"gitId":"eman-kom"},"content":"    }","lastModifiedDate":"2022-01-29"},{"lineNumber":189,"author":{"gitId":"eman-kom"},"content":"}","lastModifiedDate":"2022-01-29"}],"authorContributionMap":{"eman-kom":189}},{"path":"src/main/java/seedu/duke/Ui.java","fileType":"java","lines":[{"lineNumber":1,"author":{"gitId":"eman-kom"},"content":"package seedu.duke;","lastModifiedDate":"2022-01-30"},{"lineNumber":2,"author":{"gitId":"eman-kom"},"content":"","lastModifiedDate":"2022-01-29"},{"lineNumber":3,"author":{"gitId":"eman-kom"},"content":"import task.Task;","lastModifiedDate":"2022-01-30"},{"lineNumber":4,"author":{"gitId":"eman-kom"},"content":"","lastModifiedDate":"2022-01-30"},{"lineNumber":5,"author":{"gitId":"eman-kom"},"content":"import java.util.Scanner;","lastModifiedDate":"2022-01-29"},{"lineNumber":6,"author":{"gitId":"eman-kom"},"content":"","lastModifiedDate":"2022-01-29"},{"lineNumber":7,"author":{"gitId":"eman-kom"},"content":"public class Ui {","lastModifiedDate":"2022-01-29"},{"lineNumber":8,"author":{"gitId":"eman-kom"},"content":"","lastModifiedDate":"2022-01-29"},{"lineNumber":9,"author":{"gitId":"eman-kom"},"content":"    private final Scanner sc;","lastModifiedDate":"2022-01-29"},{"lineNumber":10,"author":{"gitId":"eman-kom"},"content":"","lastModifiedDate":"2022-01-29"},{"lineNumber":11,"author":{"gitId":"eman-kom"},"content":"    public Ui() {","lastModifiedDate":"2022-01-29"},{"lineNumber":12,"author":{"gitId":"eman-kom"},"content":"        this.sc \u003d new Scanner(System.in);","lastModifiedDate":"2022-01-29"},{"lineNumber":13,"author":{"gitId":"eman-kom"},"content":"    }","lastModifiedDate":"2022-01-29"},{"lineNumber":14,"author":{"gitId":"eman-kom"},"content":"","lastModifiedDate":"2022-01-29"},{"lineNumber":15,"author":{"gitId":"eman-kom"},"content":"    /**","lastModifiedDate":"2022-01-30"},{"lineNumber":16,"author":{"gitId":"eman-kom"},"content":"     * Prints welcome.","lastModifiedDate":"2022-01-30"},{"lineNumber":17,"author":{"gitId":"eman-kom"},"content":"     */","lastModifiedDate":"2022-01-30"},{"lineNumber":18,"author":{"gitId":"eman-kom"},"content":"    public void showWelcome() {","lastModifiedDate":"2022-01-29"},{"lineNumber":19,"author":{"gitId":"eman-kom"},"content":"        System.out.println(\"Welcome!\");","lastModifiedDate":"2022-01-29"},{"lineNumber":20,"author":{"gitId":"eman-kom"},"content":"    }","lastModifiedDate":"2022-01-29"},{"lineNumber":21,"author":{"gitId":"eman-kom"},"content":"","lastModifiedDate":"2022-01-29"},{"lineNumber":22,"author":{"gitId":"eman-kom"},"content":"    /**","lastModifiedDate":"2022-01-30"},{"lineNumber":23,"author":{"gitId":"eman-kom"},"content":"     * Prints Good Bye.","lastModifiedDate":"2022-01-30"},{"lineNumber":24,"author":{"gitId":"eman-kom"},"content":"     */","lastModifiedDate":"2022-01-30"},{"lineNumber":25,"author":{"gitId":"eman-kom"},"content":"    public void showGoodBye() {","lastModifiedDate":"2022-01-29"},{"lineNumber":26,"author":{"gitId":"eman-kom"},"content":"        System.out.println(\"Good Bye!\");","lastModifiedDate":"2022-01-29"},{"lineNumber":27,"author":{"gitId":"eman-kom"},"content":"    }","lastModifiedDate":"2022-01-29"},{"lineNumber":28,"author":{"gitId":"eman-kom"},"content":"","lastModifiedDate":"2022-01-29"},{"lineNumber":29,"author":{"gitId":"eman-kom"},"content":"    /**","lastModifiedDate":"2022-01-30"},{"lineNumber":30,"author":{"gitId":"eman-kom"},"content":"     * Prints error message.","lastModifiedDate":"2022-01-30"},{"lineNumber":31,"author":{"gitId":"eman-kom"},"content":"     */","lastModifiedDate":"2022-01-30"},{"lineNumber":32,"author":{"gitId":"eman-kom"},"content":"    public void showError(String err) {","lastModifiedDate":"2022-01-29"},{"lineNumber":33,"author":{"gitId":"eman-kom"},"content":"        System.out.println(\"\\t\" + err + \"\\n\");","lastModifiedDate":"2022-01-29"},{"lineNumber":34,"author":{"gitId":"eman-kom"},"content":"    }","lastModifiedDate":"2022-01-29"},{"lineNumber":35,"author":{"gitId":"eman-kom"},"content":"","lastModifiedDate":"2022-01-29"},{"lineNumber":36,"author":{"gitId":"eman-kom"},"content":"    /**","lastModifiedDate":"2022-01-30"},{"lineNumber":37,"author":{"gitId":"eman-kom"},"content":"     * Prints task that is marked.","lastModifiedDate":"2022-01-30"},{"lineNumber":38,"author":{"gitId":"eman-kom"},"content":"     */","lastModifiedDate":"2022-01-30"},{"lineNumber":39,"author":{"gitId":"eman-kom"},"content":"    public void showMarked(Task task) {","lastModifiedDate":"2022-01-29"},{"lineNumber":40,"author":{"gitId":"eman-kom"},"content":"        System.out.println(\"\\t\" + task.toString() + \" marked!\\n\");","lastModifiedDate":"2022-01-29"},{"lineNumber":41,"author":{"gitId":"eman-kom"},"content":"    }","lastModifiedDate":"2022-01-29"},{"lineNumber":42,"author":{"gitId":"eman-kom"},"content":"","lastModifiedDate":"2022-01-29"},{"lineNumber":43,"author":{"gitId":"eman-kom"},"content":"    /**","lastModifiedDate":"2022-01-30"},{"lineNumber":44,"author":{"gitId":"eman-kom"},"content":"     * Prints task that is unmarked.","lastModifiedDate":"2022-01-30"},{"lineNumber":45,"author":{"gitId":"eman-kom"},"content":"     */","lastModifiedDate":"2022-01-30"},{"lineNumber":46,"author":{"gitId":"eman-kom"},"content":"    public void showUnmarked(Task task) {","lastModifiedDate":"2022-01-29"},{"lineNumber":47,"author":{"gitId":"eman-kom"},"content":"        System.out.println(\"\\t\" + task.toString() + \" unmarked!\\n\");","lastModifiedDate":"2022-01-29"},{"lineNumber":48,"author":{"gitId":"eman-kom"},"content":"    }","lastModifiedDate":"2022-01-29"},{"lineNumber":49,"author":{"gitId":"eman-kom"},"content":"","lastModifiedDate":"2022-01-29"},{"lineNumber":50,"author":{"gitId":"eman-kom"},"content":"    /**","lastModifiedDate":"2022-01-30"},{"lineNumber":51,"author":{"gitId":"eman-kom"},"content":"     * Prints task that about to be deleted.","lastModifiedDate":"2022-01-30"},{"lineNumber":52,"author":{"gitId":"eman-kom"},"content":"     */","lastModifiedDate":"2022-01-30"},{"lineNumber":53,"author":{"gitId":"eman-kom"},"content":"    public void showDeleted(Task task) {","lastModifiedDate":"2022-01-29"},{"lineNumber":54,"author":{"gitId":"eman-kom"},"content":"        System.out.println(\"\\t\" + task.toString() + \" deleted!\\n\");","lastModifiedDate":"2022-01-29"},{"lineNumber":55,"author":{"gitId":"eman-kom"},"content":"    }","lastModifiedDate":"2022-01-29"},{"lineNumber":56,"author":{"gitId":"eman-kom"},"content":"","lastModifiedDate":"2022-01-29"},{"lineNumber":57,"author":{"gitId":"eman-kom"},"content":"    /**","lastModifiedDate":"2022-01-30"},{"lineNumber":58,"author":{"gitId":"eman-kom"},"content":"     * Prints newly created task that is added to the program","lastModifiedDate":"2022-01-30"},{"lineNumber":59,"author":{"gitId":"eman-kom"},"content":"     * @param task object","lastModifiedDate":"2022-01-30"},{"lineNumber":60,"author":{"gitId":"eman-kom"},"content":"     */","lastModifiedDate":"2022-01-30"},{"lineNumber":61,"author":{"gitId":"eman-kom"},"content":"    public void showAdded(Task task) {","lastModifiedDate":"2022-01-29"},{"lineNumber":62,"author":{"gitId":"eman-kom"},"content":"        System.out.println(\"\\t\" + task.toString() + \" added!\\n\");","lastModifiedDate":"2022-01-29"},{"lineNumber":63,"author":{"gitId":"eman-kom"},"content":"    }","lastModifiedDate":"2022-01-29"},{"lineNumber":64,"author":{"gitId":"eman-kom"},"content":"","lastModifiedDate":"2022-01-29"},{"lineNumber":65,"author":{"gitId":"eman-kom"},"content":"    /**","lastModifiedDate":"2022-01-30"},{"lineNumber":66,"author":{"gitId":"eman-kom"},"content":"     * gets and returns the user input","lastModifiedDate":"2022-01-30"},{"lineNumber":67,"author":{"gitId":"eman-kom"},"content":"     * @return user input","lastModifiedDate":"2022-01-30"},{"lineNumber":68,"author":{"gitId":"eman-kom"},"content":"     */","lastModifiedDate":"2022-01-30"},{"lineNumber":69,"author":{"gitId":"eman-kom"},"content":"    public String getCommand() {","lastModifiedDate":"2022-01-29"},{"lineNumber":70,"author":{"gitId":"eman-kom"},"content":"        return sc.nextLine();","lastModifiedDate":"2022-01-29"},{"lineNumber":71,"author":{"gitId":"eman-kom"},"content":"    }","lastModifiedDate":"2022-01-29"},{"lineNumber":72,"author":{"gitId":"eman-kom"},"content":"}","lastModifiedDate":"2022-01-29"}],"authorContributionMap":{"eman-kom":72}},{"path":"src/main/java/seedu/storage/Storage.java","fileType":"java","lines":[{"lineNumber":1,"author":{"gitId":"eman-kom"},"content":"package storage;","lastModifiedDate":"2022-01-30"},{"lineNumber":2,"author":{"gitId":"eman-kom"},"content":"","lastModifiedDate":"2022-01-30"},{"lineNumber":3,"author":{"gitId":"eman-kom"},"content":"import seedu.duke.DukeException;","lastModifiedDate":"2022-01-30"},{"lineNumber":4,"author":{"gitId":"eman-kom"},"content":"import task.Deadline;","lastModifiedDate":"2022-01-30"},{"lineNumber":5,"author":{"gitId":"eman-kom"},"content":"import task.Event;","lastModifiedDate":"2022-01-30"},{"lineNumber":6,"author":{"gitId":"eman-kom"},"content":"import task.Task;","lastModifiedDate":"2022-01-30"},{"lineNumber":7,"author":{"gitId":"eman-kom"},"content":"import task.ToDo;","lastModifiedDate":"2022-01-30"},{"lineNumber":8,"author":{"gitId":"eman-kom"},"content":"","lastModifiedDate":"2022-01-29"},{"lineNumber":9,"author":{"gitId":"eman-kom"},"content":"import java.io.File;","lastModifiedDate":"2022-01-29"},{"lineNumber":10,"author":{"gitId":"eman-kom"},"content":"import java.io.FileWriter;","lastModifiedDate":"2022-01-29"},{"lineNumber":11,"author":{"gitId":"eman-kom"},"content":"import java.io.IOException;","lastModifiedDate":"2022-01-29"},{"lineNumber":12,"author":{"gitId":"eman-kom"},"content":"import java.nio.file.Files;","lastModifiedDate":"2022-01-29"},{"lineNumber":13,"author":{"gitId":"eman-kom"},"content":"import java.nio.file.Path;","lastModifiedDate":"2022-01-29"},{"lineNumber":14,"author":{"gitId":"eman-kom"},"content":"import java.nio.file.Paths;","lastModifiedDate":"2022-01-29"},{"lineNumber":15,"author":{"gitId":"eman-kom"},"content":"import java.text.ParseException;","lastModifiedDate":"2022-01-29"},{"lineNumber":16,"author":{"gitId":"eman-kom"},"content":"import java.text.SimpleDateFormat;","lastModifiedDate":"2022-01-29"},{"lineNumber":17,"author":{"gitId":"eman-kom"},"content":"import java.util.ArrayList;","lastModifiedDate":"2022-01-29"},{"lineNumber":18,"author":{"gitId":"eman-kom"},"content":"import java.util.Date;","lastModifiedDate":"2022-01-29"},{"lineNumber":19,"author":{"gitId":"eman-kom"},"content":"import java.util.Scanner;","lastModifiedDate":"2022-01-29"},{"lineNumber":20,"author":{"gitId":"eman-kom"},"content":"","lastModifiedDate":"2022-01-29"},{"lineNumber":21,"author":{"gitId":"eman-kom"},"content":"public class Storage {","lastModifiedDate":"2022-01-29"},{"lineNumber":22,"author":{"gitId":"eman-kom"},"content":"","lastModifiedDate":"2022-01-29"},{"lineNumber":23,"author":{"gitId":"eman-kom"},"content":"    private final File file;","lastModifiedDate":"2022-01-29"},{"lineNumber":24,"author":{"gitId":"eman-kom"},"content":"    private final SimpleDateFormat ft \u003d new SimpleDateFormat(\"dd MMM yyy h.mma\");","lastModifiedDate":"2022-01-29"},{"lineNumber":25,"author":{"gitId":"eman-kom"},"content":"","lastModifiedDate":"2022-01-29"},{"lineNumber":26,"author":{"gitId":"eman-kom"},"content":"    public Storage() throws IOException {","lastModifiedDate":"2022-01-29"},{"lineNumber":27,"author":{"gitId":"eman-kom"},"content":"        Path filePath \u003d Paths.get(System.getProperty(\"user.dir\"), \"duke.txt\");","lastModifiedDate":"2022-01-29"},{"lineNumber":28,"author":{"gitId":"eman-kom"},"content":"        System.out.println(filePath);","lastModifiedDate":"2022-01-29"},{"lineNumber":29,"author":{"gitId":"eman-kom"},"content":"        if (!Files.exists(filePath)) {","lastModifiedDate":"2022-01-29"},{"lineNumber":30,"author":{"gitId":"eman-kom"},"content":"            Files.createFile(filePath);","lastModifiedDate":"2022-01-29"},{"lineNumber":31,"author":{"gitId":"eman-kom"},"content":"        }","lastModifiedDate":"2022-01-29"},{"lineNumber":32,"author":{"gitId":"eman-kom"},"content":"","lastModifiedDate":"2022-01-29"},{"lineNumber":33,"author":{"gitId":"eman-kom"},"content":"        this.file \u003d new File(String.valueOf(filePath));","lastModifiedDate":"2022-01-29"},{"lineNumber":34,"author":{"gitId":"eman-kom"},"content":"    }","lastModifiedDate":"2022-01-29"},{"lineNumber":35,"author":{"gitId":"eman-kom"},"content":"","lastModifiedDate":"2022-01-29"},{"lineNumber":36,"author":{"gitId":"eman-kom"},"content":"    /**","lastModifiedDate":"2022-01-30"},{"lineNumber":37,"author":{"gitId":"eman-kom"},"content":"     * Converts the data in the file into a task list","lastModifiedDate":"2022-01-30"},{"lineNumber":38,"author":{"gitId":"eman-kom"},"content":"     * @return A task list containing task retrieved from file","lastModifiedDate":"2022-01-30"},{"lineNumber":39,"author":{"gitId":"eman-kom"},"content":"     * @throws IOException file error","lastModifiedDate":"2022-01-30"},{"lineNumber":40,"author":{"gitId":"eman-kom"},"content":"     * @throws ParseException date not correct format","lastModifiedDate":"2022-01-30"},{"lineNumber":41,"author":{"gitId":"eman-kom"},"content":"     */","lastModifiedDate":"2022-01-30"},{"lineNumber":42,"author":{"gitId":"eman-kom"},"content":"    public ArrayList\u003cTask\u003e read() throws IOException, ParseException {","lastModifiedDate":"2022-01-29"},{"lineNumber":43,"author":{"gitId":"eman-kom"},"content":"","lastModifiedDate":"2022-01-29"},{"lineNumber":44,"author":{"gitId":"eman-kom"},"content":"        Scanner sc \u003d new Scanner(this.file);","lastModifiedDate":"2022-01-29"},{"lineNumber":45,"author":{"gitId":"eman-kom"},"content":"        ArrayList\u003cTask\u003e taskList \u003d new ArrayList\u003c\u003e();","lastModifiedDate":"2022-01-29"},{"lineNumber":46,"author":{"gitId":"eman-kom"},"content":"","lastModifiedDate":"2022-01-29"},{"lineNumber":47,"author":{"gitId":"eman-kom"},"content":"        while (sc.hasNext()) {","lastModifiedDate":"2022-01-29"},{"lineNumber":48,"author":{"gitId":"eman-kom"},"content":"            String[] task \u003d sc.nextLine().trim().split(\"\\t\");","lastModifiedDate":"2022-01-29"},{"lineNumber":49,"author":{"gitId":"eman-kom"},"content":"            task[0] \u003d task[0].trim();","lastModifiedDate":"2022-01-29"},{"lineNumber":50,"author":{"gitId":"eman-kom"},"content":"            task[1] \u003d task[1].trim();","lastModifiedDate":"2022-01-29"},{"lineNumber":51,"author":{"gitId":"eman-kom"},"content":"            task[2] \u003d task[2].trim();","lastModifiedDate":"2022-01-29"},{"lineNumber":52,"author":{"gitId":"eman-kom"},"content":"","lastModifiedDate":"2022-01-29"},{"lineNumber":53,"author":{"gitId":"eman-kom"},"content":"            switch (task[0]) {","lastModifiedDate":"2022-01-29"},{"lineNumber":54,"author":{"gitId":"eman-kom"},"content":"            case \"T\":","lastModifiedDate":"2022-01-29"},{"lineNumber":55,"author":{"gitId":"eman-kom"},"content":"                taskList.add(new ToDo(task[2], task[1].equals(\"true\")));","lastModifiedDate":"2022-01-29"},{"lineNumber":56,"author":{"gitId":"eman-kom"},"content":"                break;","lastModifiedDate":"2022-01-29"},{"lineNumber":57,"author":{"gitId":"eman-kom"},"content":"            case \"D\":","lastModifiedDate":"2022-01-29"},{"lineNumber":58,"author":{"gitId":"eman-kom"},"content":"                task[3] \u003d task[3].trim();","lastModifiedDate":"2022-01-29"},{"lineNumber":59,"author":{"gitId":"eman-kom"},"content":"                taskList.add(new Deadline(task[2], parse(task[3]), task[1].equals(\"true\")));","lastModifiedDate":"2022-01-29"},{"lineNumber":60,"author":{"gitId":"eman-kom"},"content":"                break;","lastModifiedDate":"2022-01-29"},{"lineNumber":61,"author":{"gitId":"eman-kom"},"content":"            case \"E\":","lastModifiedDate":"2022-01-29"},{"lineNumber":62,"author":{"gitId":"eman-kom"},"content":"                task[3] \u003d task[3].trim();","lastModifiedDate":"2022-01-29"},{"lineNumber":63,"author":{"gitId":"eman-kom"},"content":"                taskList.add(new Event(task[2], parse(task[3]), task[1].equals(\"true\")));","lastModifiedDate":"2022-01-29"},{"lineNumber":64,"author":{"gitId":"eman-kom"},"content":"                break;","lastModifiedDate":"2022-01-29"},{"lineNumber":65,"author":{"gitId":"eman-kom"},"content":"            default:","lastModifiedDate":"2022-01-29"},{"lineNumber":66,"author":{"gitId":"eman-kom"},"content":"            }","lastModifiedDate":"2022-01-29"},{"lineNumber":67,"author":{"gitId":"eman-kom"},"content":"        }","lastModifiedDate":"2022-01-29"},{"lineNumber":68,"author":{"gitId":"eman-kom"},"content":"","lastModifiedDate":"2022-01-29"},{"lineNumber":69,"author":{"gitId":"eman-kom"},"content":"        return taskList;","lastModifiedDate":"2022-01-29"},{"lineNumber":70,"author":{"gitId":"eman-kom"},"content":"    }","lastModifiedDate":"2022-01-29"},{"lineNumber":71,"author":{"gitId":"eman-kom"},"content":"","lastModifiedDate":"2022-01-29"},{"lineNumber":72,"author":{"gitId":"eman-kom"},"content":"    /**","lastModifiedDate":"2022-01-30"},{"lineNumber":73,"author":{"gitId":"eman-kom"},"content":"     * Writes all the data from the list into the file","lastModifiedDate":"2022-01-30"},{"lineNumber":74,"author":{"gitId":"eman-kom"},"content":"     * @param taskList List containing all the tasks","lastModifiedDate":"2022-01-30"},{"lineNumber":75,"author":{"gitId":"eman-kom"},"content":"     * @throws DukeException File error","lastModifiedDate":"2022-01-30"},{"lineNumber":76,"author":{"gitId":"eman-kom"},"content":"     */","lastModifiedDate":"2022-01-30"},{"lineNumber":77,"author":{"gitId":"eman-kom"},"content":"    public void write(ArrayList\u003cTask\u003e taskList) throws DukeException {","lastModifiedDate":"2022-01-29"},{"lineNumber":78,"author":{"gitId":"eman-kom"},"content":"","lastModifiedDate":"2022-01-29"},{"lineNumber":79,"author":{"gitId":"eman-kom"},"content":"        try {","lastModifiedDate":"2022-01-29"},{"lineNumber":80,"author":{"gitId":"eman-kom"},"content":"            FileWriter fw \u003d new FileWriter(this.file);","lastModifiedDate":"2022-01-29"},{"lineNumber":81,"author":{"gitId":"eman-kom"},"content":"            taskList.forEach(task -\u003e {","lastModifiedDate":"2022-01-29"},{"lineNumber":82,"author":{"gitId":"eman-kom"},"content":"                try {","lastModifiedDate":"2022-01-29"},{"lineNumber":83,"author":{"gitId":"eman-kom"},"content":"                    fw.write(task.toFile() + \"\\n\");","lastModifiedDate":"2022-01-29"},{"lineNumber":84,"author":{"gitId":"eman-kom"},"content":"                } catch (IOException e) {","lastModifiedDate":"2022-01-29"},{"lineNumber":85,"author":{"gitId":"eman-kom"},"content":"                    e.printStackTrace();","lastModifiedDate":"2022-01-29"},{"lineNumber":86,"author":{"gitId":"eman-kom"},"content":"                }","lastModifiedDate":"2022-01-29"},{"lineNumber":87,"author":{"gitId":"eman-kom"},"content":"            });","lastModifiedDate":"2022-01-29"},{"lineNumber":88,"author":{"gitId":"eman-kom"},"content":"","lastModifiedDate":"2022-01-29"},{"lineNumber":89,"author":{"gitId":"eman-kom"},"content":"            fw.close();","lastModifiedDate":"2022-01-29"},{"lineNumber":90,"author":{"gitId":"eman-kom"},"content":"        } catch (IOException e) {","lastModifiedDate":"2022-01-29"},{"lineNumber":91,"author":{"gitId":"eman-kom"},"content":"            throw new DukeException(\"Error when writing to file\");","lastModifiedDate":"2022-01-29"},{"lineNumber":92,"author":{"gitId":"eman-kom"},"content":"        }","lastModifiedDate":"2022-01-29"},{"lineNumber":93,"author":{"gitId":"eman-kom"},"content":"    }","lastModifiedDate":"2022-01-29"},{"lineNumber":94,"author":{"gitId":"eman-kom"},"content":"","lastModifiedDate":"2022-01-29"},{"lineNumber":95,"author":{"gitId":"eman-kom"},"content":"    /**","lastModifiedDate":"2022-01-30"},{"lineNumber":96,"author":{"gitId":"eman-kom"},"content":"     * Converts string date into Date date object","lastModifiedDate":"2022-01-30"},{"lineNumber":97,"author":{"gitId":"eman-kom"},"content":"     * @param date date in string type","lastModifiedDate":"2022-01-30"},{"lineNumber":98,"author":{"gitId":"eman-kom"},"content":"     * @return Date in date type","lastModifiedDate":"2022-01-30"},{"lineNumber":99,"author":{"gitId":"eman-kom"},"content":"     * @throws ParseException date not in correct format","lastModifiedDate":"2022-01-30"},{"lineNumber":100,"author":{"gitId":"eman-kom"},"content":"     */","lastModifiedDate":"2022-01-30"},{"lineNumber":101,"author":{"gitId":"eman-kom"},"content":"    public Date parse(String date) throws ParseException {","lastModifiedDate":"2022-01-29"},{"lineNumber":102,"author":{"gitId":"eman-kom"},"content":"        return ft.parse(date);","lastModifiedDate":"2022-01-29"},{"lineNumber":103,"author":{"gitId":"eman-kom"},"content":"    }","lastModifiedDate":"2022-01-29"},{"lineNumber":104,"author":{"gitId":"eman-kom"},"content":"}","lastModifiedDate":"2022-01-29"}],"authorContributionMap":{"eman-kom":104}},{"path":"src/main/java/seedu/storage/TaskList.java","fileType":"java","lines":[{"lineNumber":1,"author":{"gitId":"eman-kom"},"content":"package storage;","lastModifiedDate":"2022-01-30"},{"lineNumber":2,"author":{"gitId":"eman-kom"},"content":"import task.Task;","lastModifiedDate":"2022-01-30"},{"lineNumber":3,"author":{"gitId":"eman-kom"},"content":"import java.util.ArrayList;","lastModifiedDate":"2022-01-29"},{"lineNumber":4,"author":{"gitId":"eman-kom"},"content":"","lastModifiedDate":"2022-01-29"},{"lineNumber":5,"author":{"gitId":"eman-kom"},"content":"public class TaskList {","lastModifiedDate":"2022-01-29"},{"lineNumber":6,"author":{"gitId":"eman-kom"},"content":"","lastModifiedDate":"2022-01-29"},{"lineNumber":7,"author":{"gitId":"eman-kom"},"content":"    private final ArrayList\u003cTask\u003e tasks;","lastModifiedDate":"2022-01-29"},{"lineNumber":8,"author":{"gitId":"eman-kom"},"content":"","lastModifiedDate":"2022-01-29"},{"lineNumber":9,"author":{"gitId":"eman-kom"},"content":"    /**","lastModifiedDate":"2022-01-30"},{"lineNumber":10,"author":{"gitId":"eman-kom"},"content":"     * Creates new tasklist","lastModifiedDate":"2022-01-30"},{"lineNumber":11,"author":{"gitId":"eman-kom"},"content":"     * @param read tasklist obtained by past saved date","lastModifiedDate":"2022-01-30"},{"lineNumber":12,"author":{"gitId":"eman-kom"},"content":"     */","lastModifiedDate":"2022-01-30"},{"lineNumber":13,"author":{"gitId":"eman-kom"},"content":"    public TaskList(ArrayList\u003cTask\u003e read) {","lastModifiedDate":"2022-01-29"},{"lineNumber":14,"author":{"gitId":"eman-kom"},"content":"        this.tasks \u003d new ArrayList\u003c\u003e(read);","lastModifiedDate":"2022-01-29"},{"lineNumber":15,"author":{"gitId":"eman-kom"},"content":"    }","lastModifiedDate":"2022-01-29"},{"lineNumber":16,"author":{"gitId":"eman-kom"},"content":"","lastModifiedDate":"2022-01-29"},{"lineNumber":17,"author":{"gitId":"eman-kom"},"content":"    /**","lastModifiedDate":"2022-01-30"},{"lineNumber":18,"author":{"gitId":"eman-kom"},"content":"     * Returns this array list","lastModifiedDate":"2022-01-30"},{"lineNumber":19,"author":{"gitId":"eman-kom"},"content":"     * @return this array list","lastModifiedDate":"2022-01-30"},{"lineNumber":20,"author":{"gitId":"eman-kom"},"content":"     */","lastModifiedDate":"2022-01-30"},{"lineNumber":21,"author":{"gitId":"eman-kom"},"content":"    public ArrayList\u003cTask\u003e getTaskList() {","lastModifiedDate":"2022-01-29"},{"lineNumber":22,"author":{"gitId":"eman-kom"},"content":"        return tasks;","lastModifiedDate":"2022-01-29"},{"lineNumber":23,"author":{"gitId":"eman-kom"},"content":"    }","lastModifiedDate":"2022-01-29"},{"lineNumber":24,"author":{"gitId":"eman-kom"},"content":"","lastModifiedDate":"2022-01-29"},{"lineNumber":25,"author":{"gitId":"eman-kom"},"content":"    /**","lastModifiedDate":"2022-01-30"},{"lineNumber":26,"author":{"gitId":"eman-kom"},"content":"     * Gets task specified by index","lastModifiedDate":"2022-01-30"},{"lineNumber":27,"author":{"gitId":"eman-kom"},"content":"     * @param idx of task","lastModifiedDate":"2022-01-30"},{"lineNumber":28,"author":{"gitId":"eman-kom"},"content":"     * @return task","lastModifiedDate":"2022-01-30"},{"lineNumber":29,"author":{"gitId":"eman-kom"},"content":"     */","lastModifiedDate":"2022-01-30"},{"lineNumber":30,"author":{"gitId":"eman-kom"},"content":"    public Task getTask(int idx) {","lastModifiedDate":"2022-01-29"},{"lineNumber":31,"author":{"gitId":"eman-kom"},"content":"        return tasks.get(idx);","lastModifiedDate":"2022-01-29"},{"lineNumber":32,"author":{"gitId":"eman-kom"},"content":"    }","lastModifiedDate":"2022-01-29"},{"lineNumber":33,"author":{"gitId":"eman-kom"},"content":"","lastModifiedDate":"2022-01-29"},{"lineNumber":34,"author":{"gitId":"eman-kom"},"content":"    /**","lastModifiedDate":"2022-01-30"},{"lineNumber":35,"author":{"gitId":"eman-kom"},"content":"     * Removes task from list","lastModifiedDate":"2022-01-30"},{"lineNumber":36,"author":{"gitId":"eman-kom"},"content":"     * @param idx of task to be removed","lastModifiedDate":"2022-01-30"},{"lineNumber":37,"author":{"gitId":"eman-kom"},"content":"     */","lastModifiedDate":"2022-01-30"},{"lineNumber":38,"author":{"gitId":"eman-kom"},"content":"    public void removeTask(int idx) {","lastModifiedDate":"2022-01-29"},{"lineNumber":39,"author":{"gitId":"eman-kom"},"content":"        tasks.remove(idx);","lastModifiedDate":"2022-01-29"},{"lineNumber":40,"author":{"gitId":"eman-kom"},"content":"    }","lastModifiedDate":"2022-01-29"},{"lineNumber":41,"author":{"gitId":"eman-kom"},"content":"","lastModifiedDate":"2022-01-29"},{"lineNumber":42,"author":{"gitId":"eman-kom"},"content":"    /**","lastModifiedDate":"2022-01-30"},{"lineNumber":43,"author":{"gitId":"eman-kom"},"content":"     * inserts new task into the list","lastModifiedDate":"2022-01-30"},{"lineNumber":44,"author":{"gitId":"eman-kom"},"content":"     * @param task to be inserted into list","lastModifiedDate":"2022-01-30"},{"lineNumber":45,"author":{"gitId":"eman-kom"},"content":"     */","lastModifiedDate":"2022-01-30"},{"lineNumber":46,"author":{"gitId":"eman-kom"},"content":"    public void addTask(Task task) {","lastModifiedDate":"2022-01-29"},{"lineNumber":47,"author":{"gitId":"eman-kom"},"content":"        tasks.add(task);","lastModifiedDate":"2022-01-29"},{"lineNumber":48,"author":{"gitId":"eman-kom"},"content":"    }","lastModifiedDate":"2022-01-29"},{"lineNumber":49,"author":{"gitId":"eman-kom"},"content":"","lastModifiedDate":"2022-01-29"},{"lineNumber":50,"author":{"gitId":"eman-kom"},"content":"    /**","lastModifiedDate":"2022-01-30"},{"lineNumber":51,"author":{"gitId":"eman-kom"},"content":"     * Finds and prints all occurence of task","lastModifiedDate":"2022-01-30"},{"lineNumber":52,"author":{"gitId":"eman-kom"},"content":"     * @param search task to be searched","lastModifiedDate":"2022-01-30"},{"lineNumber":53,"author":{"gitId":"eman-kom"},"content":"     */","lastModifiedDate":"2022-01-30"},{"lineNumber":54,"author":{"gitId":"eman-kom"},"content":"    public void find(String search) {","lastModifiedDate":"2022-01-29"},{"lineNumber":55,"author":{"gitId":"eman-kom"},"content":"        for (Task t : tasks) {","lastModifiedDate":"2022-01-29"},{"lineNumber":56,"author":{"gitId":"eman-kom"},"content":"            if (t.getDescription().contains(search)) {","lastModifiedDate":"2022-01-29"},{"lineNumber":57,"author":{"gitId":"eman-kom"},"content":"                System.out.println(\"\\t\" + t);","lastModifiedDate":"2022-01-29"},{"lineNumber":58,"author":{"gitId":"eman-kom"},"content":"            }","lastModifiedDate":"2022-01-29"},{"lineNumber":59,"author":{"gitId":"eman-kom"},"content":"        }","lastModifiedDate":"2022-01-29"},{"lineNumber":60,"author":{"gitId":"eman-kom"},"content":"        System.out.println();","lastModifiedDate":"2022-01-29"},{"lineNumber":61,"author":{"gitId":"eman-kom"},"content":"    }","lastModifiedDate":"2022-01-29"},{"lineNumber":62,"author":{"gitId":"eman-kom"},"content":"","lastModifiedDate":"2022-01-29"},{"lineNumber":63,"author":{"gitId":"eman-kom"},"content":"    @Override","lastModifiedDate":"2022-01-29"},{"lineNumber":64,"author":{"gitId":"eman-kom"},"content":"    public String toString() {","lastModifiedDate":"2022-01-29"},{"lineNumber":65,"author":{"gitId":"eman-kom"},"content":"        if (!tasks.isEmpty()) {","lastModifiedDate":"2022-01-29"},{"lineNumber":66,"author":{"gitId":"eman-kom"},"content":"            StringBuilder out \u003d new StringBuilder();","lastModifiedDate":"2022-01-29"},{"lineNumber":67,"author":{"gitId":"eman-kom"},"content":"            tasks.forEach(task -\u003e out.append(\"\\t\").append(task.toString()).append(\"\\n\"));","lastModifiedDate":"2022-01-29"},{"lineNumber":68,"author":{"gitId":"eman-kom"},"content":"            return out.toString();","lastModifiedDate":"2022-01-29"},{"lineNumber":69,"author":{"gitId":"eman-kom"},"content":"        } else {","lastModifiedDate":"2022-01-29"},{"lineNumber":70,"author":{"gitId":"eman-kom"},"content":"            return \"\\tEmpty list\\n\";","lastModifiedDate":"2022-01-29"},{"lineNumber":71,"author":{"gitId":"eman-kom"},"content":"        }","lastModifiedDate":"2022-01-29"},{"lineNumber":72,"author":{"gitId":"eman-kom"},"content":"    }","lastModifiedDate":"2022-01-29"},{"lineNumber":73,"author":{"gitId":"eman-kom"},"content":"}","lastModifiedDate":"2022-01-29"}],"authorContributionMap":{"eman-kom":73}},{"path":"src/main/java/seedu/task/Deadline.java","fileType":"java","lines":[{"lineNumber":1,"author":{"gitId":"eman-kom"},"content":"package task;","lastModifiedDate":"2022-01-30"},{"lineNumber":2,"author":{"gitId":"eman-kom"},"content":"","lastModifiedDate":"2022-01-29"},{"lineNumber":3,"author":{"gitId":"eman-kom"},"content":"import java.text.SimpleDateFormat;","lastModifiedDate":"2022-01-29"},{"lineNumber":4,"author":{"gitId":"eman-kom"},"content":"import java.util.Date;","lastModifiedDate":"2022-01-29"},{"lineNumber":5,"author":{"gitId":"eman-kom"},"content":"","lastModifiedDate":"2022-01-23"},{"lineNumber":6,"author":{"gitId":"eman-kom"},"content":"public class Deadline extends Task {","lastModifiedDate":"2022-01-16"},{"lineNumber":7,"author":{"gitId":"eman-kom"},"content":"","lastModifiedDate":"2022-01-16"},{"lineNumber":8,"author":{"gitId":"eman-kom"},"content":"    private final Date deadline;","lastModifiedDate":"2022-01-29"},{"lineNumber":9,"author":{"gitId":"eman-kom"},"content":"    private final SimpleDateFormat ft \u003d new SimpleDateFormat(\"dd MMM yyy h.mma\");","lastModifiedDate":"2022-01-29"},{"lineNumber":10,"author":{"gitId":"eman-kom"},"content":"","lastModifiedDate":"2022-01-16"},{"lineNumber":11,"author":{"gitId":"eman-kom"},"content":"    public Deadline(String description, Date deadline) {","lastModifiedDate":"2022-01-29"},{"lineNumber":12,"author":{"gitId":"eman-kom"},"content":"        super(description);","lastModifiedDate":"2022-01-16"},{"lineNumber":13,"author":{"gitId":"eman-kom"},"content":"        this.deadline \u003d deadline;","lastModifiedDate":"2022-01-23"},{"lineNumber":14,"author":{"gitId":"eman-kom"},"content":"    }","lastModifiedDate":"2022-01-16"},{"lineNumber":15,"author":{"gitId":"eman-kom"},"content":"","lastModifiedDate":"2022-01-16"},{"lineNumber":16,"author":{"gitId":"eman-kom"},"content":"    public Deadline(String description, Date deadline, boolean completed) {","lastModifiedDate":"2022-01-29"},{"lineNumber":17,"author":{"gitId":"eman-kom"},"content":"        super(description, completed);","lastModifiedDate":"2022-01-23"},{"lineNumber":18,"author":{"gitId":"eman-kom"},"content":"        this.deadline \u003d deadline;","lastModifiedDate":"2022-01-29"},{"lineNumber":19,"author":{"gitId":"eman-kom"},"content":"    }","lastModifiedDate":"2022-01-23"},{"lineNumber":20,"author":{"gitId":"eman-kom"},"content":"","lastModifiedDate":"2022-01-23"},{"lineNumber":21,"author":{"gitId":"eman-kom"},"content":"    /**","lastModifiedDate":"2022-01-30"},{"lineNumber":22,"author":{"gitId":"eman-kom"},"content":"     * @inheritDoc","lastModifiedDate":"2022-01-30"},{"lineNumber":23,"author":{"gitId":"eman-kom"},"content":"     */","lastModifiedDate":"2022-01-30"},{"lineNumber":24,"author":{"gitId":"eman-kom"},"content":"    public String toFile() {","lastModifiedDate":"2022-01-23"},{"lineNumber":25,"author":{"gitId":"eman-kom"},"content":"        System.out.println(this.deadline);","lastModifiedDate":"2022-01-29"},{"lineNumber":26,"author":{"gitId":"eman-kom"},"content":"        return \"D\\t\" + super.toFile() + \"\\t\" + ft.format(this.deadline);","lastModifiedDate":"2022-01-29"},{"lineNumber":27,"author":{"gitId":"eman-kom"},"content":"    }","lastModifiedDate":"2022-01-23"},{"lineNumber":28,"author":{"gitId":"eman-kom"},"content":"","lastModifiedDate":"2022-01-23"},{"lineNumber":29,"author":{"gitId":"eman-kom"},"content":"    @Override","lastModifiedDate":"2022-01-16"},{"lineNumber":30,"author":{"gitId":"eman-kom"},"content":"    public String toString() {","lastModifiedDate":"2022-01-16"},{"lineNumber":31,"author":{"gitId":"eman-kom"},"content":"        return \"[D]\" + super.toString() + \" (by: \" + ft.format(this.deadline) + \")\";","lastModifiedDate":"2022-01-29"},{"lineNumber":32,"author":{"gitId":"eman-kom"},"content":"    }","lastModifiedDate":"2022-01-16"},{"lineNumber":33,"author":{"gitId":"eman-kom"},"content":"}","lastModifiedDate":"2022-01-16"}],"authorContributionMap":{"eman-kom":33}},{"path":"src/main/java/seedu/task/Event.java","fileType":"java","lines":[{"lineNumber":1,"author":{"gitId":"eman-kom"},"content":"package task;","lastModifiedDate":"2022-01-30"},{"lineNumber":2,"author":{"gitId":"eman-kom"},"content":"","lastModifiedDate":"2022-01-29"},{"lineNumber":3,"author":{"gitId":"eman-kom"},"content":"import java.text.SimpleDateFormat;","lastModifiedDate":"2022-01-29"},{"lineNumber":4,"author":{"gitId":"eman-kom"},"content":"import java.util.Date;","lastModifiedDate":"2022-01-29"},{"lineNumber":5,"author":{"gitId":"eman-kom"},"content":"","lastModifiedDate":"2022-01-23"},{"lineNumber":6,"author":{"gitId":"eman-kom"},"content":"public class Event extends Task {","lastModifiedDate":"2022-01-16"},{"lineNumber":7,"author":{"gitId":"eman-kom"},"content":"","lastModifiedDate":"2022-01-16"},{"lineNumber":8,"author":{"gitId":"eman-kom"},"content":"    private final Date duration;","lastModifiedDate":"2022-01-29"},{"lineNumber":9,"author":{"gitId":"eman-kom"},"content":"    private final SimpleDateFormat ft \u003d new SimpleDateFormat(\"dd MMM yyy h.mma\");","lastModifiedDate":"2022-01-29"},{"lineNumber":10,"author":{"gitId":"eman-kom"},"content":"","lastModifiedDate":"2022-01-16"},{"lineNumber":11,"author":{"gitId":"eman-kom"},"content":"    public Event(String description, Date duration) {","lastModifiedDate":"2022-01-29"},{"lineNumber":12,"author":{"gitId":"eman-kom"},"content":"        super(description);","lastModifiedDate":"2022-01-16"},{"lineNumber":13,"author":{"gitId":"eman-kom"},"content":"        this.duration \u003d duration;","lastModifiedDate":"2022-01-29"},{"lineNumber":14,"author":{"gitId":"eman-kom"},"content":"    }","lastModifiedDate":"2022-01-16"},{"lineNumber":15,"author":{"gitId":"eman-kom"},"content":"","lastModifiedDate":"2022-01-16"},{"lineNumber":16,"author":{"gitId":"eman-kom"},"content":"    public Event(String description, Date duration, boolean completed) {","lastModifiedDate":"2022-01-29"},{"lineNumber":17,"author":{"gitId":"eman-kom"},"content":"        super(description, completed);","lastModifiedDate":"2022-01-23"},{"lineNumber":18,"author":{"gitId":"eman-kom"},"content":"        this.duration \u003d duration;","lastModifiedDate":"2022-01-29"},{"lineNumber":19,"author":{"gitId":"eman-kom"},"content":"    }","lastModifiedDate":"2022-01-23"},{"lineNumber":20,"author":{"gitId":"eman-kom"},"content":"","lastModifiedDate":"2022-01-23"},{"lineNumber":21,"author":{"gitId":"eman-kom"},"content":"    /**","lastModifiedDate":"2022-01-30"},{"lineNumber":22,"author":{"gitId":"eman-kom"},"content":"     * @inheritDoc","lastModifiedDate":"2022-01-30"},{"lineNumber":23,"author":{"gitId":"eman-kom"},"content":"     */","lastModifiedDate":"2022-01-30"},{"lineNumber":24,"author":{"gitId":"eman-kom"},"content":"    public String toFile() {","lastModifiedDate":"2022-01-23"},{"lineNumber":25,"author":{"gitId":"eman-kom"},"content":"        return \"E\\t\" + super.toFile() + \"\\t\" + ft.format(this.duration);","lastModifiedDate":"2022-01-29"},{"lineNumber":26,"author":{"gitId":"eman-kom"},"content":"    }","lastModifiedDate":"2022-01-23"},{"lineNumber":27,"author":{"gitId":"eman-kom"},"content":"","lastModifiedDate":"2022-01-23"},{"lineNumber":28,"author":{"gitId":"eman-kom"},"content":"    @Override","lastModifiedDate":"2022-01-16"},{"lineNumber":29,"author":{"gitId":"eman-kom"},"content":"    public String toString() {","lastModifiedDate":"2022-01-16"},{"lineNumber":30,"author":{"gitId":"eman-kom"},"content":"        return \"[D]\" + super.toString() + \" (at: \" + ft.format(this.duration) + \")\";","lastModifiedDate":"2022-01-29"},{"lineNumber":31,"author":{"gitId":"eman-kom"},"content":"    }","lastModifiedDate":"2022-01-16"},{"lineNumber":32,"author":{"gitId":"eman-kom"},"content":"}","lastModifiedDate":"2022-01-16"}],"authorContributionMap":{"eman-kom":32}},{"path":"src/main/java/seedu/task/Task.java","fileType":"java","lines":[{"lineNumber":1,"author":{"gitId":"eman-kom"},"content":"package task;","lastModifiedDate":"2022-01-30"},{"lineNumber":2,"author":{"gitId":"eman-kom"},"content":"","lastModifiedDate":"2022-01-29"},{"lineNumber":3,"author":{"gitId":"eman-kom"},"content":"public class Task {","lastModifiedDate":"2022-01-16"},{"lineNumber":4,"author":{"gitId":"eman-kom"},"content":"","lastModifiedDate":"2022-01-16"},{"lineNumber":5,"author":{"gitId":"eman-kom"},"content":"    private final String description;","lastModifiedDate":"2022-01-16"},{"lineNumber":6,"author":{"gitId":"eman-kom"},"content":"    private boolean completed;","lastModifiedDate":"2022-01-16"},{"lineNumber":7,"author":{"gitId":"eman-kom"},"content":"","lastModifiedDate":"2022-01-16"},{"lineNumber":8,"author":{"gitId":"eman-kom"},"content":"    /**","lastModifiedDate":"2022-01-30"},{"lineNumber":9,"author":{"gitId":"eman-kom"},"content":"     * Creates new Task object","lastModifiedDate":"2022-01-30"},{"lineNumber":10,"author":{"gitId":"eman-kom"},"content":"     * @param description of task","lastModifiedDate":"2022-01-30"},{"lineNumber":11,"author":{"gitId":"eman-kom"},"content":"     */","lastModifiedDate":"2022-01-30"},{"lineNumber":12,"author":{"gitId":"eman-kom"},"content":"    public Task(String description) {","lastModifiedDate":"2022-01-16"},{"lineNumber":13,"author":{"gitId":"eman-kom"},"content":"        this(description, false);","lastModifiedDate":"2022-01-16"},{"lineNumber":14,"author":{"gitId":"eman-kom"},"content":"    }","lastModifiedDate":"2022-01-16"},{"lineNumber":15,"author":{"gitId":"eman-kom"},"content":"","lastModifiedDate":"2022-01-16"},{"lineNumber":16,"author":{"gitId":"eman-kom"},"content":"    /**","lastModifiedDate":"2022-01-30"},{"lineNumber":17,"author":{"gitId":"eman-kom"},"content":"     * Creates new Task object","lastModifiedDate":"2022-01-30"},{"lineNumber":18,"author":{"gitId":"eman-kom"},"content":"     * @param description of task","lastModifiedDate":"2022-01-30"},{"lineNumber":19,"author":{"gitId":"eman-kom"},"content":"     * @param completed task is completed or not","lastModifiedDate":"2022-01-30"},{"lineNumber":20,"author":{"gitId":"eman-kom"},"content":"     */","lastModifiedDate":"2022-01-30"},{"lineNumber":21,"author":{"gitId":"eman-kom"},"content":"    public Task(String description, boolean completed) {","lastModifiedDate":"2022-01-16"},{"lineNumber":22,"author":{"gitId":"eman-kom"},"content":"        this.description \u003d description.trim();","lastModifiedDate":"2022-01-16"},{"lineNumber":23,"author":{"gitId":"eman-kom"},"content":"        this.completed \u003d completed;","lastModifiedDate":"2022-01-16"},{"lineNumber":24,"author":{"gitId":"eman-kom"},"content":"    }","lastModifiedDate":"2022-01-16"},{"lineNumber":25,"author":{"gitId":"eman-kom"},"content":"","lastModifiedDate":"2022-01-16"},{"lineNumber":26,"author":{"gitId":"eman-kom"},"content":"    /**","lastModifiedDate":"2022-01-30"},{"lineNumber":27,"author":{"gitId":"eman-kom"},"content":"     * Marks the task as completed or not completed","lastModifiedDate":"2022-01-30"},{"lineNumber":28,"author":{"gitId":"eman-kom"},"content":"     * @param completed States whether the task is completed or not","lastModifiedDate":"2022-01-30"},{"lineNumber":29,"author":{"gitId":"eman-kom"},"content":"     */","lastModifiedDate":"2022-01-30"},{"lineNumber":30,"author":{"gitId":"eman-kom"},"content":"    public void setCompleted(boolean completed) {","lastModifiedDate":"2022-01-16"},{"lineNumber":31,"author":{"gitId":"eman-kom"},"content":"        this.completed \u003d completed;","lastModifiedDate":"2022-01-16"},{"lineNumber":32,"author":{"gitId":"eman-kom"},"content":"    }","lastModifiedDate":"2022-01-16"},{"lineNumber":33,"author":{"gitId":"eman-kom"},"content":"","lastModifiedDate":"2022-01-16"},{"lineNumber":34,"author":{"gitId":"eman-kom"},"content":"    /**","lastModifiedDate":"2022-01-30"},{"lineNumber":35,"author":{"gitId":"eman-kom"},"content":"     * If task is completed return X else return \u003cspace\u003e","lastModifiedDate":"2022-01-30"},{"lineNumber":36,"author":{"gitId":"eman-kom"},"content":"     * @return A string of either X or \u003cspace\u003e","lastModifiedDate":"2022-01-30"},{"lineNumber":37,"author":{"gitId":"eman-kom"},"content":"     */","lastModifiedDate":"2022-01-30"},{"lineNumber":38,"author":{"gitId":"eman-kom"},"content":"    public String getDescription() {","lastModifiedDate":"2022-01-29"},{"lineNumber":39,"author":{"gitId":"eman-kom"},"content":"        return description;","lastModifiedDate":"2022-01-29"},{"lineNumber":40,"author":{"gitId":"eman-kom"},"content":"    }","lastModifiedDate":"2022-01-29"},{"lineNumber":41,"author":{"gitId":"eman-kom"},"content":"","lastModifiedDate":"2022-01-29"},{"lineNumber":42,"author":{"gitId":"eman-kom"},"content":"    private String getCompleted() {","lastModifiedDate":"2022-01-16"},{"lineNumber":43,"author":{"gitId":"eman-kom"},"content":"        return completed ? \"X\" : \" \";","lastModifiedDate":"2022-01-16"},{"lineNumber":44,"author":{"gitId":"eman-kom"},"content":"    }","lastModifiedDate":"2022-01-16"},{"lineNumber":45,"author":{"gitId":"eman-kom"},"content":"","lastModifiedDate":"2022-01-16"},{"lineNumber":46,"author":{"gitId":"eman-kom"},"content":"    /**","lastModifiedDate":"2022-01-30"},{"lineNumber":47,"author":{"gitId":"eman-kom"},"content":"     * Returns the string of task to be place into the save file","lastModifiedDate":"2022-01-30"},{"lineNumber":48,"author":{"gitId":"eman-kom"},"content":"     * @return string of task to be saved in file","lastModifiedDate":"2022-01-30"},{"lineNumber":49,"author":{"gitId":"eman-kom"},"content":"     */","lastModifiedDate":"2022-01-30"},{"lineNumber":50,"author":{"gitId":"eman-kom"},"content":"    public String toFile() {","lastModifiedDate":"2022-01-23"},{"lineNumber":51,"author":{"gitId":"eman-kom"},"content":"        return this.completed + \"\\t\" + this.description;","lastModifiedDate":"2022-01-29"},{"lineNumber":52,"author":{"gitId":"eman-kom"},"content":"    }","lastModifiedDate":"2022-01-23"},{"lineNumber":53,"author":{"gitId":"eman-kom"},"content":"","lastModifiedDate":"2022-01-23"},{"lineNumber":54,"author":{"gitId":"eman-kom"},"content":"    @Override","lastModifiedDate":"2022-01-16"},{"lineNumber":55,"author":{"gitId":"eman-kom"},"content":"    public String toString() {","lastModifiedDate":"2022-01-16"},{"lineNumber":56,"author":{"gitId":"eman-kom"},"content":"        return \"[\" + this.getCompleted() + \"] \" + this.description;","lastModifiedDate":"2022-01-16"},{"lineNumber":57,"author":{"gitId":"eman-kom"},"content":"    }","lastModifiedDate":"2022-01-16"},{"lineNumber":58,"author":{"gitId":"eman-kom"},"content":"}","lastModifiedDate":"2022-01-16"}],"authorContributionMap":{"eman-kom":58}},{"path":"src/main/java/seedu/task/ToDo.java","fileType":"java","lines":[{"lineNumber":1,"author":{"gitId":"eman-kom"},"content":"package task;","lastModifiedDate":"2022-01-30"},{"lineNumber":2,"author":{"gitId":"eman-kom"},"content":"","lastModifiedDate":"2022-01-29"},{"lineNumber":3,"author":{"gitId":"eman-kom"},"content":"public class ToDo extends Task {","lastModifiedDate":"2022-01-16"},{"lineNumber":4,"author":{"gitId":"eman-kom"},"content":"","lastModifiedDate":"2022-01-16"},{"lineNumber":5,"author":{"gitId":"eman-kom"},"content":"    public ToDo(String description) {","lastModifiedDate":"2022-01-16"},{"lineNumber":6,"author":{"gitId":"eman-kom"},"content":"        super(description);","lastModifiedDate":"2022-01-16"},{"lineNumber":7,"author":{"gitId":"eman-kom"},"content":"    }","lastModifiedDate":"2022-01-16"},{"lineNumber":8,"author":{"gitId":"eman-kom"},"content":"","lastModifiedDate":"2022-01-16"},{"lineNumber":9,"author":{"gitId":"eman-kom"},"content":"    public ToDo(String description, boolean completed) {","lastModifiedDate":"2022-01-23"},{"lineNumber":10,"author":{"gitId":"eman-kom"},"content":"        super(description, completed);","lastModifiedDate":"2022-01-23"},{"lineNumber":11,"author":{"gitId":"eman-kom"},"content":"    }","lastModifiedDate":"2022-01-23"},{"lineNumber":12,"author":{"gitId":"eman-kom"},"content":"","lastModifiedDate":"2022-01-23"},{"lineNumber":13,"author":{"gitId":"eman-kom"},"content":"    /**","lastModifiedDate":"2022-01-30"},{"lineNumber":14,"author":{"gitId":"eman-kom"},"content":"     * @inheritDoc","lastModifiedDate":"2022-01-30"},{"lineNumber":15,"author":{"gitId":"eman-kom"},"content":"     */","lastModifiedDate":"2022-01-30"},{"lineNumber":16,"author":{"gitId":"eman-kom"},"content":"    public String toFile() {","lastModifiedDate":"2022-01-23"},{"lineNumber":17,"author":{"gitId":"eman-kom"},"content":"        return \"T\\t\" + super.toFile();","lastModifiedDate":"2022-01-29"},{"lineNumber":18,"author":{"gitId":"eman-kom"},"content":"    }","lastModifiedDate":"2022-01-23"},{"lineNumber":19,"author":{"gitId":"eman-kom"},"content":"","lastModifiedDate":"2022-01-23"},{"lineNumber":20,"author":{"gitId":"eman-kom"},"content":"    @Override","lastModifiedDate":"2022-01-16"},{"lineNumber":21,"author":{"gitId":"eman-kom"},"content":"    public String toString() {","lastModifiedDate":"2022-01-16"},{"lineNumber":22,"author":{"gitId":"eman-kom"},"content":"        return \"[T]\" + super.toString();","lastModifiedDate":"2022-01-16"},{"lineNumber":23,"author":{"gitId":"eman-kom"},"content":"    }","lastModifiedDate":"2022-01-16"},{"lineNumber":24,"author":{"gitId":"eman-kom"},"content":"}","lastModifiedDate":"2022-01-16"}],"authorContributionMap":{"eman-kom":24}},{"path":"src/test/java/duke/DukeTest.java","fileType":"java","lines":[{"lineNumber":1,"author":{"gitId":"eman-kom"},"content":"package duke;","lastModifiedDate":"2022-01-29"},{"lineNumber":2,"author":{"gitId":"eman-kom"},"content":"","lastModifiedDate":"2022-01-29"},{"lineNumber":3,"author":{"gitId":"eman-kom"},"content":"import org.junit.jupiter.api.Test;","lastModifiedDate":"2022-01-29"},{"lineNumber":4,"author":{"gitId":"eman-kom"},"content":"import seedu.duke.DukeException;","lastModifiedDate":"2022-01-30"},{"lineNumber":5,"author":{"gitId":"eman-kom"},"content":"import seedu.duke.Parser;","lastModifiedDate":"2022-01-30"},{"lineNumber":6,"author":{"gitId":"eman-kom"},"content":"","lastModifiedDate":"2022-01-29"},{"lineNumber":7,"author":{"gitId":"eman-kom"},"content":"import java.io.IOException;","lastModifiedDate":"2022-01-29"},{"lineNumber":8,"author":{"gitId":"eman-kom"},"content":"import java.text.ParseException;","lastModifiedDate":"2022-01-29"},{"lineNumber":9,"author":{"gitId":"eman-kom"},"content":"","lastModifiedDate":"2022-01-29"},{"lineNumber":10,"author":{"gitId":"eman-kom"},"content":"import static org.junit.jupiter.api.Assertions.assertEquals;","lastModifiedDate":"2022-01-29"},{"lineNumber":11,"author":{"gitId":"eman-kom"},"content":"import static org.junit.jupiter.api.Assertions.assertThrows;","lastModifiedDate":"2022-01-29"},{"lineNumber":12,"author":{"gitId":"eman-kom"},"content":"","lastModifiedDate":"2022-01-29"},{"lineNumber":13,"author":{"gitId":"eman-kom"},"content":"public class DukeTest {","lastModifiedDate":"2022-01-29"},{"lineNumber":14,"author":{"gitId":"eman-kom"},"content":"","lastModifiedDate":"2022-01-29"},{"lineNumber":15,"author":{"gitId":"eman-kom"},"content":"    @Test","lastModifiedDate":"2022-01-29"},{"lineNumber":16,"author":{"gitId":"eman-kom"},"content":"    public void parseTest() throws DukeException {","lastModifiedDate":"2022-01-29"},{"lineNumber":17,"author":{"gitId":"eman-kom"},"content":"        Parser p \u003d new Parser();","lastModifiedDate":"2022-01-29"},{"lineNumber":18,"author":{"gitId":"eman-kom"},"content":"        assertEquals(\"list\", p.splitCmd(\"list\")[0]);","lastModifiedDate":"2022-01-29"},{"lineNumber":19,"author":{"gitId":"eman-kom"},"content":"    }","lastModifiedDate":"2022-01-29"},{"lineNumber":20,"author":{"gitId":"eman-kom"},"content":"","lastModifiedDate":"2022-01-29"},{"lineNumber":21,"author":{"gitId":"eman-kom"},"content":"    @Test","lastModifiedDate":"2022-01-29"},{"lineNumber":22,"author":{"gitId":"eman-kom"},"content":"    public void testDate() throws IOException {","lastModifiedDate":"2022-01-29"},{"lineNumber":23,"author":{"gitId":"eman-kom"},"content":"        storage.Storage s \u003d new storage.Storage();","lastModifiedDate":"2022-01-30"},{"lineNumber":24,"author":{"gitId":"eman-kom"},"content":"        assertThrows(ParseException.class, () -\u003e {","lastModifiedDate":"2022-01-29"},{"lineNumber":25,"author":{"gitId":"eman-kom"},"content":"            s.parse(\"this is not a date\");","lastModifiedDate":"2022-01-29"},{"lineNumber":26,"author":{"gitId":"eman-kom"},"content":"        });","lastModifiedDate":"2022-01-29"},{"lineNumber":27,"author":{"gitId":"eman-kom"},"content":"    }","lastModifiedDate":"2022-01-29"},{"lineNumber":28,"author":{"gitId":"eman-kom"},"content":"}","lastModifiedDate":"2022-01-29"}],"authorContributionMap":{"eman-kom":28}},{"path":"text-ui-test/input.txt","fileType":"txt","lines":[{"lineNumber":1,"author":{"gitId":"eman-kom"},"content":"","lastModifiedDate":"2022-01-17"},{"lineNumber":2,"author":{"gitId":"eman-kom"},"content":"list","lastModifiedDate":"2022-01-19"},{"lineNumber":3,"author":{"gitId":"eman-kom"},"content":"mark 20","lastModifiedDate":"2022-01-19"},{"lineNumber":4,"author":{"gitId":"eman-kom"},"content":"unmark 99","lastModifiedDate":"2022-01-19"},{"lineNumber":5,"author":{"gitId":"eman-kom"},"content":"mark test","lastModifiedDate":"2022-01-19"},{"lineNumber":6,"author":{"gitId":"eman-kom"},"content":"unmark test","lastModifiedDate":"2022-01-19"},{"lineNumber":7,"author":{"gitId":"eman-kom"},"content":"todo","lastModifiedDate":"2022-01-19"},{"lineNumber":8,"author":{"gitId":"eman-kom"},"content":"event","lastModifiedDate":"2022-01-17"},{"lineNumber":9,"author":{"gitId":"eman-kom"},"content":"deadline","lastModifiedDate":"2022-01-17"},{"lineNumber":10,"author":{"gitId":"eman-kom"},"content":"event /at","lastModifiedDate":"2022-01-17"},{"lineNumber":11,"author":{"gitId":"eman-kom"},"content":"deadline /by","lastModifiedDate":"2022-01-17"},{"lineNumber":12,"author":{"gitId":"eman-kom"},"content":"event /at A","lastModifiedDate":"2022-01-19"},{"lineNumber":13,"author":{"gitId":"eman-kom"},"content":"deadline /by A","lastModifiedDate":"2022-01-19"},{"lineNumber":14,"author":{"gitId":"eman-kom"},"content":"event B /at","lastModifiedDate":"2022-01-19"},{"lineNumber":15,"author":{"gitId":"eman-kom"},"content":"deadline B /by","lastModifiedDate":"2022-01-19"},{"lineNumber":16,"author":{"gitId":"eman-kom"},"content":"todo C","lastModifiedDate":"2022-01-19"},{"lineNumber":17,"author":{"gitId":"eman-kom"},"content":"event C /at D","lastModifiedDate":"2022-01-19"},{"lineNumber":18,"author":{"gitId":"eman-kom"},"content":"deadline C /by D","lastModifiedDate":"2022-01-19"},{"lineNumber":19,"author":{"gitId":"eman-kom"},"content":"mark 1","lastModifiedDate":"2022-01-19"},{"lineNumber":20,"author":{"gitId":"eman-kom"},"content":"mark 2","lastModifiedDate":"2022-01-19"},{"lineNumber":21,"author":{"gitId":"eman-kom"},"content":"mark 3","lastModifiedDate":"2022-01-19"},{"lineNumber":22,"author":{"gitId":"eman-kom"},"content":"mark 4","lastModifiedDate":"2022-01-19"},{"lineNumber":23,"author":{"gitId":"eman-kom"},"content":"list","lastModifiedDate":"2022-01-19"},{"lineNumber":24,"author":{"gitId":"eman-kom"},"content":"unmark 1","lastModifiedDate":"2022-01-19"},{"lineNumber":25,"author":{"gitId":"eman-kom"},"content":"unmark 2","lastModifiedDate":"2022-01-19"},{"lineNumber":26,"author":{"gitId":"eman-kom"},"content":"unmark 3","lastModifiedDate":"2022-01-19"},{"lineNumber":27,"author":{"gitId":"eman-kom"},"content":"unmark 4","lastModifiedDate":"2022-01-19"},{"lineNumber":28,"author":{"gitId":"eman-kom"},"content":"list","lastModifiedDate":"2022-01-19"},{"lineNumber":29,"author":{"gitId":"eman-kom"},"content":"delete 1","lastModifiedDate":"2022-01-19"},{"lineNumber":30,"author":{"gitId":"eman-kom"},"content":"delete 2","lastModifiedDate":"2022-01-19"},{"lineNumber":31,"author":{"gitId":"eman-kom"},"content":"delete 1","lastModifiedDate":"2022-01-19"},{"lineNumber":32,"author":{"gitId":"eman-kom"},"content":"delete 1","lastModifiedDate":"2022-01-19"},{"lineNumber":33,"author":{"gitId":"eman-kom"},"content":"list","lastModifiedDate":"2022-01-19"},{"lineNumber":34,"author":{"gitId":"eman-kom"},"content":"bye","lastModifiedDate":"2022-01-16"}],"authorContributionMap":{"eman-kom":34}}]
