{"authorDailyContributionsMap":{"eman-kom":[{"date":"2022-01-16","commitResults":[{"hash":"a2787e883dfbadb5f65857aad026ee54efb085d8","messageTitle":"Greet, Echo, Exit","messageBody":"","tags":["Level-1"],"fileTypesAndContributionMap":{"java":{"insertions":18,"deletions":6}}},{"hash":"cc97904712179523193c370c7560bee7732c807c","messageTitle":"Add, List","messageBody":"","tags":["Level-2"],"fileTypesAndContributionMap":{"java":{"insertions":20,"deletions":3}}},{"hash":"5080f1984d8168b2dd64ed089527a61d9f57834f","messageTitle":"Created Task Class","messageBody":"","tags":["A-Classes"],"fileTypesAndContributionMap":{"java":{"insertions":33,"deletions":3}}},{"hash":"de8821a8f78bfa7ec09d9f0ec3af49cea0bafc41","messageTitle":"Mark as Done","messageBody":"","tags":["Level-3"],"fileTypesAndContributionMap":{"java":{"insertions":26,"deletions":5}}},{"hash":"93558c7b4cbb3eba241b291276b45ed542ad1669","messageTitle":"Created Deadline, Event, ToDo subclasses","messageBody":"","tags":["A-Inheritance"],"fileTypesAndContributionMap":{"java":{"insertions":49,"deletions":18}}},{"hash":"d7409451eeadb8b23818fa0918080344d2691381","messageTitle":"ToDo, Event, Deadline","messageBody":"","tags":["Level-4"],"fileTypesAndContributionMap":{"java":{"insertions":23,"deletions":3}}},{"hash":"c1b741d6e89d212e35ff08770889587fd66a3176","messageTitle":"Automated Text UI Testing","messageBody":"","tags":["A-TextUiTesting"],"fileTypesAndContributionMap":{"txt":{"insertions":12,"deletions":0}}}]},{"date":"2022-01-17","commitResults":[{"hash":"17eff43acdd4c78a44ee1fc52669130f81183fb2","messageTitle":"Handle Errors","messageBody":"","tags":["Level-5","A-Exceptions","A-Collections"],"fileTypesAndContributionMap":{"txt":{"insertions":13,"deletions":0},"java":{"insertions":97,"deletions":23}}},{"hash":"3ab9d6a3715da3ece53187c5f6374f2cfe5d490e","messageTitle":"Delete","messageBody":"","tags":["Level-6"],"fileTypesAndContributionMap":{"java":{"insertions":32,"deletions":5}}}]}]},"authorFileTypeContributionMap":{"eman-kom":{"java":238,"md":0,"fxml":0,"sh":0,"bat":0,"gradle":0,"txt":25}},"authorContributionVariance":{"eman-kom":9757.6875},"authorDisplayNameMap":{"eman-kom":"MOK ..NUEL"}}
