{"authorDailyContributionsMap":{"9teMare":[{"date":"2022-01-14","commitResults":[{"hash":"9b54b7cd9f3e242a8e278cd0088d5c00d7400642","messageTitle":"Completed Level-6, rewrote Level-5","messageBody":"","tags":["Level-6"],"fileTypesAndContributionMap":{"java":{"insertions":38,"deletions":62}}},{"hash":"0bbaf869292f70b8e54ee80c2436a7db5505f3ac","messageTitle":"Used enums, correctly implemented taskSet to prevent duplicate of tasks","messageBody":"","tags":["Level-6.1"],"fileTypesAndContributionMap":{"java":{"insertions":105,"deletions":47}}},{"hash":"304e4363ef334fb968a3c669eef5fe46b0cdb9dc","messageTitle":"Separated greetings","messageBody":"","tags":["Level-6.2"],"fileTypesAndContributionMap":{"java":{"insertions":12,"deletions":10}}}]},{"date":"2022-01-15","commitResults":[{"hash":"0c2d04cb979b1e4337b3d6e0135cdee64ea32a10","messageTitle":"Cleaned up code, removed enums, passed all the tests.","messageBody":"","tags":["Level-6.3","A-TextUiTesting"],"fileTypesAndContributionMap":{"txt":{"insertions":31,"deletions":0},"java":{"insertions":73,"deletions":121}}}]},{"date":"2022-01-20","commitResults":[{"hash":"b94c2e154232e814c240bd651eab04cedd754012","messageTitle":"Attempted to add level-7 on top of master in branch-level-7","messageBody":"","fileTypesAndContributionMap":{"txt":{"insertions":0,"deletions":0},"java":{"insertions":352,"deletions":6}}},{"hash":"cbc8cf949bfabfc046723c29f2fd4e4020712089","messageTitle":"Completed Level-7","messageBody":"","fileTypesAndContributionMap":{"txt":{"insertions":36,"deletions":0},"java":{"insertions":10,"deletions":9}}}]},{"date":"2022-01-21","commitResults":[{"hash":"eeb532b13957a28e5b2996b03a3939342363abef","messageTitle":"Completed Level-8","messageBody":"","fileTypesAndContributionMap":{"txt":{"insertions":3,"deletions":4},"java":{"insertions":156,"deletions":34}}}]},{"date":"2022-01-22","commitResults":[{"hash":"46b319f1106d1a9a2ea517162130281ddd713034","messageTitle":"Add the feature to show all tasks in the same date/time.","messageBody":"","fileTypesAndContributionMap":{"txt":{"insertions":3,"deletions":3},"java":{"insertions":76,"deletions":16}}}]}]},"authorFileTypeContributionMap":{"9teMare":{"java":411,"md":0,"fxml":0,"sh":0,"bat":0,"gradle":0,"txt":35}},"authorContributionVariance":{"9teMare":20312.32},"authorDisplayNameMap":{"9teMare":"WANG..IHAO"}}
