[{"path":"src/main/java/ChatBot.java","fileType":"java","lines":[{"lineNumber":1,"author":{"gitId":"hanhuiice"},"content":"import java.util.ArrayList;","lastModifiedDate":"2022-01-16"},{"lineNumber":2,"author":{"gitId":"hanhuiice"},"content":"","lastModifiedDate":"2022-01-16"},{"lineNumber":3,"author":{"gitId":"hanhuiice"},"content":"public class ChatBot {","lastModifiedDate":"2022-01-16"},{"lineNumber":4,"author":{"gitId":"hanhuiice"},"content":"    private String name;","lastModifiedDate":"2022-01-16"},{"lineNumber":5,"author":{"gitId":"hanhuiice"},"content":"    private String line \u003d \"-------------------------------------------------\";","lastModifiedDate":"2022-01-16"},{"lineNumber":6,"author":{"gitId":"hanhuiice"},"content":"    private ArrayList\u003cTask\u003e tasks \u003d new ArrayList\u003cTask\u003e();","lastModifiedDate":"2022-01-18"},{"lineNumber":7,"author":{"gitId":"hanhuiice"},"content":"","lastModifiedDate":"2022-01-16"},{"lineNumber":8,"author":{"gitId":"hanhuiice"},"content":"    public ChatBot(String name) {","lastModifiedDate":"2022-01-16"},{"lineNumber":9,"author":{"gitId":"hanhuiice"},"content":"        this.name \u003d name;","lastModifiedDate":"2022-01-16"},{"lineNumber":10,"author":{"gitId":"hanhuiice"},"content":"    }","lastModifiedDate":"2022-01-16"},{"lineNumber":11,"author":{"gitId":"hanhuiice"},"content":"","lastModifiedDate":"2022-01-16"},{"lineNumber":12,"author":{"gitId":"hanhuiice"},"content":"    public void greet() {","lastModifiedDate":"2022-01-16"},{"lineNumber":13,"author":{"gitId":"hanhuiice"},"content":"        System.out.printf(\"%s%n %s%s%n %s%n%s%n\", line, \"Hello! I\u0027m \", name, \"What can I do for you\", line);","lastModifiedDate":"2022-01-16"},{"lineNumber":14,"author":{"gitId":"hanhuiice"},"content":"    }","lastModifiedDate":"2022-01-16"},{"lineNumber":15,"author":{"gitId":"hanhuiice"},"content":"","lastModifiedDate":"2022-01-16"},{"lineNumber":16,"author":{"gitId":"hanhuiice"},"content":"    public boolean runCommand(String command) {","lastModifiedDate":"2022-01-18"},{"lineNumber":17,"author":{"gitId":"hanhuiice"},"content":"        String [] input \u003d command.split(\" \", 2);","lastModifiedDate":"2022-01-18"},{"lineNumber":18,"author":{"gitId":"hanhuiice"},"content":"        switch (input[0].toLowerCase()) {","lastModifiedDate":"2022-01-18"},{"lineNumber":19,"author":{"gitId":"hanhuiice"},"content":"            case \"bye\":","lastModifiedDate":"2022-01-18"},{"lineNumber":20,"author":{"gitId":"hanhuiice"},"content":"                quit();","lastModifiedDate":"2022-01-18"},{"lineNumber":21,"author":{"gitId":"hanhuiice"},"content":"                return true;","lastModifiedDate":"2022-01-18"},{"lineNumber":22,"author":{"gitId":"hanhuiice"},"content":"","lastModifiedDate":"2022-01-18"},{"lineNumber":23,"author":{"gitId":"hanhuiice"},"content":"            case \"list\":","lastModifiedDate":"2022-01-18"},{"lineNumber":24,"author":{"gitId":"hanhuiice"},"content":"                printTasks();","lastModifiedDate":"2022-01-18"},{"lineNumber":25,"author":{"gitId":"hanhuiice"},"content":"                break;","lastModifiedDate":"2022-01-18"},{"lineNumber":26,"author":{"gitId":"hanhuiice"},"content":"","lastModifiedDate":"2022-01-18"},{"lineNumber":27,"author":{"gitId":"hanhuiice"},"content":"            case \"mark\":","lastModifiedDate":"2022-01-18"},{"lineNumber":28,"author":{"gitId":"hanhuiice"},"content":"                try {","lastModifiedDate":"2022-01-18"},{"lineNumber":29,"author":{"gitId":"hanhuiice"},"content":"                    markTask(Integer.parseInt(input[1].trim()) - 1);","lastModifiedDate":"2022-01-18"},{"lineNumber":30,"author":{"gitId":"hanhuiice"},"content":"                } catch(NumberFormatException e) {","lastModifiedDate":"2022-01-18"},{"lineNumber":31,"author":{"gitId":"hanhuiice"},"content":"                    throw new DukeException(\"Please enter an integer!\", e);","lastModifiedDate":"2022-01-18"},{"lineNumber":32,"author":{"gitId":"hanhuiice"},"content":"                } catch(IndexOutOfBoundsException e) {","lastModifiedDate":"2022-01-19"},{"lineNumber":33,"author":{"gitId":"hanhuiice"},"content":"                    throw new DukeException(\"Invalid task!\", e);","lastModifiedDate":"2022-01-19"},{"lineNumber":34,"author":{"gitId":"hanhuiice"},"content":"                }","lastModifiedDate":"2022-01-18"},{"lineNumber":35,"author":{"gitId":"hanhuiice"},"content":"                break;","lastModifiedDate":"2022-01-18"},{"lineNumber":36,"author":{"gitId":"hanhuiice"},"content":"","lastModifiedDate":"2022-01-18"},{"lineNumber":37,"author":{"gitId":"hanhuiice"},"content":"            case \"unmark\":","lastModifiedDate":"2022-01-18"},{"lineNumber":38,"author":{"gitId":"hanhuiice"},"content":"                try {","lastModifiedDate":"2022-01-18"},{"lineNumber":39,"author":{"gitId":"hanhuiice"},"content":"                    unmarkTask(Integer.parseInt(input[1].trim()) - 1);","lastModifiedDate":"2022-01-18"},{"lineNumber":40,"author":{"gitId":"hanhuiice"},"content":"                } catch (NumberFormatException e) {","lastModifiedDate":"2022-01-18"},{"lineNumber":41,"author":{"gitId":"hanhuiice"},"content":"                    throw new DukeException(\"Please enter an integer!\", e);","lastModifiedDate":"2022-01-18"},{"lineNumber":42,"author":{"gitId":"hanhuiice"},"content":"                } catch(IndexOutOfBoundsException e) {","lastModifiedDate":"2022-01-19"},{"lineNumber":43,"author":{"gitId":"hanhuiice"},"content":"                    throw new DukeException(\"Invalid task!\", e);","lastModifiedDate":"2022-01-19"},{"lineNumber":44,"author":{"gitId":"hanhuiice"},"content":"                }","lastModifiedDate":"2022-01-18"},{"lineNumber":45,"author":{"gitId":"hanhuiice"},"content":"                break;","lastModifiedDate":"2022-01-18"},{"lineNumber":46,"author":{"gitId":"hanhuiice"},"content":"","lastModifiedDate":"2022-01-18"},{"lineNumber":47,"author":{"gitId":"hanhuiice"},"content":"            case \"todo\":","lastModifiedDate":"2022-01-18"},{"lineNumber":48,"author":{"gitId":"hanhuiice"},"content":"                try {","lastModifiedDate":"2022-01-18"},{"lineNumber":49,"author":{"gitId":"hanhuiice"},"content":"                    addTask(new ToDo(input[1]));","lastModifiedDate":"2022-01-18"},{"lineNumber":50,"author":{"gitId":"hanhuiice"},"content":"                } catch(IndexOutOfBoundsException e) {","lastModifiedDate":"2022-01-18"},{"lineNumber":51,"author":{"gitId":"hanhuiice"},"content":"                    throw new DukeException(","lastModifiedDate":"2022-01-18"},{"lineNumber":52,"author":{"gitId":"hanhuiice"},"content":"                            \"Missing details! Please use the format: todo \u003cdescription\u003e\", e);","lastModifiedDate":"2022-01-18"},{"lineNumber":53,"author":{"gitId":"hanhuiice"},"content":"                }","lastModifiedDate":"2022-01-18"},{"lineNumber":54,"author":{"gitId":"hanhuiice"},"content":"                break;","lastModifiedDate":"2022-01-18"},{"lineNumber":55,"author":{"gitId":"hanhuiice"},"content":"","lastModifiedDate":"2022-01-18"},{"lineNumber":56,"author":{"gitId":"hanhuiice"},"content":"            case \"deadline\":","lastModifiedDate":"2022-01-18"},{"lineNumber":57,"author":{"gitId":"hanhuiice"},"content":"                try {","lastModifiedDate":"2022-01-18"},{"lineNumber":58,"author":{"gitId":"hanhuiice"},"content":"                    String[] dDetail \u003d input[1].split(\" /by \");","lastModifiedDate":"2022-01-18"},{"lineNumber":59,"author":{"gitId":"hanhuiice"},"content":"                    addTask(new Deadline(dDetail[0], dDetail[1]));","lastModifiedDate":"2022-01-18"},{"lineNumber":60,"author":{"gitId":"hanhuiice"},"content":"                } catch(IndexOutOfBoundsException e) {","lastModifiedDate":"2022-01-18"},{"lineNumber":61,"author":{"gitId":"hanhuiice"},"content":"                    throw new DukeException(","lastModifiedDate":"2022-01-18"},{"lineNumber":62,"author":{"gitId":"hanhuiice"},"content":"                            \"Missing details! Please use the format: deadline \u003cdescription\u003e /by \u003cdate/time\u003e\", e);","lastModifiedDate":"2022-01-18"},{"lineNumber":63,"author":{"gitId":"hanhuiice"},"content":"                }","lastModifiedDate":"2022-01-18"},{"lineNumber":64,"author":{"gitId":"hanhuiice"},"content":"                break;","lastModifiedDate":"2022-01-18"},{"lineNumber":65,"author":{"gitId":"hanhuiice"},"content":"","lastModifiedDate":"2022-01-18"},{"lineNumber":66,"author":{"gitId":"hanhuiice"},"content":"            case \"event\":","lastModifiedDate":"2022-01-18"},{"lineNumber":67,"author":{"gitId":"hanhuiice"},"content":"                try {","lastModifiedDate":"2022-01-18"},{"lineNumber":68,"author":{"gitId":"hanhuiice"},"content":"                    String[] eDetail \u003d input[1].split(\" /at \");","lastModifiedDate":"2022-01-18"},{"lineNumber":69,"author":{"gitId":"hanhuiice"},"content":"                    addTask(new Event(eDetail[0], eDetail[1]));","lastModifiedDate":"2022-01-18"},{"lineNumber":70,"author":{"gitId":"hanhuiice"},"content":"                } catch(IndexOutOfBoundsException e) {","lastModifiedDate":"2022-01-18"},{"lineNumber":71,"author":{"gitId":"hanhuiice"},"content":"                    throw new DukeException(","lastModifiedDate":"2022-01-18"},{"lineNumber":72,"author":{"gitId":"hanhuiice"},"content":"                            \"Missing details! Please use the format: event \u003cdescription\u003e /at \u003cdate/time\u003e\", e);","lastModifiedDate":"2022-01-18"},{"lineNumber":73,"author":{"gitId":"hanhuiice"},"content":"                }","lastModifiedDate":"2022-01-18"},{"lineNumber":74,"author":{"gitId":"hanhuiice"},"content":"                break;","lastModifiedDate":"2022-01-18"},{"lineNumber":75,"author":{"gitId":"hanhuiice"},"content":"","lastModifiedDate":"2022-01-18"},{"lineNumber":76,"author":{"gitId":"hanhuiice"},"content":"            case \"delete\":","lastModifiedDate":"2022-01-19"},{"lineNumber":77,"author":{"gitId":"hanhuiice"},"content":"                try {","lastModifiedDate":"2022-01-19"},{"lineNumber":78,"author":{"gitId":"hanhuiice"},"content":"                    deleteTask(Integer.parseInt(input[1].trim()) - 1);","lastModifiedDate":"2022-01-19"},{"lineNumber":79,"author":{"gitId":"hanhuiice"},"content":"                } catch(NumberFormatException e) {","lastModifiedDate":"2022-01-19"},{"lineNumber":80,"author":{"gitId":"hanhuiice"},"content":"                    throw new DukeException(\"Please enter an integer!\", e);","lastModifiedDate":"2022-01-19"},{"lineNumber":81,"author":{"gitId":"hanhuiice"},"content":"                } catch(IndexOutOfBoundsException e) {","lastModifiedDate":"2022-01-19"},{"lineNumber":82,"author":{"gitId":"hanhuiice"},"content":"                    throw new DukeException(\"Invalid task!\", e);","lastModifiedDate":"2022-01-19"},{"lineNumber":83,"author":{"gitId":"hanhuiice"},"content":"                }","lastModifiedDate":"2022-01-19"},{"lineNumber":84,"author":{"gitId":"hanhuiice"},"content":"                break;","lastModifiedDate":"2022-01-19"},{"lineNumber":85,"author":{"gitId":"hanhuiice"},"content":"","lastModifiedDate":"2022-01-19"},{"lineNumber":86,"author":{"gitId":"hanhuiice"},"content":"            default:","lastModifiedDate":"2022-01-18"},{"lineNumber":87,"author":{"gitId":"hanhuiice"},"content":"                System.out.printf(\"%s%n %s%n%s%n\", line, \"I\u0027m sorry, but I don\u0027t know what that means :-(\",","lastModifiedDate":"2022-01-18"},{"lineNumber":88,"author":{"gitId":"hanhuiice"},"content":"                        line);","lastModifiedDate":"2022-01-18"},{"lineNumber":89,"author":{"gitId":"hanhuiice"},"content":"                break;","lastModifiedDate":"2022-01-18"},{"lineNumber":90,"author":{"gitId":"hanhuiice"},"content":"        }","lastModifiedDate":"2022-01-18"},{"lineNumber":91,"author":{"gitId":"hanhuiice"},"content":"        return false;","lastModifiedDate":"2022-01-18"},{"lineNumber":92,"author":{"gitId":"hanhuiice"},"content":"    }","lastModifiedDate":"2022-01-18"},{"lineNumber":93,"author":{"gitId":"hanhuiice"},"content":"","lastModifiedDate":"2022-01-18"},{"lineNumber":94,"author":{"gitId":"hanhuiice"},"content":"    public void addTask(Task t) {","lastModifiedDate":"2022-01-18"},{"lineNumber":95,"author":{"gitId":"hanhuiice"},"content":"        tasks.add(t);","lastModifiedDate":"2022-01-18"},{"lineNumber":96,"author":{"gitId":"hanhuiice"},"content":"        System.out.printf(\"%s%n %s%n   %s%n %s%n%s%n\",","lastModifiedDate":"2022-01-18"},{"lineNumber":97,"author":{"gitId":"hanhuiice"},"content":"                line, \"Got it. I\u0027ve added this task:\",","lastModifiedDate":"2022-01-18"},{"lineNumber":98,"author":{"gitId":"hanhuiice"},"content":"                t.toString(), \"Now you have \" + tasks.size() + \" task(s) in the list.\",","lastModifiedDate":"2022-01-19"},{"lineNumber":99,"author":{"gitId":"hanhuiice"},"content":"                line);","lastModifiedDate":"2022-01-19"},{"lineNumber":100,"author":{"gitId":"hanhuiice"},"content":"    }","lastModifiedDate":"2022-01-19"},{"lineNumber":101,"author":{"gitId":"hanhuiice"},"content":"","lastModifiedDate":"2022-01-19"},{"lineNumber":102,"author":{"gitId":"hanhuiice"},"content":"    public void deleteTask(int index) {","lastModifiedDate":"2022-01-19"},{"lineNumber":103,"author":{"gitId":"hanhuiice"},"content":"        Task t \u003d tasks.remove(index);","lastModifiedDate":"2022-01-19"},{"lineNumber":104,"author":{"gitId":"hanhuiice"},"content":"        System.out.printf(\"%s%n %s%n   %s%n %s%n%s%n\",","lastModifiedDate":"2022-01-19"},{"lineNumber":105,"author":{"gitId":"hanhuiice"},"content":"                line, \"Got it. I\u0027ve removed this task:\",","lastModifiedDate":"2022-01-19"},{"lineNumber":106,"author":{"gitId":"hanhuiice"},"content":"                t.toString(), \"Now you have \" + tasks.size() + \" task(s) in the list.\",","lastModifiedDate":"2022-01-19"},{"lineNumber":107,"author":{"gitId":"hanhuiice"},"content":"                line);","lastModifiedDate":"2022-01-18"},{"lineNumber":108,"author":{"gitId":"hanhuiice"},"content":"    }","lastModifiedDate":"2022-01-18"},{"lineNumber":109,"author":{"gitId":"hanhuiice"},"content":"","lastModifiedDate":"2022-01-18"},{"lineNumber":110,"author":{"gitId":"hanhuiice"},"content":"    public void markTask(int index) {","lastModifiedDate":"2022-01-18"},{"lineNumber":111,"author":{"gitId":"hanhuiice"},"content":"        tasks.get(index).setDone(true);","lastModifiedDate":"2022-01-18"},{"lineNumber":112,"author":{"gitId":"hanhuiice"},"content":"        System.out.printf(\"%s%n %s%n    %s%n%s%n\", line, \"Nice! I\u0027ve marked this task as done:\",","lastModifiedDate":"2022-01-18"},{"lineNumber":113,"author":{"gitId":"hanhuiice"},"content":"                tasks.get(index).toString(), line);","lastModifiedDate":"2022-01-18"},{"lineNumber":114,"author":{"gitId":"hanhuiice"},"content":"    }","lastModifiedDate":"2022-01-18"},{"lineNumber":115,"author":{"gitId":"hanhuiice"},"content":"","lastModifiedDate":"2022-01-18"},{"lineNumber":116,"author":{"gitId":"hanhuiice"},"content":"    public void unmarkTask(int index) {","lastModifiedDate":"2022-01-18"},{"lineNumber":117,"author":{"gitId":"hanhuiice"},"content":"        tasks.get(index).setDone(false);","lastModifiedDate":"2022-01-18"},{"lineNumber":118,"author":{"gitId":"hanhuiice"},"content":"        System.out.printf(\"%s%n %s%n    %s%n%s%n\", line, \"Nice! I\u0027ve marked this task as not done yet:\",","lastModifiedDate":"2022-01-18"},{"lineNumber":119,"author":{"gitId":"hanhuiice"},"content":"                tasks.get(index).toString(), line);","lastModifiedDate":"2022-01-18"},{"lineNumber":120,"author":{"gitId":"hanhuiice"},"content":"    }","lastModifiedDate":"2022-01-16"},{"lineNumber":121,"author":{"gitId":"hanhuiice"},"content":"","lastModifiedDate":"2022-01-16"},{"lineNumber":122,"author":{"gitId":"hanhuiice"},"content":"    public void printTasks() {","lastModifiedDate":"2022-01-16"},{"lineNumber":123,"author":{"gitId":"hanhuiice"},"content":"        String title \u003d tasks.isEmpty() ? \"You got no task now! Start by adding new tasks.\"","lastModifiedDate":"2022-01-18"},{"lineNumber":124,"author":{"gitId":"hanhuiice"},"content":"                : \"Here are the task(s) in your list:\";","lastModifiedDate":"2022-01-19"},{"lineNumber":125,"author":{"gitId":"hanhuiice"},"content":"        System.out.println(line);","lastModifiedDate":"2022-01-16"},{"lineNumber":126,"author":{"gitId":"hanhuiice"},"content":"        System.out.println(title);","lastModifiedDate":"2022-01-18"},{"lineNumber":127,"author":{"gitId":"hanhuiice"},"content":"        for (int i \u003d 0; i \u003c tasks.size(); ++i) {","lastModifiedDate":"2022-01-16"},{"lineNumber":128,"author":{"gitId":"hanhuiice"},"content":"            System.out.printf(\" %d.%s%n\", i + 1, tasks.get(i).toString());","lastModifiedDate":"2022-01-18"},{"lineNumber":129,"author":{"gitId":"hanhuiice"},"content":"        }","lastModifiedDate":"2022-01-16"},{"lineNumber":130,"author":{"gitId":"hanhuiice"},"content":"        System.out.println(line);","lastModifiedDate":"2022-01-16"},{"lineNumber":131,"author":{"gitId":"hanhuiice"},"content":"    }","lastModifiedDate":"2022-01-16"},{"lineNumber":132,"author":{"gitId":"hanhuiice"},"content":"","lastModifiedDate":"2022-01-16"},{"lineNumber":133,"author":{"gitId":"hanhuiice"},"content":"    public void echo(String input) {","lastModifiedDate":"2022-01-16"},{"lineNumber":134,"author":{"gitId":"hanhuiice"},"content":"        System.out.printf(\"%s%n %s%n%s%n\", line, input, line);","lastModifiedDate":"2022-01-16"},{"lineNumber":135,"author":{"gitId":"hanhuiice"},"content":"    }","lastModifiedDate":"2022-01-16"},{"lineNumber":136,"author":{"gitId":"hanhuiice"},"content":"","lastModifiedDate":"2022-01-16"},{"lineNumber":137,"author":{"gitId":"hanhuiice"},"content":"    public void quit() {","lastModifiedDate":"2022-01-16"},{"lineNumber":138,"author":{"gitId":"hanhuiice"},"content":"        System.out.printf(\"%s%n %s%n%s%n\", line, \"Bye. Hope to see you again soon!\", line);","lastModifiedDate":"2022-01-16"},{"lineNumber":139,"author":{"gitId":"hanhuiice"},"content":"    }","lastModifiedDate":"2022-01-16"},{"lineNumber":140,"author":{"gitId":"hanhuiice"},"content":"}","lastModifiedDate":"2022-01-16"}],"authorContributionMap":{"hanhuiice":140}},{"path":"src/main/java/Deadline.java","fileType":"java","lines":[{"lineNumber":1,"author":{"gitId":"hanhuiice"},"content":"public class Deadline extends Task{","lastModifiedDate":"2022-01-18"},{"lineNumber":2,"author":{"gitId":"hanhuiice"},"content":"    protected String by;","lastModifiedDate":"2022-01-18"},{"lineNumber":3,"author":{"gitId":"hanhuiice"},"content":"    protected String icon \u003d \"[D]\";","lastModifiedDate":"2022-01-18"},{"lineNumber":4,"author":{"gitId":"hanhuiice"},"content":"","lastModifiedDate":"2022-01-18"},{"lineNumber":5,"author":{"gitId":"hanhuiice"},"content":"    public Deadline(String description, String by) {","lastModifiedDate":"2022-01-18"},{"lineNumber":6,"author":{"gitId":"hanhuiice"},"content":"        super(description);","lastModifiedDate":"2022-01-18"},{"lineNumber":7,"author":{"gitId":"hanhuiice"},"content":"        this.by \u003d by;","lastModifiedDate":"2022-01-18"},{"lineNumber":8,"author":{"gitId":"hanhuiice"},"content":"    }","lastModifiedDate":"2022-01-18"},{"lineNumber":9,"author":{"gitId":"hanhuiice"},"content":"","lastModifiedDate":"2022-01-18"},{"lineNumber":10,"author":{"gitId":"hanhuiice"},"content":"    @Override","lastModifiedDate":"2022-01-18"},{"lineNumber":11,"author":{"gitId":"hanhuiice"},"content":"    public String toString() {","lastModifiedDate":"2022-01-18"},{"lineNumber":12,"author":{"gitId":"hanhuiice"},"content":"        return \"[D]\" + super.toString() + \" (by: \" + by +\")\";","lastModifiedDate":"2022-01-18"},{"lineNumber":13,"author":{"gitId":"hanhuiice"},"content":"    }","lastModifiedDate":"2022-01-18"},{"lineNumber":14,"author":{"gitId":"hanhuiice"},"content":"}","lastModifiedDate":"2022-01-18"}],"authorContributionMap":{"hanhuiice":14}},{"path":"src/main/java/Duke.java","fileType":"java","lines":[{"lineNumber":1,"author":{"gitId":"hanhuiice"},"content":"import java.util.Scanner;","lastModifiedDate":"2022-01-16"},{"lineNumber":2,"author":{"gitId":"hanhuiice"},"content":"","lastModifiedDate":"2022-01-16"},{"lineNumber":3,"author":{"gitId":"-"},"content":"public class Duke {","lastModifiedDate":"2019-07-29"},{"lineNumber":4,"author":{"gitId":"-"},"content":"    public static void main(String[] args) {","lastModifiedDate":"2019-07-29"},{"lineNumber":5,"author":{"gitId":"hanhuiice"},"content":"        Scanner sc \u003d new Scanner(System.in);","lastModifiedDate":"2022-01-16"},{"lineNumber":6,"author":{"gitId":"hanhuiice"},"content":"        ChatBot duke \u003d new ChatBot(\"Duke\");","lastModifiedDate":"2022-01-16"},{"lineNumber":7,"author":{"gitId":"hanhuiice"},"content":"        duke.greet();","lastModifiedDate":"2022-01-16"},{"lineNumber":8,"author":{"gitId":"hanhuiice"},"content":"        String input;","lastModifiedDate":"2022-01-16"},{"lineNumber":9,"author":{"gitId":"hanhuiice"},"content":"        boolean quit \u003d false;","lastModifiedDate":"2022-01-16"},{"lineNumber":10,"author":{"gitId":"hanhuiice"},"content":"        while(!quit) {","lastModifiedDate":"2022-01-16"},{"lineNumber":11,"author":{"gitId":"hanhuiice"},"content":"            try {","lastModifiedDate":"2022-01-18"},{"lineNumber":12,"author":{"gitId":"hanhuiice"},"content":"                quit \u003d duke.runCommand(sc.nextLine());","lastModifiedDate":"2022-01-18"},{"lineNumber":13,"author":{"gitId":"hanhuiice"},"content":"            } catch (DukeException e) {","lastModifiedDate":"2022-01-18"},{"lineNumber":14,"author":{"gitId":"hanhuiice"},"content":"                duke.echo(e.getMessage());","lastModifiedDate":"2022-01-18"},{"lineNumber":15,"author":{"gitId":"hanhuiice"},"content":"            }","lastModifiedDate":"2022-01-18"},{"lineNumber":16,"author":{"gitId":"hanhuiice"},"content":"        }","lastModifiedDate":"2022-01-16"},{"lineNumber":17,"author":{"gitId":"hanhuiice"},"content":"        sc.close();","lastModifiedDate":"2022-01-16"},{"lineNumber":18,"author":{"gitId":"-"},"content":"    }","lastModifiedDate":"2019-07-29"},{"lineNumber":19,"author":{"gitId":"-"},"content":"}","lastModifiedDate":"2019-07-29"}],"authorContributionMap":{"hanhuiice":15,"-":4}},{"path":"src/main/java/DukeException.java","fileType":"java","lines":[{"lineNumber":1,"author":{"gitId":"hanhuiice"},"content":"public class DukeException extends RuntimeException {","lastModifiedDate":"2022-01-18"},{"lineNumber":2,"author":{"gitId":"hanhuiice"},"content":"    public DukeException(String message, Throwable cause) {","lastModifiedDate":"2022-01-18"},{"lineNumber":3,"author":{"gitId":"hanhuiice"},"content":"        super(message, cause);","lastModifiedDate":"2022-01-18"},{"lineNumber":4,"author":{"gitId":"hanhuiice"},"content":"    }","lastModifiedDate":"2022-01-18"},{"lineNumber":5,"author":{"gitId":"hanhuiice"},"content":"}","lastModifiedDate":"2022-01-18"}],"authorContributionMap":{"hanhuiice":5}},{"path":"src/main/java/Event.java","fileType":"java","lines":[{"lineNumber":1,"author":{"gitId":"hanhuiice"},"content":"public class Event extends Task{","lastModifiedDate":"2022-01-18"},{"lineNumber":2,"author":{"gitId":"hanhuiice"},"content":"    protected String at;","lastModifiedDate":"2022-01-18"},{"lineNumber":3,"author":{"gitId":"hanhuiice"},"content":"","lastModifiedDate":"2022-01-18"},{"lineNumber":4,"author":{"gitId":"hanhuiice"},"content":"    public Event(String description, String at) {","lastModifiedDate":"2022-01-18"},{"lineNumber":5,"author":{"gitId":"hanhuiice"},"content":"        super(description);","lastModifiedDate":"2022-01-18"},{"lineNumber":6,"author":{"gitId":"hanhuiice"},"content":"        this.at \u003d at;","lastModifiedDate":"2022-01-18"},{"lineNumber":7,"author":{"gitId":"hanhuiice"},"content":"    }","lastModifiedDate":"2022-01-18"},{"lineNumber":8,"author":{"gitId":"hanhuiice"},"content":"","lastModifiedDate":"2022-01-18"},{"lineNumber":9,"author":{"gitId":"hanhuiice"},"content":"    @Override","lastModifiedDate":"2022-01-18"},{"lineNumber":10,"author":{"gitId":"hanhuiice"},"content":"    public String toString() {","lastModifiedDate":"2022-01-18"},{"lineNumber":11,"author":{"gitId":"hanhuiice"},"content":"        return \"[E]\" + super.toString() + \" (at: \" + at + \")\";","lastModifiedDate":"2022-01-18"},{"lineNumber":12,"author":{"gitId":"hanhuiice"},"content":"    }","lastModifiedDate":"2022-01-18"},{"lineNumber":13,"author":{"gitId":"hanhuiice"},"content":"}","lastModifiedDate":"2022-01-18"}],"authorContributionMap":{"hanhuiice":13}},{"path":"src/main/java/Task.java","fileType":"java","lines":[{"lineNumber":1,"author":{"gitId":"hanhuiice"},"content":"public class Task {","lastModifiedDate":"2022-01-18"},{"lineNumber":2,"author":{"gitId":"hanhuiice"},"content":"    protected String description;","lastModifiedDate":"2022-01-18"},{"lineNumber":3,"author":{"gitId":"hanhuiice"},"content":"    protected boolean isDone;","lastModifiedDate":"2022-01-18"},{"lineNumber":4,"author":{"gitId":"hanhuiice"},"content":"","lastModifiedDate":"2022-01-18"},{"lineNumber":5,"author":{"gitId":"hanhuiice"},"content":"    public Task(String description) {","lastModifiedDate":"2022-01-18"},{"lineNumber":6,"author":{"gitId":"hanhuiice"},"content":"        this.description \u003d description;","lastModifiedDate":"2022-01-18"},{"lineNumber":7,"author":{"gitId":"hanhuiice"},"content":"        isDone \u003d false;","lastModifiedDate":"2022-01-18"},{"lineNumber":8,"author":{"gitId":"hanhuiice"},"content":"    }","lastModifiedDate":"2022-01-18"},{"lineNumber":9,"author":{"gitId":"hanhuiice"},"content":"","lastModifiedDate":"2022-01-18"},{"lineNumber":10,"author":{"gitId":"hanhuiice"},"content":"    public void setDone(boolean done) {","lastModifiedDate":"2022-01-18"},{"lineNumber":11,"author":{"gitId":"hanhuiice"},"content":"        isDone \u003d done;","lastModifiedDate":"2022-01-18"},{"lineNumber":12,"author":{"gitId":"hanhuiice"},"content":"    }","lastModifiedDate":"2022-01-18"},{"lineNumber":13,"author":{"gitId":"hanhuiice"},"content":"","lastModifiedDate":"2022-01-18"},{"lineNumber":14,"author":{"gitId":"hanhuiice"},"content":"    @Override","lastModifiedDate":"2022-01-18"},{"lineNumber":15,"author":{"gitId":"hanhuiice"},"content":"    public String toString() {","lastModifiedDate":"2022-01-18"},{"lineNumber":16,"author":{"gitId":"hanhuiice"},"content":"        String flag \u003d isDone ? \"[X] \" : \"[ ] \";","lastModifiedDate":"2022-01-18"},{"lineNumber":17,"author":{"gitId":"hanhuiice"},"content":"        return flag + this.description;","lastModifiedDate":"2022-01-18"},{"lineNumber":18,"author":{"gitId":"hanhuiice"},"content":"    }","lastModifiedDate":"2022-01-18"},{"lineNumber":19,"author":{"gitId":"hanhuiice"},"content":"}","lastModifiedDate":"2022-01-18"}],"authorContributionMap":{"hanhuiice":19}},{"path":"src/main/java/ToDo.java","fileType":"java","lines":[{"lineNumber":1,"author":{"gitId":"hanhuiice"},"content":"public class ToDo extends Task{","lastModifiedDate":"2022-01-18"},{"lineNumber":2,"author":{"gitId":"hanhuiice"},"content":"    public ToDo(String description) {","lastModifiedDate":"2022-01-18"},{"lineNumber":3,"author":{"gitId":"hanhuiice"},"content":"        super(description);","lastModifiedDate":"2022-01-18"},{"lineNumber":4,"author":{"gitId":"hanhuiice"},"content":"    }","lastModifiedDate":"2022-01-18"},{"lineNumber":5,"author":{"gitId":"hanhuiice"},"content":"","lastModifiedDate":"2022-01-18"},{"lineNumber":6,"author":{"gitId":"hanhuiice"},"content":"    @Override","lastModifiedDate":"2022-01-18"},{"lineNumber":7,"author":{"gitId":"hanhuiice"},"content":"    public String toString() {","lastModifiedDate":"2022-01-18"},{"lineNumber":8,"author":{"gitId":"hanhuiice"},"content":"        return \"[T]\" + super.toString();","lastModifiedDate":"2022-01-18"},{"lineNumber":9,"author":{"gitId":"hanhuiice"},"content":"    }","lastModifiedDate":"2022-01-18"},{"lineNumber":10,"author":{"gitId":"hanhuiice"},"content":"}","lastModifiedDate":"2022-01-18"}],"authorContributionMap":{"hanhuiice":10}},{"path":"text-ui-test/input.txt","fileType":"txt","lines":[{"lineNumber":1,"author":{"gitId":"hanhuiice"},"content":"todo read book","lastModifiedDate":"2022-01-18"},{"lineNumber":2,"author":{"gitId":"hanhuiice"},"content":"deadline return book /by Sunday","lastModifiedDate":"2022-01-18"},{"lineNumber":3,"author":{"gitId":"hanhuiice"},"content":"list","lastModifiedDate":"2022-01-18"},{"lineNumber":4,"author":{"gitId":"hanhuiice"},"content":"event project meeting /at Mon 2-4pm","lastModifiedDate":"2022-01-18"},{"lineNumber":5,"author":{"gitId":"hanhuiice"},"content":"deadline do homework /by no idea :-p","lastModifiedDate":"2022-01-18"},{"lineNumber":6,"author":{"gitId":"hanhuiice"},"content":"mark 1","lastModifiedDate":"2022-01-18"},{"lineNumber":7,"author":{"gitId":"hanhuiice"},"content":"mark 2","lastModifiedDate":"2022-01-18"},{"lineNumber":8,"author":{"gitId":"hanhuiice"},"content":"list","lastModifiedDate":"2022-01-18"},{"lineNumber":9,"author":{"gitId":"hanhuiice"},"content":"unmark 2","lastModifiedDate":"2022-01-18"},{"lineNumber":10,"author":{"gitId":"hanhuiice"},"content":"list","lastModifiedDate":"2022-01-18"},{"lineNumber":11,"author":{"gitId":"hanhuiice"},"content":"todo","lastModifiedDate":"2022-01-18"},{"lineNumber":12,"author":{"gitId":"hanhuiice"},"content":"event","lastModifiedDate":"2022-01-18"},{"lineNumber":13,"author":{"gitId":"hanhuiice"},"content":"event test","lastModifiedDate":"2022-01-18"},{"lineNumber":14,"author":{"gitId":"hanhuiice"},"content":"event /at","lastModifiedDate":"2022-01-18"},{"lineNumber":15,"author":{"gitId":"hanhuiice"},"content":"deadline","lastModifiedDate":"2022-01-18"},{"lineNumber":16,"author":{"gitId":"hanhuiice"},"content":"deadline test","lastModifiedDate":"2022-01-18"},{"lineNumber":17,"author":{"gitId":"hanhuiice"},"content":"deadline /by","lastModifiedDate":"2022-01-18"},{"lineNumber":18,"author":{"gitId":"hanhuiice"},"content":"blah","lastModifiedDate":"2022-01-18"},{"lineNumber":19,"author":{"gitId":"hanhuiice"},"content":"mark xx","lastModifiedDate":"2022-01-18"},{"lineNumber":20,"author":{"gitId":"hanhuiice"},"content":"unmark xx","lastModifiedDate":"2022-01-18"},{"lineNumber":21,"author":{"gitId":"hanhuiice"},"content":"delete 1","lastModifiedDate":"2022-01-19"},{"lineNumber":22,"author":{"gitId":"hanhuiice"},"content":"list","lastModifiedDate":"2022-01-19"},{"lineNumber":23,"author":{"gitId":"hanhuiice"},"content":"bye","lastModifiedDate":"2022-01-18"}],"authorContributionMap":{"hanhuiice":23}}]
