{"authorDailyContributionsMap":{"hanhuiice":[{"date":"2022-01-16","commitResults":[{"hash":"31e8038482c99135cafe00d31c9501ed8b7a6a90","messageTitle":"Duke Level-1: Greet, Echo, Exit","messageBody":"","tags":["Level-1"],"fileTypesAndContributionMap":{"java":{"insertions":36,"deletions":6}}},{"hash":"7c54a308f0b09e56b80f340ed7fdf6580c8d4cdd","messageTitle":"Duke Level-2: Add, List","messageBody":"","tags":["Level-2"],"fileTypesAndContributionMap":{"java":{"insertions":32,"deletions":7}}}]},{"date":"2022-01-18","commitResults":[{"hash":"11c7ffddc122157d5e5e82da10a5027ec81c6111","messageTitle":"Duke Level-3: Mark as Done","messageBody":"","tags":["Level-3"],"fileTypesAndContributionMap":{"java":{"insertions":56,"deletions":7}}},{"hash":"68bd6e3b9aac7fbe74c821e8a9196600dd168e29","messageTitle":"Duke Level-4: ToDo, Event, Deadline","messageBody":"","tags":["Level-4"],"fileTypesAndContributionMap":{"java":{"insertions":89,"deletions":38}}},{"hash":"822528f16c0618ac3239bfab895bc7216a82551a","messageTitle":"Duke A-TextUiTesting: Automated Text UI Testing","messageBody":"","tags":["A-TextUiTesting"],"fileTypesAndContributionMap":{"txt":{"insertions":10,"deletions":0}}},{"hash":"8b811e972550e1b5c1ab7813421b174644136e05","messageTitle":"Duke Level-5: Handle Errors","messageBody":"","tags":["Level-5"],"fileTypesAndContributionMap":{"txt":{"insertions":11,"deletions":0},"java":{"insertions":42,"deletions":9}}}]},{"date":"2022-01-19","commitResults":[{"hash":"fd8ecbca31ea8a0696ef317117e1fa4f14ff1016","messageTitle":"Duke Level-6: Delete","messageBody":"","tags":["Level-6"],"fileTypesAndContributionMap":{"txt":{"insertions":2,"deletions":0},"java":{"insertions":24,"deletions":2}}},{"hash":"4c69042414a7029c29d8b4278ca1a35b0f3dc4dc","messageTitle":"Added javadoc comments.","messageBody":"","fileTypesAndContributionMap":{"java":{"insertions":63,"deletions":0}}}]},{"date":"2022-01-24","commitResults":[{"hash":"f07fb49c96c808c8a44f0f7bf11bde04b9555f42","messageTitle":"Add storage function to save tasks","messageBody":"","fileTypesAndContributionMap":{"java":{"insertions":107,"deletions":4}}}]},{"date":"2022-01-25","commitResults":[{"hash":"e71926ac92e47b4abc7a039b52572c0bb87bd199","messageTitle":"Add functionality to parse datetime from string","messageBody":"","fileTypesAndContributionMap":{"java":{"insertions":13,"deletions":6}}},{"hash":"dc39e4a36c53e80fb35ec935643077bd4ae7113a","messageTitle":"Update package structure","messageBody":"","tags":["A-Packages"],"fileTypesAndContributionMap":{"java":{"insertions":300,"deletions":1}}}]},{"date":"2022-01-26","commitResults":[{"hash":"91328b09bd5988a7b7de84c0dd5d07f2c9a6c342","messageTitle":"Extract out more classes","messageBody":"","tags":["A-MoreOOP"],"fileTypesAndContributionMap":{"java":{"insertions":223,"deletions":303}}},{"hash":"7465b60e45b3aaa016833736911a325d9fe655a5","messageTitle":"Update runtest.bat to use new project structure","messageBody":"","fileTypesAndContributionMap":{"java":{"insertions":0,"deletions":1},"bat":{"insertions":1,"deletions":1}}},{"hash":"e975f6f6598681388884120b1dfed3299ea6b692","messageTitle":"Add find task function","messageBody":"","fileTypesAndContributionMap":{"java":{"insertions":45,"deletions":0}}},{"hash":"d614a9590a5b2b8ef42202dd6ec330a132c4e60f","messageTitle":"Update to follow coding standard","messageBody":"","fileTypesAndContributionMap":{"java":{"insertions":48,"deletions":51}}},{"hash":"5e32b70617e47dd75953d7990ac8467d9c12b131","messageTitle":"Add javadoc to command classes","messageBody":"","fileTypesAndContributionMap":{"java":{"insertions":41,"deletions":0}}}]},{"date":"2022-01-27","commitResults":[{"hash":"4d2af47b39b820f5d4cb505dae69457da0187abf","messageTitle":"Add jUnit test for TaskList class","messageBody":"","tags":["v0.1","A-Jar","A-JUnit"],"fileTypesAndContributionMap":{"java":{"insertions":23,"deletions":0},"bat":{"insertions":1,"deletions":1}}}]},{"date":"2022-01-30","commitResults":[{"hash":"e156e2794798fa3eff151edcd98e812635f533e9","messageTitle":"Add more javadoc to different classes","messageBody":"","fileTypesAndContributionMap":{"java":{"insertions":206,"deletions":11},"bat":{"insertions":2,"deletions":2}}}]},{"date":"2022-01-31","commitResults":[{"hash":"93cae8fdfd4f30fc5c4586025d13c86bc4f96a92","messageTitle":"Add more junit tests","messageBody":"","fileTypesAndContributionMap":{"java":{"insertions":112,"deletions":1}}}]},{"date":"2022-02-02","commitResults":[{"hash":"0fdaa8d06c21ef27401b8b2fcd9f9d28eb9bfa1d","messageTitle":"Add gradle support","messageBody":"","tags":["A-Gradle"],"fileTypesAndContributionMap":{"gradle":{"insertions":2,"deletions":1},"java":{"insertions":1,"deletions":1}}}]},{"date":"2022-02-03","commitResults":[{"hash":"7d0367ccbe7f36c53394d365269cf5a8b2433866","messageTitle":"Add simple gui","messageBody":"","tags":["Level-10"],"fileTypesAndContributionMap":{"gradle":{"insertions":15,"deletions":0},"java":{"insertions":183,"deletions":1}}},{"hash":"3a2a5330f9c4343dcba7d2143fee3872ed57a2aa","messageTitle":"Update duke response for gui","messageBody":"","fileTypesAndContributionMap":{"fxml":{"insertions":35,"deletions":0},"java":{"insertions":147,"deletions":160}}}]}]},"authorFileTypeContributionMap":{"hanhuiice":{"java":1191,"md":0,"fxml":35,"sh":0,"bat":2,"gradle":17,"txt":23}},"authorContributionVariance":{"hanhuiice":36624.867},"authorDisplayNameMap":{"hanhuiice":"CS2103-F11-3 WU H..NHUI"}}
