{"authorDailyContributionsMap":{"hanhuiice":[{"date":"2022-01-16","commitResults":[{"hash":"31e8038482c99135cafe00d31c9501ed8b7a6a90","messageTitle":"Duke Level-1: Greet, Echo, Exit","messageBody":"","tags":["Level-1"],"fileTypesAndContributionMap":{"java":{"insertions":36,"deletions":6}}},{"hash":"7c54a308f0b09e56b80f340ed7fdf6580c8d4cdd","messageTitle":"Duke Level-2: Add, List","messageBody":"","tags":["Level-2"],"fileTypesAndContributionMap":{"java":{"insertions":32,"deletions":7}}}]},{"date":"2022-01-18","commitResults":[{"hash":"11c7ffddc122157d5e5e82da10a5027ec81c6111","messageTitle":"Duke Level-3: Mark as Done","messageBody":"","tags":["Level-3"],"fileTypesAndContributionMap":{"java":{"insertions":56,"deletions":7}}},{"hash":"68bd6e3b9aac7fbe74c821e8a9196600dd168e29","messageTitle":"Duke Level-4: ToDo, Event, Deadline","messageBody":"","tags":["Level-4"],"fileTypesAndContributionMap":{"java":{"insertions":89,"deletions":38}}},{"hash":"822528f16c0618ac3239bfab895bc7216a82551a","messageTitle":"Duke A-TextUiTesting: Automated Text UI Testing","messageBody":"","tags":["A-TextUiTesting"],"fileTypesAndContributionMap":{"txt":{"insertions":10,"deletions":0}}},{"hash":"8b811e972550e1b5c1ab7813421b174644136e05","messageTitle":"Duke Level-5: Handle Errors","messageBody":"","tags":["Level-5"],"fileTypesAndContributionMap":{"txt":{"insertions":11,"deletions":0},"java":{"insertions":42,"deletions":9}}}]},{"date":"2022-01-19","commitResults":[{"hash":"fd8ecbca31ea8a0696ef317117e1fa4f14ff1016","messageTitle":"Duke Level-6: Delete","messageBody":"","tags":["Level-6"],"fileTypesAndContributionMap":{"txt":{"insertions":2,"deletions":0},"java":{"insertions":24,"deletions":2}}},{"hash":"4c69042414a7029c29d8b4278ca1a35b0f3dc4dc","messageTitle":"Added javadoc comments.","messageBody":"","fileTypesAndContributionMap":{"java":{"insertions":63,"deletions":0}}}]},{"date":"2022-01-24","commitResults":[{"hash":"f07fb49c96c808c8a44f0f7bf11bde04b9555f42","messageTitle":"Add storage function to save tasks","messageBody":"","fileTypesAndContributionMap":{"java":{"insertions":107,"deletions":4}}}]},{"date":"2022-01-25","commitResults":[{"hash":"e71926ac92e47b4abc7a039b52572c0bb87bd199","messageTitle":"Add functionality to parse datetime from string","messageBody":"","fileTypesAndContributionMap":{"java":{"insertions":13,"deletions":6}}}]}]},"authorFileTypeContributionMap":{"hanhuiice":{"java":389,"md":0,"fxml":0,"sh":0,"bat":0,"gradle":0,"txt":23}},"authorContributionVariance":{"hanhuiice":5805.0},"authorDisplayNameMap":{"hanhuiice":"WU H..NHUI"}}
