{"authorDailyContributionsMap":{"tandeshao":[{"date":"2022-01-20","commitResults":[{"hash":"a96845035bd3c42ca9075dc52d90e185d90c21be","messageTitle":"Made a simple skeleton code for duke","messageBody":"","fileTypesAndContributionMap":{"java":{"insertions":31,"deletions":6}}},{"hash":"78e03ea3c086b7b6de9074cac701632ecd8d9563","messageTitle":"level-2 code","messageBody":"","fileTypesAndContributionMap":{"java":{"insertions":25,"deletions":2}}},{"hash":"5fe83cde85f952cd1e4fcb910408dd09c844c657","messageTitle":"level-3 code","messageBody":"","fileTypesAndContributionMap":{"java":{"insertions":50,"deletions":10}}},{"hash":"6cbc8acb48338291ba07ec3c683e53ded56c78ff","messageTitle":"Level-4 code","messageBody":"","fileTypesAndContributionMap":{"java":{"insertions":123,"deletions":40}}},{"hash":"a7f4ac273a6c6031d06df1476051f8d62c8938a8","messageTitle":"Level-4 code","messageBody":"","fileTypesAndContributionMap":{"java":{"insertions":1,"deletions":0}}},{"hash":"258803e7169634662bd790227da89af5a7d3233b","messageTitle":"Level-4 code","messageBody":"","fileTypesAndContributionMap":{"java":{"insertions":1,"deletions":1}}},{"hash":"0cf3c806aa92d0e52e53e9537b466194b7ddfac3","messageTitle":"testing","messageBody":"","fileTypesAndContributionMap":{"txt":{"insertions":7,"deletions":0},"java":{"insertions":0,"deletions":2},"bat":{"insertions":1,"deletions":1},"sh":{"insertions":1,"deletions":1}}},{"hash":"a30141f46b6bc1834da280d8fde12e0c3131eb5a","messageTitle":"add exceptions","messageBody":"","fileTypesAndContributionMap":{"java":{"insertions":86,"deletions":15}}},{"hash":"82a2907922331c1c2cd186c4fd10a72f2adfd279","messageTitle":"delete added","messageBody":"","fileTypesAndContributionMap":{"java":{"insertions":32,"deletions":16}}},{"hash":"403e0647bf1de7b320031dd2426339759bcffef2","messageTitle":"new exception added","messageBody":"","fileTypesAndContributionMap":{"java":{"insertions":12,"deletions":1}}}]}]},"authorFileTypeContributionMap":{"tandeshao":{"java":273,"md":0,"fxml":0,"sh":1,"bat":1,"gradle":0,"txt":7}},"authorContributionVariance":{"tandeshao":26476.53},"authorDisplayNameMap":{"tandeshao":"TAN ..SHAO"}}
