{"authorDailyContributionsMap":{"RyanCheungJF":[{"date":"2022-01-15","commitResults":[{"hash":"cb37b5d32990f20d89fa5f532f44cbbf17057c04","messageTitle":"Implemented Level 1","messageBody":"","tags":["Level-1"],"fileTypesAndContributionMap":{"java":{"insertions":25,"deletions":0}}},{"hash":"21507a81aa709695a6279f2a372134a0b8a89729","messageTitle":"Implemented Level 2","messageBody":"","tags":["Level-2"],"fileTypesAndContributionMap":{"java":{"insertions":59,"deletions":2}}}]},{"date":"2022-01-16","commitResults":[{"hash":"ef572daa34bfa40b23561a4503fa51d1bcb56cc2","messageTitle":"Implemented Level 3","messageBody":"","tags":["Level-3"],"fileTypesAndContributionMap":{"java":{"insertions":46,"deletions":5}}},{"hash":"c9e4c5fa0d6440df6a2492b6777e8c49268437e3","messageTitle":"Implemented Level 4","messageBody":"","tags":["Level-4"],"fileTypesAndContributionMap":{"java":{"insertions":146,"deletions":79}}},{"hash":"19daade013f3c96dfc32542f6cac05f7eb8bd047","messageTitle":"Implemented Automated Testing","messageBody":"","tags":["A-TextUiTesting"],"fileTypesAndContributionMap":{"txt":{"insertions":9,"deletions":0},"java":{"insertions":3,"deletions":3}}},{"hash":"2322a1f0a08eff43c1626b857e07cd8cf405f0d4","messageTitle":"Implemented Level 5","messageBody":"","tags":["Level-5"],"fileTypesAndContributionMap":{"txt":{"insertions":7,"deletions":0},"java":{"insertions":124,"deletions":38}}},{"hash":"2ed3e9202f5b261999880c92b45e4f640d2280f7","messageTitle":"Implemented Level 6","messageBody":"","tags":["Level-6"],"fileTypesAndContributionMap":{"txt":{"insertions":5,"deletions":0},"java":{"insertions":28,"deletions":0}}},{"hash":"c50b179125cf8b02744d364362153bf300a94293","messageTitle":"Changed to Linked Lists","messageBody":"","tags":["A-Enums"],"fileTypesAndContributionMap":{"java":{"insertions":20,"deletions":46}}}]},{"date":"2022-01-22","commitResults":[{"hash":"f8cc55230806836c51dc97ecc0c8735db08c51ee","messageTitle":"Fix styling issues","messageBody":"","fileTypesAndContributionMap":{"java":{"insertions":31,"deletions":31}}},{"hash":"25f1d298e59a5685954ca08752c5e7f0b59bc040","messageTitle":"Implement Level 7 and Refactor","messageBody":"","tags":["Level-7"],"fileTypesAndContributionMap":{"txt":{"insertions":1,"deletions":1},"java":{"insertions":246,"deletions":86}}}]},{"date":"2022-01-23","commitResults":[{"hash":"b170bba3c50c74b0593e2c9f2024137747917fca","messageTitle":"Implement Level 8 with date time functionality","messageBody":"","tags":["Level-8"],"fileTypesAndContributionMap":{"txt":{"insertions":4,"deletions":4},"java":{"insertions":369,"deletions":103}}},{"hash":"d9f57d9e59c39c971af105a64df3456adda57a51","messageTitle":"Refactor functions into respective classes","messageBody":"","tags":["A-MoreOOP"],"fileTypesAndContributionMap":{"txt":{"insertions":0,"deletions":0},"java":{"insertions":158,"deletions":149}}},{"hash":"03bcd075abba02f2ae473a8aa71af8f248f1c9bc","messageTitle":"Package classes respectively","messageBody":"","tags":["A-Packages"],"fileTypesAndContributionMap":{"java":{"insertions":36,"deletions":1},"bat":{"insertions":1,"deletions":1}}},{"hash":"0095fcefea6b7884a2bdae232fdc85ae0e4cd9f2","messageTitle":"Implement test cases on certain classes","messageBody":"","tags":["A-JUnit"],"fileTypesAndContributionMap":{"java":{"insertions":73,"deletions":26},"bat":{"insertions":1,"deletions":1}}},{"hash":"5aaad902d48c6ec739a4a72e57a76b9b55441ca2","messageTitle":"Initialize gradle file in project directory","messageBody":"","tags":["v0.1","A-Jar"],"fileTypesAndContributionMap":{"gradle":{"insertions":23,"deletions":0},"bat":{"insertions":89,"deletions":0}}},{"hash":"ac6d0da71ee2ef4d73882bdbe649e70a1684fe00","messageTitle":"Add Javadocs to improve readability","messageBody":"","tags":["A-JavaDoc"],"fileTypesAndContributionMap":{"gradle":{"insertions":4,"deletions":0},"java":{"insertions":264,"deletions":8}}},{"hash":"41cf676ccbd62144ea68285aa47f189ded73646b","messageTitle":"Implement find function","messageBody":"","tags":["Level-9"],"fileTypesAndContributionMap":{"txt":{"insertions":2,"deletions":0},"java":{"insertions":40,"deletions":5}}},{"hash":"1a594b961b9bbe2b86a707d22c79adeca278ab87","messageTitle":"Import checkstyle file and configure IDE settings","messageBody":"","fileTypesAndContributionMap":{"gradle":{"insertions":4,"deletions":0},"java":{"insertions":49,"deletions":56}}},{"hash":"f119d204122f6dfd7766b3ebd3854bd2ab894f87","messageTitle":"Fix according to gradle checkstyle","messageBody":"","fileTypesAndContributionMap":{"gradle":{"insertions":0,"deletions":4},"java":{"insertions":46,"deletions":28}}}]}]},"authorFileTypeContributionMap":{"RyanCheungJF":{"java":961,"md":0,"fxml":0,"sh":0,"bat":91,"gradle":27,"txt":24}},"authorContributionVariance":{"RyanCheungJF":220528.4},"authorDisplayNameMap":{"RyanCheungJF":"CS2103T-T09-2 RYAN..FENG"}}
