{"authorDailyContributionsMap":{"alfredkohhh":[{"date":"2022-01-21","commitResults":[{"hash":"2ba8b84fc51b0df08e9b7afd606241c355ad3948","messageTitle":"Completed Level-1: Greet, Echo, Exit","messageBody":"","tags":["Level-1"],"fileTypesAndContributionMap":{"java":{"insertions":25,"deletions":0}}},{"hash":"c2c839dd2422cb55cf9b3b746bc033e5c58a53ad","messageTitle":"Completed Level-2: Add, List","messageBody":"","tags":["Level-2"],"fileTypesAndContributionMap":{"java":{"insertions":8,"deletions":1}}},{"hash":"2c9705bf6f06ae9e8986622472d3d1c1d5a6fd04","messageTitle":"Completed Level-3: Mark as Done","messageBody":"","tags":["Level-3"],"fileTypesAndContributionMap":{"java":{"insertions":59,"deletions":24}}},{"hash":"5158ea961192c2c83107c19decc7f301db9d4e2a","messageTitle":"Completed Level-4: ToDos, Events, Deadlines","messageBody":"","tags":["Level-4"],"fileTypesAndContributionMap":{"java":{"insertions":79,"deletions":7}}},{"hash":"c1e7b2f7617b7dfee6bcdd32a041904b49008729","messageTitle":"Completed Level-5: Handle Errors","messageBody":"","tags":["Level-5"],"fileTypesAndContributionMap":{"java":{"insertions":53,"deletions":22}}},{"hash":"6752cb2d5cd8ea9184c37d2bebc4a3945a54316d","messageTitle":"Completed Level-6: Delete","messageBody":"","tags":["Level-6"],"fileTypesAndContributionMap":{"java":{"insertions":13,"deletions":1}}},{"hash":"e63d365633beab5e31407718d8e17c35a6368ed2","messageTitle":"Completed A-TextUiTesting: Automated Text UI Testing","messageBody":"","tags":["A-TextUiTesting"],"fileTypesAndContributionMap":{"txt":{"insertions":8,"deletions":0}}}]},{"date":"2022-01-26","commitResults":[{"hash":"e8ea32d6393ffa40facd06069004940191f1ae48","messageTitle":"Completed Level-7: Save (To fix path independency, Non-existant file)","messageBody":"","tags":["Level-7"],"fileTypesAndContributionMap":{"txt":{"insertions":0,"deletions":0},"java":{"insertions":74,"deletions":1}}},{"hash":"ccf0dd6294e278262e37849f5693f352ce4c56b6","messageTitle":"Completed Level-8: Date and Times (To fix, handling of time)","messageBody":"","tags":["Level-8"],"fileTypesAndContributionMap":{"java":{"insertions":47,"deletions":15}}},{"hash":"42d45241af214d3d447618f492c4d614a47990f9","messageTitle":"Completed Level-8: Date and Times (To fix, handling of time)","messageBody":"","fileTypesAndContributionMap":{"txt":{"insertions":3,"deletions":0}}}]},{"date":"2022-01-27","commitResults":[{"hash":"cd150ace794a673bc41b4253ac52b1cfa7b4af05","messageTitle":"Completed A-MoreOOP: Use More OOP (To fix filepath)","messageBody":"","tags":["A-MoreOOP"],"fileTypesAndContributionMap":{"txt":{"insertions":0,"deletions":3},"java":{"insertions":320,"deletions":171}}}]},{"date":"2022-02-02","commitResults":[{"hash":"931648f5f896568b78f542defa742acd6424ca45","messageTitle":"Completed A-Packages: Organize into Packages","messageBody":"","tags":["A-Packages"],"fileTypesAndContributionMap":{"java":{"insertions":33,"deletions":18}}}]},{"date":"2022-02-03","commitResults":[{"hash":"78f8e699e8fbd5f459e6503f2ea3105e1a8a56e0","messageTitle":"Completed A-JUnit: Add JUnit Tests","messageBody":"","tags":["A-Jar","A-JUnit"],"fileTypesAndContributionMap":{"java":{"insertions":41,"deletions":0}}}]}]},"authorFileTypeContributionMap":{"alfredkohhh":{"java":500,"md":0,"fxml":0,"sh":0,"bat":0,"gradle":0,"txt":8}},"authorContributionVariance":{"alfredkohhh":14656.698},"authorDisplayNameMap":{"alfredkohhh":"CS2103-F11-1 KOH ..FRED"}}
