{"authorDailyContributionsMap":{"SimJM":[{"date":"2022-01-20","commitResults":[{"hash":"6b8c2f293304dd8dce4bc60d846dda433d57e063","messageTitle":"Level1. Greet,Echo,Exit","messageBody":"","tags":["Level-1"],"fileTypesAndContributionMap":{"java":{"insertions":19,"deletions":6}}},{"hash":"778d1e0f73b40858c45a56c4e6c5812edb3dfeb1","messageTitle":"add Action class","messageBody":"","fileTypesAndContributionMap":{"java":{"insertions":38,"deletions":10}}},{"hash":"8009280d3ebac38454bcf49d71b11f5938268270","messageTitle":"Level-2: added readBook(), returnBook()","messageBody":"","tags":["Level-2"],"fileTypesAndContributionMap":{"java":{"insertions":43,"deletions":3}}},{"hash":"8fa8a55446989de60b05cfda2be79a8bf898ef74","messageTitle":"Level-3: Mark as Done. Added Task class","messageBody":"","tags":["Level-3.-Mark-as-Done","Level-3-Mark-as-Done"],"fileTypesAndContributionMap":{"java":{"insertions":68,"deletions":45}}},{"hash":"3357573b6003b06d8df781eaf5c6395401d99739","messageTitle":"Level-4: todo, deadline, event","messageBody":"","tags":["Level-4"],"fileTypesAndContributionMap":{"java":{"insertions":127,"deletions":7}}},{"hash":"f2fabf0881ddbe0cde6bad010b10f70fd2e3c883","messageTitle":"A-TextUiTesting","messageBody":"","tags":["A-TextUiTesting"],"fileTypesAndContributionMap":{"txt":{"insertions":1,"deletions":0}}},{"hash":"a210a0f774cd011c4957c33f3b2e6f690cc4af06","messageTitle":"Level-5 Handle Errors","messageBody":"","tags":["Level-5"],"fileTypesAndContributionMap":{"java":{"insertions":5,"deletions":2}}},{"hash":"8a7ee5070f2ae3ce60cfe617599029baec309662","messageTitle":"Level-6 delete","messageBody":"","tags":["Level-6"],"fileTypesAndContributionMap":{"java":{"insertions":7,"deletions":0}}},{"hash":"a51d3f33027882af07fecb598505afec31c62d65","messageTitle":"A-Enums","messageBody":"","tags":["A-Enums"],"fileTypesAndContributionMap":{"java":{"insertions":2,"deletions":0}}}]},{"date":"2022-02-06","commitResults":[{"hash":"5b8561de7f6f6f0045eb47a9f7b93577c5ce099f","messageTitle":"refactor code (add TaskBank, Parser, User class)","messageBody":"","fileTypesAndContributionMap":{"java":{"insertions":187,"deletions":150}}},{"hash":"3d7329e59e02e6eba2c409d8f281dc0382f809f8","messageTitle":"Level-7 Save","messageBody":"","tags":["Level-7"],"fileTypesAndContributionMap":{"java":{"insertions":73,"deletions":2}}},{"hash":"5dcf7b0b8b78be60415f58ee603c9b853d81f86b","messageTitle":"minor edits","messageBody":"","fileTypesAndContributionMap":{"java":{"insertions":5,"deletions":4}}}]},{"date":"2022-02-09","commitResults":[{"hash":"6b65fea0f509238273b448fbdd86b7edcbc97d90","messageTitle":"incomplete branch","messageBody":"","fileTypesAndContributionMap":{"java":{"insertions":113,"deletions":0}}}]},{"date":"2022-02-16","commitResults":[{"hash":"4ab3dacdeb8a992fd7795c8b2cb1fcbf014c4e13","messageTitle":"Add LocalDate and format date","messageBody":"","fileTypesAndContributionMap":{"java":{"insertions":21,"deletions":50}}},{"hash":"832f67b12fecc00d93768568b38fae19e78d7460","messageTitle":"implement date format","messageBody":"","fileTypesAndContributionMap":{"java":{"insertions":17,"deletions":12}}},{"hash":"507c6a30466d37fa93d4cad9d0817e0203651f5c","messageTitle":"Revert \"implement date format\"","messageBody":"This reverts commit 832f67b12fecc00d93768568b38fae19e78d7460.\n","fileTypesAndContributionMap":{"java":{"insertions":12,"deletions":17}}},{"hash":"7f7f081f1f639e49782e4a7b62090d52e51150cb","messageTitle":"Revert \"Revert \"implement date format\"\"","messageBody":"This reverts commit 507c6a30466d37fa93d4cad9d0817e0203651f5c.\n","fileTypesAndContributionMap":{"java":{"insertions":17,"deletions":12}}},{"hash":"70d14c8da0ce87268ae92382e14ab30fad556e05","messageTitle":"A-MoreOOP - Ui class","messageBody":"","tags":["A_MoreOOP","A-MoreOOP"],"fileTypesAndContributionMap":{"java":{"insertions":2,"deletions":2}}},{"hash":"869540972208e4da71f2f7c42d45d124508cfc88","messageTitle":"A-Packages: organize classes into duke package","messageBody":"","tags":["A-Packages"],"fileTypesAndContributionMap":{"java":{"insertions":22,"deletions":2}}},{"hash":"4ac330a55c78355e2c04e589a43b8026327aae20","messageTitle":"Add JUnit tests","messageBody":"","tags":["A-JUnit"],"fileTypesAndContributionMap":{"java":{"insertions":65,"deletions":1}}},{"hash":"26bba93c635926ba782b53e876e96d42d70d7935","messageTitle":"Package the App as a JAR file","messageBody":"","tags":["A-Jar"],"fileTypesAndContributionMap":{"java":{"insertions":2,"deletions":6}}},{"hash":"95823e5eaa54f8276a52a91fee4ed09cb61354c8","messageTitle":"A-JavaDoc - Add JavaDoc comments","messageBody":"","tags":["A-JavaDoc"],"fileTypesAndContributionMap":{"java":{"insertions":115,"deletions":7}}},{"hash":"81232fa46a535f8d3ec12a60dbb4d2c927133e3a","messageTitle":"A-CodingStandard - Tweak the code to comply with a coding standard","messageBody":"","tags":["A-CodingStandard"],"fileTypesAndContributionMap":{"java":{"insertions":99,"deletions":105}}},{"hash":"52b6b7c9edd9d170680417d300a0d3aeb1e518b0","messageTitle":"Level-9 Find - give users a way to find a task by searching for a keyword","messageBody":"","tags":["Level-9"],"fileTypesAndContributionMap":{"java":{"insertions":31,"deletions":0}}},{"hash":"a01881178c0f9e6ebd257fd3f740d0d6da61ee46","messageTitle":"A-CheckStyle - edit coding style violations","messageBody":"","tags":["A-CheckStyle"],"fileTypesAndContributionMap":{"java":{"insertions":33,"deletions":48}}}]},{"date":"2022-02-18","commitResults":[{"hash":"fe06e8ff218c7439716a62d065373761f2da0a22","messageTitle":"Level-10 GUI - add a GUI to Duke. Use the JavaFX technology to implement the GUI","messageBody":"","tags":["Level-10"],"fileTypesAndContributionMap":{"fxml":{"insertions":35,"deletions":0},"java":{"insertions":390,"deletions":14}}},{"hash":"b3a93909502df95efbc62307c6cf1ffaeb517826","messageTitle":"A-Varargs - not applicable","messageBody":"","tags":["A-Varargs"],"fileTypesAndContributionMap":{"java":{"insertions":0,"deletions":5}}},{"hash":"53330a6016f8a9573dc40ffc52f5b40f097fd114","messageTitle":"Add assertion","messageBody":"Assert that isDone must be false to get \" \" from getStatusIcon() method.\n","tags":["A-Assertions"],"fileTypesAndContributionMap":{"java":{"insertions":6,"deletions":1}}},{"hash":"8cfee6f7bc63fe1949619d0fa1bc054b4bd3f13d","messageTitle":"Improve code quality","messageBody":"","tags":["A-FullCommitMessage","A-CodeQuality"],"fileTypesAndContributionMap":{"java":{"insertions":8,"deletions":78}}},{"hash":"25c776d6c11c45731606935c1a9f3aabfe50bad0","messageTitle":"C-update - easily edit description of the Task","messageBody":"","tags":["C-Update","BCD-Extension"],"fileTypesAndContributionMap":{"java":{"insertions":33,"deletions":0}}},{"hash":"807bab55b48c40135219fb81a94f2a173241a133","messageTitle":"Improve the GUI","messageBody":"","tags":["A-BetterGUI"],"fileTypesAndContributionMap":{"fxml":{"insertions":12,"deletions":4},"java":{"insertions":8,"deletions":2}}},{"hash":"ba460f18a7a847cc31d72688b2b533707972914f","messageTitle":"Improve GUI","messageBody":"","fileTypesAndContributionMap":{"fxml":{"insertions":5,"deletions":5},"java":{"insertions":4,"deletions":4}}},{"hash":"ae805b1a10480fbaac1391e4abf5fe237addb8c4","messageTitle":"Edit on code quality","messageBody":"","fileTypesAndContributionMap":{"java":{"insertions":104,"deletions":92}}},{"hash":"70a7cf85ab4e1be6a2ca7207eab63eba5344d240","messageTitle":"Add update into help function","messageBody":"","fileTypesAndContributionMap":{"java":{"insertions":2,"deletions":1}}},{"hash":"9e89a021c6fd740ebcad9ef35911c215520ac8f4","messageTitle":"tidy up code","messageBody":"","fileTypesAndContributionMap":{"gradle":{"insertions":15,"deletions":3},"fxml":{"insertions":5,"deletions":9},"java":{"insertions":150,"deletions":246}}},{"hash":"9181b89e28283ab7b0b235bbf0d1f8e999b62dfb","messageTitle":"upload Ui.png","messageBody":"","tags":["Ui.png"],"fileTypesAndContributionMap":{"java":{"insertions":0,"deletions":8}}}]},{"date":"2022-03-12","commitResults":[{"hash":"046d881eec8ed350ed3d5d5826e9605225938ec3","messageTitle":"Update README.md","messageBody":"","fileTypesAndContributionMap":{"md":{"insertions":136,"deletions":13}}},{"hash":"000f5a17ea2716979e41d5a55fb79989aab40432","messageTitle":"Update README.md","messageBody":"","fileTypesAndContributionMap":{"md":{"insertions":2,"deletions":2}}}]},{"date":"2022-03-20","commitResults":[{"hash":"8ed816bc969ed35359957c6463daefdcaa7f791d","messageTitle":"Add exception handling in parser","messageBody":"","fileTypesAndContributionMap":{"java":{"insertions":46,"deletions":40}}},{"hash":"b7ec4feb9bd176fcc0277fb3e280fab5f29ea48a","messageTitle":"Add exception handling","messageBody":"","fileTypesAndContributionMap":{"java":{"insertions":10,"deletions":0}}},{"hash":"09593f826d15313c1da34fc09009e7367f046f61","messageTitle":"Add output","messageBody":"","fileTypesAndContributionMap":{"java":{"insertions":3,"deletions":0}}},{"hash":"98566a323c7d09c9ee0df6395a4f5c20f2eef945","messageTitle":"Update README","messageBody":"","tags":["v0.2"],"fileTypesAndContributionMap":{"md":{"insertions":2,"deletions":2}}},{"hash":"d2324682c8cb45e039879cdf6a278ba14daadf94","messageTitle":"Update README.md","messageBody":"","fileTypesAndContributionMap":{"md":{"insertions":8,"deletions":7}}},{"hash":"4352935c37ec908c53ac6c20afc511f1e719c4d4","messageTitle":"Update README.md","messageBody":"","fileTypesAndContributionMap":{"md":{"insertions":2,"deletions":2}}},{"hash":"f3191a8cbe98e9578d0a7bbf882aeb494469b0be","messageTitle":"Update README.md","messageBody":"","fileTypesAndContributionMap":{"md":{"insertions":2,"deletions":2}}},{"hash":"3bc06137696a91b164aa6554ce473f248fb3f553","messageTitle":"Update README.md","messageBody":"","fileTypesAndContributionMap":{"md":{"insertions":1,"deletions":1}}}]}]},"authorFileTypeContributionMap":{"SimJM":{"java":818,"md":128,"fxml":39,"sh":0,"bat":0,"gradle":15,"txt":1}},"authorContributionVariance":{"SimJM":34452.055},"authorDisplayNameMap":{"SimJM":"CS2103T-W11-4 SIM ..MING"}}
