{"authorDailyContributionsMap":{"Btaykb":[{"date":"2022-01-17","commitResults":[{"hash":"7bcf55b13bfc2f2cbda26a5138051180f40279c2","messageTitle":"completed Level-1","messageBody":"","tags":["Level-1"],"fileTypesAndContributionMap":{"java":{"insertions":24,"deletions":6}}},{"hash":"025d03abf1bc724287c3625fe0feeaff03cd7c11","messageTitle":"completed Level-2","messageBody":"","tags":["Level-2"],"fileTypesAndContributionMap":{"java":{"insertions":29,"deletions":6}}}]},{"date":"2022-01-18","commitResults":[{"hash":"6e5aa7b6d40cee935ebd7caed04601187daca692","messageTitle":"added Task class and completed Level-3","messageBody":"","tags":["Level-3"],"fileTypesAndContributionMap":{"java":{"insertions":64,"deletions":8}}},{"hash":"620937c83287aa0b4550ac8cf7146c497a14a0cf","messageTitle":"completed Level-4","messageBody":"","tags":["Level-4"],"fileTypesAndContributionMap":{"java":{"insertions":131,"deletions":33}}},{"hash":"f1b6f7d03a53d956fd1392ac99617f620f63f9f1","messageTitle":"completed A-TextUiTesting","messageBody":"","tags":["A-TextUiTesting"],"fileTypesAndContributionMap":{"txt":{"insertions":15,"deletions":0},"java":{"insertions":1,"deletions":1}}},{"hash":"de2203f5e18f7dcef4afcc52e35b4cec21ee9d3f","messageTitle":"completed Level-5","messageBody":"","tags":["Level-5"],"fileTypesAndContributionMap":{"txt":{"insertions":6,"deletions":0},"java":{"insertions":115,"deletions":37}}}]},{"date":"2022-01-19","commitResults":[{"hash":"2825c096aa9973ce30cdaf1dfe4168fb3387469c","messageTitle":"completed Level-6","messageBody":"","tags":["Level-6"],"fileTypesAndContributionMap":{"txt":{"insertions":5,"deletions":0},"java":{"insertions":24,"deletions":6}}}]},{"date":"2022-01-24","commitResults":[{"hash":"1f8824f78412977f998699c9a819410dda51694c","messageTitle":"add save support for task creation, mark, unmark and delete","messageBody":"","tags":["Level-7"],"fileTypesAndContributionMap":{"txt":{"insertions":2,"deletions":0},"java":{"insertions":367,"deletions":143}}},{"hash":"41e1437d8a7b1d2b6f6642299e4c5039f2120002","messageTitle":"add date formatting for deadline tasks","messageBody":"","tags":["Level-8"],"fileTypesAndContributionMap":{"java":{"insertions":37,"deletions":2}}},{"hash":"02ef5e32cb2efa7e8f52058fea012194019c26f7","messageTitle":"complete A-MoreOOP, added Ui, Storage, Parser, Tasklist, Command classes","messageBody":"","tags":["A-MoreOOP"],"fileTypesAndContributionMap":{"txt":{"insertions":1,"deletions":1},"java":{"insertions":372,"deletions":215}}}]},{"date":"2022-01-25","commitResults":[{"hash":"5bfcf57b89fe7a954de5696abf3dc069660b1adb","messageTitle":"complete A-Packages, add suitable java packages","messageBody":"","tags":["A-Packages"],"fileTypesAndContributionMap":{"txt":{"insertions":6,"deletions":2},"java":{"insertions":82,"deletions":3}}},{"hash":"3c923e735167647cb16366a874067e39a47c272d","messageTitle":"complete A-JUnit, add TodoTest, DeadlineTest, ParserTest","messageBody":"","tags":["A-Jar","A-JUnit"],"fileTypesAndContributionMap":{"java":{"insertions":68,"deletions":5}}},{"hash":"a3ef0412e0f473a8ea3d1db78710e9154d566691","messageTitle":"complete A-JavaDoc, add JavaDoc to all files","messageBody":"","tags":["A-JavaDoc"],"fileTypesAndContributionMap":{"txt":{"insertions":4,"deletions":2},"java":{"insertions":348,"deletions":12}}},{"hash":"926d6805826420e987ae7d2fa87b37e6a58a28ef","messageTitle":"complete A-CodingStandard","messageBody":"","fileTypesAndContributionMap":{"java":{"insertions":36,"deletions":17}}},{"hash":"b35c7f7593231caf7602c63374dd883b3da2d70d","messageTitle":"complete Level-9, add find feature","messageBody":"","fileTypesAndContributionMap":{"txt":{"insertions":10,"deletions":3},"java":{"insertions":77,"deletions":2}}}]},{"date":"2022-01-31","commitResults":[{"hash":"134d4639298b5b97c1e8640f61508462b5a8dfb2","messageTitle":"add ClearCommand and fixed some coding standard issues","messageBody":"","fileTypesAndContributionMap":{"txt":{"insertions":0,"deletions":2},"java":{"insertions":92,"deletions":19}}},{"hash":"29fbbf5f62923b3b82391f507c858bcb8f6a33c3","messageTitle":"fixed some names","messageBody":"","fileTypesAndContributionMap":{"java":{"insertions":1,"deletions":8}}}]}]},"authorFileTypeContributionMap":{"Btaykb":{"java":1351,"md":0,"fxml":0,"sh":0,"bat":0,"gradle":0,"txt":29}},"authorContributionVariance":{"Btaykb":89650.664},"authorDisplayNameMap":{"Btaykb":"CS2103T-T13-4 BENJ.. BIN"}}
