[{"path":"src/main/java/Deadline.java","fileType":"java","lines":[{"lineNumber":1,"author":{"gitId":"yuqitanyq"},"content":"public class Deadline extends Task{","lastModifiedDate":"2022-01-19"},{"lineNumber":2,"author":{"gitId":"yuqitanyq"},"content":"    protected String by;","lastModifiedDate":"2022-01-19"},{"lineNumber":3,"author":{"gitId":"yuqitanyq"},"content":"","lastModifiedDate":"2022-01-19"},{"lineNumber":4,"author":{"gitId":"yuqitanyq"},"content":"    public Deadline(String description, String by) {","lastModifiedDate":"2022-01-19"},{"lineNumber":5,"author":{"gitId":"yuqitanyq"},"content":"        super(description);","lastModifiedDate":"2022-01-19"},{"lineNumber":6,"author":{"gitId":"yuqitanyq"},"content":"        this.by \u003d by;","lastModifiedDate":"2022-01-19"},{"lineNumber":7,"author":{"gitId":"yuqitanyq"},"content":"    }","lastModifiedDate":"2022-01-19"},{"lineNumber":8,"author":{"gitId":"yuqitanyq"},"content":"","lastModifiedDate":"2022-01-19"},{"lineNumber":9,"author":{"gitId":"yuqitanyq"},"content":"    @Override","lastModifiedDate":"2022-01-19"},{"lineNumber":10,"author":{"gitId":"yuqitanyq"},"content":"    public String toString() {","lastModifiedDate":"2022-01-19"},{"lineNumber":11,"author":{"gitId":"yuqitanyq"},"content":"        return \"[D]\" + super.toString() + \" (by: \" + this.by + \")\";","lastModifiedDate":"2022-01-19"},{"lineNumber":12,"author":{"gitId":"yuqitanyq"},"content":"    }","lastModifiedDate":"2022-01-19"},{"lineNumber":13,"author":{"gitId":"yuqitanyq"},"content":"}","lastModifiedDate":"2022-01-19"}],"authorContributionMap":{"yuqitanyq":13}},{"path":"src/main/java/Duke.java","fileType":"java","lines":[{"lineNumber":1,"author":{"gitId":"yuqitanyq"},"content":"import java.util.ArrayList;","lastModifiedDate":"2022-01-17"},{"lineNumber":2,"author":{"gitId":"yuqitanyq"},"content":"import java.util.Scanner;","lastModifiedDate":"2022-01-16"},{"lineNumber":3,"author":{"gitId":"yuqitanyq"},"content":"","lastModifiedDate":"2022-01-16"},{"lineNumber":4,"author":{"gitId":"-"},"content":"public class Duke {","lastModifiedDate":"2019-07-29"},{"lineNumber":5,"author":{"gitId":"yuqitanyq"},"content":"    private static final String LINE \u003d \"_______________________________________________\";","lastModifiedDate":"2022-01-25"},{"lineNumber":6,"author":{"gitId":"yuqitanyq"},"content":"    private static final String INTRO \u003d \"\\nHello! I\u0027m YQ\\n\" + \"What can I do for you?\\n\";","lastModifiedDate":"2022-01-25"},{"lineNumber":7,"author":{"gitId":"yuqitanyq"},"content":"    private static final String LISTING \u003d \"Here are the tasks in your list:\";","lastModifiedDate":"2022-01-25"},{"lineNumber":8,"author":{"gitId":"yuqitanyq"},"content":"    private static final String MARKING \u003d \"Nice! I\u0027ve marked this task as done:\\n  \";","lastModifiedDate":"2022-01-25"},{"lineNumber":9,"author":{"gitId":"yuqitanyq"},"content":"    private static final String UNMARKING \u003d \"OK, I\u0027ve marked this task as not done yet:\\n  \";","lastModifiedDate":"2022-01-25"},{"lineNumber":10,"author":{"gitId":"yuqitanyq"},"content":"    private static final String ADDED \u003d \"Got it. I\u0027ve added this task:\\n  \";","lastModifiedDate":"2022-01-25"},{"lineNumber":11,"author":{"gitId":"yuqitanyq"},"content":"    private static final String REMOVED \u003d \"Noted. I\u0027ve removed this task:\\n\";","lastModifiedDate":"2022-01-25"},{"lineNumber":12,"author":{"gitId":"yuqitanyq"},"content":"    private static final String ERROR_UNKNOWN \u003d \"OOPS, I\u0027m sorry, but I don\u0027t know what that means :-(\";","lastModifiedDate":"2022-01-25"},{"lineNumber":13,"author":{"gitId":"yuqitanyq"},"content":"    private static final String ERROR_DESCRIPTION \u003d \"OOPS, The description of a command cannot be empty.\";","lastModifiedDate":"2022-01-25"},{"lineNumber":14,"author":{"gitId":"yuqitanyq"},"content":"","lastModifiedDate":"2022-01-16"},{"lineNumber":15,"author":{"gitId":"yuqitanyq"},"content":"    public static void main(String[] args) throws DukeException {","lastModifiedDate":"2022-01-25"},{"lineNumber":16,"author":{"gitId":"yuqitanyq"},"content":"        ArrayList\u003cTask\u003e database \u003d new ArrayList\u003c\u003e();","lastModifiedDate":"2022-01-25"},{"lineNumber":17,"author":{"gitId":"yuqitanyq"},"content":"        Duke.introMessage();","lastModifiedDate":"2022-01-25"},{"lineNumber":18,"author":{"gitId":"yuqitanyq"},"content":"        Scanner sc \u003d new Scanner(System.in);","lastModifiedDate":"2022-01-16"},{"lineNumber":19,"author":{"gitId":"yuqitanyq"},"content":"        Task input \u003d new Task(sc.nextLine());","lastModifiedDate":"2022-01-19"},{"lineNumber":20,"author":{"gitId":"yuqitanyq"},"content":"        while (!input.description.equals(\"bye\")) {","lastModifiedDate":"2022-01-19"},{"lineNumber":21,"author":{"gitId":"yuqitanyq"},"content":"            try {","lastModifiedDate":"2022-01-25"},{"lineNumber":22,"author":{"gitId":"yuqitanyq"},"content":"                System.out.println(LINE);","lastModifiedDate":"2022-01-25"},{"lineNumber":23,"author":{"gitId":"yuqitanyq"},"content":"                if (input.description.equals(\"list\")) {","lastModifiedDate":"2022-01-19"},{"lineNumber":24,"author":{"gitId":"yuqitanyq"},"content":"                    Duke.listAction(database);","lastModifiedDate":"2022-01-25"},{"lineNumber":25,"author":{"gitId":"yuqitanyq"},"content":"                } else if (input.description.startsWith(\"mark\")) {","lastModifiedDate":"2022-01-19"},{"lineNumber":26,"author":{"gitId":"yuqitanyq"},"content":"                    String itemNumber \u003d input.description.substring(5);","lastModifiedDate":"2022-01-19"},{"lineNumber":27,"author":{"gitId":"yuqitanyq"},"content":"                    Duke.markAction(itemNumber, database);","lastModifiedDate":"2022-01-25"},{"lineNumber":28,"author":{"gitId":"yuqitanyq"},"content":"                } else if (input.description.startsWith(\"unmark\")) {","lastModifiedDate":"2022-01-19"},{"lineNumber":29,"author":{"gitId":"yuqitanyq"},"content":"                    String itemNumber \u003d input.description.substring(7);","lastModifiedDate":"2022-01-19"},{"lineNumber":30,"author":{"gitId":"yuqitanyq"},"content":"                    Duke.unmarkAction(itemNumber, database);","lastModifiedDate":"2022-01-25"},{"lineNumber":31,"author":{"gitId":"yuqitanyq"},"content":"                } else if (input.description.startsWith(\"todo\")) {","lastModifiedDate":"2022-01-19"},{"lineNumber":32,"author":{"gitId":"yuqitanyq"},"content":"                    String description \u003d input.description.substring(5);","lastModifiedDate":"2022-01-19"},{"lineNumber":33,"author":{"gitId":"yuqitanyq"},"content":"                    Duke.toDoAction(description, database);","lastModifiedDate":"2022-01-25"},{"lineNumber":34,"author":{"gitId":"yuqitanyq"},"content":"                } else if (input.description.startsWith(\"deadline\")) {","lastModifiedDate":"2022-01-19"},{"lineNumber":35,"author":{"gitId":"yuqitanyq"},"content":"                    String[] itemArr \u003d input.description.substring(9).split(\" /by \");","lastModifiedDate":"2022-01-19"},{"lineNumber":36,"author":{"gitId":"yuqitanyq"},"content":"                    Duke.deadlineAction(itemArr, database);","lastModifiedDate":"2022-01-25"},{"lineNumber":37,"author":{"gitId":"yuqitanyq"},"content":"                } else if (input.description.startsWith(\"event\")) {","lastModifiedDate":"2022-01-19"},{"lineNumber":38,"author":{"gitId":"yuqitanyq"},"content":"                    String[] itemArr \u003d input.description.substring(6).split(\" /at \");","lastModifiedDate":"2022-01-19"},{"lineNumber":39,"author":{"gitId":"yuqitanyq"},"content":"                    Duke.eventAction(itemArr, database);","lastModifiedDate":"2022-01-25"},{"lineNumber":40,"author":{"gitId":"yuqitanyq"},"content":"                } else if (input.description.startsWith(\"delete\")) {","lastModifiedDate":"2022-01-20"},{"lineNumber":41,"author":{"gitId":"yuqitanyq"},"content":"                    String itemNumber \u003d input.description.substring(7);","lastModifiedDate":"2022-01-20"},{"lineNumber":42,"author":{"gitId":"yuqitanyq"},"content":"                    deleteAction(itemNumber, database);","lastModifiedDate":"2022-01-25"},{"lineNumber":43,"author":{"gitId":"yuqitanyq"},"content":"                } else {","lastModifiedDate":"2022-01-19"},{"lineNumber":44,"author":{"gitId":"yuqitanyq"},"content":"                    throw new DukeException(ERROR_UNKNOWN);","lastModifiedDate":"2022-01-25"},{"lineNumber":45,"author":{"gitId":"yuqitanyq"},"content":"                }","lastModifiedDate":"2022-01-19"},{"lineNumber":46,"author":{"gitId":"yuqitanyq"},"content":"                System.out.println(LINE);","lastModifiedDate":"2022-01-25"},{"lineNumber":47,"author":{"gitId":"yuqitanyq"},"content":"                input \u003d new Task(sc.nextLine());","lastModifiedDate":"2022-01-19"},{"lineNumber":48,"author":{"gitId":"yuqitanyq"},"content":"            } catch (StringIndexOutOfBoundsException e){","lastModifiedDate":"2022-01-25"},{"lineNumber":49,"author":{"gitId":"yuqitanyq"},"content":"                System.out.println(new DukeException(ERROR_DESCRIPTION).getMessage() + \"\\n\" + LINE);","lastModifiedDate":"2022-01-25"},{"lineNumber":50,"author":{"gitId":"yuqitanyq"},"content":"            } catch (DukeException errorMessage) {","lastModifiedDate":"2022-01-25"},{"lineNumber":51,"author":{"gitId":"yuqitanyq"},"content":"                System.out.println(errorMessage.getMessage() + \"\\n\" + LINE);","lastModifiedDate":"2022-01-25"},{"lineNumber":52,"author":{"gitId":"yuqitanyq"},"content":"            }","lastModifiedDate":"2022-01-16"},{"lineNumber":53,"author":{"gitId":"yuqitanyq"},"content":"            input \u003d new Task(sc.nextLine());","lastModifiedDate":"2022-01-25"},{"lineNumber":54,"author":{"gitId":"yuqitanyq"},"content":"        }","lastModifiedDate":"2022-01-25"},{"lineNumber":55,"author":{"gitId":"yuqitanyq"},"content":"        System.out.println(LINE + \"\\n\" + \"Bye. Hope to see you again soon!\" + \"\\n\" + LINE);","lastModifiedDate":"2022-01-25"},{"lineNumber":56,"author":{"gitId":"yuqitanyq"},"content":"    }","lastModifiedDate":"2022-01-25"},{"lineNumber":57,"author":{"gitId":"yuqitanyq"},"content":"","lastModifiedDate":"2022-01-25"},{"lineNumber":58,"author":{"gitId":"yuqitanyq"},"content":"    public static void introMessage() {","lastModifiedDate":"2022-01-25"},{"lineNumber":59,"author":{"gitId":"-"},"content":"        String logo \u003d \" ____        _        \\n\"","lastModifiedDate":"2022-01-25"},{"lineNumber":60,"author":{"gitId":"-"},"content":"                + \"|  _ \\\\ _   _| | _____ \\n\"","lastModifiedDate":"2022-01-25"},{"lineNumber":61,"author":{"gitId":"-"},"content":"                + \"| | | | | | | |/ / _ \\\\\\n\"","lastModifiedDate":"2022-01-25"},{"lineNumber":62,"author":{"gitId":"-"},"content":"                + \"| |_| | |_| |   \u003c  __/\\n\"","lastModifiedDate":"2022-01-25"},{"lineNumber":63,"author":{"gitId":"-"},"content":"                + \"|____/ \\\\__,_|_|\\\\_\\\\___|\\n\";","lastModifiedDate":"2022-01-25"},{"lineNumber":64,"author":{"gitId":"yuqitanyq"},"content":"        String intro \u003d LINE + INTRO + logo + LINE;","lastModifiedDate":"2022-01-25"},{"lineNumber":65,"author":{"gitId":"yuqitanyq"},"content":"        System.out.println(intro);","lastModifiedDate":"2022-01-25"},{"lineNumber":66,"author":{"gitId":"yuqitanyq"},"content":"    }","lastModifiedDate":"2022-01-25"},{"lineNumber":67,"author":{"gitId":"yuqitanyq"},"content":"","lastModifiedDate":"2022-01-25"},{"lineNumber":68,"author":{"gitId":"yuqitanyq"},"content":"    public static void listAction(ArrayList\u003cTask\u003e listOfItems) {","lastModifiedDate":"2022-01-25"},{"lineNumber":69,"author":{"gitId":"yuqitanyq"},"content":"        System.out.println(LISTING);","lastModifiedDate":"2022-01-25"},{"lineNumber":70,"author":{"gitId":"yuqitanyq"},"content":"        for (int i \u003d 0; i \u003c listOfItems.size(); i++) {","lastModifiedDate":"2022-01-25"},{"lineNumber":71,"author":{"gitId":"yuqitanyq"},"content":"            System.out.println(i + 1 + \".\" + listOfItems.get(i));","lastModifiedDate":"2022-01-25"},{"lineNumber":72,"author":{"gitId":"yuqitanyq"},"content":"        }","lastModifiedDate":"2022-01-25"},{"lineNumber":73,"author":{"gitId":"yuqitanyq"},"content":"    }","lastModifiedDate":"2022-01-25"},{"lineNumber":74,"author":{"gitId":"yuqitanyq"},"content":"","lastModifiedDate":"2022-01-25"},{"lineNumber":75,"author":{"gitId":"yuqitanyq"},"content":"    public static void markAction(String taskNumber, ArrayList\u003cTask\u003e listOfItems) {","lastModifiedDate":"2022-01-25"},{"lineNumber":76,"author":{"gitId":"yuqitanyq"},"content":"        int num \u003d Integer.parseInt(taskNumber) - 1;","lastModifiedDate":"2022-01-25"},{"lineNumber":77,"author":{"gitId":"yuqitanyq"},"content":"        Task taskToMark \u003d listOfItems.get(num);","lastModifiedDate":"2022-01-25"},{"lineNumber":78,"author":{"gitId":"yuqitanyq"},"content":"        if (!taskToMark.getStatusIcon().equals(\"X\")) {","lastModifiedDate":"2022-01-25"},{"lineNumber":79,"author":{"gitId":"yuqitanyq"},"content":"            taskToMark.markAsDone();","lastModifiedDate":"2022-01-25"},{"lineNumber":80,"author":{"gitId":"yuqitanyq"},"content":"            listOfItems.set(num, taskToMark);","lastModifiedDate":"2022-01-25"},{"lineNumber":81,"author":{"gitId":"yuqitanyq"},"content":"        }","lastModifiedDate":"2022-01-25"},{"lineNumber":82,"author":{"gitId":"yuqitanyq"},"content":"        System.out.println(MARKING + taskToMark);","lastModifiedDate":"2022-01-25"},{"lineNumber":83,"author":{"gitId":"yuqitanyq"},"content":"    }","lastModifiedDate":"2022-01-25"},{"lineNumber":84,"author":{"gitId":"yuqitanyq"},"content":"","lastModifiedDate":"2022-01-25"},{"lineNumber":85,"author":{"gitId":"yuqitanyq"},"content":"    public static void unmarkAction(String taskNumber, ArrayList\u003cTask\u003e listOfItems) {","lastModifiedDate":"2022-01-25"},{"lineNumber":86,"author":{"gitId":"yuqitanyq"},"content":"        int num \u003d Integer.parseInt(taskNumber) - 1;","lastModifiedDate":"2022-01-25"},{"lineNumber":87,"author":{"gitId":"yuqitanyq"},"content":"        Task taskToUnmark \u003d listOfItems.get(num);","lastModifiedDate":"2022-01-25"},{"lineNumber":88,"author":{"gitId":"yuqitanyq"},"content":"        if (taskToUnmark.getStatusIcon().equals(\"X\")) {","lastModifiedDate":"2022-01-25"},{"lineNumber":89,"author":{"gitId":"yuqitanyq"},"content":"            taskToUnmark.markAsUndone();","lastModifiedDate":"2022-01-25"},{"lineNumber":90,"author":{"gitId":"yuqitanyq"},"content":"            listOfItems.set(num, taskToUnmark);","lastModifiedDate":"2022-01-25"},{"lineNumber":91,"author":{"gitId":"yuqitanyq"},"content":"        }","lastModifiedDate":"2022-01-25"},{"lineNumber":92,"author":{"gitId":"yuqitanyq"},"content":"        System.out.println(UNMARKING + taskToUnmark);","lastModifiedDate":"2022-01-25"},{"lineNumber":93,"author":{"gitId":"yuqitanyq"},"content":"    }","lastModifiedDate":"2022-01-25"},{"lineNumber":94,"author":{"gitId":"yuqitanyq"},"content":"","lastModifiedDate":"2022-01-25"},{"lineNumber":95,"author":{"gitId":"yuqitanyq"},"content":"    public static void toDoAction(String description, ArrayList\u003cTask\u003e lisOfItems) throws DukeException {","lastModifiedDate":"2022-01-25"},{"lineNumber":96,"author":{"gitId":"yuqitanyq"},"content":"            Todo todoItem \u003d new Todo(description);","lastModifiedDate":"2022-01-25"},{"lineNumber":97,"author":{"gitId":"yuqitanyq"},"content":"            lisOfItems.add(todoItem);","lastModifiedDate":"2022-01-25"},{"lineNumber":98,"author":{"gitId":"yuqitanyq"},"content":"            int numOfItems \u003d lisOfItems.size();","lastModifiedDate":"2022-01-25"},{"lineNumber":99,"author":{"gitId":"yuqitanyq"},"content":"            System.out.println(ADDED + todoItem);","lastModifiedDate":"2022-01-25"},{"lineNumber":100,"author":{"gitId":"yuqitanyq"},"content":"            System.out.println(\"Now you have \" + numOfItems + \" tasks in the list.\");","lastModifiedDate":"2022-01-25"},{"lineNumber":101,"author":{"gitId":"yuqitanyq"},"content":"    }","lastModifiedDate":"2022-01-25"},{"lineNumber":102,"author":{"gitId":"yuqitanyq"},"content":"","lastModifiedDate":"2022-01-25"},{"lineNumber":103,"author":{"gitId":"yuqitanyq"},"content":"    public static void deadlineAction(String[] arr, ArrayList\u003cTask\u003e listOfItems) {","lastModifiedDate":"2022-01-25"},{"lineNumber":104,"author":{"gitId":"yuqitanyq"},"content":"        Deadline deadlineItem \u003d new Deadline(arr[0], arr[1]);","lastModifiedDate":"2022-01-25"},{"lineNumber":105,"author":{"gitId":"yuqitanyq"},"content":"        listOfItems.add(deadlineItem);","lastModifiedDate":"2022-01-25"},{"lineNumber":106,"author":{"gitId":"yuqitanyq"},"content":"        int numOfItems \u003d listOfItems.size();","lastModifiedDate":"2022-01-25"},{"lineNumber":107,"author":{"gitId":"yuqitanyq"},"content":"        System.out.println(ADDED + deadlineItem);","lastModifiedDate":"2022-01-25"},{"lineNumber":108,"author":{"gitId":"yuqitanyq"},"content":"        System.out.println(\"Now you have \" + numOfItems + \" tasks in the list.\");","lastModifiedDate":"2022-01-25"},{"lineNumber":109,"author":{"gitId":"yuqitanyq"},"content":"    }","lastModifiedDate":"2022-01-25"},{"lineNumber":110,"author":{"gitId":"yuqitanyq"},"content":"","lastModifiedDate":"2022-01-25"},{"lineNumber":111,"author":{"gitId":"yuqitanyq"},"content":"    public static void eventAction(String[] arr, ArrayList\u003cTask\u003e listOfItems) {","lastModifiedDate":"2022-01-25"},{"lineNumber":112,"author":{"gitId":"yuqitanyq"},"content":"        Event eventItem \u003d new Event(arr[0], arr[1]);","lastModifiedDate":"2022-01-25"},{"lineNumber":113,"author":{"gitId":"yuqitanyq"},"content":"        listOfItems.add(eventItem);","lastModifiedDate":"2022-01-25"},{"lineNumber":114,"author":{"gitId":"yuqitanyq"},"content":"        int numOfItems \u003d listOfItems.size();","lastModifiedDate":"2022-01-25"},{"lineNumber":115,"author":{"gitId":"yuqitanyq"},"content":"        System.out.println(ADDED + eventItem);","lastModifiedDate":"2022-01-25"},{"lineNumber":116,"author":{"gitId":"yuqitanyq"},"content":"        System.out.println(\"Now you have \" + numOfItems + \" tasks in the list.\");","lastModifiedDate":"2022-01-25"},{"lineNumber":117,"author":{"gitId":"yuqitanyq"},"content":"    }","lastModifiedDate":"2022-01-25"},{"lineNumber":118,"author":{"gitId":"yuqitanyq"},"content":"","lastModifiedDate":"2022-01-25"},{"lineNumber":119,"author":{"gitId":"yuqitanyq"},"content":"    public static void deleteAction(String taskNumber, ArrayList\u003cTask\u003e listOfItems) {","lastModifiedDate":"2022-01-25"},{"lineNumber":120,"author":{"gitId":"yuqitanyq"},"content":"        int num \u003d Integer.parseInt(taskNumber) - 1;","lastModifiedDate":"2022-01-25"},{"lineNumber":121,"author":{"gitId":"yuqitanyq"},"content":"        Task itemToDelete \u003d listOfItems.get(num);","lastModifiedDate":"2022-01-25"},{"lineNumber":122,"author":{"gitId":"yuqitanyq"},"content":"        listOfItems.remove(num);","lastModifiedDate":"2022-01-25"},{"lineNumber":123,"author":{"gitId":"yuqitanyq"},"content":"        int numOfItems \u003d listOfItems.size();","lastModifiedDate":"2022-01-25"},{"lineNumber":124,"author":{"gitId":"yuqitanyq"},"content":"        System.out.println(REMOVED + itemToDelete);","lastModifiedDate":"2022-01-25"},{"lineNumber":125,"author":{"gitId":"yuqitanyq"},"content":"        System.out.println(\"Now you have \" + numOfItems + \" tasks in the list.\");","lastModifiedDate":"2022-01-25"},{"lineNumber":126,"author":{"gitId":"-"},"content":"    }","lastModifiedDate":"2019-07-29"},{"lineNumber":127,"author":{"gitId":"-"},"content":"}","lastModifiedDate":"2019-07-29"}],"authorContributionMap":{"yuqitanyq":119,"-":8}},{"path":"src/main/java/DukeException.java","fileType":"java","lines":[{"lineNumber":1,"author":{"gitId":"yuqitanyq"},"content":"public class DukeException extends Exception {","lastModifiedDate":"2022-01-25"},{"lineNumber":2,"author":{"gitId":"yuqitanyq"},"content":"    DukeException(String errorMessage) {","lastModifiedDate":"2022-01-25"},{"lineNumber":3,"author":{"gitId":"yuqitanyq"},"content":"        super(errorMessage);","lastModifiedDate":"2022-01-25"},{"lineNumber":4,"author":{"gitId":"yuqitanyq"},"content":"    }","lastModifiedDate":"2022-01-20"},{"lineNumber":5,"author":{"gitId":"yuqitanyq"},"content":"}","lastModifiedDate":"2022-01-20"}],"authorContributionMap":{"yuqitanyq":5}},{"path":"src/main/java/Event.java","fileType":"java","lines":[{"lineNumber":1,"author":{"gitId":"yuqitanyq"},"content":"public class Event extends Task{","lastModifiedDate":"2022-01-19"},{"lineNumber":2,"author":{"gitId":"yuqitanyq"},"content":"    protected String at;","lastModifiedDate":"2022-01-19"},{"lineNumber":3,"author":{"gitId":"yuqitanyq"},"content":"","lastModifiedDate":"2022-01-19"},{"lineNumber":4,"author":{"gitId":"yuqitanyq"},"content":"    public Event(String description, String at) {","lastModifiedDate":"2022-01-19"},{"lineNumber":5,"author":{"gitId":"yuqitanyq"},"content":"        super(description);","lastModifiedDate":"2022-01-19"},{"lineNumber":6,"author":{"gitId":"yuqitanyq"},"content":"        this.at \u003d at;","lastModifiedDate":"2022-01-19"},{"lineNumber":7,"author":{"gitId":"yuqitanyq"},"content":"    }","lastModifiedDate":"2022-01-19"},{"lineNumber":8,"author":{"gitId":"yuqitanyq"},"content":"","lastModifiedDate":"2022-01-19"},{"lineNumber":9,"author":{"gitId":"yuqitanyq"},"content":"    @Override","lastModifiedDate":"2022-01-19"},{"lineNumber":10,"author":{"gitId":"yuqitanyq"},"content":"    public String toString() {","lastModifiedDate":"2022-01-19"},{"lineNumber":11,"author":{"gitId":"yuqitanyq"},"content":"        return \"[E]\" + super.toString() + \" (at: \" + this.at + \")\";","lastModifiedDate":"2022-01-19"},{"lineNumber":12,"author":{"gitId":"yuqitanyq"},"content":"    }","lastModifiedDate":"2022-01-19"},{"lineNumber":13,"author":{"gitId":"yuqitanyq"},"content":"}","lastModifiedDate":"2022-01-19"}],"authorContributionMap":{"yuqitanyq":13}},{"path":"src/main/java/Task.java","fileType":"java","lines":[{"lineNumber":1,"author":{"gitId":"yuqitanyq"},"content":"public class Task {","lastModifiedDate":"2022-01-19"},{"lineNumber":2,"author":{"gitId":"yuqitanyq"},"content":"    protected String description;","lastModifiedDate":"2022-01-19"},{"lineNumber":3,"author":{"gitId":"yuqitanyq"},"content":"    protected boolean isDone;","lastModifiedDate":"2022-01-19"},{"lineNumber":4,"author":{"gitId":"yuqitanyq"},"content":"","lastModifiedDate":"2022-01-19"},{"lineNumber":5,"author":{"gitId":"yuqitanyq"},"content":"    public Task(String description) {","lastModifiedDate":"2022-01-19"},{"lineNumber":6,"author":{"gitId":"yuqitanyq"},"content":"        this.description \u003d description;","lastModifiedDate":"2022-01-19"},{"lineNumber":7,"author":{"gitId":"yuqitanyq"},"content":"        this.isDone \u003d false;","lastModifiedDate":"2022-01-19"},{"lineNumber":8,"author":{"gitId":"yuqitanyq"},"content":"    }","lastModifiedDate":"2022-01-19"},{"lineNumber":9,"author":{"gitId":"yuqitanyq"},"content":"","lastModifiedDate":"2022-01-19"},{"lineNumber":10,"author":{"gitId":"yuqitanyq"},"content":"    public String getStatusIcon() {","lastModifiedDate":"2022-01-19"},{"lineNumber":11,"author":{"gitId":"yuqitanyq"},"content":"        return (this.isDone ? \"X\" : \" \");","lastModifiedDate":"2022-01-19"},{"lineNumber":12,"author":{"gitId":"yuqitanyq"},"content":"    }","lastModifiedDate":"2022-01-19"},{"lineNumber":13,"author":{"gitId":"yuqitanyq"},"content":"","lastModifiedDate":"2022-01-19"},{"lineNumber":14,"author":{"gitId":"yuqitanyq"},"content":"    public void markAsDone() {","lastModifiedDate":"2022-01-19"},{"lineNumber":15,"author":{"gitId":"yuqitanyq"},"content":"        this.isDone \u003d true;","lastModifiedDate":"2022-01-19"},{"lineNumber":16,"author":{"gitId":"yuqitanyq"},"content":"    }","lastModifiedDate":"2022-01-19"},{"lineNumber":17,"author":{"gitId":"yuqitanyq"},"content":"","lastModifiedDate":"2022-01-19"},{"lineNumber":18,"author":{"gitId":"yuqitanyq"},"content":"    public void markAsUndone() {","lastModifiedDate":"2022-01-19"},{"lineNumber":19,"author":{"gitId":"yuqitanyq"},"content":"        this.isDone \u003d false;","lastModifiedDate":"2022-01-19"},{"lineNumber":20,"author":{"gitId":"yuqitanyq"},"content":"    }","lastModifiedDate":"2022-01-19"},{"lineNumber":21,"author":{"gitId":"yuqitanyq"},"content":"","lastModifiedDate":"2022-01-19"},{"lineNumber":22,"author":{"gitId":"yuqitanyq"},"content":"    @Override","lastModifiedDate":"2022-01-19"},{"lineNumber":23,"author":{"gitId":"yuqitanyq"},"content":"    public String toString() {","lastModifiedDate":"2022-01-19"},{"lineNumber":24,"author":{"gitId":"yuqitanyq"},"content":"        if (this.getStatusIcon().equals(\"X\")) {","lastModifiedDate":"2022-01-19"},{"lineNumber":25,"author":{"gitId":"yuqitanyq"},"content":"            return \"[X] \" + this.description;","lastModifiedDate":"2022-01-20"},{"lineNumber":26,"author":{"gitId":"yuqitanyq"},"content":"        } else {","lastModifiedDate":"2022-01-19"},{"lineNumber":27,"author":{"gitId":"yuqitanyq"},"content":"            return \"[ ] \" + this.description;","lastModifiedDate":"2022-01-19"},{"lineNumber":28,"author":{"gitId":"yuqitanyq"},"content":"        }","lastModifiedDate":"2022-01-19"},{"lineNumber":29,"author":{"gitId":"yuqitanyq"},"content":"    }","lastModifiedDate":"2022-01-19"},{"lineNumber":30,"author":{"gitId":"yuqitanyq"},"content":"}","lastModifiedDate":"2022-01-19"}],"authorContributionMap":{"yuqitanyq":30}},{"path":"src/main/java/Todo.java","fileType":"java","lines":[{"lineNumber":1,"author":{"gitId":"yuqitanyq"},"content":"public class Todo extends Task{","lastModifiedDate":"2022-01-19"},{"lineNumber":2,"author":{"gitId":"yuqitanyq"},"content":"    public Todo(String description) {","lastModifiedDate":"2022-01-19"},{"lineNumber":3,"author":{"gitId":"yuqitanyq"},"content":"        super(description);","lastModifiedDate":"2022-01-19"},{"lineNumber":4,"author":{"gitId":"yuqitanyq"},"content":"    }","lastModifiedDate":"2022-01-19"},{"lineNumber":5,"author":{"gitId":"yuqitanyq"},"content":"","lastModifiedDate":"2022-01-19"},{"lineNumber":6,"author":{"gitId":"yuqitanyq"},"content":"    @Override","lastModifiedDate":"2022-01-19"},{"lineNumber":7,"author":{"gitId":"yuqitanyq"},"content":"    public String toString() {","lastModifiedDate":"2022-01-19"},{"lineNumber":8,"author":{"gitId":"yuqitanyq"},"content":"        return \"[T]\" + super.toString();","lastModifiedDate":"2022-01-19"},{"lineNumber":9,"author":{"gitId":"yuqitanyq"},"content":"    }","lastModifiedDate":"2022-01-19"},{"lineNumber":10,"author":{"gitId":"yuqitanyq"},"content":"}","lastModifiedDate":"2022-01-19"}],"authorContributionMap":{"yuqitanyq":10}},{"path":"text-ui-test/input.txt","fileType":"txt","lines":[{"lineNumber":1,"author":{"gitId":"yuqitanyq"},"content":"todo borrow book","lastModifiedDate":"2022-01-20"},{"lineNumber":2,"author":{"gitId":"yuqitanyq"},"content":"list","lastModifiedDate":"2022-01-20"},{"lineNumber":3,"author":{"gitId":"yuqitanyq"},"content":"deadline return book /by Sunday","lastModifiedDate":"2022-01-20"},{"lineNumber":4,"author":{"gitId":"yuqitanyq"},"content":"event project meeting /at Mon 2-4pm","lastModifiedDate":"2022-01-20"}],"authorContributionMap":{"yuqitanyq":4}}]
