{"authorDailyContributionsMap":{"yuqitanyq":[{"date":"2022-01-16","commitResults":[{"hash":"f4d080026ae87b87606834ab4653494dd2cedf38","messageTitle":"Level 1. Greet, Echo, Exit","messageBody":"","tags":["Level-1"],"fileTypesAndContributionMap":{"java":{"insertions":14,"deletions":1}}}]},{"date":"2022-01-17","commitResults":[{"hash":"6eca5e93e2ca6cb6ea96e62532c485333743918f","messageTitle":"Level 2. Add, List","messageBody":"","tags":["Level-2"],"fileTypesAndContributionMap":{"java":{"insertions":7,"deletions":1}}}]},{"date":"2022-01-19","commitResults":[{"hash":"7d9b53947e75833af082900c745c7ac3adc2447a","messageTitle":"Level 3. Mark as Done","messageBody":"","tags":["Level-3","A-Classes"],"fileTypesAndContributionMap":{"java":{"insertions":61,"deletions":9}}},{"hash":"1f61621565acd696a869712793e764ed5286bcd6","messageTitle":"Level 4. ToDos, Events, Deadlines (Created the child classes)","messageBody":"","fileTypesAndContributionMap":{"java":{"insertions":36,"deletions":0}}},{"hash":"53049ecfeda4b5a10669e3a0be1ecb9f106e830f","messageTitle":"Level 4. ToDos, Events, Deadlines","messageBody":"","tags":["Level-4","A-Inheritance"],"fileTypesAndContributionMap":{"java":{"insertions":18,"deletions":0}}}]},{"date":"2022-01-20","commitResults":[{"hash":"1c1059ccbd93a48087069b90843971169d360e1b","messageTitle":"Text UI Testing (Test using I/O redirection technique)","messageBody":"","tags":["A-TextUiTesting"],"fileTypesAndContributionMap":{"txt":{"insertions":4,"deletions":0},"java":{"insertions":1,"deletions":0}}},{"hash":"4b3f51022fb9eeac731a31ba80922e385c2efbb2","messageTitle":"Level 5. Handle Errors","messageBody":"","tags":["Level-5"],"fileTypesAndContributionMap":{"java":{"insertions":26,"deletions":7}}},{"hash":"370f6c4cce5525deb67ede0f6f706684acdcc0a1","messageTitle":"Level 6. Delete","messageBody":"","tags":["Level-6"],"fileTypesAndContributionMap":{"java":{"insertions":8,"deletions":1}}}]},{"date":"2022-01-25","commitResults":[{"hash":"e9ca6c6cb49cc2c901c8582c161a042a193071ac","messageTitle":"Refactor Code For Readability","messageBody":"The code base has become too long in Duke.java.\n\nThis makes it hard to read and add code into existing codebase.\n\nLet\u0027s refactor and abstract out methods to improve readability.\n","fileTypesAndContributionMap":{"java":{"insertions":115,"deletions":79}}}]},{"date":"2022-01-26","commitResults":[{"hash":"6992ecc5282f4eea2590e44c046d6685ac4de751","messageTitle":"Change Name Conventions","messageBody":"Current naming conventions are not in imperative form.\n\nLet\u0027s change them to imperative form.\n","fileTypesAndContributionMap":{"java":{"insertions":6,"deletions":6}}}]},{"date":"2022-01-27","commitResults":[{"hash":"8c23533d0780c9769a9a0a83c6116220fefc34f3","messageTitle":"Level 7. Save","messageBody":"The current Duke does not enable a saving feature.\n\nThis makes the chatbot lose all its data once the program ends.\n\nLet\u0027s enable a saving feature through file reader and file writer.\n","fileTypesAndContributionMap":{"java":{"insertions":105,"deletions":19}}},{"hash":"3ac1bf140ba1c96c08fca85adcfd44b1880512bb","messageTitle":"Level 8. Dates and Times.","messageBody":"The chatbot still recognises date and time as strings.\n\nWe can do better than that. We can make sure the date gets recognised as date objects.\n\nLet\u0027s parse the string date into the date object to create the date.\n","fileTypesAndContributionMap":{"java":{"insertions":30,"deletions":10}}}]},{"date":"2022-01-28","commitResults":[{"hash":"2722222a66519871638360c70b5233649329505b","messageTitle":"A-MoreOOP Refactor code to abstract out more classes","messageBody":"Current state has everything contained within Duke class.\n\nThis is not ideal for scaling of code.\n\nLet\u0027s refactor the code to include the Ui class, Storage class, Parser class and Tasklist class.\n","tags":["A-MoreOOP"],"fileTypesAndContributionMap":{"java":{"insertions":282,"deletions":186}}},{"hash":"bd678ca8b049d83363f9181cdc76e8feea84d9b4","messageTitle":"A-Packages Organise classes into suitable java packages","messageBody":"Currently there\u0027s no packaging for the classes.\n\nThis could lead to confusion as more classes are created.\n\nLet\u0027s package the classes into various packages to organise them.\n","tags":["A-Packages"],"fileTypesAndContributionMap":{"java":{"insertions":45,"deletions":8}}}]},{"date":"2022-01-29","commitResults":[{"hash":"4717a7691631f8d4223af92b47f1234c55b5f0be","messageTitle":"A-JUnit Add several JUnit tests to ensure methods used are working well","messageBody":"Codebase does not have unit testing right now.\n\nUnit Testing can be helpful in identifying bugs early.\n\nLet\u0027s include JUnit tests to make sure code is tested regularly.\n","tags":["A-Jar","A-JUnit"],"fileTypesAndContributionMap":{"java":{"insertions":107,"deletions":3}}}]},{"date":"2022-01-30","commitResults":[{"hash":"2dde591442ae78081c3f7306822c363ab7aa30dc","messageTitle":"A-JavaDoc Include JavaDocs for the codebase.","messageBody":"Current codebase does not have JavaDocs for documentation.\n\nThis makes it hard to understand code and debugging.\n\nLet\u0027s include JavaDocs for all public methods and classes.\n","fileTypesAndContributionMap":{"java":{"insertions":234,"deletions":10}}},{"hash":"263badc2af74082bc9eedc978df79831aabc5c30","messageTitle":"A-CodingStandard Fix Code styling via coding standards.","messageBody":"Current code base has some issues regarding styling that violate coding standards.\n\nImplementing the same coding standard will help increase readability of code.\n\nLet\u0027s adjust the styling mistakes and rectify them according to coding standards.\n","fileTypesAndContributionMap":{"java":{"insertions":11,"deletions":11}}},{"hash":"6c918cd40825cc0a0d7251843bb1621fe9a20736","messageTitle":"Level-9 Find tasks based on description","messageBody":"Current implementation does not allow users to search for a task.\n\nNot being able to search in a long list might be problematic.\n\nLet\u0027s create a search function.\n","fileTypesAndContributionMap":{"java":{"insertions":23,"deletions":1}}},{"hash":"f1177ade672ecb6808eeac3c8b80c9fff1213f8d","messageTitle":"Added some more JavaDocs","messageBody":"","fileTypesAndContributionMap":{"java":{"insertions":6,"deletions":0}}}]},{"date":"2022-01-31","commitResults":[{"hash":"d1f5dd6686c0f8d784e247576e8b0ea3fa68be93","messageTitle":"Modify build.gradle file","messageBody":"","fileTypesAndContributionMap":{"gradle":{"insertions":3,"deletions":1}}}]},{"date":"2022-02-01","commitResults":[{"hash":"76faf55089f76a62aa65daa608783670fe179039","messageTitle":"A-CheckStyle Use Checkstyle","messageBody":"Current implementation has no way to check if style is consistent.\n\nThis leads to inconsistency.\n\nLet\u0027s include a way to check for styling.\n","fileTypesAndContributionMap":{"java":{"insertions":51,"deletions":29},"sh":{"insertions":74,"deletions":0}}},{"hash":"dfb4cc451ea09449bbd6810aff985b28d29bbd84","messageTitle":"Revert \"Modify build.gradle file\"","messageBody":"This reverts commit d1f5dd6686c0f8d784e247576e8b0ea3fa68be93.\n","fileTypesAndContributionMap":{"gradle":{"insertions":1,"deletions":3}}},{"hash":"9c978dd3848c3fba333cac09f088fcdbecf61e84","messageTitle":"Revert \"Revert \"Modify build.gradle file\"\"","messageBody":"This reverts commit dfb4cc451ea09449bbd6810aff985b28d29bbd84.\n","fileTypesAndContributionMap":{"gradle":{"insertions":3,"deletions":1}}}]},{"date":"2022-02-05","commitResults":[{"hash":"68aa135e8f949a75129b3b077db24f6e61d71a28","messageTitle":"Setting up files for GUI","messageBody":"","fileTypesAndContributionMap":{"gradle":{"insertions":18,"deletions":1},"fxml":{"insertions":35,"deletions":0},"java":{"insertions":156,"deletions":0}}}]},{"date":"2022-02-06","commitResults":[{"hash":"9d4ab395afb2ceae3608f7aa490cfcc75fa9030c","messageTitle":"Level 10. GUI","messageBody":"Current state still uses a text based UI.\n\nThis is not user friendly.\n\nLet\u0027s include a GUI into the chatbot to improve the user experience.\n","tags":["Level-10"],"fileTypesAndContributionMap":{"fxml":{"insertions":19,"deletions":8},"java":{"insertions":73,"deletions":100}}},{"hash":"2e16c0c98361a55bd7b1d5bee6bd15920a957ead","messageTitle":"Fix Frontend Bugs","messageBody":"","fileTypesAndContributionMap":{"fxml":{"insertions":1,"deletions":1},"java":{"insertions":2,"deletions":0}}},{"hash":"644d312ffa1755ca98aedf377b3001110a2235b1","messageTitle":"Fixed GUI Frontend Scrollpane","messageBody":"","fileTypesAndContributionMap":{"fxml":{"insertions":11,"deletions":7}}},{"hash":"3c7abe0aaf646dd0aeee3351147c8d95d1b52fa6","messageTitle":"Removed Logo","messageBody":"","fileTypesAndContributionMap":{"java":{"insertions":2,"deletions":8}}},{"hash":"303b6160bda8b2e39b67850dfc0eaf8c6b47d16b","messageTitle":"Change Font Family For Send Button","messageBody":"","fileTypesAndContributionMap":{"fxml":{"insertions":5,"deletions":1}}}]},{"date":"2022-02-08","commitResults":[{"hash":"c01f6de273ace18572f7517f7d2b9426e2c0eb17","messageTitle":"Fix Bugs Regarding Date Format When Parsing Date","messageBody":"","fileTypesAndContributionMap":{"java":{"insertions":2,"deletions":1}}}]},{"date":"2022-02-11","commitResults":[{"hash":"f096a792817a15d814cb09dd99ad92a9cadd8444","messageTitle":"Updated All Javadocs comments.","messageBody":"","fileTypesAndContributionMap":{"java":{"insertions":46,"deletions":2}}},{"hash":"b2de13bc3e7065acd4c71bdec7e85d76ad6320eb","messageTitle":"Add Changes Based On Reviews On Pull Requests.","messageBody":"","tags":["A-NewJar"],"fileTypesAndContributionMap":{"java":{"insertions":20,"deletions":14}}}]}]},"authorFileTypeContributionMap":{"yuqitanyq":{"java":989,"md":0,"fxml":54,"sh":74,"bat":0,"gradle":19,"txt":4}},"authorContributionVariance":{"yuqitanyq":14553.836},"authorDisplayNameMap":{"yuqitanyq":"CS2103T-W14-1 TAN ..U QI"}}
