{"authorDailyContributionsMap":{"thewrik":[{"date":"2022-01-20","commitResults":[{"hash":"026bf0a624726addcb5cfb204320af07be5df916","messageTitle":"Level 1 - Greeting Messages","messageBody":"Stylised Greeting Messages, basic echoing capacity added.\n","tags":["Level-1"],"fileTypesAndContributionMap":{"java":{"insertions":33,"deletions":6}}},{"hash":"65f9ddde3a2700845d461c3b2338960e737b50d2","messageTitle":"Level-2 Add and List of Tasks","messageBody":"Created modularity of Tasks, addition and listing functionality added.\n","tags":["Level-2","A-Collections","A-Classes"],"fileTypesAndContributionMap":{"java":{"insertions":50,"deletions":1}}},{"hash":"65ad47770b11a37ada2a3db188d5aa835344a616","messageTitle":"Level-3 Mark as Done","messageBody":"Mark and Unmark functionality added to each task.\n","tags":["Level-3"],"fileTypesAndContributionMap":{"java":{"insertions":32,"deletions":1}}},{"hash":"51577ba07ec8b7625af6f123adc29d1ce7680bb8","messageTitle":"Level-4 Support Task Types","messageBody":"Support added for 3 different Task types (ToDos, Events, Deadlines), backwards compatible with Task without type mentioned.\n","tags":["Level-4","A-Inheritance"],"fileTypesAndContributionMap":{"java":{"insertions":71,"deletions":4}}},{"hash":"fe37fc21fac7ae969095f192f08b204d686c092f","messageTitle":"A-Enums","messageBody":"Changed commands to Enum structure.\n","tags":["A-Enums"],"fileTypesAndContributionMap":{"java":{"insertions":20,"deletions":14}}},{"hash":"517f5fc02f1d929084093c02d99eda30cee3a879","messageTitle":"Level-5 Error Handling","messageBody":"Handles the following errors:\n- Commands outside the scope\n- Commands without task names for task addition commands\n- Commands without relevant time fields for task additions where required.\n","tags":["Level-5","A-Exceptions"],"fileTypesAndContributionMap":{"java":{"insertions":57,"deletions":14}}},{"hash":"cadf91d81567564fbb8de46fe77d96829ea77e9a","messageTitle":"Level-6 Delete","messageBody":"Deletion Support added, Implementation changed to use factory methods.\n","tags":["Level-6"],"fileTypesAndContributionMap":{"java":{"insertions":54,"deletions":39}}},{"hash":"13ad7394540ab1b21c18834dc4c0c192389b0a46","messageTitle":"Refractor","messageBody":"","tags":["A-TextUiTesting"],"fileTypesAndContributionMap":{"txt":{"insertions":87,"deletions":0},"java":{"insertions":20,"deletions":20}}}]},{"date":"2022-01-22","commitResults":[{"hash":"f5401ce969f1115539de29b64cd2bba6328cb476","messageTitle":"Level-7 Save functionality","messageBody":"Save file option added through Storage class, tasklist autosaved after every update, save command support added.\n","tags":["Level-7"],"fileTypesAndContributionMap":{"txt":{"insertions":2,"deletions":0},"java":{"insertions":65,"deletions":1}}},{"hash":"47a4ab9c6cc4644dc9dfe6d448db5ceae63b1b9e","messageTitle":"Level-8 Basic Datetime Support added","messageBody":"Uses LocalDate type, handles dd-mm-yyyy formats exclusives, for event and deadline tasks.\n","fileTypesAndContributionMap":{"java":{"insertions":22,"deletions":6}}},{"hash":"52233ba2e7bc1c6274e05bcee30b8a83ce31f545","messageTitle":"Level-8 DateTime","messageBody":"Date print format changed.\n","tags":["Level-8"],"fileTypesAndContributionMap":{"java":{"insertions":2,"deletions":2}}},{"hash":"8727087605ca12bf246e528f9af04a15edd91eba","messageTitle":"fix merge conflicts, imports","messageBody":"","fileTypesAndContributionMap":{"java":{"insertions":1,"deletions":2}}},{"hash":"f67e15c2cf82795fac9fbfdb5fa9e015f7fbd201","messageTitle":"Revert \"Level-8 DateTime\"","messageBody":"This reverts commit 52233ba2e7bc1c6274e05bcee30b8a83ce31f545.\n","fileTypesAndContributionMap":{"java":{"insertions":2,"deletions":2}}},{"hash":"81e023b9c2b1562953b70b938819845e8224bb78","messageTitle":"Level-8 Basic Datetime Support added","messageBody":"Uses LocalDate type, handles dd-mm-yyyy formats exclusives, for event and deadline tasks.\n","fileTypesAndContributionMap":{"java":{"insertions":21,"deletions":6}}},{"hash":"7d4703eb47182c165099277d2b0d4fbfff10f8d2","messageTitle":"Level-8 DateTime","messageBody":"Date print format changed.\n","fileTypesAndContributionMap":{"java":{"insertions":2,"deletions":2}}}]},{"date":"2022-01-27","commitResults":[{"hash":"f06a76966bfa6f3f7ff8105c6d1fb5afb363fc07","messageTitle":"A-MoreOOP Refractoring and Organising","messageBody":"","tags":["A-Packages","A-MoreOOP"],"fileTypesAndContributionMap":{"txt":{"insertions":13,"deletions":10},"java":{"insertions":203,"deletions":159},"bat":{"insertions":1,"deletions":1},"md":{"insertions":2,"deletions":2}}}]},{"date":"2022-01-28","commitResults":[{"hash":"34a1f6d501c561b203d77ca1db102dfe26a42e0d","messageTitle":"A-Junit Tests added","messageBody":"Testing added to Task Manager, supporting 4 key functions.\n","tags":["A-Jar","A-JUnit"],"fileTypesAndContributionMap":{"txt":{"insertions":1,"deletions":2},"java":{"insertions":86,"deletions":6}}},{"hash":"7b177de2821e6a84d5f13f96b7ee3239718b7f1a","messageTitle":"JAR Creation changes","messageBody":"","fileTypesAndContributionMap":{"txt":{"insertions":1,"deletions":3}}},{"hash":"f51a0d58ea0d7c163a87503b63a29b2b2b9bf0b4","messageTitle":"Level-9 Find Functionality Added","messageBody":"Find functionality added through Stream API\n","tags":["Level-9"],"fileTypesAndContributionMap":{"txt":{"insertions":4,"deletions":2},"java":{"insertions":29,"deletions":0}}},{"hash":"7efa54ab5f35bd36b0fa2d3e816e12c2af3c9720","messageTitle":"A-CodingStandard","messageBody":"config file added, changes made accordingly\n","tags":["A-CodingStandard"],"fileTypesAndContributionMap":{"java":{"insertions":30,"deletions":28}}},{"hash":"f5cfc70c5b886ed021f5ec35849a81640422909c","messageTitle":"A-JavaDoc added","messageBody":"JavaDoc added\n","tags":["A-JavaDoc"],"fileTypesAndContributionMap":{"java":{"insertions":8,"deletions":1}}}]}]},"authorFileTypeContributionMap":{"thewrik":{"java":490,"md":2,"fxml":0,"sh":0,"bat":1,"gradle":0,"txt":91}},"authorContributionVariance":{"thewrik":25412.514},"authorDisplayNameMap":{"thewrik":"CS2103T-T11-4 WRIK..AKAR"}}
