{"authorDailyContributionsMap":{"benmurphyy":[{"date":"2022-01-15","commitResults":[{"hash":"fcbfc62ccda80fe3ac4b21c28686df75634ed3ab","messageTitle":"Level 1 fnished","messageBody":"","tags":["Level-1"],"fileTypesAndContributionMap":{"java":{"insertions":32,"deletions":0}}},{"hash":"59c51b31842f4ead6a6ae05df1028bb4f505d3ae","messageTitle":"Level 2 finished.","messageBody":"","tags":["Level-2"],"fileTypesAndContributionMap":{"java":{"insertions":12,"deletions":3}}}]},{"date":"2022-01-16","commitResults":[{"hash":"ebd0569833e3e117ecd982957d7d75c14f8b62ff","messageTitle":"Level 3 finished.","messageBody":"","tags":["Level-3"],"fileTypesAndContributionMap":{"java":{"insertions":128,"deletions":12}}},{"hash":"5e5a0455f42575c593161d9ff73adbf8840e85a4","messageTitle":"Level 4 finished.","messageBody":"","tags":["Level-4"],"fileTypesAndContributionMap":{"java":{"insertions":110,"deletions":5}}},{"hash":"8de5ea1aed1ad102caad881ba56c0f9bf82d1115","messageTitle":"A-TextUiTesting","messageBody":"","tags":["A-TextUiTesting"],"fileTypesAndContributionMap":{"txt":{"insertions":9,"deletions":0},"sh":{"insertions":0,"deletions":0}}}]},{"date":"2022-01-17","commitResults":[{"hash":"a3f2dbb4d6a2fb7861ee86b44b9f93f8c2188c2a","messageTitle":"Level 5 finished.","messageBody":"","tags":["Level-5"],"fileTypesAndContributionMap":{"txt":{"insertions":3,"deletions":0},"java":{"insertions":17,"deletions":0}}},{"hash":"6e44225e51de34b837b6f35b5b3e7258822a4cea","messageTitle":"Level-6 finished, added more exception handling","messageBody":"","fileTypesAndContributionMap":{"txt":{"insertions":5,"deletions":0},"java":{"insertions":10,"deletions":10}}}]},{"date":"2022-01-22","commitResults":[{"hash":"a3ee267788e157e1d7d34078ff1d258d54ee199f","messageTitle":"Save progress before checkout","messageBody":"","fileTypesAndContributionMap":{"java":{"insertions":11,"deletions":0}}},{"hash":"42f6ed2da8d7612d3dd1076554dc7cbf4b8d4a60","messageTitle":"Save progress before checkout","messageBody":"","fileTypesAndContributionMap":{"java":{"insertions":211,"deletions":37}}},{"hash":"cca87d8b5359a087ce3f396c2e37a21aa31b6fb5","messageTitle":"Add storage of tasks","messageBody":"","fileTypesAndContributionMap":{"txt":{"insertions":1,"deletions":0},"java":{"insertions":114,"deletions":23}}},{"hash":"0d1db26c5c8e7fb3da7adf187c576f22d2f9faf4","messageTitle":"Fix some merge issues, update directory structure","messageBody":"","fileTypesAndContributionMap":{"java":{"insertions":64,"deletions":45}}},{"hash":"6c2f221dab2491856664339f1c794a8c9e6f1f2b","messageTitle":"Update directory names","messageBody":"","tags":["Level-6"],"fileTypesAndContributionMap":{"txt":{"insertions":13,"deletions":2},"java":{"insertions":19,"deletions":22}}},{"hash":"c7a8d9fb0d061125316b4ff5d37e5e8bde84e280","messageTitle":"Add more OOP","messageBody":"","tags":["A-MoreOOP"],"fileTypesAndContributionMap":{"txt":{"insertions":9,"deletions":0},"java":{"insertions":195,"deletions":166}}},{"hash":"84e16a86c01554d2737ea1da10608f6c5ab03dbb","messageTitle":"Refactor all code under duke package","messageBody":"","tags":["A-Packages"],"fileTypesAndContributionMap":{"txt":{"insertions":1,"deletions":1},"java":{"insertions":54,"deletions":44},"bat":{"insertions":1,"deletions":1},"md":{"insertions":2,"deletions":2}}},{"hash":"e41eb867ef0121e73e74061c7463e3515ec0ec6e","messageTitle":"Add JUnit Testing","messageBody":"","tags":["A-JUnit"],"fileTypesAndContributionMap":{"java":{"insertions":49,"deletions":0}}},{"hash":"11b8b5069ae386de860fd37f42a5b5d7847344ea","messageTitle":"Remove redundant code","messageBody":"","tags":["A-JavaDoc","A-Jar","A-CodingStandard"],"fileTypesAndContributionMap":{"java":{"insertions":0,"deletions":15}}},{"hash":"2f948018629f7e77be8be32adb2553a912fef394","messageTitle":"Add ability to get list of tasks from search using keyword.","messageBody":"","tags":["Level-9"],"fileTypesAndContributionMap":{"txt":{"insertions":12,"deletions":1},"java":{"insertions":40,"deletions":1}}}]}]},"authorFileTypeContributionMap":{"benmurphyy":{"java":695,"md":2,"fxml":0,"sh":0,"bat":1,"gradle":0,"txt":49}},"authorContributionVariance":{"benmurphyy":128472.22},"authorDisplayNameMap":{"benmurphyy":"BEN ..RPHY"}}
