{"authorDailyContributionsMap":{"Spyobird":[{"date":"2022-01-18","commitResults":[{"hash":"bc541b0bbf3e17ee93b5bfb449d883056eefd660","messageTitle":"Rename Duke.java to Juke.java; add greet, echo and exit functionality to Juke.java","messageBody":"","tags":["Level-1"],"fileTypesAndContributionMap":{"java":{"insertions":54,"deletions":10}}}]},{"date":"2022-01-19","commitResults":[{"hash":"302ce61d47b6ddca56680c1a0782fd92b5ca754c","messageTitle":"Juke.java: add functionality for add, display task list","messageBody":"","tags":["Level-2"],"fileTypesAndContributionMap":{"java":{"insertions":56,"deletions":13}}},{"hash":"ce85236711e21da26c0769629023ea5ef6b200fb","messageTitle":"Add Task.java; Add TaskStatus.java","messageBody":"","tags":["A-Enums"],"fileTypesAndContributionMap":{"java":{"insertions":44,"deletions":0}}},{"hash":"67f5a189f4f48c90f11b476a603313cc3ab05023","messageTitle":"Juke.java: Add token/delimitting of input; Add mark/unmark for task list","messageBody":"","tags":["Level-3","A-Classes"],"fileTypesAndContributionMap":{"java":{"insertions":59,"deletions":14}}},{"hash":"152a505a2d3ee1c14b30078317d9ef8cb45a14db","messageTitle":"Add Deadline.java; Add Event.java; Add Todo.java","messageBody":"","tags":["A-Inheritance"],"fileTypesAndContributionMap":{"java":{"insertions":53,"deletions":0}}},{"hash":"c9293870b1d0f4e3c7747174c09b2cbbee2db68b","messageTitle":"Task.java: Made abstract","messageBody":"","fileTypesAndContributionMap":{"java":{"insertions":6,"deletions":4}}},{"hash":"fce78140a8008bd45460ae15101b7ee9394eadf4","messageTitle":"Juke.java: Add functionality for more types of tasks (todo, deadline, events)","messageBody":"","tags":["Level-4"],"fileTypesAndContributionMap":{"java":{"insertions":155,"deletions":59}}},{"hash":"edf49da8d26b77a6ec9334c85d9c190d1815a3df","messageTitle":"Update I/O redirection for semi-auto testing","messageBody":"","tags":["A-TextUiTesting"],"fileTypesAndContributionMap":{"txt":{"insertions":1,"deletions":0},"bat":{"insertions":2,"deletions":2}}}]},{"date":"2022-01-20","commitResults":[{"hash":"32303f2c0e5f6c0e31cb1df71dd832190d4265b0","messageTitle":"Add JukeException.java; Add sub-classes of JukeException.java","messageBody":"","tags":["A-Exceptions"],"fileTypesAndContributionMap":{"java":{"insertions":105,"deletions":0}}},{"hash":"6c9f0d0fedfbd9b4e69855372dedc6eca342c148","messageTitle":"Move Task.java, Deadline.java, Event.java, TaskStatus.java, Todo.java to the task package","messageBody":"","fileTypesAndContributionMap":{"java":{"insertions":11,"deletions":0}}},{"hash":"d84d555235374f19301d17a456baad057396201f","messageTitle":"Juke.java: Add basic error handling","messageBody":"","tags":["Level-5"],"fileTypesAndContributionMap":{"java":{"insertions":49,"deletions":39}}}]}]},"authorFileTypeContributionMap":{"Spyobird":{"java":463,"md":0,"fxml":0,"sh":0,"bat":2,"gradle":0,"txt":1}},"authorContributionVariance":{"Spyobird":26764.408},"authorDisplayNameMap":{"Spyobird":"ELLI..YONG"}}
