{"authorDailyContributionsMap":{"Spyobird":[{"date":"2022-01-18","commitResults":[{"hash":"bc541b0bbf3e17ee93b5bfb449d883056eefd660","messageTitle":"Rename Duke.java to Juke.java; add greet, echo and exit functionality to Juke.java","messageBody":"","tags":["Level-1"],"fileTypesAndContributionMap":{"java":{"insertions":54,"deletions":10}}}]},{"date":"2022-01-19","commitResults":[{"hash":"302ce61d47b6ddca56680c1a0782fd92b5ca754c","messageTitle":"Juke.java: add functionality for add, display task list","messageBody":"","tags":["Level-2"],"fileTypesAndContributionMap":{"java":{"insertions":56,"deletions":13}}},{"hash":"ce85236711e21da26c0769629023ea5ef6b200fb","messageTitle":"Add Task.java; Add TaskStatus.java","messageBody":"","tags":["A-Enums"],"fileTypesAndContributionMap":{"java":{"insertions":44,"deletions":0}}},{"hash":"67f5a189f4f48c90f11b476a603313cc3ab05023","messageTitle":"Juke.java: Add token/delimitting of input; Add mark/unmark for task list","messageBody":"","tags":["Level-3","A-Classes"],"fileTypesAndContributionMap":{"java":{"insertions":59,"deletions":14}}},{"hash":"152a505a2d3ee1c14b30078317d9ef8cb45a14db","messageTitle":"Add Deadline.java; Add Event.java; Add Todo.java","messageBody":"","tags":["A-Inheritance"],"fileTypesAndContributionMap":{"java":{"insertions":53,"deletions":0}}},{"hash":"c9293870b1d0f4e3c7747174c09b2cbbee2db68b","messageTitle":"Task.java: Made abstract","messageBody":"","fileTypesAndContributionMap":{"java":{"insertions":6,"deletions":4}}},{"hash":"fce78140a8008bd45460ae15101b7ee9394eadf4","messageTitle":"Juke.java: Add functionality for more types of tasks (todo, deadline, events)","messageBody":"","tags":["Level-4"],"fileTypesAndContributionMap":{"java":{"insertions":155,"deletions":59}}},{"hash":"edf49da8d26b77a6ec9334c85d9c190d1815a3df","messageTitle":"Update I/O redirection for semi-auto testing","messageBody":"","tags":["A-TextUiTesting"],"fileTypesAndContributionMap":{"txt":{"insertions":1,"deletions":0},"bat":{"insertions":2,"deletions":2}}}]},{"date":"2022-01-20","commitResults":[{"hash":"32303f2c0e5f6c0e31cb1df71dd832190d4265b0","messageTitle":"Add JukeException.java; Add sub-classes of JukeException.java","messageBody":"","tags":["A-Exceptions"],"fileTypesAndContributionMap":{"java":{"insertions":105,"deletions":0}}},{"hash":"6c9f0d0fedfbd9b4e69855372dedc6eca342c148","messageTitle":"Move Task.java, Deadline.java, Event.java, TaskStatus.java, Todo.java to the task package","messageBody":"","fileTypesAndContributionMap":{"java":{"insertions":11,"deletions":0}}},{"hash":"d84d555235374f19301d17a456baad057396201f","messageTitle":"Juke.java: Add basic error handling","messageBody":"","tags":["Level-5"],"fileTypesAndContributionMap":{"java":{"insertions":49,"deletions":39}}},{"hash":"8fdc598eab15809eeee4bad074892595d1dfbb12","messageTitle":"Juke.java: Add delete functionality, Replace array with collection","messageBody":"","tags":["Level-6","A-Collections"],"fileTypesAndContributionMap":{"java":{"insertions":42,"deletions":25}}}]},{"date":"2022-01-26","commitResults":[{"hash":"46eae2692acff26c1d5b77df12a08b3bce052612","messageTitle":"Add FileManager.java; Add PrintHelper.java","messageBody":"","fileTypesAndContributionMap":{"java":{"insertions":4,"deletions":0}}},{"hash":"aa03c2e4fd076d1d2ed02c6505cf58e4aa52ec11","messageTitle":"Juke.java: Add file save functionality; Task.java: Add getStatus method","messageBody":"","fileTypesAndContributionMap":{"java":{"insertions":216,"deletions":32}}},{"hash":"e289c0b9f71425f2a34fd4e152c1e3373b81b5a6","messageTitle":"Add directory for juke.txt config file","messageBody":"","fileTypesAndContributionMap":{"txt":{"insertions":0,"deletions":0}}},{"hash":"d1881509b562584f7bb952feccdb8665d26a51eb","messageTitle":"Shift files to new package","messageBody":"","fileTypesAndContributionMap":{"java":{"insertions":43,"deletions":33}}},{"hash":"dde639601a374c2abf04f60ee3ab4e4a8176d321","messageTitle":"Add DateTimeHandler.java","messageBody":"","fileTypesAndContributionMap":{"java":{"insertions":53,"deletions":0}}}]},{"date":"2022-01-28","commitResults":[{"hash":"4e5fab740f7e1af918a584ba8373fa6398fee6b6","messageTitle":"Add Command.java, CommandHandler.java, EchoCommand.java, Result.java","messageBody":"","fileTypesAndContributionMap":{"java":{"insertions":200,"deletions":0}}},{"hash":"d012d5e4897295233578c7b27944be54d4751417","messageTitle":"Add Parser.java, Storage.java, TaskList.java, Ui.java","messageBody":"","fileTypesAndContributionMap":{"java":{"insertions":116,"deletions":0}}},{"hash":"c7f8fa7582049c82e4e0380e5391c1ed2869cd5e","messageTitle":"Juke.java: Add echo as test command","messageBody":"","fileTypesAndContributionMap":{"java":{"insertions":37,"deletions":33}}}]},{"date":"2022-01-29","commitResults":[{"hash":"acfadfd420153ef4b1466f3a8cdf473d42d74052","messageTitle":"Add JavaDoc","messageBody":"","fileTypesAndContributionMap":{"java":{"insertions":211,"deletions":5}}},{"hash":"dad82ae3ec449d75b1d2bf99f28ab88617d925d9","messageTitle":"Add remainder of JavaDoc","messageBody":"","fileTypesAndContributionMap":{"java":{"insertions":181,"deletions":3}}},{"hash":"9c8d18b1dcba4bd454e438c10cb1438858857212","messageTitle":"Change variable declaration to fit coding standard","messageBody":"","fileTypesAndContributionMap":{"java":{"insertions":8,"deletions":17}}},{"hash":"7244d0626cb94ea6fd5654a0337f865da7bc5aef","messageTitle":"Add find function","messageBody":"","fileTypesAndContributionMap":{"txt":{"insertions":2,"deletions":0},"java":{"insertions":36,"deletions":0}}},{"hash":"29592f35476e7c505fb5bd10cf0a2c7ae8352abd","messageTitle":"Task.java: Remove accidental explicit class declaration","messageBody":"","tags":["A-CodingStandard"],"fileTypesAndContributionMap":{"java":{"insertions":1,"deletions":1}}},{"hash":"540db410198652e0f89418ae76ce6e68424b9b4f","messageTitle":"Tidy up Result.java and associated classes","messageBody":"","fileTypesAndContributionMap":{"java":{"insertions":64,"deletions":62}}}]},{"date":"2022-02-04","commitResults":[{"hash":"9bde51972c077628e009d30812276125ec306695","messageTitle":"Add subclasses for Command.java; Juke.java: Update with new command usage","messageBody":"","fileTypesAndContributionMap":{"txt":{"insertions":1,"deletions":1},"java":{"insertions":659,"deletions":81}}},{"hash":"e65e0f73d752c432aaee2fb17fa791c8ecf5b94b","messageTitle":"Juke.java: Simplify switch cases to a simple UI loop; Ui.java: Create UI loop","messageBody":"","fileTypesAndContributionMap":{"txt":{"insertions":3,"deletions":3},"java":{"insertions":117,"deletions":161}}},{"hash":"d4afec8276f468825e7c4a2e8ee2348226d72e3d","messageTitle":"Add storage functionailty, clean up rough code; Juke.java: Clean up running loop; Storage.java: Handle storage functions","messageBody":"","fileTypesAndContributionMap":{"java":{"insertions":188,"deletions":64}}},{"hash":"952c971c11448a7e67ce084f69af1c701088e348","messageTitle":"Delete FileManager.java and PrintHelper.java which are replaced by Ui.java and Storage.java","messageBody":"","fileTypesAndContributionMap":{"java":{"insertions":0,"deletions":160}}},{"hash":"a4a8b49c6d82f8a589f4a059c0ad490a0ede4423","messageTitle":"Storage.java: Fix a small bug with Juke instances","messageBody":"","tags":["A-Varargs","A-MoreOOP"],"fileTypesAndContributionMap":{"txt":{"insertions":3,"deletions":3},"java":{"insertions":22,"deletions":15}}},{"hash":"b8f64f39dc41dc8127d9aa354cacf8ad211cbad7","messageTitle":"Add tests for Parser.java and Ui.java","messageBody":"","fileTypesAndContributionMap":{"txt":{"insertions":0,"deletions":0},"java":{"insertions":86,"deletions":1}}},{"hash":"15d20cca2a89f84d11cad2458f54777170287481","messageTitle":"Add ParserTest.java (missed on last commit)","messageBody":"","tags":["A-JUnit"],"fileTypesAndContributionMap":{"java":{"insertions":40,"deletions":1}}}]},{"date":"2022-02-05","commitResults":[{"hash":"55368888f14f3244920ac2e6cd9e1649047cf0df","messageTitle":"Delete unneeded exceptions; Add more descriptive responses","messageBody":"","fileTypesAndContributionMap":{"txt":{"insertions":3,"deletions":3},"java":{"insertions":85,"deletions":306}}},{"hash":"f3379f06879832bd6900aee62f329111d2521a64","messageTitle":"Add exception handling for AddCommand.java with regards to date and time parsing","messageBody":"","fileTypesAndContributionMap":{"java":{"insertions":32,"deletions":23}}}]},{"date":"2022-02-07","commitResults":[{"hash":"ae9cec8b17351cf30e03a233fca7fbfa55b02a5a","messageTitle":"Storage.java: Change spelling","messageBody":"","fileTypesAndContributionMap":{"java":{"insertions":2,"deletions":2}}},{"hash":"84d643f3d7d1f3db3b65685a0328815396d21ab8","messageTitle":"build.gradle: Change main class name","messageBody":"","fileTypesAndContributionMap":{"gradle":{"insertions":2,"deletions":2}}},{"hash":"a4b301a7a5ded79472425f9b76bb19532d279427","messageTitle":"Fix a typo with \"errorneous\"","messageBody":"","fileTypesAndContributionMap":{"java":{"insertions":8,"deletions":8}}},{"hash":"dfcc2dfb37504093b0075bacbd9db5c9c5bdb07d","messageTitle":"build.gradle: Update main class name for shadowJar; Result.java: Type cast to String[] to suppress warnings","messageBody":"","fileTypesAndContributionMap":{"gradle":{"insertions":1,"deletions":1},"java":{"insertions":1,"deletions":1}}},{"hash":"207703b40d4e818f2bdc06e30d2c2fce12b94e92","messageTitle":"Reformat for checkstyle errors","messageBody":"","fileTypesAndContributionMap":{"java":{"insertions":186,"deletions":187}}}]},{"date":"2022-02-08","commitResults":[{"hash":"22cc91c39e91cd74cbddc186cbcebc12712c7b14","messageTitle":"Add basic JavaFX setup","messageBody":"","fileTypesAndContributionMap":{"gradle":{"insertions":8,"deletions":2},"java":{"insertions":31,"deletions":10}}},{"hash":"0bff5ad8bc9629d19c8e2d12bd4e097291c19375","messageTitle":"Adjust characters for better CLI support","messageBody":"","tags":["A-Jar"],"fileTypesAndContributionMap":{"java":{"insertions":5,"deletions":5}}},{"hash":"e549dc984043aa089f3cf93cfdace1e42b8098d2","messageTitle":"Move and rename Ui.java to TextUi.java; Rename UiTest.java to TextUiTest.java; Create Gui.java; Initialize basic components for the JavaFX UI","messageBody":"","fileTypesAndContributionMap":{"gradle":{"insertions":2,"deletions":1},"java":{"insertions":135,"deletions":35}}}]},{"date":"2022-02-09","commitResults":[{"hash":"f2ebd9bb239bf8468c063f9cb49ae3f973fe3afd","messageTitle":"Build GUI using FXML","messageBody":"There are two controller classes for the GUI, namely DialogBox and\nMainWindow. They have their respective Java classes alongside their\nFXML declarations.\n\nEdited CommandHandler.java to include greater abstraction for\nfetching commands and results for use with TextUi.java and GUI.java.\n\nRenamed and modified TextUiTest.java to CommandHandlerTest.java to\nreflect the refactoring of methods.\n\nGUI so far is basic but functional.\n","tags":["A-FullCommitMessage"],"fileTypesAndContributionMap":{"txt":{"insertions":1,"deletions":3},"fxml":{"insertions":43,"deletions":0},"java":{"insertions":318,"deletions":104}}}]}]},"authorFileTypeContributionMap":{"Spyobird":{"java":2211,"md":0,"fxml":43,"sh":0,"bat":2,"gradle":9,"txt":2}},"authorContributionVariance":{"Spyobird":115485.15},"authorDisplayNameMap":{"Spyobird":"CS2103T-T11-4 ELLI..YONG"}}
