{"authorDailyContributionsMap":{"Halpfrog":[{"date":"2022-01-20","commitResults":[{"hash":"3afe43f9a348c9118956d06a8bb5685e5de2b286","messageTitle":"Create chatbot.java","messageBody":"added level 1\n","tags":["Level-1"],"fileTypesAndContributionMap":{"java":{"insertions":20,"deletions":0}}},{"hash":"9639f2b3b4cfe273f47edc90e11f0931f2e2f4d6","messageTitle":"Level 2","messageBody":"","tags":["Level-2"],"fileTypesAndContributionMap":{"java":{"insertions":9,"deletions":1}}},{"hash":"bd24dd59b35580d766a047442492edffc276b993","messageTitle":"level-3","messageBody":"","tags":["Level-3"],"fileTypesAndContributionMap":{"java":{"insertions":54,"deletions":7}}},{"hash":"eb2d788bb8d51ebe17c56d376cd82094a1db18a6","messageTitle":"Level - 4","messageBody":"","tags":["Level-4"],"fileTypesAndContributionMap":{"java":{"insertions":54,"deletions":3}}},{"hash":"bb0e4b37505b874fb737a191e19456a25e58b406","messageTitle":"added auto test functionality","messageBody":"","tags":["A-TextUiTesting"],"fileTypesAndContributionMap":{"txt":{"insertions":4,"deletions":0}}},{"hash":"39a23cd183a40d495148f6d2f8bc88c7805e03c8","messageTitle":"Added exception handling","messageBody":"","tags":["Level-5"],"fileTypesAndContributionMap":{"java":{"insertions":61,"deletions":43}}},{"hash":"cbc1da7306bd0d9a7ee7a97287b7ab8f6114538c","messageTitle":"added delete functionality","messageBody":"","tags":["Level-6"],"fileTypesAndContributionMap":{"java":{"insertions":7,"deletions":0}}},{"hash":"9e43d81e609d2f2281049c0e580d666cadd61e05","messageTitle":"Updated Duke to contain features of chatbot","messageBody":"","fileTypesAndContributionMap":{"java":{"insertions":76,"deletions":0}}}]},{"date":"2022-02-02","commitResults":[{"hash":"b402c4bd3d6f242e5b7741412be656050eb82a27","messageTitle":"Added write to txt options","messageBody":"","tags":["Level-7"],"fileTypesAndContributionMap":{"txt":{"insertions":4,"deletions":4},"java":{"insertions":67,"deletions":18},"sh":{"insertions":0,"deletions":1}}},{"hash":"b0b660f4f228b924c1ec8c6ca56ffaf1f9058939","messageTitle":"added date and time","messageBody":"","tags":["Level-8"],"fileTypesAndContributionMap":{"java":{"insertions":29,"deletions":90}}},{"hash":"9c6f49483a11f8a0edd5ee81e626830beabbbf2f","messageTitle":"refactored","messageBody":"","tags":["A-MoreOOP"],"fileTypesAndContributionMap":{"java":{"insertions":260,"deletions":134}}},{"hash":"89825c561597188acb8e209a89718d07c9027b00","messageTitle":"packaging added","messageBody":"","tags":["A-Packages"],"fileTypesAndContributionMap":{"java":{"insertions":38,"deletions":10}}}]},{"date":"2022-02-06","commitResults":[{"hash":"bd91806ce4ac3593abdec00faa4c3565926a8dc0","messageTitle":"fixed date time errors","messageBody":"","fileTypesAndContributionMap":{"java":{"insertions":62,"deletions":30}}}]},{"date":"2022-02-07","commitResults":[{"hash":"b06cff3052ca8a34998826892ed83eee58e4da58","messageTitle":"Added Junit tests","messageBody":"","tags":["A-Jar","A-JUnit"],"fileTypesAndContributionMap":{"java":{"insertions":22,"deletions":12}}},{"hash":"1f3b593a1877de3db5445f5e161dc7525d998180","messageTitle":"Added javadocs","messageBody":"","tags":["A-JavaDoc"],"fileTypesAndContributionMap":{"java":{"insertions":73,"deletions":6}}},{"hash":"bfb320db0d8f593d8c9d417a0b8316a3202efee6","messageTitle":"Fixed according to coding standard","messageBody":"","tags":["A-CodingStandard"],"fileTypesAndContributionMap":{"java":{"insertions":2,"deletions":4}}},{"hash":"1e08328558e122b8fadd5d874a267491b8e9aa27","messageTitle":"Added find functionality","messageBody":"","tags":["Level-9"],"fileTypesAndContributionMap":{"java":{"insertions":32,"deletions":1}}}]},{"date":"2022-02-14","commitResults":[{"hash":"df5f5eef6e94d21308ddfd681dc220c8954795ac","messageTitle":"Added a Gui","messageBody":"","tags":["Level-10"],"fileTypesAndContributionMap":{"gradle":{"insertions":16,"deletions":0},"java":{"insertions":41,"deletions":1}}},{"hash":"e0e7f9beb2fdb567216bfa30b9cbc5e44b9d83c0","messageTitle":"Fix find Method to only return a result for a word not a substring","messageBody":"Previously find would return a result\neven if only a substring was found not only the word.\n\nAdded the use of Assert to ensure proper addition of tasks\n\nEnsures that addition of tasks has been done correctly\n\nRefactoring use method in parser to return a String\n\nThis is to make sure that the output of the message can be seen by the user while using the GUI.\n","fileTypesAndContributionMap":{"java":{"insertions":109,"deletions":80}}}]},{"date":"2022-02-15","commitResults":[{"hash":"965dadeba08255e0c8d6368aecc84d48287577c0","messageTitle":"Fix find Method to only return a result for a word not a substring","messageBody":"Previously find would return a result\neven if only a substring was found not only the word.\n\nAdded the use of Assert to ensure proper addition of tasks\n\nEnsures that addition of tasks has been done correctly\n\nRefactoring use method in parser to return a String\n\nThis is to make sure that the output of the message can be seen by the user while using the GUI.\n","tags":["A-FullCommitMessage","A-Assertions"],"fileTypesAndContributionMap":{"fxml":{"insertions":35,"deletions":0},"java":{"insertions":829,"deletions":584}}},{"hash":"031259b3e7016db9f172ce843f39ae83cf5c9281","messageTitle":"Lose Unnecessary code in Duke.","messageBody":"","fileTypesAndContributionMap":{"gradle":{"insertions":1,"deletions":1},"java":{"insertions":27,"deletions":90}}},{"hash":"6750cc6ac32119f2f54d9e0cae13a51e79714ad3","messageTitle":"Remove unnecessary code from Duke.java","messageBody":"Remove unnecessary code from Task.java\n","tags":["A-CodeQuality"],"fileTypesAndContributionMap":{"java":{"insertions":43,"deletions":42}}},{"hash":"9ec874a0dfc9e4cbe8377fd7d0a54ca4808be178","messageTitle":"Add flexibility to Find function to allow for partial matches","messageBody":"","tags":["C-BetterSearch","BCD-Extension"],"fileTypesAndContributionMap":{"java":{"insertions":7,"deletions":9}}},{"hash":"d3039800cae773dede3f122c06c0572c33e602f6","messageTitle":"Change Gui appearence","messageBody":"","tags":["A-Better-Gui"],"fileTypesAndContributionMap":{"fxml":{"insertions":29,"deletions":14},"java":{"insertions":3,"deletions":0}}},{"hash":"128bb4992ad37d56a5d2497d4f0978d343edcb53","messageTitle":"Edit Gui","messageBody":"","tags":["A-BetterGui"],"fileTypesAndContributionMap":{"fxml":{"insertions":2,"deletions":6},"java":{"insertions":2,"deletions":1}}},{"hash":"d23d92b3368a7d5922441c6fab1ceae8bf466f15","messageTitle":"Add background image and changed duke image","messageBody":"","fileTypesAndContributionMap":{"fxml":{"insertions":8,"deletions":11},"java":{"insertions":1,"deletions":1}}},{"hash":"0a516fd8f85050866f6aa75c3026d7414400a267","messageTitle":"Add background image and changed duke image","messageBody":"","fileTypesAndContributionMap":{"fxml":{"insertions":1,"deletions":1}}}]},{"date":"2022-02-16","commitResults":[{"hash":"ac6c0500842c4484fa0d2fc7523adaec38aa1267","messageTitle":"Add Ui.png for screenshot","messageBody":"","fileTypesAndContributionMap":{"txt":{"insertions":6,"deletions":0}}},{"hash":"ea34457c5ec12998c6d294670ff9478f28d4f32a","messageTitle":"Change Date time","messageBody":"","fileTypesAndContributionMap":{"java":{"insertions":1,"deletions":1}}},{"hash":"43150911f0f10b8bcf0ebbee8d8895c52eea6542","messageTitle":"Fix unnecessary code","messageBody":"","fileTypesAndContributionMap":{"java":{"insertions":0,"deletions":1}}},{"hash":"0f8a4ce14dd5bc54748618fc3d1d35be1cf3c745","messageTitle":"Fix unnecessary code","messageBody":"","fileTypesAndContributionMap":{"java":{"insertions":0,"deletions":1}}},{"hash":"e0d37e43c254dd7e3dc8ee1997fc89b2b76e5249","messageTitle":"Fix unnecessary code","messageBody":"","fileTypesAndContributionMap":{"java":{"insertions":0,"deletions":1}}},{"hash":"1da9f1d3e2b1ee62b24f4f79401623fb988528ab","messageTitle":"Fix unnecessary code","messageBody":"","fileTypesAndContributionMap":{"java":{"insertions":2,"deletions":7}}},{"hash":"88a205d2ac408937c2f92d351eb66d7299299d97","messageTitle":"Revert \"Fix unnecessary code\"","messageBody":"This reverts commit 1da9f1d3e2b1ee62b24f4f79401623fb988528ab.\n","fileTypesAndContributionMap":{"java":{"insertions":7,"deletions":2}}},{"hash":"c6bfc556ee26cc3c7258210f7055713b10deedaa","messageTitle":"Revert \"Fix unnecessary code\"","messageBody":"This reverts commit e0d37e43c254dd7e3dc8ee1997fc89b2b76e5249.\n","fileTypesAndContributionMap":{"java":{"insertions":1,"deletions":0}}},{"hash":"2f8efc9408fc86fed89719499ec177763e320bfb","messageTitle":"Fix naming of methods","messageBody":"","fileTypesAndContributionMap":{"java":{"insertions":2,"deletions":4}}},{"hash":"74f400220552493d35d817a87ec6f07bc464f1eb","messageTitle":"Add User Guide","messageBody":"","tags":["A-UserGuide"],"fileTypesAndContributionMap":{"txt":{"insertions":0,"deletions":6},"fxml":{"insertions":1,"deletions":1},"java":{"insertions":17,"deletions":11},"md":{"insertions":131,"deletions":16}}},{"hash":"9076ffa0e4bc46f11f97355332f2a1c99558bff5","messageTitle":"Make time easier to read","messageBody":"Fix issue with mark and unmark not having visible results\n\nAdd working scroll bar\n","fileTypesAndContributionMap":{"fxml":{"insertions":1,"deletions":1},"java":{"insertions":21,"deletions":9},"md":{"insertions":1,"deletions":1}}},{"hash":"685ec0676f0247ec448e548e25c04c7eb6a57a23","messageTitle":"Fix Junit tests to account for different date format","messageBody":"","fileTypesAndContributionMap":{"java":{"insertions":5,"deletions":4}}},{"hash":"b11f16f4e7117cb7b883ec2936453209a0e2cc4b","messageTitle":"Fix Junit tests to account for different date format","messageBody":"","fileTypesAndContributionMap":{"java":{"insertions":39,"deletions":34}}}]},{"date":"2022-02-17","commitResults":[{"hash":"78799f72e1410752260dbc467f8a579c61fac87f","messageTitle":"Edit Datetime error format","messageBody":"Change visible reactions to mark and unmark\n\nDelete unnecessary images\n","fileTypesAndContributionMap":{"fxml":{"insertions":1,"deletions":1},"java":{"insertions":26,"deletions":25}}},{"hash":"6499161e629db3646b07bf1572220b3abce37087","messageTitle":"Change Gui for DialogBox","messageBody":"Made the images circular\nAllow the dialog box to expand if more items are in the tasklist\n","fileTypesAndContributionMap":{"fxml":{"insertions":6,"deletions":2},"java":{"insertions":14,"deletions":1}}}]}]},"authorFileTypeContributionMap":{"Halpfrog":{"java":807,"md":131,"fxml":47,"sh":0,"bat":0,"gradle":17,"txt":4}},"authorContributionVariance":{"Halpfrog":98018.17},"authorDisplayNameMap":{"Halpfrog":"CS2103T-W14-1 SART..DHAN"}}
