{"authorDailyContributionsMap":{"dandaandaaaaaan":[{"date":"2022-01-18","commitResults":[{"hash":"e6cbc77c729a5630fe215bb73c3201d8aa48da10","messageTitle":"Update Duke with Level 1 requirements","messageBody":"","tags":["Level-1"],"fileTypesAndContributionMap":{"java":{"insertions":26,"deletions":6}}},{"hash":"2dbc0470bcabd8c2e5eaa950f23f97370079d709","messageTitle":"Added Task class and task listing functionality","messageBody":"","fileTypesAndContributionMap":{"java":{"insertions":24,"deletions":2}}},{"hash":"39361e59a85513dee580c8a24c9e533a9f8b682e","messageTitle":"Added marking and unmarking functionality to Tasks","messageBody":"","fileTypesAndContributionMap":{"java":{"insertions":52,"deletions":13}}},{"hash":"d931cf09176d74ae9ce162f476d014d797663a0e","messageTitle":"Modify list command to fit new requirements","messageBody":"","fileTypesAndContributionMap":{"java":{"insertions":2,"deletions":1}}},{"hash":"cbaa26a5e3dc7c31c6a0f413e43364c497ea4e60","messageTitle":"Abstract text messages and add deadline and events","messageBody":"","fileTypesAndContributionMap":{"java":{"insertions":32,"deletions":9}}},{"hash":"f2b097cef9bc57c735afcc54509ee7e53b91a40d","messageTitle":"Abstract task line printing","messageBody":"","fileTypesAndContributionMap":{"java":{"insertions":9,"deletions":5}}},{"hash":"3aa5819b452dca980c3a1235d7d61f141a3976ec","messageTitle":"Fix slight line spacing issues","messageBody":"","fileTypesAndContributionMap":{"java":{"insertions":2,"deletions":2}}},{"hash":"1cde8e5e781fac97b83073e33f2a1a38897bff48","messageTitle":"Add test cases for success flow and invalid input","messageBody":"","fileTypesAndContributionMap":{"txt":{"insertions":18,"deletions":0},"sh":{"insertions":0,"deletions":0}}},{"hash":"f6f7c1f7946c68f36ea33434cb760a95a871b844","messageTitle":"Add DukeException class and throw errors","messageBody":"","fileTypesAndContributionMap":{"java":{"insertions":65,"deletions":37}}},{"hash":"d6626c2f2f0cdd0bd8271bc285f292253b5066b9","messageTitle":"Update test cases for updated error scenarios","messageBody":"","fileTypesAndContributionMap":{"txt":{"insertions":5,"deletions":0}}},{"hash":"2aee6d468ab4c9d376816be20dc39dac26f1a23e","messageTitle":"Add invalid mark error checks","messageBody":"","fileTypesAndContributionMap":{"java":{"insertions":15,"deletions":0}}},{"hash":"0ef0b8a93adae7457193d883d5fea061187b88aa","messageTitle":"Added more marking checks and test cases","messageBody":"","fileTypesAndContributionMap":{"txt":{"insertions":6,"deletions":0},"java":{"insertions":10,"deletions":2}}},{"hash":"65e64c3a8eb6973185557c0b570a7acd2212ea33","messageTitle":"Cleanup minor duplicating messages","messageBody":"","tags":["Level-5"],"fileTypesAndContributionMap":{"java":{"insertions":0,"deletions":2}}},{"hash":"731de14065d78fdd1aa46e098fe99ec918dc776b","messageTitle":"Add delete functionality with error handling","messageBody":"","fileTypesAndContributionMap":{"java":{"insertions":22,"deletions":8}}},{"hash":"24d839357fa230cdc2396e44aceda69b11ffcc60","messageTitle":"Add test cases and fix wrong message for delete","messageBody":"","fileTypesAndContributionMap":{"txt":{"insertions":8,"deletions":0},"java":{"insertions":4,"deletions":1}}}]},{"date":"2022-01-19","commitResults":[{"hash":"5b02fba295b18d328f0012f94adf5f7d9e904af4","messageTitle":"Use Enums for tasks","messageBody":"","fileTypesAndContributionMap":{"java":{"insertions":22,"deletions":8}}}]},{"date":"2022-03-22","commitResults":[{"hash":"d6a88a6210f463ead5a43449dbdf5fb82dcc6e7c","messageTitle":"Fix modified old getTitle() refs, add todo command","messageBody":"","fileTypesAndContributionMap":{"java":{"insertions":14,"deletions":5}}}]},{"date":"2025-09-18","commitResults":[{"hash":"deab321e2b8410dab66781860e8728abb49dde73","messageTitle":"Add DeadlineTask, EventTask, and TodoTask classes","messageBody":"","fileTypesAndContributionMap":{"java":{"insertions":69,"deletions":4}}}]}]},"authorFileTypeContributionMap":{"dandaandaaaaaan":{"java":269,"md":0,"fxml":0,"sh":0,"bat":0,"gradle":0,"txt":37}},"authorContributionVariance":{"dandaandaaaaaan":116.767845},"authorDisplayNameMap":{"dandaandaaaaaan":"DANI..IANG"}}
