{"authorDailyContributionsMap":{"seksek13":[{"date":"2022-01-19","commitResults":[{"hash":"07cf7b2020ace9119c3731d4a0c6e624da7a7b48","messageTitle":"Level-1","messageBody":"","tags":["Level-1"],"fileTypesAndContributionMap":{"java":{"insertions":17,"deletions":6}}},{"hash":"5b6d4f9faa57eb224978a50bc3e426aca838f515","messageTitle":"Level-2","messageBody":"","tags":["Level-2"],"fileTypesAndContributionMap":{"java":{"insertions":11,"deletions":2}}},{"hash":"e49d99d91102f4d741334157df2d3edb3e1412c4","messageTitle":"mark as done","messageBody":"","tags":["Level-3"],"fileTypesAndContributionMap":{"java":{"insertions":44,"deletions":5}}},{"hash":"08cd38cf5ab4bd58900e8cc7a8b8a57693005fc0","messageTitle":"Level-3","messageBody":"","fileTypesAndContributionMap":{"java":{"insertions":2,"deletions":3}}}]},{"date":"2022-01-20","commitResults":[{"hash":"d8cb98b5c566f7dbbf4f122246ad4ae7e87f9096","messageTitle":"Level-4","messageBody":"","tags":["Level-4"],"fileTypesAndContributionMap":{"java":{"insertions":76,"deletions":5}}},{"hash":"cd03cfc1b99c54a4748178f1834f8de0e06318c3","messageTitle":"Level-4","messageBody":"","fileTypesAndContributionMap":{"java":{"insertions":3,"deletions":3}}},{"hash":"f6d69399d52d1a20d19c1d8967ea44978cdfdf35","messageTitle":"A-TextUiTesting","messageBody":"","tags":["A-TextUiTesting"],"fileTypesAndContributionMap":{"txt":{"insertions":7,"deletions":0},"java":{"insertions":5,"deletions":5}}},{"hash":"f34f1efd5bd9fc2e4b503ed2a30e7b431a239a8a","messageTitle":"Level-5","messageBody":"","tags":["Level-5"],"fileTypesAndContributionMap":{"java":{"insertions":24,"deletions":2}}},{"hash":"2bb5158b6f2515f30543ee516c7cf2147a7c0ec7","messageTitle":"Level-6","messageBody":"","tags":["Level-6"],"fileTypesAndContributionMap":{"java":{"insertions":15,"deletions":0}}}]},{"date":"2022-01-25","commitResults":[{"hash":"c7c81f8aca6fc002340a0a385f73ee78af0aa8a2","messageTitle":"Change system name","messageBody":"","fileTypesAndContributionMap":{"java":{"insertions":11,"deletions":11}}},{"hash":"efd0debe724d7ee51ebdfd151c93b7feeddde450","messageTitle":"Level-7","messageBody":"","tags":["Level-7"],"fileTypesAndContributionMap":{"txt":{"insertions":4,"deletions":0},"java":{"insertions":155,"deletions":28}}}]},{"date":"2022-01-27","commitResults":[{"hash":"80a0bcf9a445684f558edc014333a4d7a3e5790a","messageTitle":"Level-8","messageBody":"","tags":["Level-8"],"fileTypesAndContributionMap":{"java":{"insertions":29,"deletions":9}}},{"hash":"b7d9bbb78f15f84ef8327b3ca0548e3c93facef2","messageTitle":"A-MoreOOP","messageBody":"","tags":["A-MoreOOP"],"fileTypesAndContributionMap":{"java":{"insertions":371,"deletions":213}}}]},{"date":"2022-01-28","commitResults":[{"hash":"67762ecc8781bb1809302b706ceb6d5fe917c04f","messageTitle":"A-Packages","messageBody":"","tags":["A-Packages"],"fileTypesAndContributionMap":{"java":{"insertions":10,"deletions":9}}},{"hash":"a4e5287297a7507488c1b596e3945c7f5b419eb0","messageTitle":"Add time to date","messageBody":"","fileTypesAndContributionMap":{"java":{"insertions":51,"deletions":18}}},{"hash":"92db341d0a59172d9a290174909c938055e5d748","messageTitle":"A-JUnit","messageBody":"","tags":["A-JUnit"],"fileTypesAndContributionMap":{"java":{"insertions":46,"deletions":0}}},{"hash":"cf30319964b6fad7435a4fc50e9127d03e793a49","messageTitle":"Correct Unmark function","messageBody":"","tags":["A-Jar"],"fileTypesAndContributionMap":{"txt":{"insertions":3,"deletions":2},"java":{"insertions":1,"deletions":1}}},{"hash":"bfec4cb4c9ab63e01d8809969c93e171ca2bc3dd","messageTitle":"A-JavaDoc","messageBody":"","tags":["A-JavaDoc"],"fileTypesAndContributionMap":{"java":{"insertions":212,"deletions":3}}},{"hash":"441c18b3d762b68f009a35718e1374ec435b7975","messageTitle":"A-CodingStandard","messageBody":"","tags":["A-CodingStandard"],"fileTypesAndContributionMap":{"java":{"insertions":92,"deletions":99}}},{"hash":"59d0fbb62576fabcbd535dc9f1d508e0b4713403","messageTitle":"Level-9","messageBody":"","tags":["Level-9"],"fileTypesAndContributionMap":{"java":{"insertions":49,"deletions":14}}}]},{"date":"2022-02-02","commitResults":[{"hash":"f078bd9dec79a9728082350d54a2bcb2557f2fdb","messageTitle":"A-CheckStyle","messageBody":"","tags":["A-CheckStyle"],"fileTypesAndContributionMap":{"gradle":{"insertions":1,"deletions":1},"java":{"insertions":4,"deletions":4}}}]},{"date":"2022-02-04","commitResults":[{"hash":"007ffaa3ac64a08b36612858867e48cc626b3b3a","messageTitle":"Level 10 Add GUI","messageBody":"","tags":["Level-10"],"fileTypesAndContributionMap":{"gradle":{"insertions":23,"deletions":0},"txt":{"insertions":1,"deletions":2},"fxml":{"insertions":35,"deletions":0},"java":{"insertions":280,"deletions":117}}}]},{"date":"2022-02-08","commitResults":[{"hash":"47c7ac468a0246a3cb19436a9593bc032979913d","messageTitle":"Reformat code to match checkstyle and edit dialog style","messageBody":"","fileTypesAndContributionMap":{"gradle":{"insertions":3,"deletions":3},"txt":{"insertions":2,"deletions":0},"fxml":{"insertions":8,"deletions":3},"java":{"insertions":98,"deletions":54}}},{"hash":"d031329c1d2866f564c43fc39abbcb23ce4b9ce3","messageTitle":"Update code to match checkstyle","messageBody":"","fileTypesAndContributionMap":{"java":{"insertions":11,"deletions":6}}},{"hash":"afeb7ad21bdc47f61b206ccec30621509502e076","messageTitle":"There are some unchecked assumption used in the code","messageBody":"These assumptions needs to be checked to minimise bugs\n\nBy using assertions, we can check whether these assumptions are true\n\nIf it fails, it will return an error message\n","tags":["A-FullCommitMessage","A-Assertions"],"fileTypesAndContributionMap":{"gradle":{"insertions":1,"deletions":0},"java":{"insertions":3,"deletions":0}}}]},{"date":"2022-02-09","commitResults":[{"hash":"6210621bd19136a7d085c4715454df0934007bb2","messageTitle":"A-CodeQualitty","messageBody":"","tags":["A-CodeQuality"],"fileTypesAndContributionMap":{"txt":{"insertions":0,"deletions":3},"java":{"insertions":163,"deletions":115}}},{"hash":"d31cff1bfc8358a203d471b2d2f454dd0feeac1b","messageTitle":"Edit DateTime format accepted in Parser","messageBody":"There is an error in the previous update - A-CodeQuality, which leads to system accepting wrong format of date and time keyed in by user.\n\nThis change helps to make the system more consistent to the previous versions and prevent confusion\n","fileTypesAndContributionMap":{"txt":{"insertions":1,"deletions":0},"java":{"insertions":1,"deletions":1}}},{"hash":"967e3da17125ca16565f4c675a66c3218e276895","messageTitle":"Add Reminder Function","messageBody":"Date and time entered by the user for deadline and event tasks are not in use properly.\n\nCreate reminder functions that allows user to key in dates and find tasks that will be due by that date.\n\nHelps to make a better use of the date and time entered by the user, making more sense of the user input\n","tags":["BCD-Extension"],"fileTypesAndContributionMap":{"java":{"insertions":73,"deletions":3}}}]},{"date":"2022-02-13","commitResults":[{"hash":"b7b657b74b04dc32ed8eab58a63f96b5105a26be","messageTitle":"Update README.md","messageBody":"","fileTypesAndContributionMap":{"md":{"insertions":134,"deletions":13}}},{"hash":"b574f6493155142c47ca4f69611d9232dd98f539","messageTitle":"Update README.md","messageBody":"","tags":["A-UserGuide"],"fileTypesAndContributionMap":{"md":{"insertions":2,"deletions":2}}},{"hash":"e8fed980d9e4e4e516ce1b17ee0a9d2db90c7be6","messageTitle":"Minor changes to code and added Ui.png","messageBody":"","fileTypesAndContributionMap":{"java":{"insertions":8,"deletions":2}}}]},{"date":"2022-02-17","commitResults":[{"hash":"c278ab4c6cd249e0aeaf86b97aef20f8b32aabea","messageTitle":"Changes some gui to look more natural","messageBody":"","tags":["A-BetterGui"],"fileTypesAndContributionMap":{"gradle":{"insertions":1,"deletions":1},"txt":{"insertions":3,"deletions":1},"fxml":{"insertions":11,"deletions":1},"java":{"insertions":14,"deletions":11},"md":{"insertions":2,"deletions":4}}}]}]},"authorFileTypeContributionMap":{"seksek13":{"java":1146,"md":123,"fxml":50,"sh":0,"bat":0,"gradle":26,"txt":13}},"authorContributionVariance":{"seksek13":28433.115},"authorDisplayNameMap":{"seksek13":"CS2103-F09-3 KOH ..U EN"}}
