[{"path":"src/main/java/Duke.java","fileType":"java","lines":[{"lineNumber":1,"author":{"gitId":"junlee1991"},"content":"import java.util.Scanner;","lastModifiedDate":"2022-01-20"},{"lineNumber":2,"author":{"gitId":"junlee1991"},"content":"","lastModifiedDate":"2022-01-20"},{"lineNumber":3,"author":{"gitId":"junlee1991"},"content":"public class Duke{","lastModifiedDate":"2022-01-20"},{"lineNumber":4,"author":{"gitId":"junlee1991"},"content":"","lastModifiedDate":"2022-01-20"},{"lineNumber":5,"author":{"gitId":"junlee1991"},"content":"","lastModifiedDate":"2022-01-20"},{"lineNumber":6,"author":{"gitId":"junlee1991"},"content":"","lastModifiedDate":"2022-01-20"},{"lineNumber":7,"author":{"gitId":"junlee1991"},"content":"    private static void exit(){","lastModifiedDate":"2022-01-20"},{"lineNumber":8,"author":{"gitId":"junlee1991"},"content":"        System.out.println(\"Bye. Hope to see you again soon!\");","lastModifiedDate":"2022-01-20"},{"lineNumber":9,"author":{"gitId":"junlee1991"},"content":"    }","lastModifiedDate":"2022-01-20"},{"lineNumber":10,"author":{"gitId":"junlee1991"},"content":"","lastModifiedDate":"2022-01-20"},{"lineNumber":11,"author":{"gitId":"-"},"content":"    public static void main(String[] args) {","lastModifiedDate":"2022-01-20"},{"lineNumber":12,"author":{"gitId":"-"},"content":"        String logo \u003d \" ____        _        \\n\"","lastModifiedDate":"2022-01-20"},{"lineNumber":13,"author":{"gitId":"-"},"content":"                + \"|  _ \\\\ _   _| | _____ \\n\"","lastModifiedDate":"2022-01-20"},{"lineNumber":14,"author":{"gitId":"-"},"content":"                + \"| | | | | | | |/ / _ \\\\\\n\"","lastModifiedDate":"2022-01-20"},{"lineNumber":15,"author":{"gitId":"-"},"content":"                + \"| |_| | |_| |   \u003c  __/\\n\"","lastModifiedDate":"2022-01-20"},{"lineNumber":16,"author":{"gitId":"-"},"content":"                + \"|____/ \\\\__,_|_|\\\\_\\\\___|\\n\";","lastModifiedDate":"2022-01-20"},{"lineNumber":17,"author":{"gitId":"junlee1991"},"content":"","lastModifiedDate":"2022-01-20"},{"lineNumber":18,"author":{"gitId":"junlee1991"},"content":"        String[] arr \u003d new String[100];","lastModifiedDate":"2022-01-20"},{"lineNumber":19,"author":{"gitId":"junlee1991"},"content":"        String welcomeMessage \u003d \"Hello! I\u0027m Duke\\n\" + \"What can I do for you?\";","lastModifiedDate":"2022-01-20"},{"lineNumber":20,"author":{"gitId":"junlee1991"},"content":"        System.out.println(welcomeMessage);","lastModifiedDate":"2022-01-20"},{"lineNumber":21,"author":{"gitId":"junlee1991"},"content":"        Scanner sc \u003d new Scanner(System.in);","lastModifiedDate":"2022-01-20"},{"lineNumber":22,"author":{"gitId":"junlee1991"},"content":"        String input \u003d sc.nextLine();","lastModifiedDate":"2022-01-20"},{"lineNumber":23,"author":{"gitId":"junlee1991"},"content":"","lastModifiedDate":"2022-01-20"},{"lineNumber":24,"author":{"gitId":"junlee1991"},"content":"        if(input.equals(\"bye\")) {","lastModifiedDate":"2022-01-20"},{"lineNumber":25,"author":{"gitId":"junlee1991"},"content":"            System.out.println(\"Bye. Hope to see you again soon!\");","lastModifiedDate":"2022-01-20"},{"lineNumber":26,"author":{"gitId":"junlee1991"},"content":"        }","lastModifiedDate":"2022-01-20"},{"lineNumber":27,"author":{"gitId":"junlee1991"},"content":"        else{","lastModifiedDate":"2022-01-20"},{"lineNumber":28,"author":{"gitId":"junlee1991"},"content":"            System.out.println(input);","lastModifiedDate":"2022-01-20"},{"lineNumber":29,"author":{"gitId":"junlee1991"},"content":"        }","lastModifiedDate":"2022-01-20"},{"lineNumber":30,"author":{"gitId":"junlee1991"},"content":"        sc.close();","lastModifiedDate":"2022-01-20"},{"lineNumber":31,"author":{"gitId":"junlee1991"},"content":"","lastModifiedDate":"2022-01-20"},{"lineNumber":32,"author":{"gitId":"junlee1991"},"content":"        // let","lastModifiedDate":"2022-01-20"},{"lineNumber":33,"author":{"gitId":"-"},"content":"    }","lastModifiedDate":"2022-01-20"},{"lineNumber":34,"author":{"gitId":"-"},"content":"}","lastModifiedDate":"2022-01-20"}],"authorContributionMap":{"junlee1991":26,"-":8}}]
