{"authorDailyContributionsMap":{"tanyjnaaman":[{"date":"2022-01-15","commitResults":[{"hash":"bd24043384421fc23fa70b8b83d84642a9bc769b","messageTitle":"Renamed to Alfred. Implemented level one.","messageBody":"","tags":["Level-1"],"fileTypesAndContributionMap":{"java":{"insertions":58,"deletions":10}}},{"hash":"23290494f80e3a51d1914022a93c081ddd2ec77b","messageTitle":"Add, List functionalities added.","messageBody":"","tags":["Level-2"],"fileTypesAndContributionMap":{"java":{"insertions":40,"deletions":7}}},{"hash":"b5ba7951bf89da5a2c0b5059a83dce6c065e1f98","messageTitle":"Changed privacy of methods","messageBody":"","fileTypesAndContributionMap":{"java":{"insertions":13,"deletions":11}}},{"hash":"faf2c0b77c140e88c798b9a29a849374b4004695","messageTitle":"Added mark as done functionality","messageBody":"","tags":["Level-3"],"fileTypesAndContributionMap":{"java":{"insertions":100,"deletions":41}}},{"hash":"b1c38955e5f6bd0c582e798d97514f04c3c5476a","messageTitle":"Added ToDos, Events and Deadlines functionality","messageBody":"","tags":["Level-4"],"fileTypesAndContributionMap":{"java":{"insertions":79,"deletions":5}}},{"hash":"f10f537fa89d8d843e5345a530c0606780f20554","messageTitle":"Adding test cases up to level 4","messageBody":"","tags":["A-TextUITesting"],"fileTypesAndContributionMap":{"txt":{"insertions":10,"deletions":0},"sh":{"insertions":1,"deletions":1}}}]},{"date":"2022-01-16","commitResults":[{"hash":"aa36dc76c15644740c3dc882906f24a41a13da63","messageTitle":"Included exception handling for user inputs","messageBody":"","tags":["Level-5"],"fileTypesAndContributionMap":{"java":{"insertions":93,"deletions":18}}},{"hash":"3ad4e6e377c49ebafdc9af27d60f4a9b765eb916","messageTitle":"Updated test cases","messageBody":"","fileTypesAndContributionMap":{"txt":{"insertions":11,"deletions":1}}},{"hash":"c5fd6c4c7cdf9513e9d31b32f498307770daa36d","messageTitle":"Added delete functionality.","messageBody":"","tags":["Level-6"],"fileTypesAndContributionMap":{"txt":{"insertions":3,"deletions":1},"java":{"insertions":29,"deletions":11}}}]},{"date":"2022-01-18","commitResults":[{"hash":"0de3a7f6b092cab7d4497363f749b26564b32e8b","messageTitle":"Fixed deadline and event to prevent empty tasks","messageBody":"","fileTypesAndContributionMap":{"java":{"insertions":7,"deletions":6}}}]},{"date":"2022-01-23","commitResults":[{"hash":"f8467b0c940c209d86437e8c686d735cf4ba0609","messageTitle":"Fix minor bugs","messageBody":"","fileTypesAndContributionMap":{"txt":{"insertions":3,"deletions":0},"java":{"insertions":207,"deletions":201}}},{"hash":"3269b8b94d3f727e988cf4bfd183906f9ea327e1","messageTitle":"Implement save to .txt feature.","messageBody":"* Refactor variable and method names to follow coding style\n* Split Alfred::redaInput method into readInput, which handles\n  sanitisation and exception handling, and callCommand, which handles\n  calling methods and saving to disk.\n","tags":["Level-7"],"fileTypesAndContributionMap":{"java":{"insertions":134,"deletions":69}}},{"hash":"802693818acae0bb6e4fe0931ff9d28a14706f18","messageTitle":"Refactor code for style and store dates as LocalDate","messageBody":"","tags":["Level-8"],"fileTypesAndContributionMap":{"txt":{"insertions":4,"deletions":4},"java":{"insertions":83,"deletions":51}}},{"hash":"54a6a53239cd950d2cc3780ee4297388eec0f4da","messageTitle":"Refactor the code to extract closely related code as classes.","messageBody":"Organised into:\n* Command\n* Exception\n* Parser\n* Storage\n* Alfred (itself)\n\nAnd execution is in the Run class.\n","tags":["A-Packages","A-MoreOOP"],"fileTypesAndContributionMap":{"txt":{"insertions":1,"deletions":1},"java":{"insertions":863,"deletions":301}}},{"hash":"5645899343716636346b9aedb18d9853801b03b6","messageTitle":"Add JUnit tests to test the behaviour of the code.","messageBody":"Created two tests, one for\nAlfred.UI.AlfredUserInterface::sandwichAndPrint, and one for\nAlfred.Task.ToDo:toString\n","tags":["A-jar","A-JUnit"],"fileTypesAndContributionMap":{"java":{"insertions":57,"deletions":303}}},{"hash":"b50d3951341ed74b4df14c78b8f4bf1824eb17c4","messageTitle":"Add JavaDoc comments to the code.","messageBody":"","tags":["A-JavaDoc"],"fileTypesAndContributionMap":{"txt":{"insertions":1,"deletions":1},"java":{"insertions":366,"deletions":47}}}]},{"date":"2022-01-24","commitResults":[{"hash":"31848a0f18fd312b2494ea8f22f9dc260ab3528d","messageTitle":"Modified code to comply with coding standard","messageBody":"","tags":["A-CodingStandard"],"fileTypesAndContributionMap":{"java":{"insertions":590,"deletions":578}}},{"hash":"d02be2947f8b86cccf8c2abf25bc303360e7b1ce","messageTitle":"Implement keyword search","messageBody":"","tags":["Level-9"],"fileTypesAndContributionMap":{"java":{"insertions":2,"deletions":0}}},{"hash":"a411c44c286874e4fedbaab382270b5d90e7d1e2","messageTitle":"Implement keyword search - previous did not stage","messageBody":"","fileTypesAndContributionMap":{"txt":{"insertions":7,"deletions":4},"java":{"insertions":378,"deletions":302},"sh":{"insertions":1,"deletions":1}}}]},{"date":"2022-01-27","commitResults":[{"hash":"a7ae0b62b093af3133fdcbb097d3755f37b02d68","messageTitle":"Tweak code to comply with coding standard","messageBody":"","fileTypesAndContributionMap":{"txt":{"insertions":2,"deletions":2},"java":{"insertions":155,"deletions":156}}},{"hash":"8ec7c84e6067dbf2d43692f416dadbadb967de4c","messageTitle":"rename subfolders to fit naming convention","messageBody":"","fileTypesAndContributionMap":{"java":{"insertions":0,"deletions":0}}},{"hash":"91c663cd7f123fc40049836a6f95059c4fe2ec91","messageTitle":"Fix Level-7 save bug","messageBody":"","fileTypesAndContributionMap":{"txt":{"insertions":8,"deletions":7},"java":{"insertions":165,"deletions":28},"sh":{"insertions":6,"deletions":0}}}]}]},"authorFileTypeContributionMap":{"tanyjnaaman":{"java":1305,"md":0,"fxml":0,"sh":7,"bat":0,"gradle":0,"txt":38}},"authorContributionVariance":{"tanyjnaaman":636979.1},"authorDisplayNameMap":{"tanyjnaaman":"TAN ..AMAN"}}
