{"authorDailyContributionsMap":{"dionegoh":[{"date":"2022-01-17","commitResults":[{"hash":"f989ebe1a8fec744087ee132d80d84af2ec937e1","messageTitle":"Completed Level-1","messageBody":"","tags":["Level-1"],"fileTypesAndContributionMap":{"java":{"insertions":26,"deletions":6}}}]},{"date":"2022-01-18","commitResults":[{"hash":"318b864f480f3909063c13f3d3fb377c995f2977","messageTitle":"Completed Level-2","messageBody":"","tags":["Level-2"],"fileTypesAndContributionMap":{"java":{"insertions":46,"deletions":30}}},{"hash":"c573d636fa875e3a2d8260aaa53c875fe82716ba","messageTitle":"Completed Level-3","messageBody":"","tags":["Level-3"],"fileTypesAndContributionMap":{"java":{"insertions":95,"deletions":24}}},{"hash":"763876ed44857b83970017df403587b7cec71d18","messageTitle":"Completed Level-4","messageBody":"","tags":["Level-4"],"fileTypesAndContributionMap":{"java":{"insertions":98,"deletions":5}}},{"hash":"d36b16853bec7ffc8fabb90d2c3ba1f859672661","messageTitle":"Tested A-TextUiTesting","messageBody":"","tags":["A-TextUiTesting"],"fileTypesAndContributionMap":{"txt":{"insertions":12,"deletions":0},"java":{"insertions":5,"deletions":14},"sh":{"insertions":1,"deletions":1}}}]},{"date":"2022-01-19","commitResults":[{"hash":"9be16402dc8678600ef993588136153c9be9f136","messageTitle":"Completed Level-5","messageBody":"","tags":["Level-5"],"fileTypesAndContributionMap":{"txt":{"insertions":6,"deletions":6},"java":{"insertions":130,"deletions":44}}},{"hash":"0c6248ccdd3389e2ecf2c8033484ba4257538d61","messageTitle":"Completed Level-6","messageBody":"","tags":["Level-6"],"fileTypesAndContributionMap":{"txt":{"insertions":2,"deletions":2},"java":{"insertions":18,"deletions":2}}}]},{"date":"2022-01-25","commitResults":[{"hash":"b7fc9459cd830d7c18e0fac7456078a06e3122ce","messageTitle":"Complete Level-7","messageBody":"","fileTypesAndContributionMap":{"java":{"insertions":178,"deletions":40}}},{"hash":"81b17306ed0f47a00f8f35e2f8810304340a6514","messageTitle":"Complete Level-8","messageBody":"","fileTypesAndContributionMap":{"java":{"insertions":47,"deletions":13}}}]},{"date":"2022-01-26","commitResults":[{"hash":"0786d6ce494e0dc0f7d97f8d51d444ede42f2495","messageTitle":"Use more OOP","messageBody":"","tags":["A-MoreOOP"],"fileTypesAndContributionMap":{"txt":{"insertions":3,"deletions":0},"java":{"insertions":514,"deletions":190}}},{"hash":"2b85b875405d82c6dd8bc43792fc5fa55f91001f","messageTitle":"Organize into Packages","messageBody":"","tags":["A-Packages"],"fileTypesAndContributionMap":{"java":{"insertions":171,"deletions":197}}},{"hash":"3b9372f4aad36bff0803c1db5263a9d2bde71960","messageTitle":"Add JUnit Tests","messageBody":"","fileTypesAndContributionMap":{"java":{"insertions":35,"deletions":5}}},{"hash":"a1e8756099791dad3e01444e7b22662c129d20ad","messageTitle":"Add JUnit Tests","messageBody":"","tags":["A-Jar","A-JUnit"],"fileTypesAndContributionMap":{"txt":{"insertions":5,"deletions":1},"java":{"insertions":68,"deletions":5}}}]},{"date":"2022-01-27","commitResults":[{"hash":"a4744c593eea613323a1ea2771a405f99e2ff32d","messageTitle":"Modify runtest.sh after refactoring into packages","messageBody":"","fileTypesAndContributionMap":{"txt":{"insertions":8,"deletions":9},"sh":{"insertions":2,"deletions":2}}},{"hash":"43cdfaf1740f330104394cb2f7c125aeac4df6e4","messageTitle":"Add JavaDoc comments","messageBody":"","fileTypesAndContributionMap":{"txt":{"insertions":2,"deletions":7},"java":{"insertions":424,"deletions":29},"md":{"insertions":8,"deletions":9}}},{"hash":"80493deba9dd788d2b3efff9c4fb5028c664bff0","messageTitle":"Tweak the code to comply with a coding standard","messageBody":"","fileTypesAndContributionMap":{"java":{"insertions":58,"deletions":55}}}]},{"date":"2022-01-28","commitResults":[{"hash":"1b847beda58a8704d0983aa524674a5c64197c1e","messageTitle":"New functionality to find a task by searching for a keyword","messageBody":"","fileTypesAndContributionMap":{"txt":{"insertions":0,"deletions":2},"java":{"insertions":88,"deletions":0}}},{"hash":"e68b92afae94ee3468aaa4b56411fb61e32da751","messageTitle":"Modify README.md","messageBody":"","fileTypesAndContributionMap":{"md":{"insertions":1,"deletions":1}}},{"hash":"2b302574fcaef5efba251d407f9ae1f9b1faaef3","messageTitle":"Reformat code to follow coding standard","messageBody":"","fileTypesAndContributionMap":{"java":{"insertions":2,"deletions":0}}}]},{"date":"2022-01-31","commitResults":[{"hash":"72837c789744f441e89d7b6fd337c5ccdf2a3267","messageTitle":"Add more exceptions for invalid commands","messageBody":"","fileTypesAndContributionMap":{"txt":{"insertions":3,"deletions":4},"java":{"insertions":88,"deletions":42}}}]}]},"authorFileTypeContributionMap":{"dionegoh":{"java":1402,"md":8,"fxml":0,"sh":2,"bat":0,"gradle":0,"txt":15}},"authorContributionVariance":{"dionegoh":88738.586},"authorDisplayNameMap":{"dionegoh":"CS2103-F09-2 DION..YING"}}
