{"authorDailyContributionsMap":{"joszx":[{"date":"2022-01-19","commitResults":[{"hash":"1a608cb90f2fbeb0be023a0806717a51d4ad5805","messageTitle":"Duke Level-1","messageBody":"","tags":["Level-1"],"fileTypesAndContributionMap":{"java":{"insertions":35,"deletions":6}}},{"hash":"bbdac6f9c975a743b61109b8dfac06292340019b","messageTitle":"Fix Level-1, Simplify output","messageBody":"","fileTypesAndContributionMap":{"java":{"insertions":11,"deletions":10}}},{"hash":"018dbe4b42d89b18391238ea833b5c4c53c3bb17","messageTitle":"Duke Level-2","messageBody":"","tags":["Level-2"],"fileTypesAndContributionMap":{"java":{"insertions":19,"deletions":7}}},{"hash":"0f4bf70a0ac90b49c711b02fd92c9dfe4e15e249","messageTitle":"Added Task class","messageBody":"","fileTypesAndContributionMap":{"java":{"insertions":41,"deletions":5}}},{"hash":"8a3054af22cf78935099bfb8dd1ba043b0e97979","messageTitle":"Added mark and unmark commands","messageBody":"","tags":["Level-3"],"fileTypesAndContributionMap":{"java":{"insertions":35,"deletions":16}}},{"hash":"e57295e7c420c27b920ecc054fbc8828aca32ba2","messageTitle":"Added ToDo class","messageBody":"","fileTypesAndContributionMap":{"java":{"insertions":51,"deletions":5}}},{"hash":"e1faf863ae37fc7d5b1c576fb4dca512250c855d","messageTitle":"Added Deadline","messageBody":"","fileTypesAndContributionMap":{"java":{"insertions":44,"deletions":1}}},{"hash":"58b874953bb9337edc15a5e053503420936d1ae1","messageTitle":"Added Event class","messageBody":"","tags":["Level-4"],"fileTypesAndContributionMap":{"java":{"insertions":52,"deletions":8}}}]},{"date":"2022-01-20","commitResults":[{"hash":"67f5f25a0ba33f5962e82abd105dc9f44eb9fcf4","messageTitle":"Added automated text-ui testing","messageBody":"","tags":["A-TextUiTesting"],"fileTypesAndContributionMap":{"txt":{"insertions":5,"deletions":0}}},{"hash":"b90465ccbcb274c064260208cca5f61e07de78bf","messageTitle":"Added Exceptions","messageBody":"","tags":["Level-5"],"fileTypesAndContributionMap":{"java":{"insertions":62,"deletions":52}}},{"hash":"0712e504b04f12c949262958cc5d7b27704fd280","messageTitle":"Modified Exceptions and fixed Automated Testing","messageBody":"","fileTypesAndContributionMap":{"java":{"insertions":3,"deletions":3}}},{"hash":"1053f72875c3a3080361adf4ba27f27fc7907f96","messageTitle":"Added delete and modified output","messageBody":"","tags":["Level-6"],"fileTypesAndContributionMap":{"java":{"insertions":26,"deletions":17}}}]},{"date":"2022-01-27","commitResults":[{"hash":"0379ffece61f36fb59ce67c67267df0496a70916","messageTitle":"Change to switch statement","messageBody":"","fileTypesAndContributionMap":{"java":{"insertions":64,"deletions":58}}},{"hash":"604a1743c5489fbd1d6d8f70c23600fe9da09612","messageTitle":"Add saving tasks to hard disk feature","messageBody":"","fileTypesAndContributionMap":{"java":{"insertions":72,"deletions":10}}},{"hash":"ec05bdfb77189d0fdd6d65628fba8bc930bf5776","messageTitle":"Add loading tasks from hard disk on startup","messageBody":"","fileTypesAndContributionMap":{"java":{"insertions":80,"deletions":25}}},{"hash":"0d42e767e2246fc654323c7f84b275faf2e8ee1a","messageTitle":"Add date handling for event and deadline","messageBody":"","fileTypesAndContributionMap":{"java":{"insertions":24,"deletions":11}}},{"hash":"fa534dcba45c14cdc4966643472f05d44c13223a","messageTitle":"Modify OOP structure","messageBody":"","tags":["A-MoreOOP"],"fileTypesAndContributionMap":{"java":{"insertions":355,"deletions":236},"sh":{"insertions":1,"deletions":1}}}]},{"date":"2022-01-28","commitResults":[{"hash":"db2b32ed588924172efa66d2925570e8f09d5082","messageTitle":"Divide classes into packages","messageBody":"","tags":["A-Packages"],"fileTypesAndContributionMap":{"java":{"insertions":27,"deletions":7}}},{"hash":"c794effe4c18e6ba0cdf35d64eb1e63cedf894f8","messageTitle":"Add JUnit testing","messageBody":"","tags":["v0.1","A-JUnit"],"fileTypesAndContributionMap":{"java":{"insertions":137,"deletions":8}}},{"hash":"53e5346e1cd399f3908030b8e8b3d02d955e2c0e","messageTitle":"Add find command","messageBody":"","fileTypesAndContributionMap":{"java":{"insertions":25,"deletions":0}}},{"hash":"43736aade3f3670352ef4f47130a66f4deba9c21","messageTitle":"Tweak the code to comply with the coding standard","messageBody":"","fileTypesAndContributionMap":{"java":{"insertions":7,"deletions":11}}},{"hash":"2d41fc4ef1983c907e2391af9c46007402e19557","messageTitle":"Add JavaDoc comments","messageBody":"","fileTypesAndContributionMap":{"java":{"insertions":277,"deletions":8}}}]},{"date":"2022-02-03","commitResults":[{"hash":"307109f64f13e929a973218534aed6b1fc407293","messageTitle":"Fix some nits according to code review","messageBody":"","fileTypesAndContributionMap":{"java":{"insertions":85,"deletions":85}}},{"hash":"a4abc1b99e28b1b3dc2b859432a69cadb737e5b2","messageTitle":"Update runtest of text-ui-test","messageBody":"","fileTypesAndContributionMap":{"sh":{"insertions":0,"deletions":0}}},{"hash":"70d5e571140cccd74ea672ddd609b29a35696a87","messageTitle":"Automate project builds and unit tests using Gradle","messageBody":"","fileTypesAndContributionMap":{"gradle":{"insertions":2,"deletions":2},"txt":{"insertions":0,"deletions":0},"java":{"insertions":0,"deletions":0}}}]},{"date":"2022-02-04","commitResults":[{"hash":"dbc41f805f26fafd7305c46061fbfd7f6acfeeea","messageTitle":"Add simple GUI with JavaFX","messageBody":"","fileTypesAndContributionMap":{"gradle":{"insertions":15,"deletions":0},"java":{"insertions":201,"deletions":1}}},{"hash":"2a713fe7207bfaf88bb274db27526e87a2296b03","messageTitle":"Modify GUI to use FXML","messageBody":"","fileTypesAndContributionMap":{"fxml":{"insertions":38,"deletions":0},"java":{"insertions":122,"deletions":34}}},{"hash":"fb4d3ba5712e310c40f4a9df0702fe46730068c8","messageTitle":"Add MyBoss features to GUI","messageBody":"","tags":["Level-10"],"fileTypesAndContributionMap":{"fxml":{"insertions":1,"deletions":1},"java":{"insertions":119,"deletions":297}}},{"hash":"67a8c9fb60659d6de61d17c5cbed381814437c29","messageTitle":"Fix gradle to run from launcher","messageBody":"","fileTypesAndContributionMap":{"gradle":{"insertions":1,"deletions":1}}}]}]},"authorFileTypeContributionMap":{"joszx":{"java":1070,"md":0,"fxml":38,"sh":1,"bat":0,"gradle":17,"txt":5}},"authorContributionVariance":{"joszx":72942.41},"authorDisplayNameMap":{"joszx":"CS2103T-T11-3 SEAH..XUAN"}}
