{"authorDailyContributionsMap":{"pnutzz-0207":[{"date":"2022-01-14","commitResults":[{"hash":"94a5a6e445728a19a3a0822f87be3b3c5e4ee716","messageTitle":"Update Duke.java","messageBody":"Level-1\n","tags":["Level-1"],"fileTypesAndContributionMap":{"java":{"insertions":29,"deletions":5}}},{"hash":"4d5861cfa9e19afc0fdbb8d7ed545c2c5218715e","messageTitle":"Update Duke.java","messageBody":"Level-2\n","tags":["Level-2"],"fileTypesAndContributionMap":{"java":{"insertions":14,"deletions":2}}},{"hash":"b8efc0342c658a2e736652a656efd6896778de71","messageTitle":"Level-3","messageBody":"","tags":["Level-3"],"fileTypesAndContributionMap":{"java":{"insertions":44,"deletions":2}}},{"hash":"64a854985962685d97913575570700d0699940d2","messageTitle":"Level-4","messageBody":"Bugs not fixed, no exceptions\n","tags":["Level-4"],"fileTypesAndContributionMap":{"java":{"insertions":66,"deletions":3}}},{"hash":"fc7f08168bba6c774b16d28b3413f95bb656c169","messageTitle":"Level-5","messageBody":"handled most errors\n","tags":["Level-5"],"fileTypesAndContributionMap":{"java":{"insertions":155,"deletions":48}}},{"hash":"cc5a3c71aabee0e7646f19ca5ff796a914eb6b25","messageTitle":"Level-6","messageBody":"delete function, change array to arrayList\n","tags":["Level-6"],"fileTypesAndContributionMap":{"java":{"insertions":60,"deletions":26}}},{"hash":"946f43cf4b7303221999662e78c0765190f6cb8f","messageTitle":"A-TextUiTesting","messageBody":"","tags":["A-TextUiTesting"],"fileTypesAndContributionMap":{"txt":{"insertions":21,"deletions":0},"java":{"insertions":163,"deletions":151}}}]},{"date":"2022-01-19","commitResults":[{"hash":"ea51f9530d0e62f42dc0733d6802f2057f616755","messageTitle":"TextUiTesting","messageBody":"","tags":["A-TextUiTesting-1"],"fileTypesAndContributionMap":{"txt":{"insertions":7,"deletions":0},"java":{"insertions":7,"deletions":6}}},{"hash":"9c3aff6448e557e2eb4238d0d7a65335db45c7f8","messageTitle":"branch-Level-7","messageBody":"","tags":["Level-7"],"fileTypesAndContributionMap":{"txt":{"insertions":1,"deletions":0},"java":{"insertions":164,"deletions":5}}}]},{"date":"2022-01-21","commitResults":[{"hash":"88726adbcfa9c369cec0a150e386dfa56f225da0","messageTitle":"branch-Level-8","messageBody":"","tags":["Level-8"],"fileTypesAndContributionMap":{"txt":{"insertions":11,"deletions":1},"java":{"insertions":200,"deletions":16}}},{"hash":"cdc79e7f6b28cd7e4da3968b9849dcb5ac1fc44b","messageTitle":"Level-8","messageBody":"","tags":["Level-8-merged"],"fileTypesAndContributionMap":{"txt":{"insertions":0,"deletions":0}}}]},{"date":"2022-01-23","commitResults":[{"hash":"12e74d67941827e2afdd401b1a21cb9a7642a14a","messageTitle":"A-moreOOP","messageBody":"","tags":["A-MoreOOP"],"fileTypesAndContributionMap":{"txt":{"insertions":1,"deletions":0},"java":{"insertions":732,"deletions":490}}},{"hash":"0b4f4c87261d67f9e68cfc924b665c3f9a7ff697","messageTitle":"A-Packages","messageBody":"","tags":["A-Packages"],"fileTypesAndContributionMap":{"txt":{"insertions":3,"deletions":0},"java":{"insertions":38,"deletions":6}}}]},{"date":"2022-01-24","commitResults":[{"hash":"916a57a89c0ee9baca6645cef26a8bf999bdafbc","messageTitle":"Create DukeTest.java","messageBody":"","fileTypesAndContributionMap":{"java":{"insertions":9,"deletions":0}}},{"hash":"f6867ffef8b9b74b85ba1639e5e64e180c8d8aaf","messageTitle":"Revert \"A-Packages\"","messageBody":"This reverts commit 0b4f4c87261d67f9e68cfc924b665c3f9a7ff697.\n","fileTypesAndContributionMap":{"txt":{"insertions":0,"deletions":3},"java":{"insertions":6,"deletions":38}}},{"hash":"aaad496a8f732f76885c2bc6809a9a7b5c02ad2b","messageTitle":"A-Packages","messageBody":"","tags":["A-Packages-1"],"fileTypesAndContributionMap":{"java":{"insertions":39,"deletions":2}}},{"hash":"dc12484ee6ebeee99a912c86114430b8c12c9f9c","messageTitle":"A-JUnit","messageBody":"","tags":["A-Jar","A-JUnit"],"fileTypesAndContributionMap":{"java":{"insertions":81,"deletions":2}}}]},{"date":"2022-01-25","commitResults":[{"hash":"99d4ac3eee669f9d4c407e377821b08e88d7953f","messageTitle":"branch-A-JavaDoc","messageBody":"","fileTypesAndContributionMap":{"java":{"insertions":273,"deletions":6}}},{"hash":"8b44c759aa8440338f4a382c1d57bf3299b9aeec","messageTitle":"branch-A-CodingStandard","messageBody":"","tags":["A-CodingStandard"],"fileTypesAndContributionMap":{"java":{"insertions":145,"deletions":146}}},{"hash":"593512d73ed23dce37e6a33e87968fd4e534d9b5","messageTitle":"branch-Level-9","messageBody":"","fileTypesAndContributionMap":{"txt":{"insertions":8,"deletions":1},"java":{"insertions":57,"deletions":1}}},{"hash":"bc7391da04ade33b5c44c153b3156f36579f5ccb","messageTitle":"branch-A-JavaDoc","messageBody":"","tags":["A-JavaDoc"],"fileTypesAndContributionMap":{"java":{"insertions":273,"deletions":6}}}]},{"date":"2022-01-26","commitResults":[{"hash":"6f71d99efefc9d048ff32bbe0d6bdcc0356d1af2","messageTitle":"change packages, add header comments","messageBody":"","fileTypesAndContributionMap":{"java":{"insertions":114,"deletions":89},"bat":{"insertions":1,"deletions":1},"md":{"insertions":2,"deletions":2}}}]},{"date":"2022-01-29","commitResults":[{"hash":"cd8973eccbce6e699efe610c64e74fc2471e737f","messageTitle":"checkstyle","messageBody":"","tags":["A-CheckStyle"],"fileTypesAndContributionMap":{"gradle":{"insertions":1,"deletions":1},"java":{"insertions":168,"deletions":100},"sh":{"insertions":74,"deletions":0}}},{"hash":"9fa601b43e351533d653d3c97dbfb6c0b2810283","messageTitle":"gui","messageBody":"","tags":["Level-10","A-GUI"],"fileTypesAndContributionMap":{"gradle":{"insertions":15,"deletions":0},"txt":{"insertions":8,"deletions":3},"fxml":{"insertions":38,"deletions":0},"java":{"insertions":294,"deletions":143}}}]},{"date":"2022-01-30","commitResults":[{"hash":"ebc0ff463e13a8127491cdb81d232082160e33c4","messageTitle":"fix Level-10 bug","messageBody":"","fileTypesAndContributionMap":{"txt":{"insertions":1,"deletions":9},"java":{"insertions":9,"deletions":17}}}]}]},"authorFileTypeContributionMap":{"pnutzz-0207":{"java":1575,"md":2,"fxml":38,"sh":74,"bat":1,"gradle":16,"txt":43}},"authorContributionVariance":{"pnutzz-0207":157348.78},"authorDisplayNameMap":{"pnutzz-0207":"CS2103T-W12-2 SIM ..LENG"}}
