{"authorDailyContributionsMap":{"pnutzz-0207":[{"date":"2022-01-14","commitResults":[{"hash":"94a5a6e445728a19a3a0822f87be3b3c5e4ee716","messageTitle":"Update Duke.java","messageBody":"Level-1\n","tags":["Level-1"],"fileTypesAndContributionMap":{"java":{"insertions":29,"deletions":5}}},{"hash":"4d5861cfa9e19afc0fdbb8d7ed545c2c5218715e","messageTitle":"Update Duke.java","messageBody":"Level-2\n","tags":["Level-2"],"fileTypesAndContributionMap":{"java":{"insertions":14,"deletions":2}}},{"hash":"b8efc0342c658a2e736652a656efd6896778de71","messageTitle":"Level-3","messageBody":"","tags":["Level-3"],"fileTypesAndContributionMap":{"java":{"insertions":44,"deletions":2}}},{"hash":"64a854985962685d97913575570700d0699940d2","messageTitle":"Level-4","messageBody":"Bugs not fixed, no exceptions\n","tags":["Level-4"],"fileTypesAndContributionMap":{"java":{"insertions":66,"deletions":3}}},{"hash":"fc7f08168bba6c774b16d28b3413f95bb656c169","messageTitle":"Level-5","messageBody":"handled most errors\n","tags":["Level-5"],"fileTypesAndContributionMap":{"java":{"insertions":155,"deletions":48}}},{"hash":"cc5a3c71aabee0e7646f19ca5ff796a914eb6b25","messageTitle":"Level-6","messageBody":"delete function, change array to arrayList\n","tags":["Level-6"],"fileTypesAndContributionMap":{"java":{"insertions":60,"deletions":26}}},{"hash":"946f43cf4b7303221999662e78c0765190f6cb8f","messageTitle":"A-TextUiTesting","messageBody":"","tags":["A-TextUiTesting"],"fileTypesAndContributionMap":{"txt":{"insertions":21,"deletions":0},"java":{"insertions":163,"deletions":151}}}]},{"date":"2022-01-19","commitResults":[{"hash":"ea51f9530d0e62f42dc0733d6802f2057f616755","messageTitle":"TextUiTesting","messageBody":"","tags":["A-TextUiTesting-1"],"fileTypesAndContributionMap":{"txt":{"insertions":7,"deletions":0},"java":{"insertions":7,"deletions":6}}},{"hash":"9c3aff6448e557e2eb4238d0d7a65335db45c7f8","messageTitle":"branch-Level-7","messageBody":"","tags":["Level-7"],"fileTypesAndContributionMap":{"txt":{"insertions":1,"deletions":0},"java":{"insertions":164,"deletions":5}}}]},{"date":"2022-01-21","commitResults":[{"hash":"88726adbcfa9c369cec0a150e386dfa56f225da0","messageTitle":"branch-Level-8","messageBody":"","tags":["Level-8"],"fileTypesAndContributionMap":{"txt":{"insertions":11,"deletions":1},"java":{"insertions":200,"deletions":16}}},{"hash":"cdc79e7f6b28cd7e4da3968b9849dcb5ac1fc44b","messageTitle":"Level-8","messageBody":"","fileTypesAndContributionMap":{"txt":{"insertions":0,"deletions":0}}}]}]},"authorFileTypeContributionMap":{"pnutzz-0207":{"java":651,"md":0,"fxml":0,"sh":0,"bat":0,"gradle":0,"txt":38}},"authorContributionVariance":{"pnutzz-0207":66062.34},"authorDisplayNameMap":{"pnutzz-0207":"SIM ..LENG"}}
