{"authorDailyContributionsMap":{"jiewei98":[{"date":"2022-01-20","commitResults":[{"hash":"3b35d28b06a6238421e3f9aa6405762cb615106c","messageTitle":"Added level 1 functionalities","messageBody":"","tags":["Level-1"],"fileTypesAndContributionMap":{"java":{"insertions":19,"deletions":7}}},{"hash":"3217b0bf49e43fad4b703e0ae78ec3d5ace94111","messageTitle":"Added level 2 functionalities","messageBody":"","tags":["Level-2"],"fileTypesAndContributionMap":{"java":{"insertions":12,"deletions":1}}},{"hash":"828131e024b3889d6c8821b51ed6d3f989114340","messageTitle":"Added level 3 functionalities","messageBody":"","tags":["Level-3"],"fileTypesAndContributionMap":{"java":{"insertions":56,"deletions":3}}},{"hash":"34204ef2cf44795706a4b4ddf6d613cf6e9f1976","messageTitle":"Added level 4 functionalities","messageBody":"","tags":["Level-4"],"fileTypesAndContributionMap":{"java":{"insertions":77,"deletions":9}}},{"hash":"b94f0b87c47788bd3e3f68c75d5e2969a4b0ef23","messageTitle":"Added Automated Text UI Testing","messageBody":"","tags":["A-TextUiTesting"],"fileTypesAndContributionMap":{"txt":{"insertions":1,"deletions":0}}}]},{"date":"2022-01-21","commitResults":[{"hash":"8031c643e468173d26552bde06e5cba2bfa3c97c","messageTitle":"Added level 5 functionalities","messageBody":"","tags":["Level-5"],"fileTypesAndContributionMap":{"java":{"insertions":17,"deletions":7}}},{"hash":"6550a6751e9fa0fae1307dab1a0a4b91a3af29a5","messageTitle":"Added level 6 functionalities","messageBody":"","tags":["Level-6"],"fileTypesAndContributionMap":{"java":{"insertions":16,"deletions":2}}}]}]},"authorFileTypeContributionMap":{"jiewei98":{"java":175,"md":0,"fxml":0,"sh":0,"bat":0,"gradle":0,"txt":1}},"authorContributionVariance":{"jiewei98":3693.4844},"authorDisplayNameMap":{"jiewei98":"TAN .. WEI"}}
