[{"path":"src/main/java/Duke.java","fileType":"java","lines":[{"lineNumber":1,"author":{"gitId":"tanyutao544"},"content":"import java.io.File;","lastModifiedDate":"2022-01-24"},{"lineNumber":2,"author":{"gitId":"tanyutao544"},"content":"import java.io.FileWriter;","lastModifiedDate":"2022-01-24"},{"lineNumber":3,"author":{"gitId":"tanyutao544"},"content":"import java.io.IOException;","lastModifiedDate":"2022-01-24"},{"lineNumber":4,"author":{"gitId":"tanyutao544"},"content":"import java.util.ArrayList;","lastModifiedDate":"2022-01-19"},{"lineNumber":5,"author":{"gitId":"tanyutao544"},"content":"import java.util.Scanner;","lastModifiedDate":"2022-01-16"},{"lineNumber":6,"author":{"gitId":"tanyutao544"},"content":"","lastModifiedDate":"2022-01-18"},{"lineNumber":7,"author":{"gitId":"tanyutao544"},"content":"import Exceptions.*;","lastModifiedDate":"2022-01-18"},{"lineNumber":8,"author":{"gitId":"tanyutao544"},"content":"import commands.*;","lastModifiedDate":"2022-01-16"},{"lineNumber":9,"author":{"gitId":"tanyutao544"},"content":"import tasks.*;","lastModifiedDate":"2022-01-17"},{"lineNumber":10,"author":{"gitId":"tanyutao544"},"content":"","lastModifiedDate":"2022-01-22"},{"lineNumber":11,"author":{"gitId":"-"},"content":"public class Duke {","lastModifiedDate":"2019-07-29"},{"lineNumber":12,"author":{"gitId":"tanyutao544"},"content":"\tprivate static ArrayList\u003cTask\u003e TASKLIST \u003d new ArrayList\u003c\u003e();","lastModifiedDate":"2022-01-19"},{"lineNumber":13,"author":{"gitId":"tanyutao544"},"content":"\tprivate static Storage storage;","lastModifiedDate":"2022-01-25"},{"lineNumber":14,"author":{"gitId":"tanyutao544"},"content":"\tprivate static Ui ui;","lastModifiedDate":"2022-01-25"},{"lineNumber":15,"author":{"gitId":"tanyutao544"},"content":"\tpublic Duke(String filePath) {","lastModifiedDate":"2022-01-25"},{"lineNumber":16,"author":{"gitId":"tanyutao544"},"content":"\t\tstorage \u003d new Storage(filePath);","lastModifiedDate":"2022-01-25"},{"lineNumber":17,"author":{"gitId":"tanyutao544"},"content":"\t\tui \u003d new Ui();","lastModifiedDate":"2022-01-25"},{"lineNumber":18,"author":{"gitId":"tanyutao544"},"content":"","lastModifiedDate":"2022-01-25"},{"lineNumber":19,"author":{"gitId":"tanyutao544"},"content":"\t\ttry {","lastModifiedDate":"2022-01-24"},{"lineNumber":20,"author":{"gitId":"tanyutao544"},"content":"\t\t\tTASKLIST \u003d storage.load();","lastModifiedDate":"2022-01-25"},{"lineNumber":21,"author":{"gitId":"tanyutao544"},"content":"\t\t} catch (IOException e) {","lastModifiedDate":"2022-01-24"},{"lineNumber":22,"author":{"gitId":"tanyutao544"},"content":"\t\t\tSystem.out.println(\"An error occurred\");","lastModifiedDate":"2022-01-24"},{"lineNumber":23,"author":{"gitId":"tanyutao544"},"content":"\t\t\te.printStackTrace();","lastModifiedDate":"2022-01-24"},{"lineNumber":24,"author":{"gitId":"tanyutao544"},"content":"\t\t}","lastModifiedDate":"2022-01-24"},{"lineNumber":25,"author":{"gitId":"tanyutao544"},"content":"\t}","lastModifiedDate":"2022-01-25"},{"lineNumber":26,"author":{"gitId":"tanyutao544"},"content":"","lastModifiedDate":"2022-01-24"},{"lineNumber":27,"author":{"gitId":"tanyutao544"},"content":"\tpublic void run(){","lastModifiedDate":"2022-01-25"},{"lineNumber":28,"author":{"gitId":"tanyutao544"},"content":"\t\t//intro messages","lastModifiedDate":"2022-01-16"},{"lineNumber":29,"author":{"gitId":"tanyutao544"},"content":"\t\tui.welcomeMessage();","lastModifiedDate":"2022-01-25"},{"lineNumber":30,"author":{"gitId":"tanyutao544"},"content":"\t\tScanner sc \u003d new Scanner(System.in);","lastModifiedDate":"2022-01-16"},{"lineNumber":31,"author":{"gitId":"tanyutao544"},"content":"\t\tCommand cmd;","lastModifiedDate":"2022-01-25"},{"lineNumber":32,"author":{"gitId":"tanyutao544"},"content":"\t\t//main program loop","lastModifiedDate":"2022-01-16"},{"lineNumber":33,"author":{"gitId":"tanyutao544"},"content":"\t\twhile (true) {","lastModifiedDate":"2022-01-16"},{"lineNumber":34,"author":{"gitId":"tanyutao544"},"content":"\t\t\ttry {","lastModifiedDate":"2022-01-18"},{"lineNumber":35,"author":{"gitId":"tanyutao544"},"content":"\t\t\t\tString input \u003d sc.nextLine();","lastModifiedDate":"2022-01-16"},{"lineNumber":36,"author":{"gitId":"tanyutao544"},"content":"\t\t\t\tcmd \u003d processInput(input);","lastModifiedDate":"2022-01-16"},{"lineNumber":37,"author":{"gitId":"tanyutao544"},"content":"\t\t\t\tui.printLine();","lastModifiedDate":"2022-01-25"},{"lineNumber":38,"author":{"gitId":"tanyutao544"},"content":"\t\t\t\tcmd.execute();","lastModifiedDate":"2022-01-16"},{"lineNumber":39,"author":{"gitId":"tanyutao544"},"content":"\t\t\t\tui.printLine();","lastModifiedDate":"2022-01-25"},{"lineNumber":40,"author":{"gitId":"tanyutao544"},"content":"\t\t\t\tif (cmd.ends()) {","lastModifiedDate":"2022-01-18"},{"lineNumber":41,"author":{"gitId":"tanyutao544"},"content":"\t\t\t\t\tbreak;","lastModifiedDate":"2022-01-16"},{"lineNumber":42,"author":{"gitId":"tanyutao544"},"content":"\t\t\t\t}","lastModifiedDate":"2022-01-16"},{"lineNumber":43,"author":{"gitId":"tanyutao544"},"content":"\t\t\t} catch (DukeException e) {","lastModifiedDate":"2022-01-18"},{"lineNumber":44,"author":{"gitId":"tanyutao544"},"content":"\t\t\t\te.printError();","lastModifiedDate":"2022-01-18"},{"lineNumber":45,"author":{"gitId":"tanyutao544"},"content":"\t\t\t}","lastModifiedDate":"2022-01-18"},{"lineNumber":46,"author":{"gitId":"tanyutao544"},"content":"\t\t}","lastModifiedDate":"2022-01-16"},{"lineNumber":47,"author":{"gitId":"tanyutao544"},"content":"","lastModifiedDate":"2022-01-24"},{"lineNumber":48,"author":{"gitId":"tanyutao544"},"content":"\t\ttry{","lastModifiedDate":"2022-01-24"},{"lineNumber":49,"author":{"gitId":"tanyutao544"},"content":"\t\t\tstorage.saveFile(TASKLIST);","lastModifiedDate":"2022-01-25"},{"lineNumber":50,"author":{"gitId":"tanyutao544"},"content":"\t\t} catch (IOException e) {","lastModifiedDate":"2022-01-24"},{"lineNumber":51,"author":{"gitId":"tanyutao544"},"content":"\t\t\tSystem.out.println(\"An error occurred\");","lastModifiedDate":"2022-01-24"},{"lineNumber":52,"author":{"gitId":"tanyutao544"},"content":"\t\t\te.printStackTrace();","lastModifiedDate":"2022-01-24"},{"lineNumber":53,"author":{"gitId":"tanyutao544"},"content":"\t\t}","lastModifiedDate":"2022-01-24"},{"lineNumber":54,"author":{"gitId":"tanyutao544"},"content":"\t}","lastModifiedDate":"2022-01-16"},{"lineNumber":55,"author":{"gitId":"tanyutao544"},"content":"","lastModifiedDate":"2022-01-16"},{"lineNumber":56,"author":{"gitId":"tanyutao544"},"content":"\tpublic static void main(String[] args) {","lastModifiedDate":"2022-01-25"},{"lineNumber":57,"author":{"gitId":"tanyutao544"},"content":"\t\tnew Duke(\"data/tasks.txt\").run();","lastModifiedDate":"2022-01-25"},{"lineNumber":58,"author":{"gitId":"tanyutao544"},"content":"\t}","lastModifiedDate":"2022-01-25"},{"lineNumber":59,"author":{"gitId":"tanyutao544"},"content":"","lastModifiedDate":"2022-01-25"},{"lineNumber":60,"author":{"gitId":"tanyutao544"},"content":"\tprivate static Command processInput(String input) throws DukeException {","lastModifiedDate":"2022-01-24"},{"lineNumber":61,"author":{"gitId":"tanyutao544"},"content":"\t\tCommand cmd \u003d null;","lastModifiedDate":"2022-01-16"},{"lineNumber":62,"author":{"gitId":"tanyutao544"},"content":"\t\tString[] inputSplit \u003d input.split(\" \", 2);","lastModifiedDate":"2022-01-19"},{"lineNumber":63,"author":{"gitId":"tanyutao544"},"content":"\t\tString commandType \u003d inputSplit[0].toLowerCase();","lastModifiedDate":"2022-01-19"},{"lineNumber":64,"author":{"gitId":"tanyutao544"},"content":"\t\tswitch (commandType) {","lastModifiedDate":"2022-01-22"},{"lineNumber":65,"author":{"gitId":"tanyutao544"},"content":"\t\tcase \"bye\":","lastModifiedDate":"2022-01-22"},{"lineNumber":66,"author":{"gitId":"tanyutao544"},"content":"\t\t\tcmd \u003d new ByeCommand();","lastModifiedDate":"2022-01-16"},{"lineNumber":67,"author":{"gitId":"tanyutao544"},"content":"\t\t\tbreak;","lastModifiedDate":"2022-01-22"},{"lineNumber":68,"author":{"gitId":"tanyutao544"},"content":"\t\tcase \"list\":","lastModifiedDate":"2022-01-22"},{"lineNumber":69,"author":{"gitId":"tanyutao544"},"content":"\t\t\tcmd \u003d new ListCommand(TASKLIST);","lastModifiedDate":"2022-01-16"},{"lineNumber":70,"author":{"gitId":"tanyutao544"},"content":"\t\t\tbreak;","lastModifiedDate":"2022-01-22"},{"lineNumber":71,"author":{"gitId":"tanyutao544"},"content":"\t\tcase \"mark\":","lastModifiedDate":"2022-01-22"},{"lineNumber":72,"author":{"gitId":"tanyutao544"},"content":"\t\tcase \"unmark\":","lastModifiedDate":"2022-01-22"},{"lineNumber":73,"author":{"gitId":"tanyutao544"},"content":"\t\tcase \"delete\":","lastModifiedDate":"2022-01-22"},{"lineNumber":74,"author":{"gitId":"tanyutao544"},"content":"\t\t\tString detail \u003d inputSplit[1];","lastModifiedDate":"2022-01-20"},{"lineNumber":75,"author":{"gitId":"tanyutao544"},"content":"\t\t\tif (!isInteger(detail)) {","lastModifiedDate":"2022-01-20"},{"lineNumber":76,"author":{"gitId":"tanyutao544"},"content":"\t\t\t\tthrow new IncorrectValueException();","lastModifiedDate":"2022-01-20"},{"lineNumber":77,"author":{"gitId":"tanyutao544"},"content":"\t\t\t}","lastModifiedDate":"2022-01-20"},{"lineNumber":78,"author":{"gitId":"tanyutao544"},"content":"\t\t\tint inputVal \u003d Integer.parseInt(detail);","lastModifiedDate":"2022-01-20"},{"lineNumber":79,"author":{"gitId":"tanyutao544"},"content":"\t\t\tif (inputVal \u003e TASKLIST.size()) {","lastModifiedDate":"2022-01-20"},{"lineNumber":80,"author":{"gitId":"tanyutao544"},"content":"\t\t\t\tthrow new OutOfRangeException();","lastModifiedDate":"2022-01-20"},{"lineNumber":81,"author":{"gitId":"tanyutao544"},"content":"\t\t\t}","lastModifiedDate":"2022-01-20"},{"lineNumber":82,"author":{"gitId":"tanyutao544"},"content":"\t\t\tswitch (commandType) {","lastModifiedDate":"2022-01-20"},{"lineNumber":83,"author":{"gitId":"tanyutao544"},"content":"\t\t\tcase \"mark\":","lastModifiedDate":"2022-01-20"},{"lineNumber":84,"author":{"gitId":"tanyutao544"},"content":"\t\t\t\tcmd \u003d new MarkCommand(TASKLIST, inputVal);","lastModifiedDate":"2022-01-20"},{"lineNumber":85,"author":{"gitId":"tanyutao544"},"content":"\t\t\t\tbreak;","lastModifiedDate":"2022-01-20"},{"lineNumber":86,"author":{"gitId":"tanyutao544"},"content":"\t\t\tcase \"unmark\":","lastModifiedDate":"2022-01-20"},{"lineNumber":87,"author":{"gitId":"tanyutao544"},"content":"\t\t\t\tcmd \u003d new UnMarkCommand(TASKLIST, inputVal);","lastModifiedDate":"2022-01-20"},{"lineNumber":88,"author":{"gitId":"tanyutao544"},"content":"\t\t\t\tbreak;","lastModifiedDate":"2022-01-20"},{"lineNumber":89,"author":{"gitId":"tanyutao544"},"content":"\t\t\tcase \"delete\":","lastModifiedDate":"2022-01-20"},{"lineNumber":90,"author":{"gitId":"tanyutao544"},"content":"\t\t\t\tcmd \u003d new DeleteCommand(TASKLIST, inputVal);","lastModifiedDate":"2022-01-20"},{"lineNumber":91,"author":{"gitId":"tanyutao544"},"content":"\t\t\t\tTASKLIST \u003d cmd.getList();","lastModifiedDate":"2022-01-19"},{"lineNumber":92,"author":{"gitId":"tanyutao544"},"content":"\t\t\t\tbreak;","lastModifiedDate":"2022-01-20"},{"lineNumber":93,"author":{"gitId":"tanyutao544"},"content":"\t\t\t}","lastModifiedDate":"2022-01-20"},{"lineNumber":94,"author":{"gitId":"tanyutao544"},"content":"\t\t\tbreak;","lastModifiedDate":"2022-01-22"},{"lineNumber":95,"author":{"gitId":"tanyutao544"},"content":"\t\tcase \"todo\":","lastModifiedDate":"2022-01-22"},{"lineNumber":96,"author":{"gitId":"tanyutao544"},"content":"\t\tcase \"event\":","lastModifiedDate":"2022-01-22"},{"lineNumber":97,"author":{"gitId":"tanyutao544"},"content":"\t\tcase \"deadline\":","lastModifiedDate":"2022-01-22"},{"lineNumber":98,"author":{"gitId":"tanyutao544"},"content":"\t\t\tif (inputSplit.length \u003c 2) {","lastModifiedDate":"2022-01-18"},{"lineNumber":99,"author":{"gitId":"tanyutao544"},"content":"\t\t\t\tthrow new EmptyDescriptionException(commandType);","lastModifiedDate":"2022-01-19"},{"lineNumber":100,"author":{"gitId":"tanyutao544"},"content":"\t\t\t}","lastModifiedDate":"2022-01-18"},{"lineNumber":101,"author":{"gitId":"tanyutao544"},"content":"\t\t\tcmd \u003d new AddCommand(TASKLIST, commandType, inputSplit[1]);","lastModifiedDate":"2022-01-19"},{"lineNumber":102,"author":{"gitId":"tanyutao544"},"content":"\t\t\tTASKLIST \u003d cmd.getList();","lastModifiedDate":"2022-01-16"},{"lineNumber":103,"author":{"gitId":"tanyutao544"},"content":"\t\t\tbreak;","lastModifiedDate":"2022-01-22"},{"lineNumber":104,"author":{"gitId":"tanyutao544"},"content":"\t\tdefault:","lastModifiedDate":"2022-01-22"},{"lineNumber":105,"author":{"gitId":"tanyutao544"},"content":"\t\t\tthrow new UnknownCommandException();","lastModifiedDate":"2022-01-18"},{"lineNumber":106,"author":{"gitId":"tanyutao544"},"content":"\t\t}","lastModifiedDate":"2022-01-16"},{"lineNumber":107,"author":{"gitId":"tanyutao544"},"content":"\t\treturn cmd;","lastModifiedDate":"2022-01-16"},{"lineNumber":108,"author":{"gitId":"-"},"content":"\t}","lastModifiedDate":"2019-07-29"},{"lineNumber":109,"author":{"gitId":"tanyutao544"},"content":"","lastModifiedDate":"2022-01-17"},{"lineNumber":110,"author":{"gitId":"tanyutao544"},"content":"\tprivate static boolean isInteger(String input) {","lastModifiedDate":"2022-01-24"},{"lineNumber":111,"author":{"gitId":"tanyutao544"},"content":"\t\tfor (int i \u003d 0; i \u003c input.length(); i++) {","lastModifiedDate":"2022-01-17"},{"lineNumber":112,"author":{"gitId":"tanyutao544"},"content":"\t\t\tif (!Character.isDigit(input.charAt(i))) {","lastModifiedDate":"2022-01-17"},{"lineNumber":113,"author":{"gitId":"tanyutao544"},"content":"\t\t\t\treturn false;","lastModifiedDate":"2022-01-17"},{"lineNumber":114,"author":{"gitId":"tanyutao544"},"content":"\t\t\t}","lastModifiedDate":"2022-01-17"},{"lineNumber":115,"author":{"gitId":"tanyutao544"},"content":"\t\t}","lastModifiedDate":"2022-01-17"},{"lineNumber":116,"author":{"gitId":"tanyutao544"},"content":"\t\treturn true;","lastModifiedDate":"2022-01-17"},{"lineNumber":117,"author":{"gitId":"tanyutao544"},"content":"\t}","lastModifiedDate":"2022-01-17"},{"lineNumber":118,"author":{"gitId":"-"},"content":"}","lastModifiedDate":"2019-07-29"}],"authorContributionMap":{"tanyutao544":115,"-":3}},{"path":"src/main/java/Exceptions/DukeException.java","fileType":"java","lines":[{"lineNumber":1,"author":{"gitId":"tanyutao544"},"content":"package Exceptions;","lastModifiedDate":"2022-01-18"},{"lineNumber":2,"author":{"gitId":"tanyutao544"},"content":"","lastModifiedDate":"2022-01-18"},{"lineNumber":3,"author":{"gitId":"tanyutao544"},"content":"public abstract class DukeException extends Exception {","lastModifiedDate":"2022-01-18"},{"lineNumber":4,"author":{"gitId":"tanyutao544"},"content":"\tpublic final static String LINE \u003d \"    ____________________________________________________________\\n\";","lastModifiedDate":"2022-01-18"},{"lineNumber":5,"author":{"gitId":"tanyutao544"},"content":"\tpublic final static String INDENT \u003d \"     \";","lastModifiedDate":"2022-01-18"},{"lineNumber":6,"author":{"gitId":"tanyutao544"},"content":"","lastModifiedDate":"2022-01-18"},{"lineNumber":7,"author":{"gitId":"tanyutao544"},"content":"\tpublic abstract void printError();","lastModifiedDate":"2022-01-18"},{"lineNumber":8,"author":{"gitId":"tanyutao544"},"content":"","lastModifiedDate":"2022-01-18"},{"lineNumber":9,"author":{"gitId":"tanyutao544"},"content":"\tpublic static void printFormatted(String[] msg) {","lastModifiedDate":"2022-01-18"},{"lineNumber":10,"author":{"gitId":"tanyutao544"},"content":"\t\tSystem.out.print(LINE);","lastModifiedDate":"2022-01-18"},{"lineNumber":11,"author":{"gitId":"tanyutao544"},"content":"\t\tfor (int i \u003d 0; i \u003c msg.length; i++) {","lastModifiedDate":"2022-01-18"},{"lineNumber":12,"author":{"gitId":"tanyutao544"},"content":"\t\t\tif (msg[i] !\u003d null) {","lastModifiedDate":"2022-01-18"},{"lineNumber":13,"author":{"gitId":"tanyutao544"},"content":"\t\t\t\tSystem.out.println(INDENT + msg[i]);","lastModifiedDate":"2022-01-18"},{"lineNumber":14,"author":{"gitId":"tanyutao544"},"content":"\t\t\t}","lastModifiedDate":"2022-01-18"},{"lineNumber":15,"author":{"gitId":"tanyutao544"},"content":"\t\t}","lastModifiedDate":"2022-01-18"},{"lineNumber":16,"author":{"gitId":"tanyutao544"},"content":"\t\tSystem.out.println(LINE);","lastModifiedDate":"2022-01-18"},{"lineNumber":17,"author":{"gitId":"tanyutao544"},"content":"\t}","lastModifiedDate":"2022-01-18"},{"lineNumber":18,"author":{"gitId":"tanyutao544"},"content":"}","lastModifiedDate":"2022-01-18"}],"authorContributionMap":{"tanyutao544":18}},{"path":"src/main/java/Exceptions/EmptyDescriptionException.java","fileType":"java","lines":[{"lineNumber":1,"author":{"gitId":"tanyutao544"},"content":"package Exceptions;","lastModifiedDate":"2022-01-18"},{"lineNumber":2,"author":{"gitId":"tanyutao544"},"content":"","lastModifiedDate":"2022-01-18"},{"lineNumber":3,"author":{"gitId":"tanyutao544"},"content":"public class EmptyDescriptionException extends DukeException {","lastModifiedDate":"2022-01-18"},{"lineNumber":4,"author":{"gitId":"tanyutao544"},"content":"\tprivate String type;","lastModifiedDate":"2022-01-18"},{"lineNumber":5,"author":{"gitId":"tanyutao544"},"content":"","lastModifiedDate":"2022-01-22"},{"lineNumber":6,"author":{"gitId":"tanyutao544"},"content":"\tpublic EmptyDescriptionException(String type) {","lastModifiedDate":"2022-01-18"},{"lineNumber":7,"author":{"gitId":"tanyutao544"},"content":"\t\tthis.type \u003d type;","lastModifiedDate":"2022-01-18"},{"lineNumber":8,"author":{"gitId":"tanyutao544"},"content":"\t}","lastModifiedDate":"2022-01-18"},{"lineNumber":9,"author":{"gitId":"tanyutao544"},"content":"","lastModifiedDate":"2022-01-18"},{"lineNumber":10,"author":{"gitId":"tanyutao544"},"content":"\t@Override","lastModifiedDate":"2022-01-18"},{"lineNumber":11,"author":{"gitId":"tanyutao544"},"content":"\tpublic void printError() {","lastModifiedDate":"2022-01-18"},{"lineNumber":12,"author":{"gitId":"tanyutao544"},"content":"\t\tprintFormatted(new String[]{\"☹ OOPS!!! The description of a \" + type + \" cannot be empty.\"});","lastModifiedDate":"2022-01-18"},{"lineNumber":13,"author":{"gitId":"tanyutao544"},"content":"\t}","lastModifiedDate":"2022-01-18"},{"lineNumber":14,"author":{"gitId":"tanyutao544"},"content":"}","lastModifiedDate":"2022-01-18"}],"authorContributionMap":{"tanyutao544":14}},{"path":"src/main/java/Exceptions/IncorrectValueException.java","fileType":"java","lines":[{"lineNumber":1,"author":{"gitId":"tanyutao544"},"content":"package Exceptions;","lastModifiedDate":"2022-01-20"},{"lineNumber":2,"author":{"gitId":"tanyutao544"},"content":"","lastModifiedDate":"2022-01-20"},{"lineNumber":3,"author":{"gitId":"tanyutao544"},"content":"public class IncorrectValueException extends DukeException {","lastModifiedDate":"2022-01-20"},{"lineNumber":4,"author":{"gitId":"tanyutao544"},"content":"\tpublic IncorrectValueException() {","lastModifiedDate":"2022-01-20"},{"lineNumber":5,"author":{"gitId":"tanyutao544"},"content":"","lastModifiedDate":"2022-01-20"},{"lineNumber":6,"author":{"gitId":"tanyutao544"},"content":"\t}","lastModifiedDate":"2022-01-20"},{"lineNumber":7,"author":{"gitId":"tanyutao544"},"content":"","lastModifiedDate":"2022-01-22"},{"lineNumber":8,"author":{"gitId":"tanyutao544"},"content":"\t@Override","lastModifiedDate":"2022-01-20"},{"lineNumber":9,"author":{"gitId":"tanyutao544"},"content":"\tpublic void printError() {","lastModifiedDate":"2022-01-20"},{"lineNumber":10,"author":{"gitId":"tanyutao544"},"content":"\t\tprintFormatted(new String[]{\"☹ OOPS!!! The value input is incorrect\"});","lastModifiedDate":"2022-01-20"},{"lineNumber":11,"author":{"gitId":"tanyutao544"},"content":"\t}","lastModifiedDate":"2022-01-20"},{"lineNumber":12,"author":{"gitId":"tanyutao544"},"content":"}","lastModifiedDate":"2022-01-20"}],"authorContributionMap":{"tanyutao544":12}},{"path":"src/main/java/Exceptions/OutOfRangeException.java","fileType":"java","lines":[{"lineNumber":1,"author":{"gitId":"tanyutao544"},"content":"package Exceptions;","lastModifiedDate":"2022-01-20"},{"lineNumber":2,"author":{"gitId":"tanyutao544"},"content":"","lastModifiedDate":"2022-01-20"},{"lineNumber":3,"author":{"gitId":"tanyutao544"},"content":"public class OutOfRangeException extends DukeException {","lastModifiedDate":"2022-01-20"},{"lineNumber":4,"author":{"gitId":"tanyutao544"},"content":"\tpublic OutOfRangeException() {","lastModifiedDate":"2022-01-20"},{"lineNumber":5,"author":{"gitId":"tanyutao544"},"content":"","lastModifiedDate":"2022-01-20"},{"lineNumber":6,"author":{"gitId":"tanyutao544"},"content":"\t}","lastModifiedDate":"2022-01-20"},{"lineNumber":7,"author":{"gitId":"tanyutao544"},"content":"","lastModifiedDate":"2022-01-20"},{"lineNumber":8,"author":{"gitId":"tanyutao544"},"content":"\t@Override","lastModifiedDate":"2022-01-20"},{"lineNumber":9,"author":{"gitId":"tanyutao544"},"content":"\tpublic void printError() {","lastModifiedDate":"2022-01-20"},{"lineNumber":10,"author":{"gitId":"tanyutao544"},"content":"\t\tprintFormatted(new String[]{\"☹ OOPS!!! The value input is not in the list\"});","lastModifiedDate":"2022-01-20"},{"lineNumber":11,"author":{"gitId":"tanyutao544"},"content":"\t}","lastModifiedDate":"2022-01-20"},{"lineNumber":12,"author":{"gitId":"tanyutao544"},"content":"}","lastModifiedDate":"2022-01-20"}],"authorContributionMap":{"tanyutao544":12}},{"path":"src/main/java/Exceptions/UnknownCommandException.java","fileType":"java","lines":[{"lineNumber":1,"author":{"gitId":"tanyutao544"},"content":"package Exceptions;","lastModifiedDate":"2022-01-18"},{"lineNumber":2,"author":{"gitId":"tanyutao544"},"content":"","lastModifiedDate":"2022-01-18"},{"lineNumber":3,"author":{"gitId":"tanyutao544"},"content":"public class UnknownCommandException extends DukeException {","lastModifiedDate":"2022-01-18"},{"lineNumber":4,"author":{"gitId":"tanyutao544"},"content":"\tpublic UnknownCommandException() {","lastModifiedDate":"2022-01-22"},{"lineNumber":5,"author":{"gitId":"tanyutao544"},"content":"\t}","lastModifiedDate":"2022-01-22"},{"lineNumber":6,"author":{"gitId":"tanyutao544"},"content":"","lastModifiedDate":"2022-01-18"},{"lineNumber":7,"author":{"gitId":"tanyutao544"},"content":"\t@Override","lastModifiedDate":"2022-01-18"},{"lineNumber":8,"author":{"gitId":"tanyutao544"},"content":"\tpublic void printError() {","lastModifiedDate":"2022-01-18"},{"lineNumber":9,"author":{"gitId":"tanyutao544"},"content":"\t\tprintFormatted(new String[]{\"☹ OOPS!!! I\u0027m sorry, but I don\u0027t know what that means :-(\"});","lastModifiedDate":"2022-01-18"},{"lineNumber":10,"author":{"gitId":"tanyutao544"},"content":"\t}","lastModifiedDate":"2022-01-18"},{"lineNumber":11,"author":{"gitId":"tanyutao544"},"content":"}","lastModifiedDate":"2022-01-18"}],"authorContributionMap":{"tanyutao544":11}},{"path":"src/main/java/Storage.java","fileType":"java","lines":[{"lineNumber":1,"author":{"gitId":"tanyutao544"},"content":"import tasks.Deadline;","lastModifiedDate":"2022-01-25"},{"lineNumber":2,"author":{"gitId":"tanyutao544"},"content":"import tasks.Event;","lastModifiedDate":"2022-01-25"},{"lineNumber":3,"author":{"gitId":"tanyutao544"},"content":"import tasks.Task;","lastModifiedDate":"2022-01-25"},{"lineNumber":4,"author":{"gitId":"tanyutao544"},"content":"import tasks.ToDo;","lastModifiedDate":"2022-01-25"},{"lineNumber":5,"author":{"gitId":"tanyutao544"},"content":"","lastModifiedDate":"2022-01-25"},{"lineNumber":6,"author":{"gitId":"tanyutao544"},"content":"import java.io.File;","lastModifiedDate":"2022-01-25"},{"lineNumber":7,"author":{"gitId":"tanyutao544"},"content":"import java.io.FileWriter;","lastModifiedDate":"2022-01-25"},{"lineNumber":8,"author":{"gitId":"tanyutao544"},"content":"import java.io.IOException;","lastModifiedDate":"2022-01-25"},{"lineNumber":9,"author":{"gitId":"tanyutao544"},"content":"import java.util.ArrayList;","lastModifiedDate":"2022-01-25"},{"lineNumber":10,"author":{"gitId":"tanyutao544"},"content":"import java.util.Scanner;","lastModifiedDate":"2022-01-25"},{"lineNumber":11,"author":{"gitId":"tanyutao544"},"content":"","lastModifiedDate":"2022-01-25"},{"lineNumber":12,"author":{"gitId":"tanyutao544"},"content":"public class Storage {","lastModifiedDate":"2022-01-25"},{"lineNumber":13,"author":{"gitId":"tanyutao544"},"content":"\tprivate String filePath;","lastModifiedDate":"2022-01-25"},{"lineNumber":14,"author":{"gitId":"tanyutao544"},"content":"\tprivate ArrayList\u003cTask\u003e TASKLIST \u003d new ArrayList\u003c\u003e();","lastModifiedDate":"2022-01-25"},{"lineNumber":15,"author":{"gitId":"tanyutao544"},"content":"","lastModifiedDate":"2022-01-25"},{"lineNumber":16,"author":{"gitId":"tanyutao544"},"content":"\tpublic Storage(String filePath) {","lastModifiedDate":"2022-01-25"},{"lineNumber":17,"author":{"gitId":"tanyutao544"},"content":"\t\tthis.filePath \u003d filePath;","lastModifiedDate":"2022-01-25"},{"lineNumber":18,"author":{"gitId":"tanyutao544"},"content":"\t}","lastModifiedDate":"2022-01-25"},{"lineNumber":19,"author":{"gitId":"tanyutao544"},"content":"","lastModifiedDate":"2022-01-25"},{"lineNumber":20,"author":{"gitId":"tanyutao544"},"content":"\tpublic ArrayList load() throws IOException {","lastModifiedDate":"2022-01-25"},{"lineNumber":21,"author":{"gitId":"tanyutao544"},"content":"\t\t//load files","lastModifiedDate":"2022-01-25"},{"lineNumber":22,"author":{"gitId":"tanyutao544"},"content":"\t\tFile directory \u003d new File(\"data\");","lastModifiedDate":"2022-01-25"},{"lineNumber":23,"author":{"gitId":"tanyutao544"},"content":"\t\tif(!directory.exists()){","lastModifiedDate":"2022-01-25"},{"lineNumber":24,"author":{"gitId":"tanyutao544"},"content":"\t\t\tdirectory.mkdir();","lastModifiedDate":"2022-01-25"},{"lineNumber":25,"author":{"gitId":"tanyutao544"},"content":"\t\t}","lastModifiedDate":"2022-01-25"},{"lineNumber":26,"author":{"gitId":"tanyutao544"},"content":"","lastModifiedDate":"2022-01-25"},{"lineNumber":27,"author":{"gitId":"tanyutao544"},"content":"\t\tFile file \u003d new File(filePath);","lastModifiedDate":"2022-01-25"},{"lineNumber":28,"author":{"gitId":"tanyutao544"},"content":"\t\tif (!file.exists()) {","lastModifiedDate":"2022-01-25"},{"lineNumber":29,"author":{"gitId":"tanyutao544"},"content":"\t\t\tfile.createNewFile();","lastModifiedDate":"2022-01-25"},{"lineNumber":30,"author":{"gitId":"tanyutao544"},"content":"\t\t} else {","lastModifiedDate":"2022-01-25"},{"lineNumber":31,"author":{"gitId":"tanyutao544"},"content":"\t\t\tScanner s \u003d new Scanner(file);","lastModifiedDate":"2022-01-25"},{"lineNumber":32,"author":{"gitId":"tanyutao544"},"content":"\t\t\tString type;","lastModifiedDate":"2022-01-25"},{"lineNumber":33,"author":{"gitId":"tanyutao544"},"content":"\t\t\tString mark;","lastModifiedDate":"2022-01-25"},{"lineNumber":34,"author":{"gitId":"tanyutao544"},"content":"\t\t\tString detail;","lastModifiedDate":"2022-01-25"},{"lineNumber":35,"author":{"gitId":"tanyutao544"},"content":"\t\t\tString date;","lastModifiedDate":"2022-01-25"},{"lineNumber":36,"author":{"gitId":"tanyutao544"},"content":"\t\t\tTask toAdd \u003d null;","lastModifiedDate":"2022-01-25"},{"lineNumber":37,"author":{"gitId":"tanyutao544"},"content":"\t\t\twhile(s.hasNext()) {","lastModifiedDate":"2022-01-25"},{"lineNumber":38,"author":{"gitId":"tanyutao544"},"content":"\t\t\t\tString input \u003d s.nextLine();","lastModifiedDate":"2022-01-25"},{"lineNumber":39,"author":{"gitId":"tanyutao544"},"content":"\t\t\t\tString[] inputSplit \u003d input.split(\" \\\\| \", 3);","lastModifiedDate":"2022-01-25"},{"lineNumber":40,"author":{"gitId":"tanyutao544"},"content":"\t\t\t\ttype \u003d inputSplit[0];","lastModifiedDate":"2022-01-25"},{"lineNumber":41,"author":{"gitId":"tanyutao544"},"content":"\t\t\t\tmark \u003d inputSplit[1];","lastModifiedDate":"2022-01-25"},{"lineNumber":42,"author":{"gitId":"tanyutao544"},"content":"\t\t\t\tswitch (type){","lastModifiedDate":"2022-01-25"},{"lineNumber":43,"author":{"gitId":"tanyutao544"},"content":"\t\t\t\tcase \"T\":","lastModifiedDate":"2022-01-25"},{"lineNumber":44,"author":{"gitId":"tanyutao544"},"content":"\t\t\t\t\tdetail \u003d inputSplit[2];","lastModifiedDate":"2022-01-25"},{"lineNumber":45,"author":{"gitId":"tanyutao544"},"content":"\t\t\t\t\ttoAdd \u003d new ToDo(detail);","lastModifiedDate":"2022-01-25"},{"lineNumber":46,"author":{"gitId":"tanyutao544"},"content":"\t\t\t\t\tbreak;","lastModifiedDate":"2022-01-25"},{"lineNumber":47,"author":{"gitId":"tanyutao544"},"content":"\t\t\t\tcase \"E\":","lastModifiedDate":"2022-01-25"},{"lineNumber":48,"author":{"gitId":"tanyutao544"},"content":"\t\t\t\t\tinputSplit \u003d inputSplit[2].split(\" \\\\| \");","lastModifiedDate":"2022-01-25"},{"lineNumber":49,"author":{"gitId":"tanyutao544"},"content":"\t\t\t\t\tdetail \u003d inputSplit[0];","lastModifiedDate":"2022-01-25"},{"lineNumber":50,"author":{"gitId":"tanyutao544"},"content":"\t\t\t\t\tdate \u003d inputSplit[1];","lastModifiedDate":"2022-01-25"},{"lineNumber":51,"author":{"gitId":"tanyutao544"},"content":"\t\t\t\t\ttoAdd \u003d new Event(detail, date);","lastModifiedDate":"2022-01-25"},{"lineNumber":52,"author":{"gitId":"tanyutao544"},"content":"\t\t\t\t\tbreak;","lastModifiedDate":"2022-01-25"},{"lineNumber":53,"author":{"gitId":"tanyutao544"},"content":"\t\t\t\tcase \"D\":","lastModifiedDate":"2022-01-25"},{"lineNumber":54,"author":{"gitId":"tanyutao544"},"content":"\t\t\t\t\tinputSplit \u003d inputSplit[2].split(\" \\\\| \");","lastModifiedDate":"2022-01-25"},{"lineNumber":55,"author":{"gitId":"tanyutao544"},"content":"\t\t\t\t\tdetail \u003d inputSplit[0];","lastModifiedDate":"2022-01-25"},{"lineNumber":56,"author":{"gitId":"tanyutao544"},"content":"\t\t\t\t\tdate \u003d inputSplit[1];","lastModifiedDate":"2022-01-25"},{"lineNumber":57,"author":{"gitId":"tanyutao544"},"content":"\t\t\t\t\ttoAdd \u003d new Deadline(detail, date);","lastModifiedDate":"2022-01-25"},{"lineNumber":58,"author":{"gitId":"tanyutao544"},"content":"\t\t\t\t\tbreak;","lastModifiedDate":"2022-01-25"},{"lineNumber":59,"author":{"gitId":"tanyutao544"},"content":"\t\t\t\t}","lastModifiedDate":"2022-01-25"},{"lineNumber":60,"author":{"gitId":"tanyutao544"},"content":"\t\t\t\tSystem.out.println(mark);","lastModifiedDate":"2022-01-25"},{"lineNumber":61,"author":{"gitId":"tanyutao544"},"content":"\t\t\t\tif(mark.equals(\"1\")){","lastModifiedDate":"2022-01-25"},{"lineNumber":62,"author":{"gitId":"tanyutao544"},"content":"\t\t\t\t\ttoAdd.mark();","lastModifiedDate":"2022-01-25"},{"lineNumber":63,"author":{"gitId":"tanyutao544"},"content":"\t\t\t\t}","lastModifiedDate":"2022-01-25"},{"lineNumber":64,"author":{"gitId":"tanyutao544"},"content":"\t\t\t\tTASKLIST.add(toAdd);","lastModifiedDate":"2022-01-25"},{"lineNumber":65,"author":{"gitId":"tanyutao544"},"content":"\t\t\t}","lastModifiedDate":"2022-01-25"},{"lineNumber":66,"author":{"gitId":"tanyutao544"},"content":"\t\t}","lastModifiedDate":"2022-01-25"},{"lineNumber":67,"author":{"gitId":"tanyutao544"},"content":"\t\treturn TASKLIST;","lastModifiedDate":"2022-01-25"},{"lineNumber":68,"author":{"gitId":"tanyutao544"},"content":"\t}","lastModifiedDate":"2022-01-25"},{"lineNumber":69,"author":{"gitId":"tanyutao544"},"content":"","lastModifiedDate":"2022-01-25"},{"lineNumber":70,"author":{"gitId":"tanyutao544"},"content":"\tpublic void saveFile(ArrayList\u003cTask\u003e TASKLIST) throws IOException {","lastModifiedDate":"2022-01-25"},{"lineNumber":71,"author":{"gitId":"tanyutao544"},"content":"\t\tFileWriter fw \u003d new FileWriter(\"data/tasks.txt\");","lastModifiedDate":"2022-01-25"},{"lineNumber":72,"author":{"gitId":"tanyutao544"},"content":"\t\tfor (int i \u003d0; i \u003c TASKLIST.size(); i++){","lastModifiedDate":"2022-01-25"},{"lineNumber":73,"author":{"gitId":"tanyutao544"},"content":"\t\t\tTask t \u003d TASKLIST.get(i);","lastModifiedDate":"2022-01-25"},{"lineNumber":74,"author":{"gitId":"tanyutao544"},"content":"\t\t\tString type \u003d t.getType();","lastModifiedDate":"2022-01-25"},{"lineNumber":75,"author":{"gitId":"tanyutao544"},"content":"\t\t\tString mark \u003d t.getMark();","lastModifiedDate":"2022-01-25"},{"lineNumber":76,"author":{"gitId":"tanyutao544"},"content":"\t\t\tString detail \u003d t.getDetail();","lastModifiedDate":"2022-01-25"},{"lineNumber":77,"author":{"gitId":"tanyutao544"},"content":"\t\t\tswitch (type){","lastModifiedDate":"2022-01-25"},{"lineNumber":78,"author":{"gitId":"tanyutao544"},"content":"\t\t\tcase\"T\":","lastModifiedDate":"2022-01-25"},{"lineNumber":79,"author":{"gitId":"tanyutao544"},"content":"\t\t\t\tfw.write(type + \" | \" +  mark + \" | \" + detail + \"\\n\");","lastModifiedDate":"2022-01-25"},{"lineNumber":80,"author":{"gitId":"tanyutao544"},"content":"\t\t\t\tbreak;","lastModifiedDate":"2022-01-25"},{"lineNumber":81,"author":{"gitId":"tanyutao544"},"content":"\t\t\tcase\"E\":","lastModifiedDate":"2022-01-25"},{"lineNumber":82,"author":{"gitId":"tanyutao544"},"content":"\t\t\tcase\"D\":","lastModifiedDate":"2022-01-25"},{"lineNumber":83,"author":{"gitId":"tanyutao544"},"content":"\t\t\t\tString date \u003d t.getDate();","lastModifiedDate":"2022-01-25"},{"lineNumber":84,"author":{"gitId":"tanyutao544"},"content":"\t\t\t\tfw.write(type + \" | \"  + mark + \" | \" + detail + \" | \" + date + \"\\n\");","lastModifiedDate":"2022-01-25"},{"lineNumber":85,"author":{"gitId":"tanyutao544"},"content":"\t\t\t\tbreak;","lastModifiedDate":"2022-01-25"},{"lineNumber":86,"author":{"gitId":"tanyutao544"},"content":"\t\t\t}","lastModifiedDate":"2022-01-25"},{"lineNumber":87,"author":{"gitId":"tanyutao544"},"content":"\t\t}","lastModifiedDate":"2022-01-25"},{"lineNumber":88,"author":{"gitId":"tanyutao544"},"content":"\t\tfw.close();","lastModifiedDate":"2022-01-25"},{"lineNumber":89,"author":{"gitId":"tanyutao544"},"content":"\t}","lastModifiedDate":"2022-01-25"},{"lineNumber":90,"author":{"gitId":"tanyutao544"},"content":"}","lastModifiedDate":"2022-01-25"}],"authorContributionMap":{"tanyutao544":90}},{"path":"src/main/java/Ui.java","fileType":"java","lines":[{"lineNumber":1,"author":{"gitId":"tanyutao544"},"content":"public class Ui {","lastModifiedDate":"2022-01-25"},{"lineNumber":2,"author":{"gitId":"tanyutao544"},"content":"\tpublic final static String LINE \u003d \"    ____________________________________________________________\\n\";","lastModifiedDate":"2022-01-25"},{"lineNumber":3,"author":{"gitId":"tanyutao544"},"content":"\tpublic final static String INDENT \u003d \"     \";","lastModifiedDate":"2022-01-25"},{"lineNumber":4,"author":{"gitId":"tanyutao544"},"content":"","lastModifiedDate":"2022-01-25"},{"lineNumber":5,"author":{"gitId":"tanyutao544"},"content":"\tpublic Ui(){}","lastModifiedDate":"2022-01-25"},{"lineNumber":6,"author":{"gitId":"tanyutao544"},"content":"","lastModifiedDate":"2022-01-25"},{"lineNumber":7,"author":{"gitId":"tanyutao544"},"content":"\tpublic void printLine(){","lastModifiedDate":"2022-01-25"},{"lineNumber":8,"author":{"gitId":"tanyutao544"},"content":"\t\tSystem.out.print(LINE);","lastModifiedDate":"2022-01-25"},{"lineNumber":9,"author":{"gitId":"tanyutao544"},"content":"\t}","lastModifiedDate":"2022-01-25"},{"lineNumber":10,"author":{"gitId":"tanyutao544"},"content":"","lastModifiedDate":"2022-01-25"},{"lineNumber":11,"author":{"gitId":"tanyutao544"},"content":"\tpublic void welcomeMessage(){","lastModifiedDate":"2022-01-25"},{"lineNumber":12,"author":{"gitId":"tanyutao544"},"content":"\t\tString logo \u003d \" ____        _        \\n\"","lastModifiedDate":"2022-01-25"},{"lineNumber":13,"author":{"gitId":"tanyutao544"},"content":"\t\t\t\t+ \"|  _ \\\\ _   _| | _____ \\n\"","lastModifiedDate":"2022-01-25"},{"lineNumber":14,"author":{"gitId":"tanyutao544"},"content":"\t\t\t\t+ \"| | | | | | | |/ / _ \\\\\\n\"","lastModifiedDate":"2022-01-25"},{"lineNumber":15,"author":{"gitId":"tanyutao544"},"content":"\t\t\t\t+ \"| |_| | |_| |   \u003c  __/\\n\"","lastModifiedDate":"2022-01-25"},{"lineNumber":16,"author":{"gitId":"tanyutao544"},"content":"\t\t\t\t+ \"|____/ \\\\__,_|_|\\\\_\\\\___|\\n\";","lastModifiedDate":"2022-01-25"},{"lineNumber":17,"author":{"gitId":"tanyutao544"},"content":"\t\tSystem.out.println(\"Hello from\\n\" + logo);","lastModifiedDate":"2022-01-25"},{"lineNumber":18,"author":{"gitId":"tanyutao544"},"content":"\t\tprintFormatted(new String[]{\"Hello! I\u0027m Duke\", \"What can I do for you?\"});","lastModifiedDate":"2022-01-25"},{"lineNumber":19,"author":{"gitId":"tanyutao544"},"content":"\t}","lastModifiedDate":"2022-01-25"},{"lineNumber":20,"author":{"gitId":"tanyutao544"},"content":"","lastModifiedDate":"2022-01-25"},{"lineNumber":21,"author":{"gitId":"tanyutao544"},"content":"\tpublic static void printFormatted(String[] msg) {","lastModifiedDate":"2022-01-25"},{"lineNumber":22,"author":{"gitId":"tanyutao544"},"content":"\t\tSystem.out.print(LINE);","lastModifiedDate":"2022-01-25"},{"lineNumber":23,"author":{"gitId":"tanyutao544"},"content":"\t\tfor (int i \u003d 0; i \u003c msg.length; i++) {","lastModifiedDate":"2022-01-25"},{"lineNumber":24,"author":{"gitId":"tanyutao544"},"content":"\t\t\tif (msg[i] !\u003d null) {","lastModifiedDate":"2022-01-25"},{"lineNumber":25,"author":{"gitId":"tanyutao544"},"content":"\t\t\t\tSystem.out.println(INDENT + msg[i]);","lastModifiedDate":"2022-01-25"},{"lineNumber":26,"author":{"gitId":"tanyutao544"},"content":"\t\t\t}","lastModifiedDate":"2022-01-25"},{"lineNumber":27,"author":{"gitId":"tanyutao544"},"content":"\t\t}","lastModifiedDate":"2022-01-25"},{"lineNumber":28,"author":{"gitId":"tanyutao544"},"content":"\t\tSystem.out.println(LINE);","lastModifiedDate":"2022-01-25"},{"lineNumber":29,"author":{"gitId":"tanyutao544"},"content":"\t}","lastModifiedDate":"2022-01-25"},{"lineNumber":30,"author":{"gitId":"tanyutao544"},"content":"}","lastModifiedDate":"2022-01-25"}],"authorContributionMap":{"tanyutao544":30}},{"path":"src/main/java/commands/AddCommand.java","fileType":"java","lines":[{"lineNumber":1,"author":{"gitId":"tanyutao544"},"content":"package commands;","lastModifiedDate":"2022-01-16"},{"lineNumber":2,"author":{"gitId":"tanyutao544"},"content":"","lastModifiedDate":"2022-01-22"},{"lineNumber":3,"author":{"gitId":"tanyutao544"},"content":"import tasks.*;","lastModifiedDate":"2022-01-17"},{"lineNumber":4,"author":{"gitId":"tanyutao544"},"content":"","lastModifiedDate":"2022-01-22"},{"lineNumber":5,"author":{"gitId":"tanyutao544"},"content":"import java.util.ArrayList;","lastModifiedDate":"2022-01-19"},{"lineNumber":6,"author":{"gitId":"tanyutao544"},"content":"","lastModifiedDate":"2022-01-16"},{"lineNumber":7,"author":{"gitId":"tanyutao544"},"content":"public class AddCommand extends Command {","lastModifiedDate":"2022-01-16"},{"lineNumber":8,"author":{"gitId":"tanyutao544"},"content":"\tprivate String input;","lastModifiedDate":"2022-01-17"},{"lineNumber":9,"author":{"gitId":"tanyutao544"},"content":"\tprivate String type;","lastModifiedDate":"2022-01-18"},{"lineNumber":10,"author":{"gitId":"tanyutao544"},"content":"\tprivate ArrayList\u003cTask\u003e tasklist;","lastModifiedDate":"2022-01-19"},{"lineNumber":11,"author":{"gitId":"tanyutao544"},"content":"\tprivate Task added;","lastModifiedDate":"2022-01-18"},{"lineNumber":12,"author":{"gitId":"tanyutao544"},"content":"","lastModifiedDate":"2022-01-16"},{"lineNumber":13,"author":{"gitId":"tanyutao544"},"content":"","lastModifiedDate":"2022-01-16"},{"lineNumber":14,"author":{"gitId":"tanyutao544"},"content":"\tpublic AddCommand(ArrayList\u003cTask\u003e tasklist, String commandType, String details) {","lastModifiedDate":"2022-01-19"},{"lineNumber":15,"author":{"gitId":"tanyutao544"},"content":"\t\tthis.type \u003d commandType;","lastModifiedDate":"2022-01-19"},{"lineNumber":16,"author":{"gitId":"tanyutao544"},"content":"\t\tthis.input \u003d details;","lastModifiedDate":"2022-01-19"},{"lineNumber":17,"author":{"gitId":"tanyutao544"},"content":"\t\tthis.tasklist \u003d tasklist;","lastModifiedDate":"2022-01-16"},{"lineNumber":18,"author":{"gitId":"tanyutao544"},"content":"\t\tString[] processedInput;","lastModifiedDate":"2022-01-19"},{"lineNumber":19,"author":{"gitId":"tanyutao544"},"content":"\t\tswitch (type) {","lastModifiedDate":"2022-01-18"},{"lineNumber":20,"author":{"gitId":"tanyutao544"},"content":"\t\tcase \"todo\":","lastModifiedDate":"2022-01-18"},{"lineNumber":21,"author":{"gitId":"tanyutao544"},"content":"\t\t\tthis.added \u003d new ToDo(input);","lastModifiedDate":"2022-01-24"},{"lineNumber":22,"author":{"gitId":"tanyutao544"},"content":"\t\t\tbreak;","lastModifiedDate":"2022-01-18"},{"lineNumber":23,"author":{"gitId":"tanyutao544"},"content":"\t\tcase \"event\":","lastModifiedDate":"2022-01-18"},{"lineNumber":24,"author":{"gitId":"tanyutao544"},"content":"\t\t\tprocessedInput \u003d input.split(\"/at\", 2);","lastModifiedDate":"2022-01-18"},{"lineNumber":25,"author":{"gitId":"tanyutao544"},"content":"\t\t\tthis.added \u003d new Event(processedInput[0], processedInput[1]);","lastModifiedDate":"2022-01-24"},{"lineNumber":26,"author":{"gitId":"tanyutao544"},"content":"\t\t\tbreak;","lastModifiedDate":"2022-01-18"},{"lineNumber":27,"author":{"gitId":"tanyutao544"},"content":"\t\tcase \"deadline\":","lastModifiedDate":"2022-01-18"},{"lineNumber":28,"author":{"gitId":"tanyutao544"},"content":"\t\t\tprocessedInput \u003d input.split(\"/by\", 2);","lastModifiedDate":"2022-01-18"},{"lineNumber":29,"author":{"gitId":"tanyutao544"},"content":"\t\t\tthis.added \u003d new Deadline(processedInput[0], processedInput[1]);","lastModifiedDate":"2022-01-24"},{"lineNumber":30,"author":{"gitId":"tanyutao544"},"content":"\t\t\tbreak;","lastModifiedDate":"2022-01-18"},{"lineNumber":31,"author":{"gitId":"tanyutao544"},"content":"\t\t}","lastModifiedDate":"2022-01-18"},{"lineNumber":32,"author":{"gitId":"tanyutao544"},"content":"\t\tthis.tasklist.add(added);","lastModifiedDate":"2022-01-19"},{"lineNumber":33,"author":{"gitId":"tanyutao544"},"content":"\t}","lastModifiedDate":"2022-01-16"},{"lineNumber":34,"author":{"gitId":"tanyutao544"},"content":"","lastModifiedDate":"2022-01-16"},{"lineNumber":35,"author":{"gitId":"tanyutao544"},"content":"\t@Override","lastModifiedDate":"2022-01-16"},{"lineNumber":36,"author":{"gitId":"tanyutao544"},"content":"\tpublic ArrayList\u003cTask\u003e getList() {","lastModifiedDate":"2022-01-19"},{"lineNumber":37,"author":{"gitId":"tanyutao544"},"content":"\t\treturn tasklist;","lastModifiedDate":"2022-01-16"},{"lineNumber":38,"author":{"gitId":"tanyutao544"},"content":"\t}","lastModifiedDate":"2022-01-17"},{"lineNumber":39,"author":{"gitId":"tanyutao544"},"content":"","lastModifiedDate":"2022-01-16"},{"lineNumber":40,"author":{"gitId":"tanyutao544"},"content":"\t@Override","lastModifiedDate":"2022-01-16"},{"lineNumber":41,"author":{"gitId":"tanyutao544"},"content":"\tpublic boolean ends() {","lastModifiedDate":"2022-01-16"},{"lineNumber":42,"author":{"gitId":"tanyutao544"},"content":"\t\treturn false;","lastModifiedDate":"2022-01-16"},{"lineNumber":43,"author":{"gitId":"tanyutao544"},"content":"\t}","lastModifiedDate":"2022-01-16"},{"lineNumber":44,"author":{"gitId":"tanyutao544"},"content":"","lastModifiedDate":"2022-01-16"},{"lineNumber":45,"author":{"gitId":"tanyutao544"},"content":"\t@Override","lastModifiedDate":"2022-01-16"},{"lineNumber":46,"author":{"gitId":"tanyutao544"},"content":"\tpublic void execute() {","lastModifiedDate":"2022-01-16"},{"lineNumber":47,"author":{"gitId":"tanyutao544"},"content":"\t\tprintFormatted(new String[]{","lastModifiedDate":"2022-01-18"},{"lineNumber":48,"author":{"gitId":"tanyutao544"},"content":"\t\t\t\t\"Got it. I\u0027ve added this task:\",","lastModifiedDate":"2022-01-18"},{"lineNumber":49,"author":{"gitId":"tanyutao544"},"content":"\t\t\t\t\"  \" + added,","lastModifiedDate":"2022-01-18"},{"lineNumber":50,"author":{"gitId":"tanyutao544"},"content":"\t\t\t\t\"Now you have \" + tasklist.size() + \" tasks in the list\"});","lastModifiedDate":"2022-01-19"},{"lineNumber":51,"author":{"gitId":"tanyutao544"},"content":"\t}","lastModifiedDate":"2022-01-16"},{"lineNumber":52,"author":{"gitId":"tanyutao544"},"content":"}","lastModifiedDate":"2022-01-16"}],"authorContributionMap":{"tanyutao544":52}},{"path":"src/main/java/commands/ByeCommand.java","fileType":"java","lines":[{"lineNumber":1,"author":{"gitId":"tanyutao544"},"content":"package commands;","lastModifiedDate":"2022-01-16"},{"lineNumber":2,"author":{"gitId":"tanyutao544"},"content":"","lastModifiedDate":"2022-01-16"},{"lineNumber":3,"author":{"gitId":"tanyutao544"},"content":"import tasks.Task;","lastModifiedDate":"2022-01-17"},{"lineNumber":4,"author":{"gitId":"tanyutao544"},"content":"","lastModifiedDate":"2022-01-17"},{"lineNumber":5,"author":{"gitId":"tanyutao544"},"content":"import java.util.ArrayList;","lastModifiedDate":"2022-01-19"},{"lineNumber":6,"author":{"gitId":"tanyutao544"},"content":"","lastModifiedDate":"2022-01-19"},{"lineNumber":7,"author":{"gitId":"tanyutao544"},"content":"public class ByeCommand extends Command {","lastModifiedDate":"2022-01-16"},{"lineNumber":8,"author":{"gitId":"tanyutao544"},"content":"","lastModifiedDate":"2022-01-16"},{"lineNumber":9,"author":{"gitId":"tanyutao544"},"content":"\t@Override","lastModifiedDate":"2022-01-16"},{"lineNumber":10,"author":{"gitId":"tanyutao544"},"content":"\tpublic ArrayList\u003cTask\u003e getList() {","lastModifiedDate":"2022-01-19"},{"lineNumber":11,"author":{"gitId":"tanyutao544"},"content":"\t\treturn new ArrayList\u003cTask\u003e();","lastModifiedDate":"2022-01-19"},{"lineNumber":12,"author":{"gitId":"tanyutao544"},"content":"\t}","lastModifiedDate":"2022-01-16"},{"lineNumber":13,"author":{"gitId":"tanyutao544"},"content":"","lastModifiedDate":"2022-01-16"},{"lineNumber":14,"author":{"gitId":"tanyutao544"},"content":"\t@Override","lastModifiedDate":"2022-01-16"},{"lineNumber":15,"author":{"gitId":"tanyutao544"},"content":"\tpublic boolean ends() {","lastModifiedDate":"2022-01-16"},{"lineNumber":16,"author":{"gitId":"tanyutao544"},"content":"\t\treturn true;","lastModifiedDate":"2022-01-16"},{"lineNumber":17,"author":{"gitId":"tanyutao544"},"content":"\t}","lastModifiedDate":"2022-01-16"},{"lineNumber":18,"author":{"gitId":"tanyutao544"},"content":"","lastModifiedDate":"2022-01-16"},{"lineNumber":19,"author":{"gitId":"tanyutao544"},"content":"\t@Override","lastModifiedDate":"2022-01-16"},{"lineNumber":20,"author":{"gitId":"tanyutao544"},"content":"\tpublic void execute() {","lastModifiedDate":"2022-01-16"},{"lineNumber":21,"author":{"gitId":"tanyutao544"},"content":"\t\tprintFormatted(new String[]{\"Bye. Hope to see you again soon!\"});","lastModifiedDate":"2022-01-16"},{"lineNumber":22,"author":{"gitId":"tanyutao544"},"content":"\t}","lastModifiedDate":"2022-01-16"},{"lineNumber":23,"author":{"gitId":"tanyutao544"},"content":"}","lastModifiedDate":"2022-01-16"}],"authorContributionMap":{"tanyutao544":23}},{"path":"src/main/java/commands/Command.java","fileType":"java","lines":[{"lineNumber":1,"author":{"gitId":"tanyutao544"},"content":"package commands;","lastModifiedDate":"2022-01-16"},{"lineNumber":2,"author":{"gitId":"tanyutao544"},"content":"","lastModifiedDate":"2022-01-22"},{"lineNumber":3,"author":{"gitId":"tanyutao544"},"content":"import tasks.Task;","lastModifiedDate":"2022-01-17"},{"lineNumber":4,"author":{"gitId":"tanyutao544"},"content":"","lastModifiedDate":"2022-01-16"},{"lineNumber":5,"author":{"gitId":"tanyutao544"},"content":"import java.util.ArrayList;","lastModifiedDate":"2022-01-19"},{"lineNumber":6,"author":{"gitId":"tanyutao544"},"content":"","lastModifiedDate":"2022-01-19"},{"lineNumber":7,"author":{"gitId":"tanyutao544"},"content":"public abstract class Command {","lastModifiedDate":"2022-01-16"},{"lineNumber":8,"author":{"gitId":"tanyutao544"},"content":"\tpublic final static String INDENT \u003d \"     \";","lastModifiedDate":"2022-01-16"},{"lineNumber":9,"author":{"gitId":"tanyutao544"},"content":"","lastModifiedDate":"2022-01-16"},{"lineNumber":10,"author":{"gitId":"tanyutao544"},"content":"\tpublic abstract void execute();","lastModifiedDate":"2022-01-16"},{"lineNumber":11,"author":{"gitId":"tanyutao544"},"content":"","lastModifiedDate":"2022-01-16"},{"lineNumber":12,"author":{"gitId":"tanyutao544"},"content":"\tpublic abstract boolean ends();","lastModifiedDate":"2022-01-16"},{"lineNumber":13,"author":{"gitId":"tanyutao544"},"content":"","lastModifiedDate":"2022-01-16"},{"lineNumber":14,"author":{"gitId":"tanyutao544"},"content":"\tpublic abstract ArrayList\u003cTask\u003e getList();","lastModifiedDate":"2022-01-19"},{"lineNumber":15,"author":{"gitId":"tanyutao544"},"content":"","lastModifiedDate":"2022-01-16"},{"lineNumber":16,"author":{"gitId":"tanyutao544"},"content":"\tpublic static void printFormatted(String[] msg) {","lastModifiedDate":"2022-01-16"},{"lineNumber":17,"author":{"gitId":"tanyutao544"},"content":"","lastModifiedDate":"2022-01-25"},{"lineNumber":18,"author":{"gitId":"tanyutao544"},"content":"\t\tfor (int i \u003d 0; i \u003c msg.length; i++) {","lastModifiedDate":"2022-01-16"},{"lineNumber":19,"author":{"gitId":"tanyutao544"},"content":"\t\t\tif (msg[i] !\u003d null) {","lastModifiedDate":"2022-01-16"},{"lineNumber":20,"author":{"gitId":"tanyutao544"},"content":"\t\t\t\tSystem.out.println(INDENT + msg[i]);","lastModifiedDate":"2022-01-16"},{"lineNumber":21,"author":{"gitId":"tanyutao544"},"content":"\t\t\t}","lastModifiedDate":"2022-01-16"},{"lineNumber":22,"author":{"gitId":"tanyutao544"},"content":"\t\t}","lastModifiedDate":"2022-01-16"},{"lineNumber":23,"author":{"gitId":"tanyutao544"},"content":"\t}","lastModifiedDate":"2022-01-16"},{"lineNumber":24,"author":{"gitId":"tanyutao544"},"content":"}","lastModifiedDate":"2022-01-16"}],"authorContributionMap":{"tanyutao544":24}},{"path":"src/main/java/commands/DeleteCommand.java","fileType":"java","lines":[{"lineNumber":1,"author":{"gitId":"tanyutao544"},"content":"package commands;","lastModifiedDate":"2022-01-19"},{"lineNumber":2,"author":{"gitId":"tanyutao544"},"content":"","lastModifiedDate":"2022-01-19"},{"lineNumber":3,"author":{"gitId":"tanyutao544"},"content":"import tasks.*;","lastModifiedDate":"2022-01-19"},{"lineNumber":4,"author":{"gitId":"tanyutao544"},"content":"","lastModifiedDate":"2022-01-19"},{"lineNumber":5,"author":{"gitId":"tanyutao544"},"content":"import java.util.ArrayList;","lastModifiedDate":"2022-01-19"},{"lineNumber":6,"author":{"gitId":"tanyutao544"},"content":"","lastModifiedDate":"2022-01-19"},{"lineNumber":7,"author":{"gitId":"tanyutao544"},"content":"public class DeleteCommand extends Command {","lastModifiedDate":"2022-01-19"},{"lineNumber":8,"author":{"gitId":"tanyutao544"},"content":"\tprivate ArrayList\u003cTask\u003e tasklist;","lastModifiedDate":"2022-01-19"},{"lineNumber":9,"author":{"gitId":"tanyutao544"},"content":"\tprivate int deleteIndex;","lastModifiedDate":"2022-01-19"},{"lineNumber":10,"author":{"gitId":"tanyutao544"},"content":"\tprivate Task deleted;","lastModifiedDate":"2022-01-19"},{"lineNumber":11,"author":{"gitId":"tanyutao544"},"content":"","lastModifiedDate":"2022-01-19"},{"lineNumber":12,"author":{"gitId":"tanyutao544"},"content":"\tpublic DeleteCommand(ArrayList\u003cTask\u003e tasklist, int deleteIndex) {","lastModifiedDate":"2022-01-19"},{"lineNumber":13,"author":{"gitId":"tanyutao544"},"content":"\t\tthis.deleteIndex \u003d deleteIndex - 1;","lastModifiedDate":"2022-01-19"},{"lineNumber":14,"author":{"gitId":"tanyutao544"},"content":"\t\tthis.tasklist \u003d tasklist;","lastModifiedDate":"2022-01-19"},{"lineNumber":15,"author":{"gitId":"tanyutao544"},"content":"\t\tthis.deleted \u003d tasklist.get(this.deleteIndex);","lastModifiedDate":"2022-01-20"},{"lineNumber":16,"author":{"gitId":"tanyutao544"},"content":"\t\tthis.tasklist.remove(this.deleteIndex);","lastModifiedDate":"2022-01-19"},{"lineNumber":17,"author":{"gitId":"tanyutao544"},"content":"\t}","lastModifiedDate":"2022-01-19"},{"lineNumber":18,"author":{"gitId":"tanyutao544"},"content":"","lastModifiedDate":"2022-01-19"},{"lineNumber":19,"author":{"gitId":"tanyutao544"},"content":"\t@Override","lastModifiedDate":"2022-01-19"},{"lineNumber":20,"author":{"gitId":"tanyutao544"},"content":"\tpublic ArrayList\u003cTask\u003e getList() {","lastModifiedDate":"2022-01-19"},{"lineNumber":21,"author":{"gitId":"tanyutao544"},"content":"\t\treturn tasklist;","lastModifiedDate":"2022-01-19"},{"lineNumber":22,"author":{"gitId":"tanyutao544"},"content":"\t}","lastModifiedDate":"2022-01-19"},{"lineNumber":23,"author":{"gitId":"tanyutao544"},"content":"","lastModifiedDate":"2022-01-19"},{"lineNumber":24,"author":{"gitId":"tanyutao544"},"content":"\t@Override","lastModifiedDate":"2022-01-19"},{"lineNumber":25,"author":{"gitId":"tanyutao544"},"content":"\tpublic boolean ends() {","lastModifiedDate":"2022-01-19"},{"lineNumber":26,"author":{"gitId":"tanyutao544"},"content":"\t\treturn false;","lastModifiedDate":"2022-01-19"},{"lineNumber":27,"author":{"gitId":"tanyutao544"},"content":"\t}","lastModifiedDate":"2022-01-19"},{"lineNumber":28,"author":{"gitId":"tanyutao544"},"content":"","lastModifiedDate":"2022-01-19"},{"lineNumber":29,"author":{"gitId":"tanyutao544"},"content":"\t@Override","lastModifiedDate":"2022-01-19"},{"lineNumber":30,"author":{"gitId":"tanyutao544"},"content":"\tpublic void execute() {","lastModifiedDate":"2022-01-19"},{"lineNumber":31,"author":{"gitId":"tanyutao544"},"content":"\t\tprintFormatted(new String[]{","lastModifiedDate":"2022-01-19"},{"lineNumber":32,"author":{"gitId":"tanyutao544"},"content":"\t\t\t\t\"Noted. I\u0027ve removed this task:\",","lastModifiedDate":"2022-01-19"},{"lineNumber":33,"author":{"gitId":"tanyutao544"},"content":"\t\t\t\t\"  \" + deleted,","lastModifiedDate":"2022-01-19"},{"lineNumber":34,"author":{"gitId":"tanyutao544"},"content":"\t\t\t\t\"Now you have \" + this.tasklist.size() + \" tasks in the list\"});","lastModifiedDate":"2022-01-19"},{"lineNumber":35,"author":{"gitId":"tanyutao544"},"content":"\t}","lastModifiedDate":"2022-01-19"},{"lineNumber":36,"author":{"gitId":"tanyutao544"},"content":"}","lastModifiedDate":"2022-01-19"}],"authorContributionMap":{"tanyutao544":36}},{"path":"src/main/java/commands/ListCommand.java","fileType":"java","lines":[{"lineNumber":1,"author":{"gitId":"tanyutao544"},"content":"package commands;","lastModifiedDate":"2022-01-16"},{"lineNumber":2,"author":{"gitId":"tanyutao544"},"content":"","lastModifiedDate":"2022-01-16"},{"lineNumber":3,"author":{"gitId":"tanyutao544"},"content":"import tasks.Task;","lastModifiedDate":"2022-01-17"},{"lineNumber":4,"author":{"gitId":"tanyutao544"},"content":"","lastModifiedDate":"2022-01-17"},{"lineNumber":5,"author":{"gitId":"tanyutao544"},"content":"import java.util.ArrayList;","lastModifiedDate":"2022-01-19"},{"lineNumber":6,"author":{"gitId":"tanyutao544"},"content":"","lastModifiedDate":"2022-01-19"},{"lineNumber":7,"author":{"gitId":"tanyutao544"},"content":"public class ListCommand extends Command {","lastModifiedDate":"2022-01-16"},{"lineNumber":8,"author":{"gitId":"tanyutao544"},"content":"\tprivate static ArrayList\u003cTask\u003e tasklist;","lastModifiedDate":"2022-01-19"},{"lineNumber":9,"author":{"gitId":"tanyutao544"},"content":"","lastModifiedDate":"2022-01-16"},{"lineNumber":10,"author":{"gitId":"tanyutao544"},"content":"\tpublic ListCommand(ArrayList\u003cTask\u003e tasklist) {","lastModifiedDate":"2022-01-19"},{"lineNumber":11,"author":{"gitId":"tanyutao544"},"content":"\t\tthis.tasklist \u003d tasklist;","lastModifiedDate":"2022-01-16"},{"lineNumber":12,"author":{"gitId":"tanyutao544"},"content":"\t}","lastModifiedDate":"2022-01-16"},{"lineNumber":13,"author":{"gitId":"tanyutao544"},"content":"","lastModifiedDate":"2022-01-16"},{"lineNumber":14,"author":{"gitId":"tanyutao544"},"content":"\t@Override","lastModifiedDate":"2022-01-16"},{"lineNumber":15,"author":{"gitId":"tanyutao544"},"content":"\tpublic ArrayList\u003cTask\u003e getList() {","lastModifiedDate":"2022-01-19"},{"lineNumber":16,"author":{"gitId":"tanyutao544"},"content":"\t\treturn tasklist;","lastModifiedDate":"2022-01-16"},{"lineNumber":17,"author":{"gitId":"tanyutao544"},"content":"\t}","lastModifiedDate":"2022-01-16"},{"lineNumber":18,"author":{"gitId":"tanyutao544"},"content":"","lastModifiedDate":"2022-01-16"},{"lineNumber":19,"author":{"gitId":"tanyutao544"},"content":"\t@Override","lastModifiedDate":"2022-01-16"},{"lineNumber":20,"author":{"gitId":"tanyutao544"},"content":"\tpublic boolean ends() {","lastModifiedDate":"2022-01-16"},{"lineNumber":21,"author":{"gitId":"tanyutao544"},"content":"\t\treturn false;","lastModifiedDate":"2022-01-16"},{"lineNumber":22,"author":{"gitId":"tanyutao544"},"content":"\t}","lastModifiedDate":"2022-01-16"},{"lineNumber":23,"author":{"gitId":"tanyutao544"},"content":"","lastModifiedDate":"2022-01-16"},{"lineNumber":24,"author":{"gitId":"tanyutao544"},"content":"\t@Override","lastModifiedDate":"2022-01-16"},{"lineNumber":25,"author":{"gitId":"tanyutao544"},"content":"\tpublic void execute() {","lastModifiedDate":"2022-01-16"},{"lineNumber":26,"author":{"gitId":"tanyutao544"},"content":"\t\tprintFormatted(tasklist);","lastModifiedDate":"2022-01-16"},{"lineNumber":27,"author":{"gitId":"tanyutao544"},"content":"\t}","lastModifiedDate":"2022-01-16"},{"lineNumber":28,"author":{"gitId":"tanyutao544"},"content":"","lastModifiedDate":"2022-01-17"},{"lineNumber":29,"author":{"gitId":"tanyutao544"},"content":"\tpublic static void printFormatted(ArrayList\u003cTask\u003e tasklist) {","lastModifiedDate":"2022-01-19"},{"lineNumber":30,"author":{"gitId":"tanyutao544"},"content":"\t\tSystem.out.println(INDENT + \"Here are the tasks in your list:\");","lastModifiedDate":"2022-01-17"},{"lineNumber":31,"author":{"gitId":"tanyutao544"},"content":"\t\tfor (int i \u003d 0; i \u003c tasklist.size(); i++) {","lastModifiedDate":"2022-01-19"},{"lineNumber":32,"author":{"gitId":"tanyutao544"},"content":"\t\t\tSystem.out.println(INDENT + (i + 1) + \".\" + tasklist.get(i));","lastModifiedDate":"2022-01-19"},{"lineNumber":33,"author":{"gitId":"tanyutao544"},"content":"\t\t}","lastModifiedDate":"2022-01-17"},{"lineNumber":34,"author":{"gitId":"tanyutao544"},"content":"\t}","lastModifiedDate":"2022-01-17"},{"lineNumber":35,"author":{"gitId":"tanyutao544"},"content":"}","lastModifiedDate":"2022-01-16"}],"authorContributionMap":{"tanyutao544":35}},{"path":"src/main/java/commands/MarkCommand.java","fileType":"java","lines":[{"lineNumber":1,"author":{"gitId":"tanyutao544"},"content":"package commands;","lastModifiedDate":"2022-01-17"},{"lineNumber":2,"author":{"gitId":"tanyutao544"},"content":"","lastModifiedDate":"2022-01-22"},{"lineNumber":3,"author":{"gitId":"tanyutao544"},"content":"import tasks.*;","lastModifiedDate":"2022-01-17"},{"lineNumber":4,"author":{"gitId":"tanyutao544"},"content":"","lastModifiedDate":"2022-01-19"},{"lineNumber":5,"author":{"gitId":"tanyutao544"},"content":"import java.util.ArrayList;","lastModifiedDate":"2022-01-19"},{"lineNumber":6,"author":{"gitId":"tanyutao544"},"content":"","lastModifiedDate":"2022-01-19"},{"lineNumber":7,"author":{"gitId":"tanyutao544"},"content":"public class MarkCommand extends Command {","lastModifiedDate":"2022-01-17"},{"lineNumber":8,"author":{"gitId":"tanyutao544"},"content":"\tprivate ArrayList\u003cTask\u003e tasklist;","lastModifiedDate":"2022-01-19"},{"lineNumber":9,"author":{"gitId":"tanyutao544"},"content":"\tprivate int pos;","lastModifiedDate":"2022-01-17"},{"lineNumber":10,"author":{"gitId":"tanyutao544"},"content":"","lastModifiedDate":"2022-01-17"},{"lineNumber":11,"author":{"gitId":"tanyutao544"},"content":"\tpublic MarkCommand(ArrayList\u003cTask\u003e tasklist, int pos) {","lastModifiedDate":"2022-01-19"},{"lineNumber":12,"author":{"gitId":"tanyutao544"},"content":"\t\tthis.tasklist \u003d tasklist;","lastModifiedDate":"2022-01-17"},{"lineNumber":13,"author":{"gitId":"tanyutao544"},"content":"\t\tthis.pos \u003d pos - 1;","lastModifiedDate":"2022-01-17"},{"lineNumber":14,"author":{"gitId":"tanyutao544"},"content":"\t\tTask marked \u003d tasklist.get(this.pos);","lastModifiedDate":"2022-01-19"},{"lineNumber":15,"author":{"gitId":"tanyutao544"},"content":"\t\tmarked.mark();","lastModifiedDate":"2022-01-19"},{"lineNumber":16,"author":{"gitId":"tanyutao544"},"content":"\t\tthis.tasklist.set(this.pos, marked);","lastModifiedDate":"2022-01-19"},{"lineNumber":17,"author":{"gitId":"tanyutao544"},"content":"\t}","lastModifiedDate":"2022-01-17"},{"lineNumber":18,"author":{"gitId":"tanyutao544"},"content":"","lastModifiedDate":"2022-01-17"},{"lineNumber":19,"author":{"gitId":"tanyutao544"},"content":"\t@Override","lastModifiedDate":"2022-01-17"},{"lineNumber":20,"author":{"gitId":"tanyutao544"},"content":"\tpublic ArrayList\u003cTask\u003e getList() {","lastModifiedDate":"2022-01-19"},{"lineNumber":21,"author":{"gitId":"tanyutao544"},"content":"\t\treturn tasklist;","lastModifiedDate":"2022-01-17"},{"lineNumber":22,"author":{"gitId":"tanyutao544"},"content":"\t}","lastModifiedDate":"2022-01-17"},{"lineNumber":23,"author":{"gitId":"tanyutao544"},"content":"","lastModifiedDate":"2022-01-17"},{"lineNumber":24,"author":{"gitId":"tanyutao544"},"content":"\t@Override","lastModifiedDate":"2022-01-17"},{"lineNumber":25,"author":{"gitId":"tanyutao544"},"content":"\tpublic boolean ends() {","lastModifiedDate":"2022-01-17"},{"lineNumber":26,"author":{"gitId":"tanyutao544"},"content":"\t\treturn false;","lastModifiedDate":"2022-01-17"},{"lineNumber":27,"author":{"gitId":"tanyutao544"},"content":"\t}","lastModifiedDate":"2022-01-17"},{"lineNumber":28,"author":{"gitId":"tanyutao544"},"content":"","lastModifiedDate":"2022-01-17"},{"lineNumber":29,"author":{"gitId":"tanyutao544"},"content":"\t@Override","lastModifiedDate":"2022-01-17"},{"lineNumber":30,"author":{"gitId":"tanyutao544"},"content":"\tpublic void execute() {","lastModifiedDate":"2022-01-17"},{"lineNumber":31,"author":{"gitId":"tanyutao544"},"content":"\t\tprintFormatted(new String[]{\"Nice! I\u0027ve marked this task as done:\", \"  \" + tasklist.get(this.pos)});","lastModifiedDate":"2022-01-19"},{"lineNumber":32,"author":{"gitId":"tanyutao544"},"content":"\t}","lastModifiedDate":"2022-01-17"},{"lineNumber":33,"author":{"gitId":"tanyutao544"},"content":"}","lastModifiedDate":"2022-01-17"}],"authorContributionMap":{"tanyutao544":33}},{"path":"src/main/java/commands/UnMarkCommand.java","fileType":"java","lines":[{"lineNumber":1,"author":{"gitId":"tanyutao544"},"content":"package commands;","lastModifiedDate":"2022-01-17"},{"lineNumber":2,"author":{"gitId":"tanyutao544"},"content":"","lastModifiedDate":"2022-01-17"},{"lineNumber":3,"author":{"gitId":"tanyutao544"},"content":"import tasks.Task;","lastModifiedDate":"2022-01-17"},{"lineNumber":4,"author":{"gitId":"tanyutao544"},"content":"","lastModifiedDate":"2022-01-17"},{"lineNumber":5,"author":{"gitId":"tanyutao544"},"content":"import java.util.ArrayList;","lastModifiedDate":"2022-01-19"},{"lineNumber":6,"author":{"gitId":"tanyutao544"},"content":"","lastModifiedDate":"2022-01-19"},{"lineNumber":7,"author":{"gitId":"tanyutao544"},"content":"public class UnMarkCommand extends Command {","lastModifiedDate":"2022-01-17"},{"lineNumber":8,"author":{"gitId":"tanyutao544"},"content":"\tprivate ArrayList\u003cTask\u003e tasklist;","lastModifiedDate":"2022-01-19"},{"lineNumber":9,"author":{"gitId":"tanyutao544"},"content":"\tprivate int pos;","lastModifiedDate":"2022-01-17"},{"lineNumber":10,"author":{"gitId":"tanyutao544"},"content":"","lastModifiedDate":"2022-01-17"},{"lineNumber":11,"author":{"gitId":"tanyutao544"},"content":"\tpublic UnMarkCommand(ArrayList\u003cTask\u003e tasklist, int pos) {","lastModifiedDate":"2022-01-19"},{"lineNumber":12,"author":{"gitId":"tanyutao544"},"content":"\t\tthis.tasklist \u003d tasklist;","lastModifiedDate":"2022-01-17"},{"lineNumber":13,"author":{"gitId":"tanyutao544"},"content":"\t\tthis.pos \u003d pos - 1;","lastModifiedDate":"2022-01-17"},{"lineNumber":14,"author":{"gitId":"tanyutao544"},"content":"\t\tTask unmarked \u003d tasklist.get(this.pos);","lastModifiedDate":"2022-01-19"},{"lineNumber":15,"author":{"gitId":"tanyutao544"},"content":"\t\tunmarked.unmark();","lastModifiedDate":"2022-01-19"},{"lineNumber":16,"author":{"gitId":"tanyutao544"},"content":"\t\ttasklist.set(this.pos, unmarked);","lastModifiedDate":"2022-01-19"},{"lineNumber":17,"author":{"gitId":"tanyutao544"},"content":"\t}","lastModifiedDate":"2022-01-17"},{"lineNumber":18,"author":{"gitId":"tanyutao544"},"content":"","lastModifiedDate":"2022-01-17"},{"lineNumber":19,"author":{"gitId":"tanyutao544"},"content":"\t@Override","lastModifiedDate":"2022-01-17"},{"lineNumber":20,"author":{"gitId":"tanyutao544"},"content":"\tpublic ArrayList\u003cTask\u003e getList() {","lastModifiedDate":"2022-01-19"},{"lineNumber":21,"author":{"gitId":"tanyutao544"},"content":"\t\treturn tasklist;","lastModifiedDate":"2022-01-17"},{"lineNumber":22,"author":{"gitId":"tanyutao544"},"content":"\t}","lastModifiedDate":"2022-01-17"},{"lineNumber":23,"author":{"gitId":"tanyutao544"},"content":"","lastModifiedDate":"2022-01-17"},{"lineNumber":24,"author":{"gitId":"tanyutao544"},"content":"\t@Override","lastModifiedDate":"2022-01-17"},{"lineNumber":25,"author":{"gitId":"tanyutao544"},"content":"\tpublic boolean ends() {","lastModifiedDate":"2022-01-17"},{"lineNumber":26,"author":{"gitId":"tanyutao544"},"content":"\t\treturn false;","lastModifiedDate":"2022-01-17"},{"lineNumber":27,"author":{"gitId":"tanyutao544"},"content":"\t}","lastModifiedDate":"2022-01-17"},{"lineNumber":28,"author":{"gitId":"tanyutao544"},"content":"","lastModifiedDate":"2022-01-17"},{"lineNumber":29,"author":{"gitId":"tanyutao544"},"content":"\t@Override","lastModifiedDate":"2022-01-17"},{"lineNumber":30,"author":{"gitId":"tanyutao544"},"content":"\tpublic void execute() {","lastModifiedDate":"2022-01-17"},{"lineNumber":31,"author":{"gitId":"tanyutao544"},"content":"\t\tprintFormatted(new String[]{\"I\u0027ve marked this task as not done yet:\", \"  \" + tasklist.get(this.pos)});","lastModifiedDate":"2022-01-19"},{"lineNumber":32,"author":{"gitId":"tanyutao544"},"content":"\t}","lastModifiedDate":"2022-01-17"},{"lineNumber":33,"author":{"gitId":"tanyutao544"},"content":"}","lastModifiedDate":"2022-01-17"}],"authorContributionMap":{"tanyutao544":33}},{"path":"src/main/java/tasks/Deadline.java","fileType":"java","lines":[{"lineNumber":1,"author":{"gitId":"tanyutao544"},"content":"package tasks;","lastModifiedDate":"2022-01-18"},{"lineNumber":2,"author":{"gitId":"tanyutao544"},"content":"","lastModifiedDate":"2022-01-18"},{"lineNumber":3,"author":{"gitId":"tanyutao544"},"content":"import java.time.LocalDateTime;","lastModifiedDate":"2022-01-24"},{"lineNumber":4,"author":{"gitId":"tanyutao544"},"content":"import java.time.format.DateTimeFormatter;","lastModifiedDate":"2022-01-24"},{"lineNumber":5,"author":{"gitId":"tanyutao544"},"content":"","lastModifiedDate":"2022-01-24"},{"lineNumber":6,"author":{"gitId":"tanyutao544"},"content":"public class Deadline extends Task {","lastModifiedDate":"2022-01-24"},{"lineNumber":7,"author":{"gitId":"tanyutao544"},"content":"\tprivate LocalDateTime deadline;","lastModifiedDate":"2022-01-24"},{"lineNumber":8,"author":{"gitId":"tanyutao544"},"content":"","lastModifiedDate":"2022-01-22"},{"lineNumber":9,"author":{"gitId":"tanyutao544"},"content":"\tpublic Deadline(String detail, String deadline) {","lastModifiedDate":"2022-01-24"},{"lineNumber":10,"author":{"gitId":"tanyutao544"},"content":"\t\tsuper(detail);","lastModifiedDate":"2022-01-18"},{"lineNumber":11,"author":{"gitId":"tanyutao544"},"content":"\t\tDateTimeFormatter formatter \u003d DateTimeFormatter.ofPattern(\" d/M/yyyy HHmm\");","lastModifiedDate":"2022-01-24"},{"lineNumber":12,"author":{"gitId":"tanyutao544"},"content":"\t\tthis.deadline \u003d LocalDateTime.parse(deadline, formatter);","lastModifiedDate":"2022-01-24"},{"lineNumber":13,"author":{"gitId":"tanyutao544"},"content":"\t}","lastModifiedDate":"2022-01-18"},{"lineNumber":14,"author":{"gitId":"tanyutao544"},"content":"","lastModifiedDate":"2022-01-18"},{"lineNumber":15,"author":{"gitId":"tanyutao544"},"content":"\t@Override","lastModifiedDate":"2022-01-24"},{"lineNumber":16,"author":{"gitId":"tanyutao544"},"content":"\tpublic String getDate(){","lastModifiedDate":"2022-01-24"},{"lineNumber":17,"author":{"gitId":"tanyutao544"},"content":"\t\tDateTimeFormatter formatter \u003d DateTimeFormatter.ofPattern(\" d/M/yyyy HHmm\");","lastModifiedDate":"2022-01-25"},{"lineNumber":18,"author":{"gitId":"tanyutao544"},"content":"\t\treturn deadline.format(formatter);","lastModifiedDate":"2022-01-25"},{"lineNumber":19,"author":{"gitId":"tanyutao544"},"content":"\t}","lastModifiedDate":"2022-01-24"},{"lineNumber":20,"author":{"gitId":"tanyutao544"},"content":"","lastModifiedDate":"2022-01-24"},{"lineNumber":21,"author":{"gitId":"tanyutao544"},"content":"\t@Override","lastModifiedDate":"2022-01-24"},{"lineNumber":22,"author":{"gitId":"tanyutao544"},"content":"\tpublic String getType(){","lastModifiedDate":"2022-01-24"},{"lineNumber":23,"author":{"gitId":"tanyutao544"},"content":"\t\treturn \"D\";","lastModifiedDate":"2022-01-24"},{"lineNumber":24,"author":{"gitId":"tanyutao544"},"content":"\t}","lastModifiedDate":"2022-01-24"},{"lineNumber":25,"author":{"gitId":"tanyutao544"},"content":"","lastModifiedDate":"2022-01-24"},{"lineNumber":26,"author":{"gitId":"tanyutao544"},"content":"\t@Override","lastModifiedDate":"2022-01-18"},{"lineNumber":27,"author":{"gitId":"tanyutao544"},"content":"\tpublic String toString() {","lastModifiedDate":"2022-01-18"},{"lineNumber":28,"author":{"gitId":"tanyutao544"},"content":"\t\tDateTimeFormatter formatter \u003d DateTimeFormatter.ofPattern(\"MMM dd yyyy HHmm\");","lastModifiedDate":"2022-01-24"},{"lineNumber":29,"author":{"gitId":"tanyutao544"},"content":"\t\tString markedPrint;","lastModifiedDate":"2022-01-24"},{"lineNumber":30,"author":{"gitId":"tanyutao544"},"content":"\t\tif (marked) {","lastModifiedDate":"2022-01-18"},{"lineNumber":31,"author":{"gitId":"tanyutao544"},"content":"\t\t\tmarkedPrint \u003d \"[E][X] \";","lastModifiedDate":"2022-01-24"},{"lineNumber":32,"author":{"gitId":"tanyutao544"},"content":"\t\t} else {","lastModifiedDate":"2022-01-18"},{"lineNumber":33,"author":{"gitId":"tanyutao544"},"content":"\t\t\tmarkedPrint \u003d \"[E][ ] \";","lastModifiedDate":"2022-01-24"},{"lineNumber":34,"author":{"gitId":"tanyutao544"},"content":"\t\t}","lastModifiedDate":"2022-01-18"},{"lineNumber":35,"author":{"gitId":"tanyutao544"},"content":"\t\treturn markedPrint + detail + \"(by:\" + deadline.format(formatter) + \")\";","lastModifiedDate":"2022-01-24"},{"lineNumber":36,"author":{"gitId":"tanyutao544"},"content":"\t}","lastModifiedDate":"2022-01-18"},{"lineNumber":37,"author":{"gitId":"tanyutao544"},"content":"}","lastModifiedDate":"2022-01-18"}],"authorContributionMap":{"tanyutao544":37}},{"path":"src/main/java/tasks/Event.java","fileType":"java","lines":[{"lineNumber":1,"author":{"gitId":"tanyutao544"},"content":"package tasks;","lastModifiedDate":"2022-01-18"},{"lineNumber":2,"author":{"gitId":"tanyutao544"},"content":"","lastModifiedDate":"2022-01-18"},{"lineNumber":3,"author":{"gitId":"tanyutao544"},"content":"import java.time.LocalDateTime;","lastModifiedDate":"2022-01-24"},{"lineNumber":4,"author":{"gitId":"tanyutao544"},"content":"import java.time.format.DateTimeFormatter;","lastModifiedDate":"2022-01-24"},{"lineNumber":5,"author":{"gitId":"tanyutao544"},"content":"","lastModifiedDate":"2022-01-24"},{"lineNumber":6,"author":{"gitId":"tanyutao544"},"content":"public class Event extends Task {","lastModifiedDate":"2022-01-24"},{"lineNumber":7,"author":{"gitId":"tanyutao544"},"content":"\tprivate LocalDateTime date;","lastModifiedDate":"2022-01-24"},{"lineNumber":8,"author":{"gitId":"tanyutao544"},"content":"","lastModifiedDate":"2022-01-22"},{"lineNumber":9,"author":{"gitId":"tanyutao544"},"content":"\tpublic Event(String detail, String date) {","lastModifiedDate":"2022-01-24"},{"lineNumber":10,"author":{"gitId":"tanyutao544"},"content":"\t\tsuper(detail);","lastModifiedDate":"2022-01-18"},{"lineNumber":11,"author":{"gitId":"tanyutao544"},"content":"\t\tDateTimeFormatter formatter \u003d DateTimeFormatter.ofPattern(\" d/M/yyyy HHmm\");","lastModifiedDate":"2022-01-24"},{"lineNumber":12,"author":{"gitId":"tanyutao544"},"content":"\t\tthis.date \u003d LocalDateTime.parse(date, formatter);","lastModifiedDate":"2022-01-24"},{"lineNumber":13,"author":{"gitId":"tanyutao544"},"content":"\t}","lastModifiedDate":"2022-01-18"},{"lineNumber":14,"author":{"gitId":"tanyutao544"},"content":"","lastModifiedDate":"2022-01-18"},{"lineNumber":15,"author":{"gitId":"tanyutao544"},"content":"\t@Override","lastModifiedDate":"2022-01-24"},{"lineNumber":16,"author":{"gitId":"tanyutao544"},"content":"\tpublic String getDate(){","lastModifiedDate":"2022-01-24"},{"lineNumber":17,"author":{"gitId":"tanyutao544"},"content":"\t\tDateTimeFormatter formatter \u003d DateTimeFormatter.ofPattern(\" d/M/yyyy HHmm\");","lastModifiedDate":"2022-01-25"},{"lineNumber":18,"author":{"gitId":"tanyutao544"},"content":"\t\treturn date.format(formatter);","lastModifiedDate":"2022-01-25"},{"lineNumber":19,"author":{"gitId":"tanyutao544"},"content":"\t}","lastModifiedDate":"2022-01-24"},{"lineNumber":20,"author":{"gitId":"tanyutao544"},"content":"","lastModifiedDate":"2022-01-24"},{"lineNumber":21,"author":{"gitId":"tanyutao544"},"content":"\t@Override","lastModifiedDate":"2022-01-24"},{"lineNumber":22,"author":{"gitId":"tanyutao544"},"content":"\tpublic String getType(){","lastModifiedDate":"2022-01-24"},{"lineNumber":23,"author":{"gitId":"tanyutao544"},"content":"\t\treturn \"E\";","lastModifiedDate":"2022-01-24"},{"lineNumber":24,"author":{"gitId":"tanyutao544"},"content":"\t}","lastModifiedDate":"2022-01-24"},{"lineNumber":25,"author":{"gitId":"tanyutao544"},"content":"","lastModifiedDate":"2022-01-24"},{"lineNumber":26,"author":{"gitId":"tanyutao544"},"content":"\t@Override","lastModifiedDate":"2022-01-18"},{"lineNumber":27,"author":{"gitId":"tanyutao544"},"content":"\tpublic String toString() {","lastModifiedDate":"2022-01-18"},{"lineNumber":28,"author":{"gitId":"tanyutao544"},"content":"\t\tDateTimeFormatter formatter \u003d DateTimeFormatter.ofPattern(\"MMM dd yyyy HHmm\");","lastModifiedDate":"2022-01-24"},{"lineNumber":29,"author":{"gitId":"tanyutao544"},"content":"\t\tString markedPrint;","lastModifiedDate":"2022-01-24"},{"lineNumber":30,"author":{"gitId":"tanyutao544"},"content":"\t\tif (marked) {","lastModifiedDate":"2022-01-18"},{"lineNumber":31,"author":{"gitId":"tanyutao544"},"content":"\t\t\tmarkedPrint \u003d \"[E][X] \";","lastModifiedDate":"2022-01-24"},{"lineNumber":32,"author":{"gitId":"tanyutao544"},"content":"\t\t} else {","lastModifiedDate":"2022-01-18"},{"lineNumber":33,"author":{"gitId":"tanyutao544"},"content":"\t\t\tmarkedPrint \u003d \"[E][ ] \";","lastModifiedDate":"2022-01-24"},{"lineNumber":34,"author":{"gitId":"tanyutao544"},"content":"\t\t}","lastModifiedDate":"2022-01-18"},{"lineNumber":35,"author":{"gitId":"tanyutao544"},"content":"\t\treturn markedPrint + detail + \"(at:\" + date.format(formatter) + \")\";","lastModifiedDate":"2022-01-24"},{"lineNumber":36,"author":{"gitId":"tanyutao544"},"content":"\t}","lastModifiedDate":"2022-01-18"},{"lineNumber":37,"author":{"gitId":"tanyutao544"},"content":"}","lastModifiedDate":"2022-01-18"}],"authorContributionMap":{"tanyutao544":37}},{"path":"src/main/java/tasks/Task.java","fileType":"java","lines":[{"lineNumber":1,"author":{"gitId":"tanyutao544"},"content":"package tasks;","lastModifiedDate":"2022-01-17"},{"lineNumber":2,"author":{"gitId":"tanyutao544"},"content":"","lastModifiedDate":"2022-01-17"},{"lineNumber":3,"author":{"gitId":"tanyutao544"},"content":"public abstract class Task {","lastModifiedDate":"2022-01-18"},{"lineNumber":4,"author":{"gitId":"tanyutao544"},"content":"\tprotected String detail;","lastModifiedDate":"2022-01-18"},{"lineNumber":5,"author":{"gitId":"tanyutao544"},"content":"\tprotected boolean marked;","lastModifiedDate":"2022-01-18"},{"lineNumber":6,"author":{"gitId":"tanyutao544"},"content":"","lastModifiedDate":"2022-01-17"},{"lineNumber":7,"author":{"gitId":"tanyutao544"},"content":"\tpublic abstract String getType();","lastModifiedDate":"2022-01-24"},{"lineNumber":8,"author":{"gitId":"tanyutao544"},"content":"","lastModifiedDate":"2022-01-24"},{"lineNumber":9,"author":{"gitId":"tanyutao544"},"content":"\tpublic abstract String getDate();","lastModifiedDate":"2022-01-24"},{"lineNumber":10,"author":{"gitId":"tanyutao544"},"content":"","lastModifiedDate":"2022-01-24"},{"lineNumber":11,"author":{"gitId":"tanyutao544"},"content":"\tpublic void mark() {","lastModifiedDate":"2022-01-17"},{"lineNumber":12,"author":{"gitId":"tanyutao544"},"content":"\t\tthis.marked \u003d true;","lastModifiedDate":"2022-01-17"},{"lineNumber":13,"author":{"gitId":"tanyutao544"},"content":"\t}","lastModifiedDate":"2022-01-17"},{"lineNumber":14,"author":{"gitId":"tanyutao544"},"content":"","lastModifiedDate":"2022-01-17"},{"lineNumber":15,"author":{"gitId":"tanyutao544"},"content":"\tpublic void unmark() {","lastModifiedDate":"2022-01-17"},{"lineNumber":16,"author":{"gitId":"tanyutao544"},"content":"\t\tthis.marked \u003d false;","lastModifiedDate":"2022-01-17"},{"lineNumber":17,"author":{"gitId":"tanyutao544"},"content":"\t}","lastModifiedDate":"2022-01-17"},{"lineNumber":18,"author":{"gitId":"tanyutao544"},"content":"","lastModifiedDate":"2022-01-17"},{"lineNumber":19,"author":{"gitId":"tanyutao544"},"content":"\tpublic String getDetail(){","lastModifiedDate":"2022-01-24"},{"lineNumber":20,"author":{"gitId":"tanyutao544"},"content":"\t\treturn  detail;","lastModifiedDate":"2022-01-24"},{"lineNumber":21,"author":{"gitId":"tanyutao544"},"content":"\t}","lastModifiedDate":"2022-01-24"},{"lineNumber":22,"author":{"gitId":"tanyutao544"},"content":"","lastModifiedDate":"2022-01-24"},{"lineNumber":23,"author":{"gitId":"tanyutao544"},"content":"\tpublic String getMark(){","lastModifiedDate":"2022-01-24"},{"lineNumber":24,"author":{"gitId":"tanyutao544"},"content":"\t\tif(marked){","lastModifiedDate":"2022-01-24"},{"lineNumber":25,"author":{"gitId":"tanyutao544"},"content":"\t\t\treturn \"1\";","lastModifiedDate":"2022-01-24"},{"lineNumber":26,"author":{"gitId":"tanyutao544"},"content":"\t\t} else {","lastModifiedDate":"2022-01-24"},{"lineNumber":27,"author":{"gitId":"tanyutao544"},"content":"\t\t\treturn \"0\";","lastModifiedDate":"2022-01-24"},{"lineNumber":28,"author":{"gitId":"tanyutao544"},"content":"\t\t}","lastModifiedDate":"2022-01-24"},{"lineNumber":29,"author":{"gitId":"tanyutao544"},"content":"\t}","lastModifiedDate":"2022-01-24"},{"lineNumber":30,"author":{"gitId":"tanyutao544"},"content":"","lastModifiedDate":"2022-01-24"},{"lineNumber":31,"author":{"gitId":"tanyutao544"},"content":"\tpublic Task(String detail) {","lastModifiedDate":"2022-01-17"},{"lineNumber":32,"author":{"gitId":"tanyutao544"},"content":"\t\tthis.detail \u003d detail;","lastModifiedDate":"2022-01-17"},{"lineNumber":33,"author":{"gitId":"tanyutao544"},"content":"\t\tthis.marked \u003d false;","lastModifiedDate":"2022-01-17"},{"lineNumber":34,"author":{"gitId":"tanyutao544"},"content":"\t}","lastModifiedDate":"2022-01-17"},{"lineNumber":35,"author":{"gitId":"tanyutao544"},"content":"}","lastModifiedDate":"2022-01-17"}],"authorContributionMap":{"tanyutao544":35}},{"path":"src/main/java/tasks/ToDo.java","fileType":"java","lines":[{"lineNumber":1,"author":{"gitId":"tanyutao544"},"content":"package tasks;","lastModifiedDate":"2022-01-24"},{"lineNumber":2,"author":{"gitId":"tanyutao544"},"content":"","lastModifiedDate":"2022-01-24"},{"lineNumber":3,"author":{"gitId":"tanyutao544"},"content":"public class ToDo extends Task {","lastModifiedDate":"2022-01-24"},{"lineNumber":4,"author":{"gitId":"tanyutao544"},"content":"","lastModifiedDate":"2022-01-24"},{"lineNumber":5,"author":{"gitId":"tanyutao544"},"content":"\tpublic ToDo(String detail) {","lastModifiedDate":"2022-01-24"},{"lineNumber":6,"author":{"gitId":"tanyutao544"},"content":"\t\tsuper(detail);","lastModifiedDate":"2022-01-24"},{"lineNumber":7,"author":{"gitId":"tanyutao544"},"content":"\t}","lastModifiedDate":"2022-01-24"},{"lineNumber":8,"author":{"gitId":"tanyutao544"},"content":"","lastModifiedDate":"2022-01-24"},{"lineNumber":9,"author":{"gitId":"tanyutao544"},"content":"\t@Override","lastModifiedDate":"2022-01-24"},{"lineNumber":10,"author":{"gitId":"tanyutao544"},"content":"\tpublic String getDate(){","lastModifiedDate":"2022-01-24"},{"lineNumber":11,"author":{"gitId":"tanyutao544"},"content":"\t\treturn \"No Date\";","lastModifiedDate":"2022-01-24"},{"lineNumber":12,"author":{"gitId":"tanyutao544"},"content":"\t}","lastModifiedDate":"2022-01-24"},{"lineNumber":13,"author":{"gitId":"tanyutao544"},"content":"","lastModifiedDate":"2022-01-24"},{"lineNumber":14,"author":{"gitId":"tanyutao544"},"content":"\t@Override","lastModifiedDate":"2022-01-24"},{"lineNumber":15,"author":{"gitId":"tanyutao544"},"content":"\tpublic String getType(){","lastModifiedDate":"2022-01-24"},{"lineNumber":16,"author":{"gitId":"tanyutao544"},"content":"\t\treturn \"T\";","lastModifiedDate":"2022-01-24"},{"lineNumber":17,"author":{"gitId":"tanyutao544"},"content":"\t}","lastModifiedDate":"2022-01-24"},{"lineNumber":18,"author":{"gitId":"tanyutao544"},"content":"","lastModifiedDate":"2022-01-24"},{"lineNumber":19,"author":{"gitId":"tanyutao544"},"content":"\t@Override","lastModifiedDate":"2022-01-24"},{"lineNumber":20,"author":{"gitId":"tanyutao544"},"content":"\tpublic String toString() {","lastModifiedDate":"2022-01-24"},{"lineNumber":21,"author":{"gitId":"tanyutao544"},"content":"\t\tif (marked) {","lastModifiedDate":"2022-01-24"},{"lineNumber":22,"author":{"gitId":"tanyutao544"},"content":"\t\t\treturn \"[T][X] \" + detail;","lastModifiedDate":"2022-01-24"},{"lineNumber":23,"author":{"gitId":"tanyutao544"},"content":"\t\t} else {","lastModifiedDate":"2022-01-24"},{"lineNumber":24,"author":{"gitId":"tanyutao544"},"content":"\t\t\treturn \"[T][ ] \" + detail;","lastModifiedDate":"2022-01-24"},{"lineNumber":25,"author":{"gitId":"tanyutao544"},"content":"\t\t}","lastModifiedDate":"2022-01-24"},{"lineNumber":26,"author":{"gitId":"tanyutao544"},"content":"\t}","lastModifiedDate":"2022-01-24"},{"lineNumber":27,"author":{"gitId":"tanyutao544"},"content":"}","lastModifiedDate":"2022-01-24"}],"authorContributionMap":{"tanyutao544":27}},{"path":"text-ui-test/input.txt","fileType":"txt","lines":[{"lineNumber":1,"author":{"gitId":"tanyutao544"},"content":"todo read book","lastModifiedDate":"2022-01-18"},{"lineNumber":2,"author":{"gitId":"tanyutao544"},"content":"deadline return book /by June 6th","lastModifiedDate":"2022-01-18"},{"lineNumber":3,"author":{"gitId":"tanyutao544"},"content":"event project meeting /at Aug 6th 2-4pm","lastModifiedDate":"2022-01-18"},{"lineNumber":4,"author":{"gitId":"tanyutao544"},"content":"todo join sports club","lastModifiedDate":"2022-01-18"},{"lineNumber":5,"author":{"gitId":"tanyutao544"},"content":"mark 1","lastModifiedDate":"2022-01-18"},{"lineNumber":6,"author":{"gitId":"tanyutao544"},"content":"mark 4","lastModifiedDate":"2022-01-18"},{"lineNumber":7,"author":{"gitId":"tanyutao544"},"content":"todo borrow book","lastModifiedDate":"2022-01-18"},{"lineNumber":8,"author":{"gitId":"tanyutao544"},"content":"list","lastModifiedDate":"2022-01-18"},{"lineNumber":9,"author":{"gitId":"tanyutao544"},"content":"deadline return book /by Sunday","lastModifiedDate":"2022-01-18"},{"lineNumber":10,"author":{"gitId":"tanyutao544"},"content":"event project meeting /at Mon 2-4pm","lastModifiedDate":"2022-01-18"},{"lineNumber":11,"author":{"gitId":"tanyutao544"},"content":"list","lastModifiedDate":"2022-01-18"},{"lineNumber":12,"author":{"gitId":"tanyutao544"},"content":"unmark 1","lastModifiedDate":"2022-01-18"},{"lineNumber":13,"author":{"gitId":"tanyutao544"},"content":"list","lastModifiedDate":"2022-01-18"},{"lineNumber":14,"author":{"gitId":"tanyutao544"},"content":"whats up","lastModifiedDate":"2022-01-21"},{"lineNumber":15,"author":{"gitId":"tanyutao544"},"content":"mark 15","lastModifiedDate":"2022-01-21"},{"lineNumber":16,"author":{"gitId":"tanyutao544"},"content":"mark twenty","lastModifiedDate":"2022-01-21"},{"lineNumber":17,"author":{"gitId":"tanyutao544"},"content":"todo","lastModifiedDate":"2022-01-21"},{"lineNumber":18,"author":{"gitId":"tanyutao544"},"content":"event","lastModifiedDate":"2022-01-21"},{"lineNumber":19,"author":{"gitId":"tanyutao544"},"content":"deadline","lastModifiedDate":"2022-01-21"},{"lineNumber":20,"author":{"gitId":"tanyutao544"},"content":"Todo  finish project","lastModifiedDate":"2022-01-21"},{"lineNumber":21,"author":{"gitId":"tanyutao544"},"content":"bye","lastModifiedDate":"2022-01-18"}],"authorContributionMap":{"tanyutao544":21}}]
