{"authorDailyContributionsMap":{"AinsleyJ":[{"date":"2022-01-16","commitResults":[{"hash":"9dc5c008777005342f8a0022b5355657477882bb","messageTitle":"Level-1 features added","messageBody":"","fileTypesAndContributionMap":{"java":{"insertions":98,"deletions":6}}},{"hash":"54735979d2e9d143d06926e4bb8e6a958377cba0","messageTitle":"Changed the names of classes to avoid confusion.","messageBody":"","tags":["Level-1"],"fileTypesAndContributionMap":{"java":{"insertions":16,"deletions":21}}},{"hash":"c9f5756ffcafcdaa26a40d73a4b4f19d2e497fad","messageTitle":"Changed names of files.","messageBody":"","fileTypesAndContributionMap":{"java":{"insertions":40,"deletions":38}}},{"hash":"0fe235dd31ec3cea87214e8b5817661312e55804","messageTitle":"Add and list added.","messageBody":"","tags":["Level-2"],"fileTypesAndContributionMap":{"java":{"insertions":217,"deletions":42}}},{"hash":"db854abb9915c11e574fedf9be83a856bc0f2a07","messageTitle":"Add features: mark as done, and unmark.","messageBody":"","tags":["Level-3"],"fileTypesAndContributionMap":{"java":{"insertions":77,"deletions":3}}},{"hash":"b84596cfd35fe6ede0bbd604c548f98876a064f6","messageTitle":"Todos, events, deadlines added.","messageBody":"","tags":["Level-4"],"fileTypesAndContributionMap":{"java":{"insertions":132,"deletions":10}}},{"hash":"86d6a58f4f36d3c2d35d40eaefb6e04097c910a7","messageTitle":"Test files added.","messageBody":"","fileTypesAndContributionMap":{"txt":{"insertions":19,"deletions":0}}},{"hash":"59860faab5ebf5084f99967e6e00876168e1538f","messageTitle":"Test files added.","messageBody":"","tags":["A-TextUiTesting"],"fileTypesAndContributionMap":{"java":{"insertions":1,"deletions":1}}}]},{"date":"2022-01-17","commitResults":[{"hash":"7d7e33930bd97ffc7f0efb70bf5b3d7c6d4ea648","messageTitle":"Error handling added.","messageBody":"","tags":["Level-5"],"fileTypesAndContributionMap":{"java":{"insertions":242,"deletions":28}}},{"hash":"ce2de09e8172ed03bdf338eda6b6a36d32e2e3e9","messageTitle":"Add command: delete.","messageBody":"","tags":["Level-6"],"fileTypesAndContributionMap":{"java":{"insertions":69,"deletions":0}}}]},{"date":"2022-01-22","commitResults":[{"hash":"b134a3ba22af4f65c42d87111dadafd09dae5f44","messageTitle":"Fix format according to the coding standard","messageBody":"","fileTypesAndContributionMap":{"java":{"insertions":21,"deletions":23}}}]},{"date":"2022-01-29","commitResults":[{"hash":"22f0dc61f2877151ddf8e44041ee993635ba2e43","messageTitle":"Enable saving tasks into hard disk","messageBody":"","fileTypesAndContributionMap":{"java":{"insertions":396,"deletions":60}}},{"hash":"f9336a0d1814a9e8fab587c521a25dccd47d65ee","messageTitle":"Use LocalDate for date of deadline","messageBody":"","fileTypesAndContributionMap":{"java":{"insertions":9,"deletions":5}}},{"hash":"c01578d1b14c87760b6eaf48c98c3c97f722a18f","messageTitle":"Resolve merge conflict on level-8","messageBody":"","tags":["Level-8"],"fileTypesAndContributionMap":{"java":{"insertions":11,"deletions":8}}},{"hash":"f5553bb314cc830189e36b4dfe47e312ebc93622","messageTitle":"Split InstructionHandler into Ui and Storage","messageBody":"","tags":["A-MoreOOP"],"fileTypesAndContributionMap":{"java":{"insertions":279,"deletions":109}}}]},{"date":"2022-01-30","commitResults":[{"hash":"77ba5693221691868a4293fddfb2624c8796d233","messageTitle":"Add packages","messageBody":"","tags":["A-Packages"],"fileTypesAndContributionMap":{"java":{"insertions":178,"deletions":68},"bat":{"insertions":1,"deletions":1},"md":{"insertions":2,"deletions":2}}},{"hash":"b77d312638a42f89dd161f70ff2f104426ac1f76","messageTitle":"Restructure packages","messageBody":"","fileTypesAndContributionMap":{"java":{"insertions":60,"deletions":60}}},{"hash":"16d5e3d113f3f7281e9a878dbc424f5649a3a9f0","messageTitle":"Add Junit tests","messageBody":"","tags":["A-JUnit"],"fileTypesAndContributionMap":{"java":{"insertions":199,"deletions":69}}},{"hash":"8442a6bd71651f7b4d530242551f0a5d24073269","messageTitle":"Add test file","messageBody":"","fileTypesAndContributionMap":{"txt":{"insertions":0,"deletions":0}}},{"hash":"59a9925718e21698688c679bb2a780b06445f884","messageTitle":"Genereate jar file","messageBody":"","tags":["v0.1","A-Jar"],"fileTypesAndContributionMap":{"txt":{"insertions":0,"deletions":0}}},{"hash":"c12653325b6c97d47ded77f9ae5f0cd6d7330e82","messageTitle":"Add JavaDocs","messageBody":"","fileTypesAndContributionMap":{"java":{"insertions":98,"deletions":0}}},{"hash":"a49a3c1a7126e3db36041bf3c8adbd5868c37d23","messageTitle":"Clean up the codes","messageBody":"","fileTypesAndContributionMap":{"java":{"insertions":13,"deletions":13}}},{"hash":"035d276f8eb5e87ef0c45ff6741a408f5e892661","messageTitle":"Remove test file","messageBody":"","fileTypesAndContributionMap":{"java":{"insertions":87,"deletions":18}}}]},{"date":"2022-02-04","commitResults":[{"hash":"ff41fa613073d6400125d962f1fc6af18e638490","messageTitle":"Merged gradle support branch","messageBody":"","fileTypesAndContributionMap":{"java":{"insertions":25,"deletions":19}}}]},{"date":"2022-02-05","commitResults":[{"hash":"d36317f41d1a516b697a60f7b2b1213f474396d3","messageTitle":"Add Gradle support","messageBody":"","tags":["A-Gradle"],"fileTypesAndContributionMap":{"gradle":{"insertions":2,"deletions":2}}},{"hash":"4d57daaa735c2678a9fbaf704ac3e82610fd4aba","messageTitle":"Add checkstyle and fix style","messageBody":"","tags":["A-CheckStyle"],"fileTypesAndContributionMap":{"java":{"insertions":123,"deletions":124}}}]},{"date":"2022-02-07","commitResults":[{"hash":"837bf6c48437fa03ace01c40df127328a661964e","messageTitle":"Add Level-10 basic features","messageBody":"","fileTypesAndContributionMap":{"gradle":{"insertions":18,"deletions":1},"fxml":{"insertions":35,"deletions":0},"java":{"insertions":298,"deletions":2}}},{"hash":"4877922da70f10e691b874680b5c3215fe96624e","messageTitle":"Integrate a very ugly UI","messageBody":"","tags":["Level-10"],"fileTypesAndContributionMap":{"fxml":{"insertions":20,"deletions":8},"java":{"insertions":15,"deletions":3}}}]},{"date":"2022-02-11","commitResults":[{"hash":"02392129aecc2209e3cce8a8c80a0a9347001a54","messageTitle":"MainWindow.fxml: fix file name","messageBody":"Initially there was a typo in the name of the file, which causes the\nMain class unable to load the file and throw errors in the jar file.\n\nChange the name from \"MainWIndow.fxml\" to \"MainWindow.fxml\".\n\nOtherwise, getResource() is not able to figure out the file and cannot\nload it properly.\n","fileTypesAndContributionMap":{"gradle":{"insertions":1,"deletions":1},"fxml":{"insertions":2,"deletions":2},"java":{"insertions":5,"deletions":2}}},{"hash":"28bd0b484679f62e30b93253d2b95a7cc8e64887","messageTitle":"Add assertions: assert correct filepath","messageBody":"The operations on duke.storage.Storage.java relies on the correct file\npath such that it can read/write on the correct data file. Similarly,\nduke.main.Main.java relies on the correct fxml file for it to load the\nGUI correctly.\n\nLet\u0027s add assertions to these two classes. In duke.main.Main.java, add\nan assertion to the start() method, such that it ensures that the\nfilePath is correctly loaded. In duke.storage.storage.readTasks, add an\nassertion to ensure that the data file is correctly loaded.\n\nUsing assertions ensure that the GUI can be loaded correctly and user\nwill not loss his/her data.\n","tags":["A-FullCommitMessage"],"fileTypesAndContributionMap":{"java":{"insertions":11,"deletions":3}}},{"hash":"b823b83887e0ff87dcbecd86fa968f74c16081bd","messageTitle":"Add assertion to Storage#writeTasks","messageBody":"","fileTypesAndContributionMap":{"java":{"insertions":3,"deletions":0}}},{"hash":"75981f022991be994c39e72f370c0e929324c057","messageTitle":"Improve code quality","messageBody":"","fileTypesAndContributionMap":{"java":{"insertions":24,"deletions":16}}}]},{"date":"2022-02-12","commitResults":[{"hash":"4b655fb611aacb8ac145f72f88debbd600085854","messageTitle":"Add help feature","messageBody":"","fileTypesAndContributionMap":{"java":{"insertions":254,"deletions":32}}},{"hash":"03b2761af62e374cd7716e3dcab2767b7fe691d4","messageTitle":"Fix header comments","messageBody":"","fileTypesAndContributionMap":{"java":{"insertions":2,"deletions":2}}}]},{"date":"2022-02-17","commitResults":[{"hash":"4dcf476d0f9acce680f4a007f69a9f1b5da890b0","messageTitle":"Improve GUI: the dialog box is dynamic now","messageBody":"","fileTypesAndContributionMap":{"fxml":{"insertions":9,"deletions":5},"java":{"insertions":55,"deletions":1}}},{"hash":"283d68c1740f7192b4ba6df0e2b8fb2ae03c168a","messageTitle":"Add prompt message in GUI","messageBody":"","fileTypesAndContributionMap":{"java":{"insertions":25,"deletions":0}}},{"hash":"645da8ee04e972a4de5c93dad712331e81075bfe","messageTitle":"Set title of window","messageBody":"","tags":["A-BetterGui"],"fileTypesAndContributionMap":{"java":{"insertions":1,"deletions":0}}}]},{"date":"2022-02-18","commitResults":[{"hash":"016e0ee0c2db464bdb0cd0fac2fa9b61d25ee299","messageTitle":"Add product screenshot","messageBody":"","fileTypesAndContributionMap":{"fxml":{"insertions":1,"deletions":1},"java":{"insertions":4,"deletions":4}}},{"hash":"5de67acd4a51b4e13ba90fd3b0e4c20027cb984e","messageTitle":"Update user guide","messageBody":"","tags":["A-UserGuide"],"fileTypesAndContributionMap":{"md":{"insertions":104,"deletions":15}}}]}]},"authorFileTypeContributionMap":{"AinsleyJ":{"java":2300,"md":104,"fxml":51,"sh":0,"bat":1,"gradle":19,"txt":19}},"authorContributionVariance":{"AinsleyJ":56305.0},"authorDisplayNameMap":{"AinsleyJ":"CS2103T-T09-1 JIAN..GTAO"}}
