{"authorDailyContributionsMap":{"hqhqhq1":[{"date":"2022-01-20","commitResults":[{"hash":"6f450be8b8fd4917e2c9beb06d976974924c9e91","messageTitle":"level-1","messageBody":"","tags":["Level-1"],"fileTypesAndContributionMap":{"java":{"insertions":29,"deletions":0}}},{"hash":"28dc3d5ec1f78489c00bc63c7ee2ce83aebf336b","messageTitle":"level-2","messageBody":"","tags":["Level-2"],"fileTypesAndContributionMap":{"java":{"insertions":15,"deletions":7}}},{"hash":"6ed2d20d6b43568a4e541894227460fbcf1524a3","messageTitle":"added Task class and Mark as Done","messageBody":"","tags":["Level-3"],"fileTypesAndContributionMap":{"java":{"insertions":51,"deletions":8}}},{"hash":"566fa015e319e7e887fbd54addd5c88444ee1c33","messageTitle":"Level 4. ToDos, Events, Deadlines","messageBody":"","tags":["Level-4"],"fileTypesAndContributionMap":{"java":{"insertions":78,"deletions":11}}},{"hash":"88bae8f4ff3d55ad7c868d394a5278604162ec45","messageTitle":"Automated Text UI Testing","messageBody":"","tags":["A-TextUiTesting"],"fileTypesAndContributionMap":{"txt":{"insertions":9,"deletions":0}}},{"hash":"53d56fd640174168be21ca24dc61e292b6cd86c2","messageTitle":"Level 5. Handle Errors","messageBody":"","tags":["Level-5"],"fileTypesAndContributionMap":{"java":{"insertions":104,"deletions":60}}},{"hash":"6d03a3a962cbdcb377f65739dbecb4bf51acd901","messageTitle":"Level-6: Delete","messageBody":"","tags":["Level-6"],"fileTypesAndContributionMap":{"java":{"insertions":37,"deletions":13}}}]},{"date":"2022-01-25","commitResults":[{"hash":"39e31e6cda13c41bdc2092b7c77e08956cb8e467","messageTitle":"branch-Level-7 add readFromFile and writeToFile method","messageBody":"","tags":["Level-7"],"fileTypesAndContributionMap":{"java":{"insertions":57,"deletions":12}}},{"hash":"d70a4567679ccb3df9e05df407e44ae32d724ca2","messageTitle":"Level 8  Dates and Times","messageBody":"","tags":["Level-8"],"fileTypesAndContributionMap":{"java":{"insertions":36,"deletions":12}}},{"hash":"76edd57824c6ec70b1c12bc66cbca7b1c17f2009","messageTitle":"update input text","messageBody":"","fileTypesAndContributionMap":{"txt":{"insertions":2,"deletions":2}}},{"hash":"4fd2f526d18b84ae70da07d3e856163369345000","messageTitle":"A-MoreOOP","messageBody":"","tags":["A-MoreOOP"],"fileTypesAndContributionMap":{"java":{"insertions":275,"deletions":164}}}]},{"date":"2022-01-26","commitResults":[{"hash":"02b49e29e984a8bdf7587681df4afb1eae5775c0","messageTitle":"A-Packages","messageBody":"","tags":["A-Packages"],"fileTypesAndContributionMap":{"java":{"insertions":23,"deletions":11}}},{"hash":"a6614d77260944c5243cf75bd89e9ce0d7336e06","messageTitle":"A-JUnit","messageBody":"","tags":["A-JUnit"],"fileTypesAndContributionMap":{"java":{"insertions":64,"deletions":0}}},{"hash":"1636b579907c237d9e9d78553dfa2748875ce241","messageTitle":"A-JavaDoc","messageBody":"","tags":["A-JavaDoc"],"fileTypesAndContributionMap":{"java":{"insertions":199,"deletions":2}}},{"hash":"3c914c337f7016bb84f4333e5c5910d48ece7713","messageTitle":"A-CodingStandard","messageBody":"","tags":["A-CodingStandard"],"fileTypesAndContributionMap":{"java":{"insertions":3,"deletions":7}}},{"hash":"be9048cb047e87ede6abc245d92b1cf2382ae01a","messageTitle":"Level 9 : Find","messageBody":"","tags":["Level-9"],"fileTypesAndContributionMap":{"java":{"insertions":73,"deletions":46}}},{"hash":"d8efd8e6af915efe0ecffa47a2a0734296a63a16","messageTitle":"update javadoc for new methods in Ui","messageBody":"","fileTypesAndContributionMap":{"java":{"insertions":6,"deletions":1}}},{"hash":"bb70ee2cd7239a702f4fea70fc211159ba9c511f","messageTitle":"update Java coding standard","messageBody":"","fileTypesAndContributionMap":{"java":{"insertions":18,"deletions":13}}},{"hash":"0ea78f7ae4d8f2d29464ba7f90de6090dbf6b2d9","messageTitle":"Update Ui methods and change a new path to write data","messageBody":"","fileTypesAndContributionMap":{"java":{"insertions":35,"deletions":29}}}]},{"date":"2022-02-02","commitResults":[{"hash":"36dc5ad8c6c3f4beeb61bcaaf898ecab003555cb","messageTitle":"Update README.md","messageBody":"","fileTypesAndContributionMap":{"md":{"insertions":29,"deletions":13}}}]},{"date":"2022-02-03","commitResults":[{"hash":"37331d1f2e30b877fe2071a6e7fcc6bd81ef29ad","messageTitle":"A-Gradle","messageBody":"","tags":["A-Gradle"],"fileTypesAndContributionMap":{"gradle":{"insertions":46,"deletions":0},"bat":{"insertions":89,"deletions":0}}}]}]},"authorFileTypeContributionMap":{"hqhqhq1":{"java":723,"md":29,"fxml":0,"sh":0,"bat":89,"gradle":46,"txt":9}},"authorContributionVariance":{"hqhqhq1":31272.812},"authorDisplayNameMap":{"hqhqhq1":"CS2103T-W15-3 HUAN..QING"}}
