{"authorDailyContributionsMap":{"sheimoria":[{"date":"2022-01-19","commitResults":[{"hash":"c53afa5cc31c05341a3bbac79236257161b38f12","messageTitle":"feat: greet, echo, exit","messageBody":"","tags":["Level-1"],"fileTypesAndContributionMap":{"java":{"insertions":17,"deletions":0}}},{"hash":"b691c365bab46d3822acb0e21a242804cc0165e2","messageTitle":"feat: add, list","messageBody":"","tags":["Level-2"],"fileTypesAndContributionMap":{"java":{"insertions":11,"deletions":1}}},{"hash":"0387fbd53cb5330b3e2a61a0592157bd91153f41","messageTitle":"feat: mark as done","messageBody":"","tags":["Level-3"],"fileTypesAndContributionMap":{"java":{"insertions":71,"deletions":4}}},{"hash":"b322f0091cd90236cede2c9f434095c010816d7d","messageTitle":"feat: todos, events, deadlines","messageBody":"","tags":["Level-4"],"fileTypesAndContributionMap":{"java":{"insertions":100,"deletions":47}}}]},{"date":"2022-01-21","commitResults":[{"hash":"a33824149f964fd04eadbf95af92a8d6788f1e1a","messageTitle":"feat: automated text ui testing","messageBody":"","tags":["A-TextUiTesting"],"fileTypesAndContributionMap":{"txt":{"insertions":9,"deletions":0}}},{"hash":"71be14c04a64513c5f7c42364d051d2448075651","messageTitle":"feat: handle errors","messageBody":"","tags":["Level-5"],"fileTypesAndContributionMap":{"java":{"insertions":74,"deletions":63}}},{"hash":"e34eb16ee273680336fb3530b05afffb6f4c6e7e","messageTitle":"feat: delete","messageBody":"","tags":["Level-6"],"fileTypesAndContributionMap":{"txt":{"insertions":10,"deletions":5},"java":{"insertions":12,"deletions":5}}}]},{"date":"2022-01-27","commitResults":[{"hash":"e3c06d5e9a3eb6ba521631092113d2bb643fc123","messageTitle":"feat: save","messageBody":"","tags":["Level-7"],"fileTypesAndContributionMap":{"java":{"insertions":95,"deletions":3}}},{"hash":"8c134225a400c4c598938d99b762a53329ea0c84","messageTitle":"feat: date and time","messageBody":"","fileTypesAndContributionMap":{"java":{"insertions":12,"deletions":6}}}]},{"date":"2022-01-28","commitResults":[{"hash":"e3b87be042e4c8a2d40d710bd3da7f332675c29e","messageTitle":"fix: date and time","messageBody":"","fileTypesAndContributionMap":{"txt":{"insertions":2,"deletions":2},"java":{"insertions":26,"deletions":26}}},{"hash":"1b4c3c7bb1ee0ea5d1a713c893a047587693f546","messageTitle":"feat: use more OOP","messageBody":"","tags":["A-MoreOOP"],"fileTypesAndContributionMap":{"java":{"insertions":364,"deletions":146}}},{"hash":"449f1d8cb387a3ef05b895f191349e112fe39c26","messageTitle":"feat: organise into packages","messageBody":"","tags":["A-Packages"],"fileTypesAndContributionMap":{"java":{"insertions":105,"deletions":14}}},{"hash":"cd01ff427f39b9fc038ccbf72abbc307e031b28f","messageTitle":"feat: add junit tests","messageBody":"","tags":["A-Jar","A-JUnit"],"fileTypesAndContributionMap":{"java":{"insertions":50,"deletions":4}}},{"hash":"3900daf1cd8c3252f9c19c09c5f0f079350b6810","messageTitle":"feat: add javadoc comments","messageBody":"","tags":["A-JavaDoc"],"fileTypesAndContributionMap":{"java":{"insertions":264,"deletions":32}}},{"hash":"32c66868ec6e6c460b3d0f98e574310c0d429159","messageTitle":"fix: coding standard","messageBody":"","fileTypesAndContributionMap":{"java":{"insertions":32,"deletions":32}}},{"hash":"2bc14410430ba6092a5888464d9e3678f58ad50f","messageTitle":"feat: find","messageBody":"","fileTypesAndContributionMap":{"java":{"insertions":46,"deletions":2}}}]},{"date":"2022-02-04","commitResults":[{"hash":"e731eb302c2630a5e384603301fa7468674fab09","messageTitle":"refactor: Storage load method","messageBody":"","fileTypesAndContributionMap":{"java":{"insertions":3,"deletions":8},"bat":{"insertions":0,"deletions":21}}},{"hash":"a2bee8ebbf179cc9b74fa013a9311d95aaa84179","messageTitle":"fix: task list unable to print when there are no tasks","messageBody":"","fileTypesAndContributionMap":{"java":{"insertions":9,"deletions":3}}},{"hash":"c8a5ae675f84c10fb7a1e669db398f2cfb3949c4","messageTitle":"feat: set up gradle","messageBody":"","tags":["A-Gradle"],"fileTypesAndContributionMap":{"gradle":{"insertions":1,"deletions":1}}},{"hash":"a957ec5cbf38049e8f17553f5ce6bafa3e879bb2","messageTitle":"feat: use checkstyle","messageBody":"","tags":["A-CheckStyle"],"fileTypesAndContributionMap":{"java":{"insertions":160,"deletions":46}}}]},{"date":"2022-02-05","commitResults":[{"hash":"da341bf3d62648d90926eb8c47f6c0db5f5b5081","messageTitle":"feat: add GUI","messageBody":"","tags":["Level-10"],"fileTypesAndContributionMap":{"gradle":{"insertions":16,"deletions":1},"fxml":{"insertions":35,"deletions":0},"java":{"insertions":347,"deletions":197}}}]},{"date":"2022-02-07","commitResults":[{"hash":"d11249f33c549090096efb383fcf6960783cef5e","messageTitle":"feat: update styles","messageBody":"","fileTypesAndContributionMap":{"fxml":{"insertions":5,"deletions":5},"java":{"insertions":21,"deletions":13}}},{"hash":"fee2f19f4b368903cd84a821b42964c8d510ddf3","messageTitle":"refactor: file structure","messageBody":"","tags":["A-Jar2"],"fileTypesAndContributionMap":{"gradle":{"insertions":1,"deletions":1},"fxml":{"insertions":1,"deletions":1},"java":{"insertions":80,"deletions":54}}}]},{"date":"2022-02-08","commitResults":[{"hash":"78a58b77f6669c6673afa251a85b63dfbdd742ea","messageTitle":"refactor: improve code quality","messageBody":"","fileTypesAndContributionMap":{"fxml":{"insertions":18,"deletions":16},"java":{"insertions":32,"deletions":37}}},{"hash":"a2069b2f2cfa04f4ae7cc30429d376db5cbe7b79","messageTitle":"feat: use assertions","messageBody":"","fileTypesAndContributionMap":{"java":{"insertions":11,"deletions":9}}},{"hash":"451e245698f1c0e70afe6d1613bbb25eb43cbaef","messageTitle":"feat: add priority","messageBody":"There is no way to set priority levels for tasks.\n\nBeing able to set a priority level for each task will allow users to\nnote down which tasks are more urgent and therefore should be done first.\n\nLet\u0027s add the ability to set a priority level for each task by\nintegrating into the Task class an Priority enum with three values:\n* LOW\n* MEDIUM\n* HIGH\n\nUsing an enum is suitable because priority levels can be defined as a\nset of predefined values, and using it over, say, a range of integer\nvalues will also make the code easier to understand.\n\nRefer to this website for more information on enum:\nhttps://docs.oracle.com/javase/tutorial/java/javaOO/enum.html\n","tags":["A-FullCommitMessage"],"fileTypesAndContributionMap":{"fxml":{"insertions":0,"deletions":2},"java":{"insertions":293,"deletions":78}}}]},{"date":"2022-02-14","commitResults":[{"hash":"220fce8c7249ae231c24bd36d748c27d208eff5a","messageTitle":"feat: improve GUI","messageBody":"","fileTypesAndContributionMap":{"fxml":{"insertions":10,"deletions":9},"java":{"insertions":28,"deletions":22}}}]},{"date":"2022-02-15","commitResults":[{"hash":"deef1376630ec1d9f007c32fcf1ce88b584e12aa","messageTitle":"feat: add user guide","messageBody":"","fileTypesAndContributionMap":{"java":{"insertions":6,"deletions":6},"md":{"insertions":147,"deletions":13}}}]},{"date":"2022-02-18","commitResults":[{"hash":"01802924f0bb65a889c01692c302d67ec9bd6337","messageTitle":"feat: add user guide","messageBody":"","fileTypesAndContributionMap":{"md":{"insertions":87,"deletions":102}}}]}]},"authorFileTypeContributionMap":{"sheimoria":{"java":1419,"md":126,"fxml":36,"sh":0,"bat":0,"gradle":16,"txt":14}},"authorContributionVariance":{"sheimoria":50611.47},"authorDisplayNameMap":{"sheimoria":"CS2103T-W13-4 MALE..IMOS"}}
