[{"path":"src/main/java/AddCommand.java","fileType":"java","lines":[{"lineNumber":1,"author":{"gitId":"onefangg"},"content":"public class AddCommand extends Command {","lastModifiedDate":"2022-01-26"},{"lineNumber":2,"author":{"gitId":"onefangg"},"content":"    protected Task item;","lastModifiedDate":"2022-01-26"},{"lineNumber":3,"author":{"gitId":"onefangg"},"content":"","lastModifiedDate":"2022-01-26"},{"lineNumber":4,"author":{"gitId":"onefangg"},"content":"    public AddCommand(Task item) {","lastModifiedDate":"2022-01-26"},{"lineNumber":5,"author":{"gitId":"onefangg"},"content":"        this.item \u003d item;","lastModifiedDate":"2022-01-26"},{"lineNumber":6,"author":{"gitId":"onefangg"},"content":"    }","lastModifiedDate":"2022-01-26"},{"lineNumber":7,"author":{"gitId":"onefangg"},"content":"","lastModifiedDate":"2022-01-26"},{"lineNumber":8,"author":{"gitId":"onefangg"},"content":"    @Override","lastModifiedDate":"2022-01-26"},{"lineNumber":9,"author":{"gitId":"onefangg"},"content":"    public void execute(Ui ui, Storage storage) {","lastModifiedDate":"2022-01-26"},{"lineNumber":10,"author":{"gitId":"onefangg"},"content":"        storage.addTask(item);","lastModifiedDate":"2022-01-26"},{"lineNumber":11,"author":{"gitId":"onefangg"},"content":"        ui.displayUserInput(ui.formatCount(\"added\", item, storage.getTaskCount()));","lastModifiedDate":"2022-01-26"},{"lineNumber":12,"author":{"gitId":"onefangg"},"content":"","lastModifiedDate":"2022-01-26"},{"lineNumber":13,"author":{"gitId":"onefangg"},"content":"    }","lastModifiedDate":"2022-01-26"},{"lineNumber":14,"author":{"gitId":"onefangg"},"content":"}","lastModifiedDate":"2022-01-26"}],"authorContributionMap":{"onefangg":14}},{"path":"src/main/java/ByeCommand.java","fileType":"java","lines":[{"lineNumber":1,"author":{"gitId":"onefangg"},"content":"public class ByeCommand extends Command {","lastModifiedDate":"2022-01-26"},{"lineNumber":2,"author":{"gitId":"onefangg"},"content":"    public ByeCommand() {}","lastModifiedDate":"2022-01-26"},{"lineNumber":3,"author":{"gitId":"onefangg"},"content":"","lastModifiedDate":"2022-01-26"},{"lineNumber":4,"author":{"gitId":"onefangg"},"content":"    @Override","lastModifiedDate":"2022-01-26"},{"lineNumber":5,"author":{"gitId":"onefangg"},"content":"    public boolean isExit() {","lastModifiedDate":"2022-01-26"},{"lineNumber":6,"author":{"gitId":"onefangg"},"content":"        return true;","lastModifiedDate":"2022-01-26"},{"lineNumber":7,"author":{"gitId":"onefangg"},"content":"    }","lastModifiedDate":"2022-01-26"},{"lineNumber":8,"author":{"gitId":"onefangg"},"content":"","lastModifiedDate":"2022-01-26"},{"lineNumber":9,"author":{"gitId":"onefangg"},"content":"    @Override","lastModifiedDate":"2022-01-26"},{"lineNumber":10,"author":{"gitId":"onefangg"},"content":"    public void execute(Ui ui, Storage storage) {","lastModifiedDate":"2022-01-26"},{"lineNumber":11,"author":{"gitId":"onefangg"},"content":"        ui.showGoodbye();","lastModifiedDate":"2022-01-26"},{"lineNumber":12,"author":{"gitId":"onefangg"},"content":"    }","lastModifiedDate":"2022-01-26"},{"lineNumber":13,"author":{"gitId":"onefangg"},"content":"","lastModifiedDate":"2022-01-26"},{"lineNumber":14,"author":{"gitId":"onefangg"},"content":"}","lastModifiedDate":"2022-01-26"}],"authorContributionMap":{"onefangg":14}},{"path":"src/main/java/Command.java","fileType":"java","lines":[{"lineNumber":1,"author":{"gitId":"onefangg"},"content":"public abstract class Command {","lastModifiedDate":"2022-01-26"},{"lineNumber":2,"author":{"gitId":"onefangg"},"content":"    public Command() {","lastModifiedDate":"2022-01-26"},{"lineNumber":3,"author":{"gitId":"onefangg"},"content":"    }","lastModifiedDate":"2022-01-22"},{"lineNumber":4,"author":{"gitId":"onefangg"},"content":"","lastModifiedDate":"2022-01-23"},{"lineNumber":5,"author":{"gitId":"onefangg"},"content":"    public boolean isExit() {","lastModifiedDate":"2022-01-26"},{"lineNumber":6,"author":{"gitId":"onefangg"},"content":"        return false;","lastModifiedDate":"2022-01-26"},{"lineNumber":7,"author":{"gitId":"onefangg"},"content":"    }","lastModifiedDate":"2022-01-23"},{"lineNumber":8,"author":{"gitId":"onefangg"},"content":"    public abstract void execute(Ui ui, Storage storage) throws KarenException;","lastModifiedDate":"2022-01-26"},{"lineNumber":9,"author":{"gitId":"onefangg"},"content":"}","lastModifiedDate":"2022-01-22"}],"authorContributionMap":{"onefangg":9}},{"path":"src/main/java/Deadline.java","fileType":"java","lines":[{"lineNumber":1,"author":{"gitId":"onefangg"},"content":"import java.time.LocalDate;","lastModifiedDate":"2022-01-23"},{"lineNumber":2,"author":{"gitId":"onefangg"},"content":"import java.time.format.DateTimeFormatter;","lastModifiedDate":"2022-01-23"},{"lineNumber":3,"author":{"gitId":"onefangg"},"content":"","lastModifiedDate":"2022-01-23"},{"lineNumber":4,"author":{"gitId":"onefangg"},"content":"public class Deadline extends Task{","lastModifiedDate":"2022-01-17"},{"lineNumber":5,"author":{"gitId":"onefangg"},"content":"    protected LocalDate by;","lastModifiedDate":"2022-01-23"},{"lineNumber":6,"author":{"gitId":"onefangg"},"content":"    public Deadline(String description, String by) {","lastModifiedDate":"2022-01-17"},{"lineNumber":7,"author":{"gitId":"onefangg"},"content":"        super(description);","lastModifiedDate":"2022-01-17"},{"lineNumber":8,"author":{"gitId":"onefangg"},"content":"        this.by \u003d this.parseDate(by);","lastModifiedDate":"2022-01-23"},{"lineNumber":9,"author":{"gitId":"onefangg"},"content":"    }","lastModifiedDate":"2022-01-17"},{"lineNumber":10,"author":{"gitId":"onefangg"},"content":"","lastModifiedDate":"2022-01-17"},{"lineNumber":11,"author":{"gitId":"onefangg"},"content":"    @Override","lastModifiedDate":"2022-01-23"},{"lineNumber":12,"author":{"gitId":"onefangg"},"content":"    public String toSaveData() {","lastModifiedDate":"2022-01-23"},{"lineNumber":13,"author":{"gitId":"onefangg"},"content":"        return String.format(\"D|%s|%s|%s\", this.done, this.description, this.by);","lastModifiedDate":"2022-01-23"},{"lineNumber":14,"author":{"gitId":"onefangg"},"content":"    }","lastModifiedDate":"2022-01-23"},{"lineNumber":15,"author":{"gitId":"onefangg"},"content":"","lastModifiedDate":"2022-01-23"},{"lineNumber":16,"author":{"gitId":"onefangg"},"content":"    @Override","lastModifiedDate":"2022-01-17"},{"lineNumber":17,"author":{"gitId":"onefangg"},"content":"    public String toString() {","lastModifiedDate":"2022-01-17"},{"lineNumber":18,"author":{"gitId":"onefangg"},"content":"        return \"[D]\" + super.toString() + \" (by: \" + this.by.format(DateTimeFormatter.ofPattern(\"d MMM yyyy\")) + \")\";","lastModifiedDate":"2022-01-23"},{"lineNumber":19,"author":{"gitId":"onefangg"},"content":"    }","lastModifiedDate":"2022-01-17"},{"lineNumber":20,"author":{"gitId":"onefangg"},"content":"}","lastModifiedDate":"2022-01-17"}],"authorContributionMap":{"onefangg":20}},{"path":"src/main/java/DeleteCommand.java","fileType":"java","lines":[{"lineNumber":1,"author":{"gitId":"onefangg"},"content":"public class DeleteCommand extends Command {","lastModifiedDate":"2022-01-26"},{"lineNumber":2,"author":{"gitId":"onefangg"},"content":"    private int taskIndex;","lastModifiedDate":"2022-01-26"},{"lineNumber":3,"author":{"gitId":"onefangg"},"content":"","lastModifiedDate":"2022-01-26"},{"lineNumber":4,"author":{"gitId":"onefangg"},"content":"    public DeleteCommand(int taskIndex) {","lastModifiedDate":"2022-01-26"},{"lineNumber":5,"author":{"gitId":"onefangg"},"content":"        this.taskIndex \u003d taskIndex;","lastModifiedDate":"2022-01-26"},{"lineNumber":6,"author":{"gitId":"onefangg"},"content":"    }","lastModifiedDate":"2022-01-26"},{"lineNumber":7,"author":{"gitId":"onefangg"},"content":"","lastModifiedDate":"2022-01-26"},{"lineNumber":8,"author":{"gitId":"onefangg"},"content":"    @Override","lastModifiedDate":"2022-01-26"},{"lineNumber":9,"author":{"gitId":"onefangg"},"content":"    public void execute(Ui ui, Storage storage) throws KarenException{","lastModifiedDate":"2022-01-26"},{"lineNumber":10,"author":{"gitId":"onefangg"},"content":"        try {","lastModifiedDate":"2022-01-26"},{"lineNumber":11,"author":{"gitId":"onefangg"},"content":"            Task item \u003d storage.getTask(this.taskIndex);","lastModifiedDate":"2022-01-26"},{"lineNumber":12,"author":{"gitId":"onefangg"},"content":"            storage.deleteTask(this.taskIndex);","lastModifiedDate":"2022-01-26"},{"lineNumber":13,"author":{"gitId":"onefangg"},"content":"            ui.displayUserInput(ui.formatCount(\"removed\", item, storage.getTaskCount()));","lastModifiedDate":"2022-01-26"},{"lineNumber":14,"author":{"gitId":"onefangg"},"content":"        } catch (IndexOutOfBoundsException err) {","lastModifiedDate":"2022-01-26"},{"lineNumber":15,"author":{"gitId":"onefangg"},"content":"            throw new KarenException(","lastModifiedDate":"2022-01-26"},{"lineNumber":16,"author":{"gitId":"onefangg"},"content":"                    String.format(\"Are you sure that [%d] is even in the \u0027list\u0027 command?\", this.taskIndex+1));","lastModifiedDate":"2022-01-26"},{"lineNumber":17,"author":{"gitId":"onefangg"},"content":"        }","lastModifiedDate":"2022-01-26"},{"lineNumber":18,"author":{"gitId":"onefangg"},"content":"","lastModifiedDate":"2022-01-26"},{"lineNumber":19,"author":{"gitId":"onefangg"},"content":"    }","lastModifiedDate":"2022-01-26"},{"lineNumber":20,"author":{"gitId":"onefangg"},"content":"}","lastModifiedDate":"2022-01-26"}],"authorContributionMap":{"onefangg":20}},{"path":"src/main/java/Event.java","fileType":"java","lines":[{"lineNumber":1,"author":{"gitId":"onefangg"},"content":"import java.time.LocalDate;","lastModifiedDate":"2022-01-23"},{"lineNumber":2,"author":{"gitId":"onefangg"},"content":"import java.time.format.DateTimeFormatter;","lastModifiedDate":"2022-01-23"},{"lineNumber":3,"author":{"gitId":"onefangg"},"content":"","lastModifiedDate":"2022-01-23"},{"lineNumber":4,"author":{"gitId":"onefangg"},"content":"public class Event extends Task{","lastModifiedDate":"2022-01-17"},{"lineNumber":5,"author":{"gitId":"onefangg"},"content":"    protected LocalDate at;","lastModifiedDate":"2022-01-23"},{"lineNumber":6,"author":{"gitId":"onefangg"},"content":"","lastModifiedDate":"2022-01-17"},{"lineNumber":7,"author":{"gitId":"onefangg"},"content":"    public Event(String description, String at) {","lastModifiedDate":"2022-01-17"},{"lineNumber":8,"author":{"gitId":"onefangg"},"content":"        super(description);","lastModifiedDate":"2022-01-17"},{"lineNumber":9,"author":{"gitId":"onefangg"},"content":"        this.at \u003d this.parseDate(at);","lastModifiedDate":"2022-01-23"},{"lineNumber":10,"author":{"gitId":"onefangg"},"content":"    }","lastModifiedDate":"2022-01-17"},{"lineNumber":11,"author":{"gitId":"onefangg"},"content":"","lastModifiedDate":"2022-01-17"},{"lineNumber":12,"author":{"gitId":"onefangg"},"content":"    @Override","lastModifiedDate":"2022-01-23"},{"lineNumber":13,"author":{"gitId":"onefangg"},"content":"    public String toSaveData() {","lastModifiedDate":"2022-01-23"},{"lineNumber":14,"author":{"gitId":"onefangg"},"content":"        return String.format(\"E|%s|%s|%s\", this.done, this.description, this.at);","lastModifiedDate":"2022-01-23"},{"lineNumber":15,"author":{"gitId":"onefangg"},"content":"    }","lastModifiedDate":"2022-01-23"},{"lineNumber":16,"author":{"gitId":"onefangg"},"content":"","lastModifiedDate":"2022-01-23"},{"lineNumber":17,"author":{"gitId":"onefangg"},"content":"    @Override","lastModifiedDate":"2022-01-17"},{"lineNumber":18,"author":{"gitId":"onefangg"},"content":"    public String toString() {","lastModifiedDate":"2022-01-17"},{"lineNumber":19,"author":{"gitId":"onefangg"},"content":"        return \"[E]\" + super.toString() + \" (at: \" + this.at.format(DateTimeFormatter.ofPattern(\"d MMM yyyy\")) + \")\";","lastModifiedDate":"2022-01-23"},{"lineNumber":20,"author":{"gitId":"onefangg"},"content":"    }","lastModifiedDate":"2022-01-17"},{"lineNumber":21,"author":{"gitId":"onefangg"},"content":"}","lastModifiedDate":"2022-01-17"}],"authorContributionMap":{"onefangg":21}},{"path":"src/main/java/InvalidCommand.java","fileType":"java","lines":[{"lineNumber":1,"author":{"gitId":"onefangg"},"content":"public class InvalidCommand extends Command {","lastModifiedDate":"2022-01-26"},{"lineNumber":2,"author":{"gitId":"onefangg"},"content":"    public static final String DEFAULT_MESSAGE \u003d \"I don\u0027t understand anything - I want to speak with your manager\";","lastModifiedDate":"2022-01-26"},{"lineNumber":3,"author":{"gitId":"onefangg"},"content":"    protected String message;","lastModifiedDate":"2022-01-26"},{"lineNumber":4,"author":{"gitId":"onefangg"},"content":"","lastModifiedDate":"2022-01-26"},{"lineNumber":5,"author":{"gitId":"onefangg"},"content":"    public InvalidCommand(String message) {","lastModifiedDate":"2022-01-26"},{"lineNumber":6,"author":{"gitId":"onefangg"},"content":"        this.message \u003d message;","lastModifiedDate":"2022-01-26"},{"lineNumber":7,"author":{"gitId":"onefangg"},"content":"    }","lastModifiedDate":"2022-01-26"},{"lineNumber":8,"author":{"gitId":"onefangg"},"content":"","lastModifiedDate":"2022-01-26"},{"lineNumber":9,"author":{"gitId":"onefangg"},"content":"    public InvalidCommand() {","lastModifiedDate":"2022-01-26"},{"lineNumber":10,"author":{"gitId":"onefangg"},"content":"        this.message \u003d DEFAULT_MESSAGE;","lastModifiedDate":"2022-01-26"},{"lineNumber":11,"author":{"gitId":"onefangg"},"content":"    }","lastModifiedDate":"2022-01-26"},{"lineNumber":12,"author":{"gitId":"onefangg"},"content":"","lastModifiedDate":"2022-01-26"},{"lineNumber":13,"author":{"gitId":"onefangg"},"content":"    @Override","lastModifiedDate":"2022-01-26"},{"lineNumber":14,"author":{"gitId":"onefangg"},"content":"    public void execute(Ui ui, Storage storage) throws KarenException {","lastModifiedDate":"2022-01-26"},{"lineNumber":15,"author":{"gitId":"onefangg"},"content":"        throw new KarenException(this.message);","lastModifiedDate":"2022-01-26"},{"lineNumber":16,"author":{"gitId":"onefangg"},"content":"    }","lastModifiedDate":"2022-01-26"},{"lineNumber":17,"author":{"gitId":"onefangg"},"content":"}","lastModifiedDate":"2022-01-26"}],"authorContributionMap":{"onefangg":17}},{"path":"src/main/java/Karen.java","fileType":"java","lines":[{"lineNumber":1,"author":{"gitId":"onefangg"},"content":"public class Karen {","lastModifiedDate":"2022-01-17"},{"lineNumber":2,"author":{"gitId":"onefangg"},"content":"    public Karen() {}","lastModifiedDate":"2022-01-26"},{"lineNumber":3,"author":{"gitId":"onefangg"},"content":"","lastModifiedDate":"2022-01-23"},{"lineNumber":4,"author":{"gitId":"onefangg"},"content":"    public static void main(String[] args) {","lastModifiedDate":"2022-01-26"},{"lineNumber":5,"author":{"gitId":"onefangg"},"content":"        Ui ui \u003d new Ui();","lastModifiedDate":"2022-01-26"},{"lineNumber":6,"author":{"gitId":"onefangg"},"content":"        Parser parser \u003d new Parser();","lastModifiedDate":"2022-01-26"},{"lineNumber":7,"author":{"gitId":"onefangg"},"content":"        Storage storage \u003d new Storage(ui);","lastModifiedDate":"2022-01-26"},{"lineNumber":8,"author":{"gitId":"onefangg"},"content":"        boolean isExit \u003d false;","lastModifiedDate":"2022-01-26"},{"lineNumber":9,"author":{"gitId":"onefangg"},"content":"","lastModifiedDate":"2022-01-22"},{"lineNumber":10,"author":{"gitId":"onefangg"},"content":"        ui.showWelcome();","lastModifiedDate":"2022-01-26"},{"lineNumber":11,"author":{"gitId":"onefangg"},"content":"        while (!isExit) {","lastModifiedDate":"2022-01-26"},{"lineNumber":12,"author":{"gitId":"onefangg"},"content":"            try {","lastModifiedDate":"2022-01-22"},{"lineNumber":13,"author":{"gitId":"onefangg"},"content":"                String fullInput \u003d ui.readInput();","lastModifiedDate":"2022-01-26"},{"lineNumber":14,"author":{"gitId":"onefangg"},"content":"                Command cmd \u003d parser.parseInput(fullInput);","lastModifiedDate":"2022-01-26"},{"lineNumber":15,"author":{"gitId":"onefangg"},"content":"                cmd.execute(ui, storage);","lastModifiedDate":"2022-01-26"},{"lineNumber":16,"author":{"gitId":"onefangg"},"content":"                isExit \u003d cmd.isExit();","lastModifiedDate":"2022-01-26"},{"lineNumber":17,"author":{"gitId":"onefangg"},"content":"            } catch (KarenException err) {","lastModifiedDate":"2022-01-22"},{"lineNumber":18,"author":{"gitId":"onefangg"},"content":"                ui.displayUserInput(err.msg);","lastModifiedDate":"2022-01-26"},{"lineNumber":19,"author":{"gitId":"onefangg"},"content":"            }","lastModifiedDate":"2022-01-22"},{"lineNumber":20,"author":{"gitId":"onefangg"},"content":"        }","lastModifiedDate":"2022-01-22"},{"lineNumber":21,"author":{"gitId":"onefangg"},"content":"","lastModifiedDate":"2022-01-17"},{"lineNumber":22,"author":{"gitId":"onefangg"},"content":"        // clean up tasks","lastModifiedDate":"2022-01-26"},{"lineNumber":23,"author":{"gitId":"onefangg"},"content":"        if (isExit) {","lastModifiedDate":"2022-01-26"},{"lineNumber":24,"author":{"gitId":"onefangg"},"content":"            storage.saveTasks();","lastModifiedDate":"2022-01-26"},{"lineNumber":25,"author":{"gitId":"onefangg"},"content":"        }","lastModifiedDate":"2022-01-17"},{"lineNumber":26,"author":{"gitId":"onefangg"},"content":"","lastModifiedDate":"2022-01-26"},{"lineNumber":27,"author":{"gitId":"onefangg"},"content":"    }","lastModifiedDate":"2022-01-17"},{"lineNumber":28,"author":{"gitId":"onefangg"},"content":"}","lastModifiedDate":"2022-01-17"}],"authorContributionMap":{"onefangg":28}},{"path":"src/main/java/KarenException.java","fileType":"java","lines":[{"lineNumber":1,"author":{"gitId":"onefangg"},"content":"public class KarenException extends Exception {","lastModifiedDate":"2022-01-19"},{"lineNumber":2,"author":{"gitId":"onefangg"},"content":"    String msg;","lastModifiedDate":"2022-01-19"},{"lineNumber":3,"author":{"gitId":"onefangg"},"content":"","lastModifiedDate":"2022-01-19"},{"lineNumber":4,"author":{"gitId":"onefangg"},"content":"    public KarenException(String msg) {","lastModifiedDate":"2022-01-19"},{"lineNumber":5,"author":{"gitId":"onefangg"},"content":"        super(msg);","lastModifiedDate":"2022-01-19"},{"lineNumber":6,"author":{"gitId":"onefangg"},"content":"        this.msg \u003d msg;","lastModifiedDate":"2022-01-19"},{"lineNumber":7,"author":{"gitId":"onefangg"},"content":"    }","lastModifiedDate":"2022-01-19"},{"lineNumber":8,"author":{"gitId":"onefangg"},"content":"","lastModifiedDate":"2022-01-19"},{"lineNumber":9,"author":{"gitId":"onefangg"},"content":"    @Override","lastModifiedDate":"2022-01-19"},{"lineNumber":10,"author":{"gitId":"onefangg"},"content":"    public String toString() {","lastModifiedDate":"2022-01-19"},{"lineNumber":11,"author":{"gitId":"onefangg"},"content":"        return this.msg;","lastModifiedDate":"2022-01-19"},{"lineNumber":12,"author":{"gitId":"onefangg"},"content":"    }","lastModifiedDate":"2022-01-19"},{"lineNumber":13,"author":{"gitId":"onefangg"},"content":"}","lastModifiedDate":"2022-01-19"}],"authorContributionMap":{"onefangg":13}},{"path":"src/main/java/ListCommand.java","fileType":"java","lines":[{"lineNumber":1,"author":{"gitId":"onefangg"},"content":"public class ListCommand extends Command {","lastModifiedDate":"2022-01-26"},{"lineNumber":2,"author":{"gitId":"onefangg"},"content":"","lastModifiedDate":"2022-01-26"},{"lineNumber":3,"author":{"gitId":"onefangg"},"content":"    public ListCommand() {","lastModifiedDate":"2022-01-26"},{"lineNumber":4,"author":{"gitId":"onefangg"},"content":"    }","lastModifiedDate":"2022-01-26"},{"lineNumber":5,"author":{"gitId":"onefangg"},"content":"","lastModifiedDate":"2022-01-26"},{"lineNumber":6,"author":{"gitId":"onefangg"},"content":"    @Override","lastModifiedDate":"2022-01-26"},{"lineNumber":7,"author":{"gitId":"onefangg"},"content":"    public void execute(Ui ui, Storage storage) {","lastModifiedDate":"2022-01-26"},{"lineNumber":8,"author":{"gitId":"onefangg"},"content":"        ui.displayTaskList(storage.getTaskList());","lastModifiedDate":"2022-01-26"},{"lineNumber":9,"author":{"gitId":"onefangg"},"content":"    }","lastModifiedDate":"2022-01-26"},{"lineNumber":10,"author":{"gitId":"onefangg"},"content":"}","lastModifiedDate":"2022-01-26"}],"authorContributionMap":{"onefangg":10}},{"path":"src/main/java/ModifyCommand.java","fileType":"java","lines":[{"lineNumber":1,"author":{"gitId":"onefangg"},"content":"public class ModifyCommand extends Command {","lastModifiedDate":"2022-01-26"},{"lineNumber":2,"author":{"gitId":"onefangg"},"content":"    public static final String DONE_FORMAT \u003d \"This task is finally done:\\n  %s\";","lastModifiedDate":"2022-01-26"},{"lineNumber":3,"author":{"gitId":"onefangg"},"content":"    public static final String UNDONE_FORMAT \u003d \"This task is now incomplete - unacceptable:\\n  %s\";","lastModifiedDate":"2022-01-26"},{"lineNumber":4,"author":{"gitId":"onefangg"},"content":"    protected ModifyType modifyAction;","lastModifiedDate":"2022-01-26"},{"lineNumber":5,"author":{"gitId":"onefangg"},"content":"    private int taskIndex;","lastModifiedDate":"2022-01-26"},{"lineNumber":6,"author":{"gitId":"onefangg"},"content":"","lastModifiedDate":"2022-01-26"},{"lineNumber":7,"author":{"gitId":"onefangg"},"content":"    public ModifyCommand (int taskIndex, ModifyType modifyAction) {","lastModifiedDate":"2022-01-26"},{"lineNumber":8,"author":{"gitId":"onefangg"},"content":"        this.taskIndex \u003d taskIndex;","lastModifiedDate":"2022-01-26"},{"lineNumber":9,"author":{"gitId":"onefangg"},"content":"        this.modifyAction \u003d modifyAction;","lastModifiedDate":"2022-01-26"},{"lineNumber":10,"author":{"gitId":"onefangg"},"content":"    }","lastModifiedDate":"2022-01-26"},{"lineNumber":11,"author":{"gitId":"onefangg"},"content":"","lastModifiedDate":"2022-01-26"},{"lineNumber":12,"author":{"gitId":"onefangg"},"content":"    @Override","lastModifiedDate":"2022-01-26"},{"lineNumber":13,"author":{"gitId":"onefangg"},"content":"    public void execute(Ui ui, Storage storage) throws KarenException {","lastModifiedDate":"2022-01-26"},{"lineNumber":14,"author":{"gitId":"onefangg"},"content":"        try {","lastModifiedDate":"2022-01-26"},{"lineNumber":15,"author":{"gitId":"onefangg"},"content":"            Task getTask \u003d storage.getTask(this.taskIndex);","lastModifiedDate":"2022-01-26"},{"lineNumber":16,"author":{"gitId":"onefangg"},"content":"            switch (this.modifyAction) {","lastModifiedDate":"2022-01-26"},{"lineNumber":17,"author":{"gitId":"onefangg"},"content":"                case MARK:","lastModifiedDate":"2022-01-26"},{"lineNumber":18,"author":{"gitId":"onefangg"},"content":"                    getTask.markDone();","lastModifiedDate":"2022-01-26"},{"lineNumber":19,"author":{"gitId":"onefangg"},"content":"                    ui.displayUserInput(String.format(DONE_FORMAT, getTask.toString()));","lastModifiedDate":"2022-01-26"},{"lineNumber":20,"author":{"gitId":"onefangg"},"content":"                    break;","lastModifiedDate":"2022-01-26"},{"lineNumber":21,"author":{"gitId":"onefangg"},"content":"                case UNMARK:","lastModifiedDate":"2022-01-26"},{"lineNumber":22,"author":{"gitId":"onefangg"},"content":"                    getTask.markUndone();","lastModifiedDate":"2022-01-26"},{"lineNumber":23,"author":{"gitId":"onefangg"},"content":"                    ui.displayUserInput(String.format(UNDONE_FORMAT, getTask.toString()));","lastModifiedDate":"2022-01-26"},{"lineNumber":24,"author":{"gitId":"onefangg"},"content":"                    break;","lastModifiedDate":"2022-01-26"},{"lineNumber":25,"author":{"gitId":"onefangg"},"content":"            }","lastModifiedDate":"2022-01-26"},{"lineNumber":26,"author":{"gitId":"onefangg"},"content":"        } catch (IndexOutOfBoundsException err) {","lastModifiedDate":"2022-01-26"},{"lineNumber":27,"author":{"gitId":"onefangg"},"content":"            throw new KarenException(String.format(\"Are you sure that [%d] is even in the \u0027list\u0027 command?\", this.taskIndex+1));","lastModifiedDate":"2022-01-26"},{"lineNumber":28,"author":{"gitId":"onefangg"},"content":"        }","lastModifiedDate":"2022-01-26"},{"lineNumber":29,"author":{"gitId":"onefangg"},"content":"","lastModifiedDate":"2022-01-26"},{"lineNumber":30,"author":{"gitId":"onefangg"},"content":"","lastModifiedDate":"2022-01-26"},{"lineNumber":31,"author":{"gitId":"onefangg"},"content":"","lastModifiedDate":"2022-01-26"},{"lineNumber":32,"author":{"gitId":"onefangg"},"content":"    }","lastModifiedDate":"2022-01-26"},{"lineNumber":33,"author":{"gitId":"onefangg"},"content":"}","lastModifiedDate":"2022-01-26"}],"authorContributionMap":{"onefangg":33}},{"path":"src/main/java/ModifyType.java","fileType":"java","lines":[{"lineNumber":1,"author":{"gitId":"onefangg"},"content":"public enum ModifyType {","lastModifiedDate":"2022-01-26"},{"lineNumber":2,"author":{"gitId":"onefangg"},"content":"    MARK,","lastModifiedDate":"2022-01-26"},{"lineNumber":3,"author":{"gitId":"onefangg"},"content":"    UNMARK","lastModifiedDate":"2022-01-26"},{"lineNumber":4,"author":{"gitId":"onefangg"},"content":"}","lastModifiedDate":"2022-01-26"}],"authorContributionMap":{"onefangg":4}},{"path":"src/main/java/Parser.java","fileType":"java","lines":[{"lineNumber":1,"author":{"gitId":"onefangg"},"content":"import java.time.DateTimeException;","lastModifiedDate":"2022-01-26"},{"lineNumber":2,"author":{"gitId":"onefangg"},"content":"import java.time.LocalDate;","lastModifiedDate":"2022-01-26"},{"lineNumber":3,"author":{"gitId":"onefangg"},"content":"import java.util.regex.Matcher;","lastModifiedDate":"2022-01-26"},{"lineNumber":4,"author":{"gitId":"onefangg"},"content":"import java.util.regex.Pattern;","lastModifiedDate":"2022-01-26"},{"lineNumber":5,"author":{"gitId":"onefangg"},"content":"","lastModifiedDate":"2022-01-26"},{"lineNumber":6,"author":{"gitId":"onefangg"},"content":"public class Parser {","lastModifiedDate":"2022-01-26"},{"lineNumber":7,"author":{"gitId":"onefangg"},"content":"    public static final Pattern INDEX_FORMAT \u003d Pattern.compile(\"^(?\u003ckeyWord\u003e[^\\\\s]+)\\\\s+(?\u003cindex\u003e\\\\d+)$\");","lastModifiedDate":"2022-01-26"},{"lineNumber":8,"author":{"gitId":"onefangg"},"content":"    public static final Pattern KEYWORD_FORMAT \u003d Pattern.compile(\"^(?\u003ckeyWord\u003e[^\\\\s]+).*$\");","lastModifiedDate":"2022-01-26"},{"lineNumber":9,"author":{"gitId":"onefangg"},"content":"    public static final Pattern TODO_FORMAT \u003d Pattern.compile(\"^todo\\\\s+(?\u003cdescription\u003e.*)$\");","lastModifiedDate":"2022-01-26"},{"lineNumber":10,"author":{"gitId":"onefangg"},"content":"    public static final Pattern DEADLINE_FORMAT \u003d","lastModifiedDate":"2022-01-26"},{"lineNumber":11,"author":{"gitId":"onefangg"},"content":"      Pattern.compile(\"^deadline (?\u003cdescription\u003e.*) \\\\/by (?\u003ctime\u003e.*)$\");","lastModifiedDate":"2022-01-26"},{"lineNumber":12,"author":{"gitId":"onefangg"},"content":"    public static final Pattern EVENT_FORMAT \u003d","lastModifiedDate":"2022-01-26"},{"lineNumber":13,"author":{"gitId":"onefangg"},"content":"      Pattern.compile(\"^event (?\u003cdescription\u003e.*) \\\\/at (?\u003ctime\u003e.*)$\");","lastModifiedDate":"2022-01-26"},{"lineNumber":14,"author":{"gitId":"onefangg"},"content":"","lastModifiedDate":"2022-01-26"},{"lineNumber":15,"author":{"gitId":"onefangg"},"content":"    public static final String NA_MESSAGE \u003d \"I don\u0027t understand anything - I want to speak with your manager\";","lastModifiedDate":"2022-01-26"},{"lineNumber":16,"author":{"gitId":"onefangg"},"content":"","lastModifiedDate":"2022-01-26"},{"lineNumber":17,"author":{"gitId":"onefangg"},"content":"","lastModifiedDate":"2022-01-26"},{"lineNumber":18,"author":{"gitId":"onefangg"},"content":"    private String validateDateFormat(String dateString) throws KarenException {","lastModifiedDate":"2022-01-26"},{"lineNumber":19,"author":{"gitId":"onefangg"},"content":"        try {","lastModifiedDate":"2022-01-26"},{"lineNumber":20,"author":{"gitId":"onefangg"},"content":"            LocalDate.parse(dateString);","lastModifiedDate":"2022-01-26"},{"lineNumber":21,"author":{"gitId":"onefangg"},"content":"        } catch (DateTimeException err) {","lastModifiedDate":"2022-01-26"},{"lineNumber":22,"author":{"gitId":"onefangg"},"content":"            throw new KarenException(\"Wrong date formatting. It should be in yyyy-mm-dd\");","lastModifiedDate":"2022-01-26"},{"lineNumber":23,"author":{"gitId":"onefangg"},"content":"        }","lastModifiedDate":"2022-01-26"},{"lineNumber":24,"author":{"gitId":"onefangg"},"content":"        return dateString;","lastModifiedDate":"2022-01-26"},{"lineNumber":25,"author":{"gitId":"onefangg"},"content":"    }","lastModifiedDate":"2022-01-26"},{"lineNumber":26,"author":{"gitId":"onefangg"},"content":"","lastModifiedDate":"2022-01-26"},{"lineNumber":27,"author":{"gitId":"onefangg"},"content":"    private Command prepareInvalid(String keyWord, String fullInput) {","lastModifiedDate":"2022-01-26"},{"lineNumber":28,"author":{"gitId":"onefangg"},"content":"        Command cmd \u003d new InvalidCommand();","lastModifiedDate":"2022-01-26"},{"lineNumber":29,"author":{"gitId":"onefangg"},"content":"","lastModifiedDate":"2022-01-26"},{"lineNumber":30,"author":{"gitId":"onefangg"},"content":"        switch (keyWord) {","lastModifiedDate":"2022-01-26"},{"lineNumber":31,"author":{"gitId":"onefangg"},"content":"            case \"deadline\":","lastModifiedDate":"2022-01-26"},{"lineNumber":32,"author":{"gitId":"onefangg"},"content":"                if (fullInput.matches(\"^((?!\\\\/by).)*$\")) {","lastModifiedDate":"2022-01-26"},{"lineNumber":33,"author":{"gitId":"onefangg"},"content":"                    cmd \u003d new InvalidCommand(\"You\u0027re missing an /by flag needed to add deadlines\");","lastModifiedDate":"2022-01-26"},{"lineNumber":34,"author":{"gitId":"onefangg"},"content":"                }","lastModifiedDate":"2022-01-26"},{"lineNumber":35,"author":{"gitId":"onefangg"},"content":"                break;","lastModifiedDate":"2022-01-26"},{"lineNumber":36,"author":{"gitId":"onefangg"},"content":"            case \"event\":","lastModifiedDate":"2022-01-26"},{"lineNumber":37,"author":{"gitId":"onefangg"},"content":"                if (fullInput.matches(\"^((?!\\\\/at).)*$\")) {","lastModifiedDate":"2022-01-26"},{"lineNumber":38,"author":{"gitId":"onefangg"},"content":"                    cmd \u003d new InvalidCommand(\"You\u0027re missing an /at flag needed to add events\");","lastModifiedDate":"2022-01-26"},{"lineNumber":39,"author":{"gitId":"onefangg"},"content":"                }","lastModifiedDate":"2022-01-26"},{"lineNumber":40,"author":{"gitId":"onefangg"},"content":"        }","lastModifiedDate":"2022-01-26"},{"lineNumber":41,"author":{"gitId":"onefangg"},"content":"        return cmd;","lastModifiedDate":"2022-01-26"},{"lineNumber":42,"author":{"gitId":"onefangg"},"content":"    }","lastModifiedDate":"2022-01-26"},{"lineNumber":43,"author":{"gitId":"onefangg"},"content":"","lastModifiedDate":"2022-01-26"},{"lineNumber":44,"author":{"gitId":"onefangg"},"content":"    private Command prepareAdd(String keyWord, String fullInput) {","lastModifiedDate":"2022-01-26"},{"lineNumber":45,"author":{"gitId":"onefangg"},"content":"        final Matcher matcher;","lastModifiedDate":"2022-01-26"},{"lineNumber":46,"author":{"gitId":"onefangg"},"content":"        try {","lastModifiedDate":"2022-01-26"},{"lineNumber":47,"author":{"gitId":"onefangg"},"content":"            if (keyWord.equals(\"todo\")) {","lastModifiedDate":"2022-01-26"},{"lineNumber":48,"author":{"gitId":"onefangg"},"content":"                matcher \u003d TODO_FORMAT.matcher(fullInput);","lastModifiedDate":"2022-01-26"},{"lineNumber":49,"author":{"gitId":"onefangg"},"content":"                matcher.find();","lastModifiedDate":"2022-01-26"},{"lineNumber":50,"author":{"gitId":"onefangg"},"content":"                return new AddCommand(new ToDo(matcher.group(\"description\")));","lastModifiedDate":"2022-01-26"},{"lineNumber":51,"author":{"gitId":"onefangg"},"content":"            } else if (keyWord.equals(\"deadline\")) {","lastModifiedDate":"2022-01-26"},{"lineNumber":52,"author":{"gitId":"onefangg"},"content":"                matcher \u003d DEADLINE_FORMAT.matcher(fullInput);","lastModifiedDate":"2022-01-26"},{"lineNumber":53,"author":{"gitId":"onefangg"},"content":"                matcher.find();","lastModifiedDate":"2022-01-26"},{"lineNumber":54,"author":{"gitId":"onefangg"},"content":"                return new AddCommand(new Deadline(matcher.group(\"description\"),","lastModifiedDate":"2022-01-26"},{"lineNumber":55,"author":{"gitId":"onefangg"},"content":"                        validateDateFormat(matcher.group(\"time\"))));","lastModifiedDate":"2022-01-26"},{"lineNumber":56,"author":{"gitId":"onefangg"},"content":"            } else if (keyWord.equals(\"event\")) {","lastModifiedDate":"2022-01-26"},{"lineNumber":57,"author":{"gitId":"onefangg"},"content":"                matcher \u003d EVENT_FORMAT.matcher(fullInput);","lastModifiedDate":"2022-01-26"},{"lineNumber":58,"author":{"gitId":"onefangg"},"content":"                matcher.find();","lastModifiedDate":"2022-01-26"},{"lineNumber":59,"author":{"gitId":"onefangg"},"content":"                return new AddCommand(new Event(matcher.group(\"description\"),","lastModifiedDate":"2022-01-26"},{"lineNumber":60,"author":{"gitId":"onefangg"},"content":"                        validateDateFormat(matcher.group(\"time\"))));","lastModifiedDate":"2022-01-26"},{"lineNumber":61,"author":{"gitId":"onefangg"},"content":"            }","lastModifiedDate":"2022-01-26"},{"lineNumber":62,"author":{"gitId":"onefangg"},"content":"            return new InvalidCommand(\"How did you invoke this.\");","lastModifiedDate":"2022-01-26"},{"lineNumber":63,"author":{"gitId":"onefangg"},"content":"        } catch (IllegalStateException err) {","lastModifiedDate":"2022-01-26"},{"lineNumber":64,"author":{"gitId":"onefangg"},"content":"            // indicates that the format isn\u0027t valid - can\u0027t parse it","lastModifiedDate":"2022-01-26"},{"lineNumber":65,"author":{"gitId":"onefangg"},"content":"            return prepareInvalid(keyWord, fullInput);","lastModifiedDate":"2022-01-26"},{"lineNumber":66,"author":{"gitId":"onefangg"},"content":"        } catch (KarenException err) {","lastModifiedDate":"2022-01-26"},{"lineNumber":67,"author":{"gitId":"onefangg"},"content":"            return new InvalidCommand(err.msg);","lastModifiedDate":"2022-01-26"},{"lineNumber":68,"author":{"gitId":"onefangg"},"content":"        }","lastModifiedDate":"2022-01-26"},{"lineNumber":69,"author":{"gitId":"onefangg"},"content":"    }","lastModifiedDate":"2022-01-26"},{"lineNumber":70,"author":{"gitId":"onefangg"},"content":"","lastModifiedDate":"2022-01-26"},{"lineNumber":71,"author":{"gitId":"onefangg"},"content":"    private Command prepareModify(String keyWord, String fullInput) {","lastModifiedDate":"2022-01-26"},{"lineNumber":72,"author":{"gitId":"onefangg"},"content":"        final Matcher matcher \u003d INDEX_FORMAT.matcher(fullInput);","lastModifiedDate":"2022-01-26"},{"lineNumber":73,"author":{"gitId":"onefangg"},"content":"        if (!matcher.matches()) {","lastModifiedDate":"2022-01-26"},{"lineNumber":74,"author":{"gitId":"onefangg"},"content":"            return new InvalidCommand(\"Incorrect arguments passed into mark/unmark command\");","lastModifiedDate":"2022-01-26"},{"lineNumber":75,"author":{"gitId":"onefangg"},"content":"        }","lastModifiedDate":"2022-01-26"},{"lineNumber":76,"author":{"gitId":"onefangg"},"content":"","lastModifiedDate":"2022-01-26"},{"lineNumber":77,"author":{"gitId":"onefangg"},"content":"        Command cmd;","lastModifiedDate":"2022-01-26"},{"lineNumber":78,"author":{"gitId":"onefangg"},"content":"        switch (keyWord) {","lastModifiedDate":"2022-01-26"},{"lineNumber":79,"author":{"gitId":"onefangg"},"content":"            case \"mark\":","lastModifiedDate":"2022-01-26"},{"lineNumber":80,"author":{"gitId":"onefangg"},"content":"                cmd \u003d new ModifyCommand(Integer.valueOf(matcher.group(\"index\"))-1, ModifyType.MARK);","lastModifiedDate":"2022-01-26"},{"lineNumber":81,"author":{"gitId":"onefangg"},"content":"                break;","lastModifiedDate":"2022-01-26"},{"lineNumber":82,"author":{"gitId":"onefangg"},"content":"            case \"unmark\":","lastModifiedDate":"2022-01-26"},{"lineNumber":83,"author":{"gitId":"onefangg"},"content":"                cmd \u003d new ModifyCommand(Integer.valueOf(matcher.group(\"index\"))-1, ModifyType.UNMARK);","lastModifiedDate":"2022-01-26"},{"lineNumber":84,"author":{"gitId":"onefangg"},"content":"                break;","lastModifiedDate":"2022-01-26"},{"lineNumber":85,"author":{"gitId":"onefangg"},"content":"            default:","lastModifiedDate":"2022-01-26"},{"lineNumber":86,"author":{"gitId":"onefangg"},"content":"                return new InvalidCommand(\"How did this even get here.\");","lastModifiedDate":"2022-01-26"},{"lineNumber":87,"author":{"gitId":"onefangg"},"content":"        }","lastModifiedDate":"2022-01-26"},{"lineNumber":88,"author":{"gitId":"onefangg"},"content":"        return cmd;","lastModifiedDate":"2022-01-26"},{"lineNumber":89,"author":{"gitId":"onefangg"},"content":"    }","lastModifiedDate":"2022-01-26"},{"lineNumber":90,"author":{"gitId":"onefangg"},"content":"","lastModifiedDate":"2022-01-26"},{"lineNumber":91,"author":{"gitId":"onefangg"},"content":"    private Command prepareDelete(String keyWord, String fullInput) {","lastModifiedDate":"2022-01-26"},{"lineNumber":92,"author":{"gitId":"onefangg"},"content":"        final Matcher matcher \u003d INDEX_FORMAT.matcher(fullInput);","lastModifiedDate":"2022-01-26"},{"lineNumber":93,"author":{"gitId":"onefangg"},"content":"        if (!matcher.matches()) {","lastModifiedDate":"2022-01-26"},{"lineNumber":94,"author":{"gitId":"onefangg"},"content":"            return new InvalidCommand(\"Incorrect arguments passed into delete command\");","lastModifiedDate":"2022-01-26"},{"lineNumber":95,"author":{"gitId":"onefangg"},"content":"        }","lastModifiedDate":"2022-01-26"},{"lineNumber":96,"author":{"gitId":"onefangg"},"content":"","lastModifiedDate":"2022-01-26"},{"lineNumber":97,"author":{"gitId":"onefangg"},"content":"        try {","lastModifiedDate":"2022-01-26"},{"lineNumber":98,"author":{"gitId":"onefangg"},"content":"            return new DeleteCommand(Integer.valueOf(matcher.group(\"index\"))-1);","lastModifiedDate":"2022-01-26"},{"lineNumber":99,"author":{"gitId":"onefangg"},"content":"        } catch (IllegalStateException err) {","lastModifiedDate":"2022-01-26"},{"lineNumber":100,"author":{"gitId":"onefangg"},"content":"            return new InvalidCommand(\"Missing arguments for delete command\");","lastModifiedDate":"2022-01-26"},{"lineNumber":101,"author":{"gitId":"onefangg"},"content":"        }","lastModifiedDate":"2022-01-26"},{"lineNumber":102,"author":{"gitId":"onefangg"},"content":"","lastModifiedDate":"2022-01-26"},{"lineNumber":103,"author":{"gitId":"onefangg"},"content":"    }","lastModifiedDate":"2022-01-26"},{"lineNumber":104,"author":{"gitId":"onefangg"},"content":"","lastModifiedDate":"2022-01-26"},{"lineNumber":105,"author":{"gitId":"onefangg"},"content":"    private Command createCommand(String fullInput) {","lastModifiedDate":"2022-01-26"},{"lineNumber":106,"author":{"gitId":"onefangg"},"content":"        // extract first word","lastModifiedDate":"2022-01-26"},{"lineNumber":107,"author":{"gitId":"onefangg"},"content":"        final Matcher matcher \u003d KEYWORD_FORMAT.matcher(fullInput);","lastModifiedDate":"2022-01-26"},{"lineNumber":108,"author":{"gitId":"onefangg"},"content":"        if (!matcher.matches()) {","lastModifiedDate":"2022-01-26"},{"lineNumber":109,"author":{"gitId":"onefangg"},"content":"            return new InvalidCommand(NA_MESSAGE);","lastModifiedDate":"2022-01-26"},{"lineNumber":110,"author":{"gitId":"onefangg"},"content":"        }","lastModifiedDate":"2022-01-26"},{"lineNumber":111,"author":{"gitId":"onefangg"},"content":"","lastModifiedDate":"2022-01-26"},{"lineNumber":112,"author":{"gitId":"onefangg"},"content":"        String keyWord \u003d matcher.group(\"keyWord\");","lastModifiedDate":"2022-01-26"},{"lineNumber":113,"author":{"gitId":"onefangg"},"content":"        Command getCommand;","lastModifiedDate":"2022-01-26"},{"lineNumber":114,"author":{"gitId":"onefangg"},"content":"","lastModifiedDate":"2022-01-26"},{"lineNumber":115,"author":{"gitId":"onefangg"},"content":"        switch (keyWord) {","lastModifiedDate":"2022-01-26"},{"lineNumber":116,"author":{"gitId":"onefangg"},"content":"            case \"list\":","lastModifiedDate":"2022-01-26"},{"lineNumber":117,"author":{"gitId":"onefangg"},"content":"                getCommand \u003d new ListCommand();","lastModifiedDate":"2022-01-26"},{"lineNumber":118,"author":{"gitId":"onefangg"},"content":"                break;","lastModifiedDate":"2022-01-26"},{"lineNumber":119,"author":{"gitId":"onefangg"},"content":"            case \"bye\":","lastModifiedDate":"2022-01-26"},{"lineNumber":120,"author":{"gitId":"onefangg"},"content":"                getCommand \u003d new ByeCommand();","lastModifiedDate":"2022-01-26"},{"lineNumber":121,"author":{"gitId":"onefangg"},"content":"                break;","lastModifiedDate":"2022-01-26"},{"lineNumber":122,"author":{"gitId":"onefangg"},"content":"            case \"todo\":","lastModifiedDate":"2022-01-26"},{"lineNumber":123,"author":{"gitId":"onefangg"},"content":"            case \"deadline\":","lastModifiedDate":"2022-01-26"},{"lineNumber":124,"author":{"gitId":"onefangg"},"content":"            case \"event\":","lastModifiedDate":"2022-01-26"},{"lineNumber":125,"author":{"gitId":"onefangg"},"content":"                getCommand \u003d prepareAdd(keyWord, fullInput);","lastModifiedDate":"2022-01-26"},{"lineNumber":126,"author":{"gitId":"onefangg"},"content":"                break;","lastModifiedDate":"2022-01-26"},{"lineNumber":127,"author":{"gitId":"onefangg"},"content":"            case \"mark\":","lastModifiedDate":"2022-01-26"},{"lineNumber":128,"author":{"gitId":"onefangg"},"content":"            case \"unmark\":","lastModifiedDate":"2022-01-26"},{"lineNumber":129,"author":{"gitId":"onefangg"},"content":"                getCommand \u003d prepareModify(keyWord, fullInput);","lastModifiedDate":"2022-01-26"},{"lineNumber":130,"author":{"gitId":"onefangg"},"content":"                break;","lastModifiedDate":"2022-01-26"},{"lineNumber":131,"author":{"gitId":"onefangg"},"content":"            case \"delete\":","lastModifiedDate":"2022-01-26"},{"lineNumber":132,"author":{"gitId":"onefangg"},"content":"                getCommand \u003d prepareDelete(keyWord, fullInput);","lastModifiedDate":"2022-01-26"},{"lineNumber":133,"author":{"gitId":"onefangg"},"content":"                break;","lastModifiedDate":"2022-01-26"},{"lineNumber":134,"author":{"gitId":"onefangg"},"content":"            default:","lastModifiedDate":"2022-01-26"},{"lineNumber":135,"author":{"gitId":"onefangg"},"content":"                getCommand \u003d new InvalidCommand(NA_MESSAGE);","lastModifiedDate":"2022-01-26"},{"lineNumber":136,"author":{"gitId":"onefangg"},"content":"                break;","lastModifiedDate":"2022-01-26"},{"lineNumber":137,"author":{"gitId":"onefangg"},"content":"        };","lastModifiedDate":"2022-01-26"},{"lineNumber":138,"author":{"gitId":"onefangg"},"content":"        return getCommand;","lastModifiedDate":"2022-01-26"},{"lineNumber":139,"author":{"gitId":"onefangg"},"content":"    }","lastModifiedDate":"2022-01-26"},{"lineNumber":140,"author":{"gitId":"onefangg"},"content":"","lastModifiedDate":"2022-01-26"},{"lineNumber":141,"author":{"gitId":"onefangg"},"content":"    public Command parseInput(String fullInput){","lastModifiedDate":"2022-01-26"},{"lineNumber":142,"author":{"gitId":"onefangg"},"content":"        Command cmd;","lastModifiedDate":"2022-01-26"},{"lineNumber":143,"author":{"gitId":"onefangg"},"content":"        cmd \u003d this.createCommand(fullInput);","lastModifiedDate":"2022-01-26"},{"lineNumber":144,"author":{"gitId":"onefangg"},"content":"        return cmd;","lastModifiedDate":"2022-01-26"},{"lineNumber":145,"author":{"gitId":"onefangg"},"content":"    }","lastModifiedDate":"2022-01-26"},{"lineNumber":146,"author":{"gitId":"onefangg"},"content":"","lastModifiedDate":"2022-01-26"},{"lineNumber":147,"author":{"gitId":"onefangg"},"content":"}","lastModifiedDate":"2022-01-26"}],"authorContributionMap":{"onefangg":147}},{"path":"src/main/java/Storage.java","fileType":"java","lines":[{"lineNumber":1,"author":{"gitId":"onefangg"},"content":"import java.io.*;","lastModifiedDate":"2022-01-26"},{"lineNumber":2,"author":{"gitId":"onefangg"},"content":"import java.util.ArrayList;","lastModifiedDate":"2022-01-26"},{"lineNumber":3,"author":{"gitId":"onefangg"},"content":"import java.util.Arrays;","lastModifiedDate":"2022-01-26"},{"lineNumber":4,"author":{"gitId":"onefangg"},"content":"","lastModifiedDate":"2022-01-26"},{"lineNumber":5,"author":{"gitId":"onefangg"},"content":"/**","lastModifiedDate":"2022-01-26"},{"lineNumber":6,"author":{"gitId":"onefangg"},"content":" * Loads, manages and subsequently saves user\u0027s task list","lastModifiedDate":"2022-01-26"},{"lineNumber":7,"author":{"gitId":"onefangg"},"content":" */","lastModifiedDate":"2022-01-26"},{"lineNumber":8,"author":{"gitId":"onefangg"},"content":"public class Storage {","lastModifiedDate":"2022-01-26"},{"lineNumber":9,"author":{"gitId":"onefangg"},"content":"    public static final String DATA_DIR \u003d \"./data/\";","lastModifiedDate":"2022-01-26"},{"lineNumber":10,"author":{"gitId":"onefangg"},"content":"    public static final String DATA_PATH \u003d \"./data/karen.txt\";","lastModifiedDate":"2022-01-26"},{"lineNumber":11,"author":{"gitId":"onefangg"},"content":"","lastModifiedDate":"2022-01-26"},{"lineNumber":12,"author":{"gitId":"onefangg"},"content":"    public static final String NO_FILE_MESSAGE \u003d \"No previous session/data found\";","lastModifiedDate":"2022-01-26"},{"lineNumber":13,"author":{"gitId":"onefangg"},"content":"    public static final String ERR_FILE_MESSAGE \u003d \"Something went wrong with reading the previous session..\";","lastModifiedDate":"2022-01-26"},{"lineNumber":14,"author":{"gitId":"onefangg"},"content":"","lastModifiedDate":"2022-01-26"},{"lineNumber":15,"author":{"gitId":"onefangg"},"content":"    private ArrayList\u003cTask\u003e taskList;","lastModifiedDate":"2022-01-26"},{"lineNumber":16,"author":{"gitId":"onefangg"},"content":"    public Ui ui;","lastModifiedDate":"2022-01-26"},{"lineNumber":17,"author":{"gitId":"onefangg"},"content":"","lastModifiedDate":"2022-01-26"},{"lineNumber":18,"author":{"gitId":"onefangg"},"content":"    public Storage(Ui ui) {","lastModifiedDate":"2022-01-26"},{"lineNumber":19,"author":{"gitId":"onefangg"},"content":"        this.ui \u003d ui;","lastModifiedDate":"2022-01-26"},{"lineNumber":20,"author":{"gitId":"onefangg"},"content":"        this.taskList \u003d this.loadTasks();","lastModifiedDate":"2022-01-26"},{"lineNumber":21,"author":{"gitId":"onefangg"},"content":"    }","lastModifiedDate":"2022-01-26"},{"lineNumber":22,"author":{"gitId":"onefangg"},"content":"","lastModifiedDate":"2022-01-26"},{"lineNumber":23,"author":{"gitId":"onefangg"},"content":"    public int getTaskCount() {","lastModifiedDate":"2022-01-26"},{"lineNumber":24,"author":{"gitId":"onefangg"},"content":"        return this.taskList.size();","lastModifiedDate":"2022-01-26"},{"lineNumber":25,"author":{"gitId":"onefangg"},"content":"    }","lastModifiedDate":"2022-01-26"},{"lineNumber":26,"author":{"gitId":"onefangg"},"content":"","lastModifiedDate":"2022-01-26"},{"lineNumber":27,"author":{"gitId":"onefangg"},"content":"    private ArrayList\u003cTask\u003e loadTasks() {","lastModifiedDate":"2022-01-26"},{"lineNumber":28,"author":{"gitId":"onefangg"},"content":"        ArrayList\u003cTask\u003e taskList \u003d new ArrayList\u003c\u003e();","lastModifiedDate":"2022-01-26"},{"lineNumber":29,"author":{"gitId":"onefangg"},"content":"        BufferedReader br \u003d null;","lastModifiedDate":"2022-01-26"},{"lineNumber":30,"author":{"gitId":"onefangg"},"content":"        try {","lastModifiedDate":"2022-01-26"},{"lineNumber":31,"author":{"gitId":"onefangg"},"content":"            FileInputStream readStream \u003d new FileInputStream(DATA_PATH);","lastModifiedDate":"2022-01-26"},{"lineNumber":32,"author":{"gitId":"onefangg"},"content":"            DataInputStream in \u003d new DataInputStream(readStream);","lastModifiedDate":"2022-01-26"},{"lineNumber":33,"author":{"gitId":"onefangg"},"content":"            br \u003d new BufferedReader(new InputStreamReader(in));","lastModifiedDate":"2022-01-26"},{"lineNumber":34,"author":{"gitId":"onefangg"},"content":"","lastModifiedDate":"2022-01-26"},{"lineNumber":35,"author":{"gitId":"onefangg"},"content":"            String readLine;","lastModifiedDate":"2022-01-26"},{"lineNumber":36,"author":{"gitId":"onefangg"},"content":"            while ((readLine\u003dbr.readLine()) !\u003d null) {","lastModifiedDate":"2022-01-26"},{"lineNumber":37,"author":{"gitId":"onefangg"},"content":"                String[] data \u003d readLine.split(\"\\\\|\");","lastModifiedDate":"2022-01-26"},{"lineNumber":38,"author":{"gitId":"onefangg"},"content":"                Task item \u003d this.createTask(data[0], Arrays.copyOfRange(data, 2, data.length));","lastModifiedDate":"2022-01-26"},{"lineNumber":39,"author":{"gitId":"onefangg"},"content":"                if (Boolean.parseBoolean(data[1])) {","lastModifiedDate":"2022-01-26"},{"lineNumber":40,"author":{"gitId":"onefangg"},"content":"                    item.markDone();","lastModifiedDate":"2022-01-26"},{"lineNumber":41,"author":{"gitId":"onefangg"},"content":"                }","lastModifiedDate":"2022-01-26"},{"lineNumber":42,"author":{"gitId":"onefangg"},"content":"                taskList.add(item);","lastModifiedDate":"2022-01-26"},{"lineNumber":43,"author":{"gitId":"onefangg"},"content":"            }","lastModifiedDate":"2022-01-26"},{"lineNumber":44,"author":{"gitId":"onefangg"},"content":"            in.close();","lastModifiedDate":"2022-01-26"},{"lineNumber":45,"author":{"gitId":"onefangg"},"content":"        }","lastModifiedDate":"2022-01-26"},{"lineNumber":46,"author":{"gitId":"onefangg"},"content":"        catch (FileNotFoundException err) {","lastModifiedDate":"2022-01-26"},{"lineNumber":47,"author":{"gitId":"onefangg"},"content":"            this.ui.displayWarning(NO_FILE_MESSAGE);","lastModifiedDate":"2022-01-26"},{"lineNumber":48,"author":{"gitId":"onefangg"},"content":"            File dir \u003d new File(DATA_DIR);","lastModifiedDate":"2022-01-26"},{"lineNumber":49,"author":{"gitId":"onefangg"},"content":"            if (!dir.exists()) {","lastModifiedDate":"2022-01-26"},{"lineNumber":50,"author":{"gitId":"onefangg"},"content":"                dir.mkdirs();","lastModifiedDate":"2022-01-26"},{"lineNumber":51,"author":{"gitId":"onefangg"},"content":"            }","lastModifiedDate":"2022-01-26"},{"lineNumber":52,"author":{"gitId":"onefangg"},"content":"            return taskList;","lastModifiedDate":"2022-01-26"},{"lineNumber":53,"author":{"gitId":"onefangg"},"content":"        }","lastModifiedDate":"2022-01-26"},{"lineNumber":54,"author":{"gitId":"onefangg"},"content":"        catch (IOException err) {","lastModifiedDate":"2022-01-26"},{"lineNumber":55,"author":{"gitId":"onefangg"},"content":"            this.ui.displayWarning(ERR_FILE_MESSAGE);","lastModifiedDate":"2022-01-26"},{"lineNumber":56,"author":{"gitId":"onefangg"},"content":"            return taskList;","lastModifiedDate":"2022-01-26"},{"lineNumber":57,"author":{"gitId":"onefangg"},"content":"        }","lastModifiedDate":"2022-01-26"},{"lineNumber":58,"author":{"gitId":"onefangg"},"content":"        finally {","lastModifiedDate":"2022-01-26"},{"lineNumber":59,"author":{"gitId":"onefangg"},"content":"            try {","lastModifiedDate":"2022-01-26"},{"lineNumber":60,"author":{"gitId":"onefangg"},"content":"                br.close();","lastModifiedDate":"2022-01-26"},{"lineNumber":61,"author":{"gitId":"onefangg"},"content":"            } catch (Exception err) {","lastModifiedDate":"2022-01-26"},{"lineNumber":62,"author":{"gitId":"onefangg"},"content":"                // do nothing","lastModifiedDate":"2022-01-26"},{"lineNumber":63,"author":{"gitId":"onefangg"},"content":"            }","lastModifiedDate":"2022-01-26"},{"lineNumber":64,"author":{"gitId":"onefangg"},"content":"        }","lastModifiedDate":"2022-01-26"},{"lineNumber":65,"author":{"gitId":"onefangg"},"content":"        return taskList;","lastModifiedDate":"2022-01-26"},{"lineNumber":66,"author":{"gitId":"onefangg"},"content":"    }","lastModifiedDate":"2022-01-26"},{"lineNumber":67,"author":{"gitId":"onefangg"},"content":"","lastModifiedDate":"2022-01-26"},{"lineNumber":68,"author":{"gitId":"onefangg"},"content":"    protected void saveTasks() {","lastModifiedDate":"2022-01-26"},{"lineNumber":69,"author":{"gitId":"onefangg"},"content":"        // formatting data for writing","lastModifiedDate":"2022-01-26"},{"lineNumber":70,"author":{"gitId":"onefangg"},"content":"        String data \u003d \"\";","lastModifiedDate":"2022-01-26"},{"lineNumber":71,"author":{"gitId":"onefangg"},"content":"        for (Task item: this.taskList) {","lastModifiedDate":"2022-01-26"},{"lineNumber":72,"author":{"gitId":"onefangg"},"content":"            data \u003d data.concat(String.format(\"%s\\n\", item.toSaveData()));","lastModifiedDate":"2022-01-26"},{"lineNumber":73,"author":{"gitId":"onefangg"},"content":"        }","lastModifiedDate":"2022-01-26"},{"lineNumber":74,"author":{"gitId":"onefangg"},"content":"","lastModifiedDate":"2022-01-26"},{"lineNumber":75,"author":{"gitId":"onefangg"},"content":"        // writing data to local dir","lastModifiedDate":"2022-01-26"},{"lineNumber":76,"author":{"gitId":"onefangg"},"content":"        Writer writer \u003d null;","lastModifiedDate":"2022-01-26"},{"lineNumber":77,"author":{"gitId":"onefangg"},"content":"        try {","lastModifiedDate":"2022-01-26"},{"lineNumber":78,"author":{"gitId":"onefangg"},"content":"            FileOutputStream writeStream \u003d new FileOutputStream(DATA_PATH);","lastModifiedDate":"2022-01-26"},{"lineNumber":79,"author":{"gitId":"onefangg"},"content":"            OutputStreamWriter out \u003d new OutputStreamWriter(writeStream);","lastModifiedDate":"2022-01-26"},{"lineNumber":80,"author":{"gitId":"onefangg"},"content":"            writer \u003d new BufferedWriter(out);","lastModifiedDate":"2022-01-26"},{"lineNumber":81,"author":{"gitId":"onefangg"},"content":"            writer.write(data);","lastModifiedDate":"2022-01-26"},{"lineNumber":82,"author":{"gitId":"onefangg"},"content":"        }","lastModifiedDate":"2022-01-26"},{"lineNumber":83,"author":{"gitId":"onefangg"},"content":"        catch (FileNotFoundException err) {","lastModifiedDate":"2022-01-26"},{"lineNumber":84,"author":{"gitId":"onefangg"},"content":"//            this.echoWarning(String.format(\"Improper access for file writing.\\n\\tCheck if %s exists.\",DATA_DIR));","lastModifiedDate":"2022-01-26"},{"lineNumber":85,"author":{"gitId":"onefangg"},"content":"        }","lastModifiedDate":"2022-01-26"},{"lineNumber":86,"author":{"gitId":"onefangg"},"content":"        catch (IOException err) {","lastModifiedDate":"2022-01-26"},{"lineNumber":87,"author":{"gitId":"onefangg"},"content":"//            this.echoWarning(\"Something went wrong with writing to file\");","lastModifiedDate":"2022-01-26"},{"lineNumber":88,"author":{"gitId":"onefangg"},"content":"        }","lastModifiedDate":"2022-01-26"},{"lineNumber":89,"author":{"gitId":"onefangg"},"content":"        finally {","lastModifiedDate":"2022-01-26"},{"lineNumber":90,"author":{"gitId":"onefangg"},"content":"            try {","lastModifiedDate":"2022-01-26"},{"lineNumber":91,"author":{"gitId":"onefangg"},"content":"                writer.close();","lastModifiedDate":"2022-01-26"},{"lineNumber":92,"author":{"gitId":"onefangg"},"content":"            }","lastModifiedDate":"2022-01-26"},{"lineNumber":93,"author":{"gitId":"onefangg"},"content":"            catch (Exception err) {","lastModifiedDate":"2022-01-26"},{"lineNumber":94,"author":{"gitId":"onefangg"},"content":"                // do nothing","lastModifiedDate":"2022-01-26"},{"lineNumber":95,"author":{"gitId":"onefangg"},"content":"            }","lastModifiedDate":"2022-01-26"},{"lineNumber":96,"author":{"gitId":"onefangg"},"content":"        }","lastModifiedDate":"2022-01-26"},{"lineNumber":97,"author":{"gitId":"onefangg"},"content":"    }","lastModifiedDate":"2022-01-26"},{"lineNumber":98,"author":{"gitId":"onefangg"},"content":"","lastModifiedDate":"2022-01-26"},{"lineNumber":99,"author":{"gitId":"onefangg"},"content":"    protected Task createTask(String taskType, String[] taskArgs) {","lastModifiedDate":"2022-01-26"},{"lineNumber":100,"author":{"gitId":"onefangg"},"content":"        Task initTask;","lastModifiedDate":"2022-01-26"},{"lineNumber":101,"author":{"gitId":"onefangg"},"content":"","lastModifiedDate":"2022-01-26"},{"lineNumber":102,"author":{"gitId":"onefangg"},"content":"        switch (taskType) {","lastModifiedDate":"2022-01-26"},{"lineNumber":103,"author":{"gitId":"onefangg"},"content":"            case \"T\":","lastModifiedDate":"2022-01-26"},{"lineNumber":104,"author":{"gitId":"onefangg"},"content":"                initTask \u003d new ToDo(taskArgs[0]);","lastModifiedDate":"2022-01-26"},{"lineNumber":105,"author":{"gitId":"onefangg"},"content":"                break;","lastModifiedDate":"2022-01-26"},{"lineNumber":106,"author":{"gitId":"onefangg"},"content":"            case \"D\":","lastModifiedDate":"2022-01-26"},{"lineNumber":107,"author":{"gitId":"onefangg"},"content":"                initTask \u003d new Deadline(taskArgs[0], taskArgs[1]);","lastModifiedDate":"2022-01-26"},{"lineNumber":108,"author":{"gitId":"onefangg"},"content":"                break;","lastModifiedDate":"2022-01-26"},{"lineNumber":109,"author":{"gitId":"onefangg"},"content":"            case \"E\":","lastModifiedDate":"2022-01-26"},{"lineNumber":110,"author":{"gitId":"onefangg"},"content":"                initTask \u003d new Event(taskArgs[0], taskArgs[1]);","lastModifiedDate":"2022-01-26"},{"lineNumber":111,"author":{"gitId":"onefangg"},"content":"                break;","lastModifiedDate":"2022-01-26"},{"lineNumber":112,"author":{"gitId":"onefangg"},"content":"            default:","lastModifiedDate":"2022-01-26"},{"lineNumber":113,"author":{"gitId":"onefangg"},"content":"                initTask \u003d null;","lastModifiedDate":"2022-01-26"},{"lineNumber":114,"author":{"gitId":"onefangg"},"content":"                break;","lastModifiedDate":"2022-01-26"},{"lineNumber":115,"author":{"gitId":"onefangg"},"content":"        }","lastModifiedDate":"2022-01-26"},{"lineNumber":116,"author":{"gitId":"onefangg"},"content":"        return initTask;","lastModifiedDate":"2022-01-26"},{"lineNumber":117,"author":{"gitId":"onefangg"},"content":"    }","lastModifiedDate":"2022-01-26"},{"lineNumber":118,"author":{"gitId":"onefangg"},"content":"","lastModifiedDate":"2022-01-26"},{"lineNumber":119,"author":{"gitId":"onefangg"},"content":"    protected Task getTask(int index) throws IndexOutOfBoundsException {","lastModifiedDate":"2022-01-26"},{"lineNumber":120,"author":{"gitId":"onefangg"},"content":"        return this.taskList.get(index);","lastModifiedDate":"2022-01-26"},{"lineNumber":121,"author":{"gitId":"onefangg"},"content":"    }","lastModifiedDate":"2022-01-26"},{"lineNumber":122,"author":{"gitId":"onefangg"},"content":"","lastModifiedDate":"2022-01-26"},{"lineNumber":123,"author":{"gitId":"onefangg"},"content":"    protected ArrayList\u003cTask\u003e getTaskList() {","lastModifiedDate":"2022-01-26"},{"lineNumber":124,"author":{"gitId":"onefangg"},"content":"        return this.taskList;","lastModifiedDate":"2022-01-26"},{"lineNumber":125,"author":{"gitId":"onefangg"},"content":"    }","lastModifiedDate":"2022-01-26"},{"lineNumber":126,"author":{"gitId":"onefangg"},"content":"","lastModifiedDate":"2022-01-26"},{"lineNumber":127,"author":{"gitId":"onefangg"},"content":"    protected void addTask(Task item) {","lastModifiedDate":"2022-01-26"},{"lineNumber":128,"author":{"gitId":"onefangg"},"content":"        this.taskList.add(item);","lastModifiedDate":"2022-01-26"},{"lineNumber":129,"author":{"gitId":"onefangg"},"content":"    }","lastModifiedDate":"2022-01-26"},{"lineNumber":130,"author":{"gitId":"onefangg"},"content":"","lastModifiedDate":"2022-01-26"},{"lineNumber":131,"author":{"gitId":"onefangg"},"content":"    protected void deleteTask(int index) {","lastModifiedDate":"2022-01-26"},{"lineNumber":132,"author":{"gitId":"onefangg"},"content":"        this.taskList.remove(index);","lastModifiedDate":"2022-01-26"},{"lineNumber":133,"author":{"gitId":"onefangg"},"content":"    }","lastModifiedDate":"2022-01-26"},{"lineNumber":134,"author":{"gitId":"onefangg"},"content":"","lastModifiedDate":"2022-01-26"},{"lineNumber":135,"author":{"gitId":"onefangg"},"content":"","lastModifiedDate":"2022-01-26"},{"lineNumber":136,"author":{"gitId":"onefangg"},"content":"}","lastModifiedDate":"2022-01-26"}],"authorContributionMap":{"onefangg":136}},{"path":"src/main/java/Task.java","fileType":"java","lines":[{"lineNumber":1,"author":{"gitId":"onefangg"},"content":"import java.time.LocalDate;","lastModifiedDate":"2022-01-23"},{"lineNumber":2,"author":{"gitId":"onefangg"},"content":"","lastModifiedDate":"2022-01-23"},{"lineNumber":3,"author":{"gitId":"onefangg"},"content":"public abstract class Task {","lastModifiedDate":"2022-01-23"},{"lineNumber":4,"author":{"gitId":"onefangg"},"content":"    public String description;","lastModifiedDate":"2022-01-17"},{"lineNumber":5,"author":{"gitId":"onefangg"},"content":"    protected boolean done;","lastModifiedDate":"2022-01-17"},{"lineNumber":6,"author":{"gitId":"onefangg"},"content":"","lastModifiedDate":"2022-01-17"},{"lineNumber":7,"author":{"gitId":"onefangg"},"content":"    public Task(String description) {","lastModifiedDate":"2022-01-17"},{"lineNumber":8,"author":{"gitId":"onefangg"},"content":"        this.description \u003d description;","lastModifiedDate":"2022-01-17"},{"lineNumber":9,"author":{"gitId":"onefangg"},"content":"        this.done \u003d false;","lastModifiedDate":"2022-01-17"},{"lineNumber":10,"author":{"gitId":"onefangg"},"content":"    }","lastModifiedDate":"2022-01-17"},{"lineNumber":11,"author":{"gitId":"onefangg"},"content":"","lastModifiedDate":"2022-01-17"},{"lineNumber":12,"author":{"gitId":"onefangg"},"content":"    public void markDone() {","lastModifiedDate":"2022-01-17"},{"lineNumber":13,"author":{"gitId":"onefangg"},"content":"        this.done \u003d true;","lastModifiedDate":"2022-01-17"},{"lineNumber":14,"author":{"gitId":"onefangg"},"content":"    }","lastModifiedDate":"2022-01-17"},{"lineNumber":15,"author":{"gitId":"onefangg"},"content":"","lastModifiedDate":"2022-01-17"},{"lineNumber":16,"author":{"gitId":"onefangg"},"content":"    public void markUndone() {","lastModifiedDate":"2022-01-17"},{"lineNumber":17,"author":{"gitId":"onefangg"},"content":"        this.done \u003d false;","lastModifiedDate":"2022-01-17"},{"lineNumber":18,"author":{"gitId":"onefangg"},"content":"    }","lastModifiedDate":"2022-01-17"},{"lineNumber":19,"author":{"gitId":"onefangg"},"content":"","lastModifiedDate":"2022-01-17"},{"lineNumber":20,"author":{"gitId":"onefangg"},"content":"    public String getDoneIcon () {","lastModifiedDate":"2022-01-17"},{"lineNumber":21,"author":{"gitId":"onefangg"},"content":"        return (this.done) ? \"X\" : \" \";","lastModifiedDate":"2022-01-17"},{"lineNumber":22,"author":{"gitId":"onefangg"},"content":"    }","lastModifiedDate":"2022-01-17"},{"lineNumber":23,"author":{"gitId":"onefangg"},"content":"","lastModifiedDate":"2022-01-17"},{"lineNumber":24,"author":{"gitId":"onefangg"},"content":"    public abstract String toSaveData();","lastModifiedDate":"2022-01-23"},{"lineNumber":25,"author":{"gitId":"onefangg"},"content":"    /**","lastModifiedDate":"2022-01-23"},{"lineNumber":26,"author":{"gitId":"onefangg"},"content":"     * Accepts string in yyyy-mm-dd format","lastModifiedDate":"2022-01-23"},{"lineNumber":27,"author":{"gitId":"onefangg"},"content":"     * @param dateString","lastModifiedDate":"2022-01-23"},{"lineNumber":28,"author":{"gitId":"onefangg"},"content":"     * @return","lastModifiedDate":"2022-01-23"},{"lineNumber":29,"author":{"gitId":"onefangg"},"content":"     */","lastModifiedDate":"2022-01-23"},{"lineNumber":30,"author":{"gitId":"onefangg"},"content":"    public LocalDate parseDate(String dateString) {","lastModifiedDate":"2022-01-23"},{"lineNumber":31,"author":{"gitId":"onefangg"},"content":"        return LocalDate.parse(dateString);","lastModifiedDate":"2022-01-23"},{"lineNumber":32,"author":{"gitId":"onefangg"},"content":"    }","lastModifiedDate":"2022-01-23"},{"lineNumber":33,"author":{"gitId":"onefangg"},"content":"","lastModifiedDate":"2022-01-23"},{"lineNumber":34,"author":{"gitId":"onefangg"},"content":"    @Override","lastModifiedDate":"2022-01-17"},{"lineNumber":35,"author":{"gitId":"onefangg"},"content":"    public String toString() {","lastModifiedDate":"2022-01-17"},{"lineNumber":36,"author":{"gitId":"onefangg"},"content":"        String status \u003d this.getDoneIcon();","lastModifiedDate":"2022-01-17"},{"lineNumber":37,"author":{"gitId":"onefangg"},"content":"        return String.format(\"[%s] %s\", status, this.description);","lastModifiedDate":"2022-01-17"},{"lineNumber":38,"author":{"gitId":"onefangg"},"content":"    }","lastModifiedDate":"2022-01-17"},{"lineNumber":39,"author":{"gitId":"onefangg"},"content":"}","lastModifiedDate":"2022-01-17"}],"authorContributionMap":{"onefangg":39}},{"path":"src/main/java/ToDo.java","fileType":"java","lines":[{"lineNumber":1,"author":{"gitId":"onefangg"},"content":"public class ToDo extends Task {","lastModifiedDate":"2022-01-17"},{"lineNumber":2,"author":{"gitId":"onefangg"},"content":"    public ToDo(String description) {","lastModifiedDate":"2022-01-17"},{"lineNumber":3,"author":{"gitId":"onefangg"},"content":"        super(description);","lastModifiedDate":"2022-01-17"},{"lineNumber":4,"author":{"gitId":"onefangg"},"content":"    }","lastModifiedDate":"2022-01-17"},{"lineNumber":5,"author":{"gitId":"onefangg"},"content":"","lastModifiedDate":"2022-01-17"},{"lineNumber":6,"author":{"gitId":"onefangg"},"content":"    @Override","lastModifiedDate":"2022-01-23"},{"lineNumber":7,"author":{"gitId":"onefangg"},"content":"    public String toSaveData() {","lastModifiedDate":"2022-01-23"},{"lineNumber":8,"author":{"gitId":"onefangg"},"content":"        return String.format(\"T|%s|%s\", this.done, this.description);","lastModifiedDate":"2022-01-23"},{"lineNumber":9,"author":{"gitId":"onefangg"},"content":"    }","lastModifiedDate":"2022-01-23"},{"lineNumber":10,"author":{"gitId":"onefangg"},"content":"","lastModifiedDate":"2022-01-23"},{"lineNumber":11,"author":{"gitId":"onefangg"},"content":"    @Override","lastModifiedDate":"2022-01-17"},{"lineNumber":12,"author":{"gitId":"onefangg"},"content":"    public String toString() {","lastModifiedDate":"2022-01-17"},{"lineNumber":13,"author":{"gitId":"onefangg"},"content":"        return \"[T]\" + super.toString();","lastModifiedDate":"2022-01-17"},{"lineNumber":14,"author":{"gitId":"onefangg"},"content":"    }","lastModifiedDate":"2022-01-17"},{"lineNumber":15,"author":{"gitId":"onefangg"},"content":"}","lastModifiedDate":"2022-01-17"}],"authorContributionMap":{"onefangg":15}},{"path":"src/main/java/Ui.java","fileType":"java","lines":[{"lineNumber":1,"author":{"gitId":"onefangg"},"content":"import java.io.InputStream;","lastModifiedDate":"2022-01-26"},{"lineNumber":2,"author":{"gitId":"onefangg"},"content":"import java.io.PrintStream;","lastModifiedDate":"2022-01-26"},{"lineNumber":3,"author":{"gitId":"onefangg"},"content":"import java.util.ArrayList;","lastModifiedDate":"2022-01-26"},{"lineNumber":4,"author":{"gitId":"onefangg"},"content":"import java.util.Scanner;","lastModifiedDate":"2022-01-26"},{"lineNumber":5,"author":{"gitId":"onefangg"},"content":"","lastModifiedDate":"2022-01-26"},{"lineNumber":6,"author":{"gitId":"onefangg"},"content":"/**","lastModifiedDate":"2022-01-26"},{"lineNumber":7,"author":{"gitId":"onefangg"},"content":" * Handles receiving and formatting of input and output","lastModifiedDate":"2022-01-26"},{"lineNumber":8,"author":{"gitId":"onefangg"},"content":" */","lastModifiedDate":"2022-01-26"},{"lineNumber":9,"author":{"gitId":"onefangg"},"content":"public class Ui {","lastModifiedDate":"2022-01-26"},{"lineNumber":10,"author":{"gitId":"onefangg"},"content":"    public static final String STD_DIVIDER \u003d \"~*~*~*~*~*~*~*~*~*~*~*~*~*~*~*~*~*~*~*~*~*~*~*~*\";","lastModifiedDate":"2022-01-26"},{"lineNumber":11,"author":{"gitId":"onefangg"},"content":"    public static final String ERR_DIVIDER \u003d \"------------------------------------------------\";","lastModifiedDate":"2022-01-26"},{"lineNumber":12,"author":{"gitId":"onefangg"},"content":"    public static final String WELCOME \u003d \"Hello, my name is Karen.\\nI\u0027ll be speaking (to) as your manager today.\";","lastModifiedDate":"2022-01-26"},{"lineNumber":13,"author":{"gitId":"onefangg"},"content":"    public static final String GOODBYE \u003d \"Goodbye - I\u0027ll be seeing your manager\u0027s manager next.\\nI\u0027ll remember this.\";","lastModifiedDate":"2022-01-26"},{"lineNumber":14,"author":{"gitId":"onefangg"},"content":"    public static final String NO_TASKS \u003d \"Nothing is even added yet.\";","lastModifiedDate":"2022-01-26"},{"lineNumber":15,"author":{"gitId":"onefangg"},"content":"","lastModifiedDate":"2022-01-26"},{"lineNumber":16,"author":{"gitId":"onefangg"},"content":"    private final Scanner in;","lastModifiedDate":"2022-01-26"},{"lineNumber":17,"author":{"gitId":"onefangg"},"content":"    private final PrintStream out;","lastModifiedDate":"2022-01-26"},{"lineNumber":18,"author":{"gitId":"onefangg"},"content":"","lastModifiedDate":"2022-01-26"},{"lineNumber":19,"author":{"gitId":"onefangg"},"content":"    public Ui() {","lastModifiedDate":"2022-01-26"},{"lineNumber":20,"author":{"gitId":"onefangg"},"content":"        this(System.in, System.out);","lastModifiedDate":"2022-01-26"},{"lineNumber":21,"author":{"gitId":"onefangg"},"content":"    }","lastModifiedDate":"2022-01-26"},{"lineNumber":22,"author":{"gitId":"onefangg"},"content":"","lastModifiedDate":"2022-01-26"},{"lineNumber":23,"author":{"gitId":"onefangg"},"content":"    public Ui(InputStream in, PrintStream out) {","lastModifiedDate":"2022-01-26"},{"lineNumber":24,"author":{"gitId":"onefangg"},"content":"        this.in \u003d new Scanner(in);","lastModifiedDate":"2022-01-26"},{"lineNumber":25,"author":{"gitId":"onefangg"},"content":"        this.out \u003d out;","lastModifiedDate":"2022-01-26"},{"lineNumber":26,"author":{"gitId":"onefangg"},"content":"    }","lastModifiedDate":"2022-01-26"},{"lineNumber":27,"author":{"gitId":"onefangg"},"content":"","lastModifiedDate":"2022-01-26"},{"lineNumber":28,"author":{"gitId":"onefangg"},"content":"    protected String formatIndexItem(int index, String item) {","lastModifiedDate":"2022-01-26"},{"lineNumber":29,"author":{"gitId":"onefangg"},"content":"        return String.format(\"%d.%s\\n\", index, item);","lastModifiedDate":"2022-01-26"},{"lineNumber":30,"author":{"gitId":"onefangg"},"content":"    }","lastModifiedDate":"2022-01-26"},{"lineNumber":31,"author":{"gitId":"onefangg"},"content":"","lastModifiedDate":"2022-01-26"},{"lineNumber":32,"author":{"gitId":"onefangg"},"content":"    protected String formatCount(String action, Task item, int count) {","lastModifiedDate":"2022-01-26"},{"lineNumber":33,"author":{"gitId":"onefangg"},"content":"        return String.format(\"Fine. Task %s:\\n %s\\nNow you have %d in total.\",","lastModifiedDate":"2022-01-26"},{"lineNumber":34,"author":{"gitId":"onefangg"},"content":"                action, item.toString(), count);","lastModifiedDate":"2022-01-26"},{"lineNumber":35,"author":{"gitId":"onefangg"},"content":"    }","lastModifiedDate":"2022-01-26"},{"lineNumber":36,"author":{"gitId":"onefangg"},"content":"","lastModifiedDate":"2022-01-26"},{"lineNumber":37,"author":{"gitId":"onefangg"},"content":"    public String readInput() {","lastModifiedDate":"2022-01-26"},{"lineNumber":38,"author":{"gitId":"onefangg"},"content":"        String fullCommand \u003d this.in.nextLine();","lastModifiedDate":"2022-01-26"},{"lineNumber":39,"author":{"gitId":"onefangg"},"content":"        return fullCommand;","lastModifiedDate":"2022-01-26"},{"lineNumber":40,"author":{"gitId":"onefangg"},"content":"    }","lastModifiedDate":"2022-01-26"},{"lineNumber":41,"author":{"gitId":"onefangg"},"content":"","lastModifiedDate":"2022-01-26"},{"lineNumber":42,"author":{"gitId":"onefangg"},"content":"    public void showWelcome() {","lastModifiedDate":"2022-01-26"},{"lineNumber":43,"author":{"gitId":"onefangg"},"content":"        // more customisation and cleanup in future","lastModifiedDate":"2022-01-26"},{"lineNumber":44,"author":{"gitId":"onefangg"},"content":"        out.println(STD_DIVIDER);","lastModifiedDate":"2022-01-26"},{"lineNumber":45,"author":{"gitId":"onefangg"},"content":"        out.println(WELCOME);","lastModifiedDate":"2022-01-26"},{"lineNumber":46,"author":{"gitId":"onefangg"},"content":"        out.println(STD_DIVIDER);","lastModifiedDate":"2022-01-26"},{"lineNumber":47,"author":{"gitId":"onefangg"},"content":"        out.print(\"\\n\");","lastModifiedDate":"2022-01-26"},{"lineNumber":48,"author":{"gitId":"onefangg"},"content":"    }","lastModifiedDate":"2022-01-26"},{"lineNumber":49,"author":{"gitId":"onefangg"},"content":"","lastModifiedDate":"2022-01-26"},{"lineNumber":50,"author":{"gitId":"onefangg"},"content":"    public void showGoodbye() {","lastModifiedDate":"2022-01-26"},{"lineNumber":51,"author":{"gitId":"onefangg"},"content":"        // more customisation and cleanup in future","lastModifiedDate":"2022-01-26"},{"lineNumber":52,"author":{"gitId":"onefangg"},"content":"        out.println(STD_DIVIDER);","lastModifiedDate":"2022-01-26"},{"lineNumber":53,"author":{"gitId":"onefangg"},"content":"        out.println(GOODBYE);","lastModifiedDate":"2022-01-26"},{"lineNumber":54,"author":{"gitId":"onefangg"},"content":"        out.println(STD_DIVIDER);","lastModifiedDate":"2022-01-26"},{"lineNumber":55,"author":{"gitId":"onefangg"},"content":"        out.print(\"\\n\");","lastModifiedDate":"2022-01-26"},{"lineNumber":56,"author":{"gitId":"onefangg"},"content":"    }","lastModifiedDate":"2022-01-26"},{"lineNumber":57,"author":{"gitId":"onefangg"},"content":"","lastModifiedDate":"2022-01-26"},{"lineNumber":58,"author":{"gitId":"onefangg"},"content":"    public void displayUserInput(String message) {","lastModifiedDate":"2022-01-26"},{"lineNumber":59,"author":{"gitId":"onefangg"},"content":"        out.println(STD_DIVIDER);","lastModifiedDate":"2022-01-26"},{"lineNumber":60,"author":{"gitId":"onefangg"},"content":"        out.println(message);","lastModifiedDate":"2022-01-26"},{"lineNumber":61,"author":{"gitId":"onefangg"},"content":"        out.println(STD_DIVIDER);","lastModifiedDate":"2022-01-26"},{"lineNumber":62,"author":{"gitId":"onefangg"},"content":"        out.print(\"\\n\");","lastModifiedDate":"2022-01-26"},{"lineNumber":63,"author":{"gitId":"onefangg"},"content":"    }","lastModifiedDate":"2022-01-26"},{"lineNumber":64,"author":{"gitId":"onefangg"},"content":"","lastModifiedDate":"2022-01-26"},{"lineNumber":65,"author":{"gitId":"onefangg"},"content":"    public void displayWarning(String message) {","lastModifiedDate":"2022-01-26"},{"lineNumber":66,"author":{"gitId":"onefangg"},"content":"        out.println(ERR_DIVIDER);","lastModifiedDate":"2022-01-26"},{"lineNumber":67,"author":{"gitId":"onefangg"},"content":"        out.println(message);","lastModifiedDate":"2022-01-26"},{"lineNumber":68,"author":{"gitId":"onefangg"},"content":"        out.println(ERR_DIVIDER);","lastModifiedDate":"2022-01-26"},{"lineNumber":69,"author":{"gitId":"onefangg"},"content":"        out.print(\"\\n\");","lastModifiedDate":"2022-01-26"},{"lineNumber":70,"author":{"gitId":"onefangg"},"content":"","lastModifiedDate":"2022-01-26"},{"lineNumber":71,"author":{"gitId":"onefangg"},"content":"    }","lastModifiedDate":"2022-01-26"},{"lineNumber":72,"author":{"gitId":"onefangg"},"content":"","lastModifiedDate":"2022-01-26"},{"lineNumber":73,"author":{"gitId":"onefangg"},"content":"    public void displayTaskList(ArrayList\u003cTask\u003e taskList) {","lastModifiedDate":"2022-01-26"},{"lineNumber":74,"author":{"gitId":"onefangg"},"content":"        StringBuilder formatString \u003d new StringBuilder();","lastModifiedDate":"2022-01-26"},{"lineNumber":75,"author":{"gitId":"onefangg"},"content":"        int index \u003d 1;","lastModifiedDate":"2022-01-26"},{"lineNumber":76,"author":{"gitId":"onefangg"},"content":"        for (Task item: taskList) {","lastModifiedDate":"2022-01-26"},{"lineNumber":77,"author":{"gitId":"onefangg"},"content":"            formatString.append(formatIndexItem(index, item.toString()));","lastModifiedDate":"2022-01-26"},{"lineNumber":78,"author":{"gitId":"onefangg"},"content":"            index++;","lastModifiedDate":"2022-01-26"},{"lineNumber":79,"author":{"gitId":"onefangg"},"content":"        }","lastModifiedDate":"2022-01-26"},{"lineNumber":80,"author":{"gitId":"onefangg"},"content":"        if (taskList.size()\u003d\u003d0) {","lastModifiedDate":"2022-01-26"},{"lineNumber":81,"author":{"gitId":"onefangg"},"content":"            formatString.append(NO_TASKS);","lastModifiedDate":"2022-01-26"},{"lineNumber":82,"author":{"gitId":"onefangg"},"content":"        }","lastModifiedDate":"2022-01-26"},{"lineNumber":83,"author":{"gitId":"onefangg"},"content":"","lastModifiedDate":"2022-01-26"},{"lineNumber":84,"author":{"gitId":"onefangg"},"content":"        displayUserInput(formatString.toString());","lastModifiedDate":"2022-01-26"},{"lineNumber":85,"author":{"gitId":"onefangg"},"content":"    }","lastModifiedDate":"2022-01-26"},{"lineNumber":86,"author":{"gitId":"onefangg"},"content":"","lastModifiedDate":"2022-01-26"},{"lineNumber":87,"author":{"gitId":"onefangg"},"content":"}","lastModifiedDate":"2022-01-26"}],"authorContributionMap":{"onefangg":87}},{"path":"text-ui-test/input.txt","fileType":"txt","lines":[{"lineNumber":1,"author":{"gitId":"onefangg"},"content":"hi","lastModifiedDate":"2022-01-19"},{"lineNumber":2,"author":{"gitId":"onefangg"},"content":"todo addsomething","lastModifiedDate":"2022-01-19"},{"lineNumber":3,"author":{"gitId":"onefangg"},"content":"event die","lastModifiedDate":"2022-01-19"},{"lineNumber":4,"author":{"gitId":"onefangg"},"content":"event die /at later","lastModifiedDate":"2022-01-19"},{"lineNumber":5,"author":{"gitId":"onefangg"},"content":"event die /at 2021-12-31","lastModifiedDate":"2022-01-23"},{"lineNumber":6,"author":{"gitId":"onefangg"},"content":"event die /at 2021-31-12","lastModifiedDate":"2022-01-23"},{"lineNumber":7,"author":{"gitId":"onefangg"},"content":"deadline","lastModifiedDate":"2022-01-19"},{"lineNumber":8,"author":{"gitId":"onefangg"},"content":"deadline woosh","lastModifiedDate":"2022-01-19"},{"lineNumber":9,"author":{"gitId":"onefangg"},"content":"deadline woosh /by later","lastModifiedDate":"2022-01-19"},{"lineNumber":10,"author":{"gitId":"onefangg"},"content":"deadline woosh /by 2021-12-30","lastModifiedDate":"2022-01-23"},{"lineNumber":11,"author":{"gitId":"onefangg"},"content":"list","lastModifiedDate":"2022-01-19"},{"lineNumber":12,"author":{"gitId":"onefangg"},"content":"mark 2","lastModifiedDate":"2022-01-19"},{"lineNumber":13,"author":{"gitId":"onefangg"},"content":"mark 0","lastModifiedDate":"2022-01-19"},{"lineNumber":14,"author":{"gitId":"onefangg"},"content":"mark 1","lastModifiedDate":"2022-01-19"},{"lineNumber":15,"author":{"gitId":"onefangg"},"content":"unmark 1","lastModifiedDate":"2022-01-19"},{"lineNumber":16,"author":{"gitId":"onefangg"},"content":"delete 1","lastModifiedDate":"2022-01-19"},{"lineNumber":17,"author":{"gitId":"onefangg"},"content":"delete 3","lastModifiedDate":"2022-01-19"},{"lineNumber":18,"author":{"gitId":"onefangg"},"content":"list","lastModifiedDate":"2022-01-19"},{"lineNumber":19,"author":{"gitId":"onefangg"},"content":"bye","lastModifiedDate":"2022-01-19"}],"authorContributionMap":{"onefangg":19}},{"path":"text-ui-test/runtest.bat","fileType":"bat","lines":[{"lineNumber":1,"author":{"gitId":"-"},"content":"@ECHO OFF","lastModifiedDate":"2020-05-25"},{"lineNumber":2,"author":{"gitId":"-"},"content":"","lastModifiedDate":"2020-05-25"},{"lineNumber":3,"author":{"gitId":"-"},"content":"REM create bin directory if it doesn\u0027t exist","lastModifiedDate":"2020-05-25"},{"lineNumber":4,"author":{"gitId":"-"},"content":"if not exist ..\\bin mkdir ..\\bin","lastModifiedDate":"2020-05-25"},{"lineNumber":5,"author":{"gitId":"-"},"content":"","lastModifiedDate":"2020-05-25"},{"lineNumber":6,"author":{"gitId":"-"},"content":"REM delete output from previous run","lastModifiedDate":"2020-05-25"},{"lineNumber":7,"author":{"gitId":"-"},"content":"if exist ACTUAL.TXT del ACTUAL.TXT","lastModifiedDate":"2020-08-25"},{"lineNumber":8,"author":{"gitId":"-"},"content":"","lastModifiedDate":"2020-05-25"},{"lineNumber":9,"author":{"gitId":"-"},"content":"REM compile the code into the bin folder","lastModifiedDate":"2020-05-25"},{"lineNumber":10,"author":{"gitId":"-"},"content":"javac  -cp ..\\src\\main\\java -Xlint:none -d ..\\bin ..\\src\\main\\java\\*.java","lastModifiedDate":"2020-08-25"},{"lineNumber":11,"author":{"gitId":"-"},"content":"IF ERRORLEVEL 1 (","lastModifiedDate":"2020-05-25"},{"lineNumber":12,"author":{"gitId":"-"},"content":"    echo ********** BUILD FAILURE **********","lastModifiedDate":"2020-05-25"},{"lineNumber":13,"author":{"gitId":"-"},"content":"    exit /b 1","lastModifiedDate":"2020-05-25"},{"lineNumber":14,"author":{"gitId":"-"},"content":")","lastModifiedDate":"2020-05-25"},{"lineNumber":15,"author":{"gitId":"-"},"content":"REM no error here, errorlevel \u003d\u003d 0","lastModifiedDate":"2020-05-25"},{"lineNumber":16,"author":{"gitId":"-"},"content":"","lastModifiedDate":"2020-05-25"},{"lineNumber":17,"author":{"gitId":"-"},"content":"REM run the program, feed commands from input.txt file and redirect the output to the ACTUAL.TXT","lastModifiedDate":"2020-05-25"},{"lineNumber":18,"author":{"gitId":"onefangg"},"content":"java -classpath ..\\bin Karen \u003c input.txt \u003e ACTUAL.TXT","lastModifiedDate":"2022-01-19"},{"lineNumber":19,"author":{"gitId":"-"},"content":"","lastModifiedDate":"2020-05-25"},{"lineNumber":20,"author":{"gitId":"-"},"content":"REM compare the output to the expected output","lastModifiedDate":"2020-05-25"},{"lineNumber":21,"author":{"gitId":"-"},"content":"FC ACTUAL.TXT EXPECTED.TXT","lastModifiedDate":"2020-05-25"}],"authorContributionMap":{"onefangg":1,"-":20}},{"path":"text-ui-test/runtest.sh","fileType":"sh","lines":[{"lineNumber":1,"author":{"gitId":"-"},"content":"#!/usr/bin/env bash","lastModifiedDate":"2020-05-25"},{"lineNumber":2,"author":{"gitId":"-"},"content":"","lastModifiedDate":"2020-05-25"},{"lineNumber":3,"author":{"gitId":"-"},"content":"# create bin directory if it doesn\u0027t exist","lastModifiedDate":"2020-05-25"},{"lineNumber":4,"author":{"gitId":"-"},"content":"if [ ! -d \"../bin\" ]","lastModifiedDate":"2020-05-25"},{"lineNumber":5,"author":{"gitId":"-"},"content":"then","lastModifiedDate":"2020-05-25"},{"lineNumber":6,"author":{"gitId":"-"},"content":"    mkdir ../bin","lastModifiedDate":"2020-05-25"},{"lineNumber":7,"author":{"gitId":"-"},"content":"fi","lastModifiedDate":"2020-05-25"},{"lineNumber":8,"author":{"gitId":"-"},"content":"","lastModifiedDate":"2020-05-25"},{"lineNumber":9,"author":{"gitId":"-"},"content":"# delete output from previous run","lastModifiedDate":"2020-05-25"},{"lineNumber":10,"author":{"gitId":"-"},"content":"if [ -e \"./ACTUAL.TXT\" ]","lastModifiedDate":"2020-05-25"},{"lineNumber":11,"author":{"gitId":"-"},"content":"then","lastModifiedDate":"2020-05-25"},{"lineNumber":12,"author":{"gitId":"-"},"content":"    rm ACTUAL.TXT","lastModifiedDate":"2020-05-25"},{"lineNumber":13,"author":{"gitId":"-"},"content":"fi","lastModifiedDate":"2020-05-25"},{"lineNumber":14,"author":{"gitId":"-"},"content":"","lastModifiedDate":"2020-05-25"},{"lineNumber":15,"author":{"gitId":"-"},"content":"# compile the code into the bin folder, terminates if error occurred","lastModifiedDate":"2020-05-25"},{"lineNumber":16,"author":{"gitId":"-"},"content":"if ! javac -cp ../src/main/java -Xlint:none -d ../bin ../src/main/java/*.java","lastModifiedDate":"2020-08-25"},{"lineNumber":17,"author":{"gitId":"-"},"content":"then","lastModifiedDate":"2020-05-25"},{"lineNumber":18,"author":{"gitId":"-"},"content":"    echo \"********** BUILD FAILURE **********\"","lastModifiedDate":"2020-05-25"},{"lineNumber":19,"author":{"gitId":"-"},"content":"    exit 1","lastModifiedDate":"2020-05-25"},{"lineNumber":20,"author":{"gitId":"-"},"content":"fi","lastModifiedDate":"2020-05-25"},{"lineNumber":21,"author":{"gitId":"-"},"content":"","lastModifiedDate":"2020-05-25"},{"lineNumber":22,"author":{"gitId":"-"},"content":"# run the program, feed commands from input.txt file and redirect the output to the ACTUAL.TXT","lastModifiedDate":"2020-05-25"},{"lineNumber":23,"author":{"gitId":"onefangg"},"content":"java -classpath ../bin Karen \u003c input.txt \u003e ACTUAL.TXT","lastModifiedDate":"2022-01-19"},{"lineNumber":24,"author":{"gitId":"-"},"content":"","lastModifiedDate":"2020-05-25"},{"lineNumber":25,"author":{"gitId":"onefangg"},"content":"# cleanup - removing any writing","lastModifiedDate":"2022-01-23"},{"lineNumber":26,"author":{"gitId":"onefangg"},"content":"rm -rf data/","lastModifiedDate":"2022-01-23"},{"lineNumber":27,"author":{"gitId":"-"},"content":"","lastModifiedDate":"2022-01-23"},{"lineNumber":28,"author":{"gitId":"-"},"content":"# convert to UNIX format","lastModifiedDate":"2020-05-25"},{"lineNumber":29,"author":{"gitId":"-"},"content":"cp EXPECTED.TXT EXPECTED-UNIX.TXT","lastModifiedDate":"2020-05-25"},{"lineNumber":30,"author":{"gitId":"-"},"content":"dos2unix ACTUAL.TXT EXPECTED-UNIX.TXT","lastModifiedDate":"2020-05-25"},{"lineNumber":31,"author":{"gitId":"-"},"content":"","lastModifiedDate":"2020-05-25"},{"lineNumber":32,"author":{"gitId":"-"},"content":"# compare the output to the expected output","lastModifiedDate":"2020-05-25"},{"lineNumber":33,"author":{"gitId":"-"},"content":"diff ACTUAL.TXT EXPECTED-UNIX.TXT","lastModifiedDate":"2020-05-25"},{"lineNumber":34,"author":{"gitId":"-"},"content":"if [ $? -eq 0 ]","lastModifiedDate":"2020-05-25"},{"lineNumber":35,"author":{"gitId":"-"},"content":"then","lastModifiedDate":"2020-05-25"},{"lineNumber":36,"author":{"gitId":"-"},"content":"    echo \"Test result: PASSED\"","lastModifiedDate":"2020-05-25"},{"lineNumber":37,"author":{"gitId":"-"},"content":"    exit 0","lastModifiedDate":"2020-05-25"},{"lineNumber":38,"author":{"gitId":"-"},"content":"else","lastModifiedDate":"2020-05-25"},{"lineNumber":39,"author":{"gitId":"-"},"content":"    echo \"Test result: FAILED\"","lastModifiedDate":"2020-05-25"},{"lineNumber":40,"author":{"gitId":"-"},"content":"    exit 1","lastModifiedDate":"2020-05-25"},{"lineNumber":41,"author":{"gitId":"-"},"content":"fi","lastModifiedDate":"2020-05-25"}],"authorContributionMap":{"onefangg":3,"-":38}}]
