[{"path":"src/main/java/Duke.java","fileType":"java","lines":[{"lineNumber":1,"author":{"gitId":"joey-chance"},"content":"import java.util.LinkedList;","lastModifiedDate":"2022-01-20"},{"lineNumber":2,"author":{"gitId":"joey-chance"},"content":"import java.util.Scanner;","lastModifiedDate":"2022-01-20"},{"lineNumber":3,"author":{"gitId":"joey-chance"},"content":"","lastModifiedDate":"2022-01-20"},{"lineNumber":4,"author":{"gitId":"-"},"content":"public class Duke {","lastModifiedDate":"2019-07-29"},{"lineNumber":5,"author":{"gitId":"-"},"content":"    public static void main(String[] args) {","lastModifiedDate":"2019-07-29"},{"lineNumber":6,"author":{"gitId":"joey-chance"},"content":"","lastModifiedDate":"2022-01-20"},{"lineNumber":7,"author":{"gitId":"joey-chance"},"content":"        String logo \u003d","lastModifiedDate":"2022-01-20"},{"lineNumber":8,"author":{"gitId":"joey-chance"},"content":"                \" ------    -------    -------   ---        ---   ---------    -------\\n\" +","lastModifiedDate":"2022-01-20"},{"lineNumber":9,"author":{"gitId":"joey-chance"},"content":"                        \"|____  |  |   _   |  |   _   |  \\\\  \\\\      /  /  |___   ___|  |   ____|\\n\" +","lastModifiedDate":"2022-01-20"},{"lineNumber":10,"author":{"gitId":"joey-chance"},"content":"                        \"     | |  |  |_|  |  |  |_|  |   \\\\  \\\\    /  /       | |      |  |____ \\n\" +","lastModifiedDate":"2022-01-20"},{"lineNumber":11,"author":{"gitId":"joey-chance"},"content":"                        \" _   | |  |   _   |  |      _|    \\\\  \\\\  /  /        | |      |_____  |\\n\" +","lastModifiedDate":"2022-01-20"},{"lineNumber":12,"author":{"gitId":"joey-chance"},"content":"                        \"| |__| |  |  | |  |  |  |\\\\  \\\\      \\\\  \\\\/  /      ___| |___    ____|  |\\n\" +","lastModifiedDate":"2022-01-20"},{"lineNumber":13,"author":{"gitId":"joey-chance"},"content":"                        \"|______|  |__| |__|  |__| \\\\__\\\\      \\\\____/      |_________|  |_______|\\n\"","lastModifiedDate":"2022-01-20"},{"lineNumber":14,"author":{"gitId":"joey-chance"},"content":"                ;","lastModifiedDate":"2022-01-20"},{"lineNumber":15,"author":{"gitId":"joey-chance"},"content":"        System.out.println(\"Welcome home, sir.\\n\" + logo);","lastModifiedDate":"2022-01-20"},{"lineNumber":16,"author":{"gitId":"joey-chance"},"content":"        read();","lastModifiedDate":"2022-01-20"},{"lineNumber":17,"author":{"gitId":"-"},"content":"    }","lastModifiedDate":"2019-07-29"},{"lineNumber":18,"author":{"gitId":"joey-chance"},"content":"    public static void read() {","lastModifiedDate":"2022-01-20"},{"lineNumber":19,"author":{"gitId":"joey-chance"},"content":"        LinkedList\u003cString\u003e tasks \u003d new LinkedList\u003c\u003e();","lastModifiedDate":"2022-01-20"},{"lineNumber":20,"author":{"gitId":"joey-chance"},"content":"        String input;","lastModifiedDate":"2022-01-20"},{"lineNumber":21,"author":{"gitId":"joey-chance"},"content":"        Scanner sc \u003d new Scanner(System.in);","lastModifiedDate":"2022-01-20"},{"lineNumber":22,"author":{"gitId":"joey-chance"},"content":"        input \u003d sc.nextLine();","lastModifiedDate":"2022-01-20"},{"lineNumber":23,"author":{"gitId":"joey-chance"},"content":"        while (!input.equalsIgnoreCase(\"bye\")) {","lastModifiedDate":"2022-01-20"},{"lineNumber":24,"author":{"gitId":"joey-chance"},"content":"            System.out.println(\"___________________________________________________________\");","lastModifiedDate":"2022-01-20"},{"lineNumber":25,"author":{"gitId":"joey-chance"},"content":"            if (input.equalsIgnoreCase(\"list\")) {","lastModifiedDate":"2022-01-20"},{"lineNumber":26,"author":{"gitId":"joey-chance"},"content":"                for (int i \u003d 1; i \u003c\u003d tasks.size(); i++) {","lastModifiedDate":"2022-01-20"},{"lineNumber":27,"author":{"gitId":"joey-chance"},"content":"                    System.out.println(i + \". \" + tasks.get(i - 1));","lastModifiedDate":"2022-01-20"},{"lineNumber":28,"author":{"gitId":"joey-chance"},"content":"                }","lastModifiedDate":"2022-01-20"},{"lineNumber":29,"author":{"gitId":"joey-chance"},"content":"            } else {","lastModifiedDate":"2022-01-20"},{"lineNumber":30,"author":{"gitId":"joey-chance"},"content":"                tasks.add(input);","lastModifiedDate":"2022-01-20"},{"lineNumber":31,"author":{"gitId":"joey-chance"},"content":"                System.out.println(\"added: \" + input);","lastModifiedDate":"2022-01-20"},{"lineNumber":32,"author":{"gitId":"joey-chance"},"content":"            }","lastModifiedDate":"2022-01-20"},{"lineNumber":33,"author":{"gitId":"joey-chance"},"content":"            System.out.println(\"___________________________________________________________\");","lastModifiedDate":"2022-01-20"},{"lineNumber":34,"author":{"gitId":"joey-chance"},"content":"            input \u003d sc.nextLine();","lastModifiedDate":"2022-01-20"},{"lineNumber":35,"author":{"gitId":"-"},"content":"        }","lastModifiedDate":"2019-07-29"},{"lineNumber":36,"author":{"gitId":"joey-chance"},"content":"        System.out.println(\"___________________________________________________________\");","lastModifiedDate":"2022-01-20"},{"lineNumber":37,"author":{"gitId":"joey-chance"},"content":"        System.out.println(\"Good bye, sir.\");","lastModifiedDate":"2022-01-20"},{"lineNumber":38,"author":{"gitId":"joey-chance"},"content":"        System.out.println(\"___________________________________________________________\");","lastModifiedDate":"2022-01-20"},{"lineNumber":39,"author":{"gitId":"joey-chance"},"content":"        sc.close();","lastModifiedDate":"2022-01-20"},{"lineNumber":40,"author":{"gitId":"-"},"content":"    }","lastModifiedDate":"2022-01-20"},{"lineNumber":41,"author":{"gitId":"-"},"content":"}","lastModifiedDate":"2022-01-20"},{"lineNumber":42,"author":{"gitId":"joey-chance"},"content":"","lastModifiedDate":"2022-01-20"}],"authorContributionMap":{"-":6,"joey-chance":36}}]
