{"authorDailyContributionsMap":{"joey-chance":[{"date":"2022-01-20","commitResults":[{"hash":"2fc28cbefb99216f04ac5fe1befd63e738db2869","messageTitle":"level-1","messageBody":"","tags":["Level-1"],"fileTypesAndContributionMap":{"java":{"insertions":29,"deletions":6}}},{"hash":"13e8deb582632b9f490a1e83cbace1c845acce4e","messageTitle":"level-2","messageBody":"","tags":["Level-2"],"fileTypesAndContributionMap":{"java":{"insertions":12,"deletions":3}}},{"hash":"c7c7185b69386158adf43a9c2bff0a67daf8f31d","messageTitle":"level-3","messageBody":"","tags":["Level-3"],"fileTypesAndContributionMap":{"java":{"insertions":53,"deletions":10}}},{"hash":"21bed869948c478460cb3749a507d9f245073aa8","messageTitle":"level-4","messageBody":"","tags":["Level-4"],"fileTypesAndContributionMap":{"java":{"insertions":62,"deletions":3}}},{"hash":"59e09f0f8a010a7a280512aa56d7668505ddcb62","messageTitle":"Added Automated Text UI Testing","messageBody":"","tags":["A-TextUiTesting"],"fileTypesAndContributionMap":{"txt":{"insertions":9,"deletions":0}}},{"hash":"f28d456d8560ace0ca8664713aaf241fede94c9d","messageTitle":"level-5","messageBody":"","tags":["Level-5"],"fileTypesAndContributionMap":{"java":{"insertions":37,"deletions":13}}},{"hash":"7894ba6d07c0b7ad4038c22097a3f069cf986806","messageTitle":"Added remove function and handled more possible exceptions.","messageBody":"","tags":["Level-6"],"fileTypesAndContributionMap":{"java":{"insertions":34,"deletions":8}}}]},{"date":"2022-01-26","commitResults":[{"hash":"c907755dee0289c75521544017c6ed7927502062","messageTitle":"fix expected.txt","messageBody":"","tags":["A-TextUiTesting2"],"fileTypesAndContributionMap":{"txt":{"insertions":0,"deletions":0}}}]},{"date":"2022-01-28","commitResults":[{"hash":"6e45168849712f450d9dac8e81fd4ffa2d9db3f9","messageTitle":"level 7","messageBody":"","fileTypesAndContributionMap":{"txt":{"insertions":1,"deletions":0},"java":{"insertions":124,"deletions":61}}},{"hash":"2c8a0174c69f35473773a9064681b3d1574393c9","messageTitle":"level 8","messageBody":"","fileTypesAndContributionMap":{"java":{"insertions":10,"deletions":5}}},{"hash":"7d6f8dde0bf22244a1ebf453a15ba18a4a584511","messageTitle":"fix bugs","messageBody":"","fileTypesAndContributionMap":{"txt":{"insertions":3,"deletions":0},"java":{"insertions":97,"deletions":29}}}]},{"date":"2022-01-29","commitResults":[{"hash":"a2602778d80ce42f2d7d4db433c982652869eb46","messageTitle":"use more OOP","messageBody":"","tags":["A-MoreOOP"],"fileTypesAndContributionMap":{"txt":{"insertions":5,"deletions":3},"java":{"insertions":344,"deletions":228}}},{"hash":"480f7ab433aa3460783f2a0f1272e0d589802262","messageTitle":"organize into packages","messageBody":"","tags":["A-Packages"],"fileTypesAndContributionMap":{"java":{"insertions":20,"deletions":0}}}]},{"date":"2022-02-05","commitResults":[{"hash":"8a29f7406f62b9de3bd12639f2e7cc98d0f9e2ac","messageTitle":"add test for TaskList methods","messageBody":"","tags":["v0.1","A-JUnit"],"fileTypesAndContributionMap":{"txt":{"insertions":1,"deletions":0},"java":{"insertions":37,"deletions":4}}},{"hash":"afa8345c16d9770754516ae59b659f7d61ceb5af","messageTitle":"follow java coding standards","messageBody":"","fileTypesAndContributionMap":{"txt":{"insertions":0,"deletions":6},"java":{"insertions":120,"deletions":117}}},{"hash":"63454917144ab7b08d9a7408f53cd38ee4df35de","messageTitle":"add java docs","messageBody":"","fileTypesAndContributionMap":{"java":{"insertions":250,"deletions":8}}},{"hash":"3e4be5065e81da875bccb5173e7faf5a52f7c718","messageTitle":"add find method","messageBody":"","fileTypesAndContributionMap":{"java":{"insertions":31,"deletions":0}}}]},{"date":"2022-02-09","commitResults":[{"hash":"03293ebd1844d6de3d73f32262ba2d2e14d50645","messageTitle":"add gradle to project","messageBody":"","tags":["A-Gradle"],"fileTypesAndContributionMap":{"gradle":{"insertions":1,"deletions":0},"txt":{"insertions":0,"deletions":1}}},{"hash":"eebf117044fa6e7abd5fbb9a3354897c44cac948","messageTitle":"minor fixes as suggested by peers","messageBody":"","fileTypesAndContributionMap":{"gradle":{"insertions":1,"deletions":1},"txt":{"insertions":1,"deletions":2},"java":{"insertions":17,"deletions":16}}},{"hash":"e4466f946a90ec913efcce53b0e4197ede41e5c0","messageTitle":"minor fixes to gradle","messageBody":"","fileTypesAndContributionMap":{"gradle":{"insertions":2,"deletions":2},"txt":{"insertions":3,"deletions":0},"sh":{"insertions":74,"deletions":0}}},{"hash":"7bae2f0e3310f468e0901fab479e7cb6489c42be","messageTitle":"no message","messageBody":"","fileTypesAndContributionMap":{"gradle":{"insertions":1,"deletions":1}}},{"hash":"2ff6ec5369041c7b91c57fd8af376b6f1804e361","messageTitle":"add checkstyle","messageBody":"","tags":["A-CheckStyle"],"fileTypesAndContributionMap":{"java":{"insertions":1,"deletions":1}}}]}]},"authorFileTypeContributionMap":{"joey-chance":{"java":770,"md":0,"fxml":0,"sh":74,"bat":0,"gradle":3,"txt":13}},"authorContributionVariance":{"joey-chance":28037.408},"authorDisplayNameMap":{"joey-chance":"CS2103T-T11-1 JOEY..ANCE"}}
