{"authorDailyContributionsMap":{"lawwm":[{"date":"2022-01-14","commitResults":[{"hash":"ae97d62be73f8b40d58d22d9550018af47ed80e4","messageTitle":"Branch-level-9 Find","messageBody":"","tags":["Level-9"],"fileTypesAndContributionMap":{"java":{"insertions":131,"deletions":22}}}]},{"date":"2022-01-17","commitResults":[{"hash":"8edbfef8c29275896332a0dd9f6709b80afde4ad","messageTitle":"Added JavaDoc to program","messageBody":"","tags":["A-JavaDoc"],"fileTypesAndContributionMap":{"java":{"insertions":212,"deletions":5}}}]},{"date":"2022-01-19","commitResults":[{"hash":"213f327e8de3508b43c490f91b27ff767997e6da","messageTitle":"Applied coding standard changes","messageBody":"","tags":["A-CodingStandard"],"fileTypesAndContributionMap":{"java":{"insertions":45,"deletions":32}}}]},{"date":"2022-01-20","commitResults":[{"hash":"90daf8caea400d02d1d4cb5a8e20837eec97790b","messageTitle":"Altered runtest.bat to fit new changes","messageBody":"","tags":["A-TestUiTesting"],"fileTypesAndContributionMap":{"txt":{"insertions":9,"deletions":0},"bat":{"insertions":7,"deletions":1}}},{"hash":"59b0ac71cd20f64c505a41743ff26bdd24c5db9c","messageTitle":"Changed enum spacing","messageBody":"","tags":["A-Enums"],"fileTypesAndContributionMap":{"java":{"insertions":2,"deletions":1}}},{"hash":"2016dd94d40926026aef325aaa7c4372cefc4247","messageTitle":"Add complete text-ui-text to git","messageBody":"","fileTypesAndContributionMap":{"txt":{"insertions":11,"deletions":0}}}]}]},"authorFileTypeContributionMap":{"lawwm":{"java":396,"md":0,"fxml":0,"sh":0,"bat":7,"gradle":0,"txt":20}},"authorContributionVariance":{"lawwm":6392.4893},"authorDisplayNameMap":{"lawwm":"LAW ..MING"}}
