[{"path":"src/main/java/Deadline.java","fileType":"java","lines":[{"lineNumber":1,"author":{"gitId":"garethkoh"},"content":"class Deadline extends Task {","lastModifiedDate":"2022-01-25"},{"lineNumber":2,"author":{"gitId":"garethkoh"},"content":"","lastModifiedDate":"2022-01-20"},{"lineNumber":3,"author":{"gitId":"garethkoh"},"content":"    private final String dueDate;","lastModifiedDate":"2022-01-25"},{"lineNumber":4,"author":{"gitId":"garethkoh"},"content":"","lastModifiedDate":"2022-01-25"},{"lineNumber":5,"author":{"gitId":"garethkoh"},"content":"    public Deadline(String name, String dueDate) {","lastModifiedDate":"2022-01-25"},{"lineNumber":6,"author":{"gitId":"garethkoh"},"content":"        super(name);","lastModifiedDate":"2022-01-20"},{"lineNumber":7,"author":{"gitId":"garethkoh"},"content":"        this.dueDate \u003d dueDate;","lastModifiedDate":"2022-01-20"},{"lineNumber":8,"author":{"gitId":"garethkoh"},"content":"    }","lastModifiedDate":"2022-01-20"},{"lineNumber":9,"author":{"gitId":"garethkoh"},"content":"","lastModifiedDate":"2022-01-20"},{"lineNumber":10,"author":{"gitId":"garethkoh"},"content":"    @Override","lastModifiedDate":"2022-01-20"},{"lineNumber":11,"author":{"gitId":"garethkoh"},"content":"    public String toString() {","lastModifiedDate":"2022-01-25"},{"lineNumber":12,"author":{"gitId":"garethkoh"},"content":"        if (super.getStatus() \u003d\u003d 1) {","lastModifiedDate":"2022-01-20"},{"lineNumber":13,"author":{"gitId":"garethkoh"},"content":"            return \"[D][X] \" + super.getName() + \" (by: \" + dueDate + \")\\n\";","lastModifiedDate":"2022-01-20"},{"lineNumber":14,"author":{"gitId":"garethkoh"},"content":"        } else {","lastModifiedDate":"2022-01-20"},{"lineNumber":15,"author":{"gitId":"garethkoh"},"content":"            return \"[D][ ] \" + super.getName() + \" (by: \" + dueDate + \")\\n\";","lastModifiedDate":"2022-01-20"},{"lineNumber":16,"author":{"gitId":"garethkoh"},"content":"        }","lastModifiedDate":"2022-01-20"},{"lineNumber":17,"author":{"gitId":"garethkoh"},"content":"    }","lastModifiedDate":"2022-01-20"},{"lineNumber":18,"author":{"gitId":"garethkoh"},"content":"}","lastModifiedDate":"2022-01-20"}],"authorContributionMap":{"garethkoh":18}},{"path":"src/main/java/Duke.java","fileType":"java","lines":[{"lineNumber":1,"author":{"gitId":"garethkoh"},"content":"import java.util.NoSuchElementException;","lastModifiedDate":"2022-01-22"},{"lineNumber":2,"author":{"gitId":"garethkoh"},"content":"import java.util.Scanner;","lastModifiedDate":"2022-01-20"},{"lineNumber":3,"author":{"gitId":"garethkoh"},"content":"import java.util.ArrayList;","lastModifiedDate":"2022-01-20"},{"lineNumber":4,"author":{"gitId":"garethkoh"},"content":"","lastModifiedDate":"2022-01-20"},{"lineNumber":5,"author":{"gitId":"garethkoh"},"content":"class Duke {","lastModifiedDate":"2022-01-25"},{"lineNumber":6,"author":{"gitId":"garethkoh"},"content":"","lastModifiedDate":"2022-01-20"},{"lineNumber":7,"author":{"gitId":"garethkoh"},"content":"    static boolean isInteger(String input) {","lastModifiedDate":"2022-01-25"},{"lineNumber":8,"author":{"gitId":"garethkoh"},"content":"        try {","lastModifiedDate":"2022-01-20"},{"lineNumber":9,"author":{"gitId":"garethkoh"},"content":"            Integer.parseInt(input);","lastModifiedDate":"2022-01-20"},{"lineNumber":10,"author":{"gitId":"garethkoh"},"content":"            return true;","lastModifiedDate":"2022-01-20"},{"lineNumber":11,"author":{"gitId":"garethkoh"},"content":"        } catch (Exception e) {","lastModifiedDate":"2022-01-25"},{"lineNumber":12,"author":{"gitId":"garethkoh"},"content":"            return false;","lastModifiedDate":"2022-01-20"},{"lineNumber":13,"author":{"gitId":"garethkoh"},"content":"        }","lastModifiedDate":"2022-01-20"},{"lineNumber":14,"author":{"gitId":"garethkoh"},"content":"    }","lastModifiedDate":"2022-01-20"},{"lineNumber":15,"author":{"gitId":"garethkoh"},"content":"","lastModifiedDate":"2022-01-20"},{"lineNumber":16,"author":{"gitId":"-"},"content":"    public static void main(String[] args) {","lastModifiedDate":"2019-07-29"},{"lineNumber":17,"author":{"gitId":"garethkoh"},"content":"        Scanner sc \u003d new Scanner(System.in);","lastModifiedDate":"2022-01-20"},{"lineNumber":18,"author":{"gitId":"garethkoh"},"content":"        ArrayList\u003cTask\u003e toDoList \u003d new ArrayList\u003c\u003e();","lastModifiedDate":"2022-01-20"},{"lineNumber":19,"author":{"gitId":"garethkoh"},"content":"","lastModifiedDate":"2022-01-20"},{"lineNumber":20,"author":{"gitId":"garethkoh"},"content":"","lastModifiedDate":"2022-01-20"},{"lineNumber":21,"author":{"gitId":"-"},"content":"        String logo \u003d \" ____        _        \\n\"","lastModifiedDate":"2019-07-29"},{"lineNumber":22,"author":{"gitId":"-"},"content":"                + \"|  _ \\\\ _   _| | _____ \\n\"","lastModifiedDate":"2019-07-29"},{"lineNumber":23,"author":{"gitId":"-"},"content":"                + \"| | | | | | | |/ / _ \\\\\\n\"","lastModifiedDate":"2019-07-29"},{"lineNumber":24,"author":{"gitId":"-"},"content":"                + \"| |_| | |_| |   \u003c  __/\\n\"","lastModifiedDate":"2019-07-29"},{"lineNumber":25,"author":{"gitId":"-"},"content":"                + \"|____/ \\\\__,_|_|\\\\_\\\\___|\\n\";","lastModifiedDate":"2019-07-29"},{"lineNumber":26,"author":{"gitId":"-"},"content":"        System.out.println(\"Hello from\\n\" + logo);","lastModifiedDate":"2019-07-29"},{"lineNumber":27,"author":{"gitId":"garethkoh"},"content":"        System.out.println(\"enter a command\\n\" +","lastModifiedDate":"2022-01-22"},{"lineNumber":28,"author":{"gitId":"garethkoh"},"content":"                \"use command \u0027help\u0027 to see list of commands\");","lastModifiedDate":"2022-01-22"},{"lineNumber":29,"author":{"gitId":"garethkoh"},"content":"","lastModifiedDate":"2022-01-20"},{"lineNumber":30,"author":{"gitId":"garethkoh"},"content":"        String userInput \u003d sc.nextLine();","lastModifiedDate":"2022-01-20"},{"lineNumber":31,"author":{"gitId":"garethkoh"},"content":"        String[] split \u003d userInput.split(\" \");","lastModifiedDate":"2022-01-20"},{"lineNumber":32,"author":{"gitId":"garethkoh"},"content":"","lastModifiedDate":"2022-01-20"},{"lineNumber":33,"author":{"gitId":"garethkoh"},"content":"        while (!(userInput.equals(\"bye\"))) {","lastModifiedDate":"2022-01-25"},{"lineNumber":34,"author":{"gitId":"garethkoh"},"content":"            if (userInput.equals(\"list\")) {","lastModifiedDate":"2022-01-25"},{"lineNumber":35,"author":{"gitId":"garethkoh"},"content":"                for (int i \u003d 0; i \u003c toDoList.size(); i++) {","lastModifiedDate":"2022-01-25"},{"lineNumber":36,"author":{"gitId":"garethkoh"},"content":"                    Task t \u003d toDoList.get(i);","lastModifiedDate":"2022-01-20"},{"lineNumber":37,"author":{"gitId":"garethkoh"},"content":"                    System.out.printf(\"%d. \" + t.toString(), i + 1);","lastModifiedDate":"2022-01-20"},{"lineNumber":38,"author":{"gitId":"garethkoh"},"content":"                }","lastModifiedDate":"2022-01-20"},{"lineNumber":39,"author":{"gitId":"garethkoh"},"content":"            } else if (split[0].equals(\"help\")) {","lastModifiedDate":"2022-01-25"},{"lineNumber":40,"author":{"gitId":"garethkoh"},"content":"                System.out.println(\"try the following commands:\\n\"","lastModifiedDate":"2022-01-25"},{"lineNumber":41,"author":{"gitId":"garethkoh"},"content":"                        + \"   list (list out all tasks in your todo list)\\n\"","lastModifiedDate":"2022-01-25"},{"lineNumber":42,"author":{"gitId":"garethkoh"},"content":"                        + \"   todo \u003ctask\u003e (add a basic task to your todo list)\\n\"","lastModifiedDate":"2022-01-25"},{"lineNumber":43,"author":{"gitId":"garethkoh"},"content":"                        + \"   deadline \u003ctask\u003e /by \u003cdate\u003e (add a task with a deadline to your todo list)\\n\"","lastModifiedDate":"2022-01-25"},{"lineNumber":44,"author":{"gitId":"garethkoh"},"content":"                        + \"   event \u003ctask\u003e /at \u003cdate\u003e (add a new event with its corresponding date to your todo list)\\n\"","lastModifiedDate":"2022-01-25"},{"lineNumber":45,"author":{"gitId":"garethkoh"},"content":"                        + \"   mark \u003ctask index\u003e (mark that specific task as completed)\\n\"","lastModifiedDate":"2022-01-25"},{"lineNumber":46,"author":{"gitId":"garethkoh"},"content":"                        + \"   unmark \u003ctask index\u003e (remove mark from specific task)\\n\"","lastModifiedDate":"2022-01-25"},{"lineNumber":47,"author":{"gitId":"garethkoh"},"content":"                        + \"   delete \u003ctask index\u003e (remove task from todo list)\\n\"","lastModifiedDate":"2022-01-25"},{"lineNumber":48,"author":{"gitId":"garethkoh"},"content":"                        + \"   bye (close application)\");","lastModifiedDate":"2022-01-25"},{"lineNumber":49,"author":{"gitId":"garethkoh"},"content":"            } else if (split[0].equals(\"unmark\")) {","lastModifiedDate":"2022-01-25"},{"lineNumber":50,"author":{"gitId":"garethkoh"},"content":"                try {","lastModifiedDate":"2022-01-22"},{"lineNumber":51,"author":{"gitId":"garethkoh"},"content":"                    int item \u003d Integer.parseInt(split[1]);","lastModifiedDate":"2022-01-20"},{"lineNumber":52,"author":{"gitId":"garethkoh"},"content":"                    try {","lastModifiedDate":"2022-01-22"},{"lineNumber":53,"author":{"gitId":"garethkoh"},"content":"                        Task t \u003d toDoList.get(item - 1);","lastModifiedDate":"2022-01-20"},{"lineNumber":54,"author":{"gitId":"garethkoh"},"content":"                        t.unmark();","lastModifiedDate":"2022-01-20"},{"lineNumber":55,"author":{"gitId":"garethkoh"},"content":"                        System.out.printf(\"Boo! more work to do: %s\\n\", t.getName());","lastModifiedDate":"2022-01-20"},{"lineNumber":56,"author":{"gitId":"garethkoh"},"content":"                    } catch (IndexOutOfBoundsException e) {","lastModifiedDate":"2022-01-25"},{"lineNumber":57,"author":{"gitId":"garethkoh"},"content":"                        System.out.println((\"the index you have entered does not exist!\"));","lastModifiedDate":"2022-01-22"},{"lineNumber":58,"author":{"gitId":"garethkoh"},"content":"                    }","lastModifiedDate":"2022-01-22"},{"lineNumber":59,"author":{"gitId":"garethkoh"},"content":"                } catch (IndexOutOfBoundsException e) {","lastModifiedDate":"2022-01-25"},{"lineNumber":60,"author":{"gitId":"garethkoh"},"content":"                    System.out.println(\"unmark description cannot be empty!\");","lastModifiedDate":"2022-01-22"},{"lineNumber":61,"author":{"gitId":"garethkoh"},"content":"                } catch (NumberFormatException e) {","lastModifiedDate":"2022-01-25"},{"lineNumber":62,"author":{"gitId":"garethkoh"},"content":"                    System.out.println(\"unmark description must be an integer!\");","lastModifiedDate":"2022-01-22"},{"lineNumber":63,"author":{"gitId":"garethkoh"},"content":"                }","lastModifiedDate":"2022-01-22"},{"lineNumber":64,"author":{"gitId":"garethkoh"},"content":"","lastModifiedDate":"2022-01-22"},{"lineNumber":65,"author":{"gitId":"garethkoh"},"content":"","lastModifiedDate":"2022-01-22"},{"lineNumber":66,"author":{"gitId":"garethkoh"},"content":"            } else if (split[0].equals(\"mark\")) {","lastModifiedDate":"2022-01-25"},{"lineNumber":67,"author":{"gitId":"garethkoh"},"content":"                try {","lastModifiedDate":"2022-01-22"},{"lineNumber":68,"author":{"gitId":"garethkoh"},"content":"                    int item \u003d Integer.parseInt(split[1]);","lastModifiedDate":"2022-01-20"},{"lineNumber":69,"author":{"gitId":"garethkoh"},"content":"                    try {","lastModifiedDate":"2022-01-22"},{"lineNumber":70,"author":{"gitId":"garethkoh"},"content":"                        Task t \u003d toDoList.get(item - 1);","lastModifiedDate":"2022-01-20"},{"lineNumber":71,"author":{"gitId":"garethkoh"},"content":"                        t.mark();","lastModifiedDate":"2022-01-20"},{"lineNumber":72,"author":{"gitId":"garethkoh"},"content":"                        System.out.printf(\"great job! I\u0027ve marked this task as done: %s\\n\", t.getName());","lastModifiedDate":"2022-01-20"},{"lineNumber":73,"author":{"gitId":"garethkoh"},"content":"                    } catch (IndexOutOfBoundsException e) {","lastModifiedDate":"2022-01-25"},{"lineNumber":74,"author":{"gitId":"garethkoh"},"content":"                        System.out.println((\"the index you have entered does not exist!\"));","lastModifiedDate":"2022-01-22"},{"lineNumber":75,"author":{"gitId":"garethkoh"},"content":"                    }","lastModifiedDate":"2022-01-22"},{"lineNumber":76,"author":{"gitId":"garethkoh"},"content":"                } catch (IndexOutOfBoundsException e) {","lastModifiedDate":"2022-01-25"},{"lineNumber":77,"author":{"gitId":"garethkoh"},"content":"                    System.out.println(\"mark description cannot be empty!\");","lastModifiedDate":"2022-01-22"},{"lineNumber":78,"author":{"gitId":"garethkoh"},"content":"                } catch (NumberFormatException e) {","lastModifiedDate":"2022-01-25"},{"lineNumber":79,"author":{"gitId":"garethkoh"},"content":"                    System.out.println(\"mark description must be an integer!\");","lastModifiedDate":"2022-01-22"},{"lineNumber":80,"author":{"gitId":"garethkoh"},"content":"                }","lastModifiedDate":"2022-01-22"},{"lineNumber":81,"author":{"gitId":"garethkoh"},"content":"","lastModifiedDate":"2022-01-22"},{"lineNumber":82,"author":{"gitId":"garethkoh"},"content":"            } else if (split[0].equals(\"todo\")) {","lastModifiedDate":"2022-01-25"},{"lineNumber":83,"author":{"gitId":"garethkoh"},"content":"                try {","lastModifiedDate":"2022-01-22"},{"lineNumber":84,"author":{"gitId":"garethkoh"},"content":"                    String check \u003d split[1];","lastModifiedDate":"2022-01-22"},{"lineNumber":85,"author":{"gitId":"garethkoh"},"content":"                    String name \u003d userInput.substring(5);","lastModifiedDate":"2022-01-20"},{"lineNumber":86,"author":{"gitId":"garethkoh"},"content":"                    ToDo t \u003d new ToDo(name);","lastModifiedDate":"2022-01-20"},{"lineNumber":87,"author":{"gitId":"garethkoh"},"content":"                    toDoList.add(t);","lastModifiedDate":"2022-01-20"},{"lineNumber":88,"author":{"gitId":"garethkoh"},"content":"                    System.out.printf(\"task added:\\n%s\", t);","lastModifiedDate":"2022-01-20"},{"lineNumber":89,"author":{"gitId":"garethkoh"},"content":"                    System.out.printf(\"you now have %d tasks\\n\", toDoList.size());","lastModifiedDate":"2022-01-20"},{"lineNumber":90,"author":{"gitId":"garethkoh"},"content":"                } catch (Exception e) {","lastModifiedDate":"2022-01-25"},{"lineNumber":91,"author":{"gitId":"garethkoh"},"content":"                    System.out.println(\"the description of a todo cannot be empty!\");","lastModifiedDate":"2022-01-22"},{"lineNumber":92,"author":{"gitId":"garethkoh"},"content":"                }","lastModifiedDate":"2022-01-22"},{"lineNumber":93,"author":{"gitId":"garethkoh"},"content":"            } else if (split[0].equals(\"deadline\")) {","lastModifiedDate":"2022-01-25"},{"lineNumber":94,"author":{"gitId":"garethkoh"},"content":"                try {","lastModifiedDate":"2022-01-22"},{"lineNumber":95,"author":{"gitId":"garethkoh"},"content":"                    String check \u003d split[1];","lastModifiedDate":"2022-01-22"},{"lineNumber":96,"author":{"gitId":"garethkoh"},"content":"                    try {","lastModifiedDate":"2022-01-22"},{"lineNumber":97,"author":{"gitId":"garethkoh"},"content":"                        String item \u003d userInput.substring(9);","lastModifiedDate":"2022-01-20"},{"lineNumber":98,"author":{"gitId":"garethkoh"},"content":"                        String[] divide \u003d item.split(\"/\");","lastModifiedDate":"2022-01-20"},{"lineNumber":99,"author":{"gitId":"garethkoh"},"content":"                        String name \u003d divide[0];","lastModifiedDate":"2022-01-20"},{"lineNumber":100,"author":{"gitId":"garethkoh"},"content":"                        String dueDate \u003d divide[1];","lastModifiedDate":"2022-01-20"},{"lineNumber":101,"author":{"gitId":"garethkoh"},"content":"                        Deadline d \u003d new Deadline(name, dueDate.substring(3));","lastModifiedDate":"2022-01-20"},{"lineNumber":102,"author":{"gitId":"garethkoh"},"content":"                        toDoList.add(d);","lastModifiedDate":"2022-01-20"},{"lineNumber":103,"author":{"gitId":"garethkoh"},"content":"                        System.out.printf(\"task added:\\n%s\", d);","lastModifiedDate":"2022-01-25"},{"lineNumber":104,"author":{"gitId":"garethkoh"},"content":"                        System.out.printf(\"you now have %d tasks\\n\", toDoList.size());","lastModifiedDate":"2022-01-20"},{"lineNumber":105,"author":{"gitId":"garethkoh"},"content":"                    } catch (IndexOutOfBoundsException e) {","lastModifiedDate":"2022-01-25"},{"lineNumber":106,"author":{"gitId":"garethkoh"},"content":"                        System.out.println(\"deadline description must contain a date!\");","lastModifiedDate":"2022-01-22"},{"lineNumber":107,"author":{"gitId":"garethkoh"},"content":"                    }","lastModifiedDate":"2022-01-22"},{"lineNumber":108,"author":{"gitId":"garethkoh"},"content":"","lastModifiedDate":"2022-01-22"},{"lineNumber":109,"author":{"gitId":"garethkoh"},"content":"                } catch (IndexOutOfBoundsException e) {","lastModifiedDate":"2022-01-25"},{"lineNumber":110,"author":{"gitId":"garethkoh"},"content":"                    System.out.println(\"deadline description cannot be empty!\");","lastModifiedDate":"2022-01-22"},{"lineNumber":111,"author":{"gitId":"garethkoh"},"content":"                }","lastModifiedDate":"2022-01-22"},{"lineNumber":112,"author":{"gitId":"garethkoh"},"content":"","lastModifiedDate":"2022-01-22"},{"lineNumber":113,"author":{"gitId":"garethkoh"},"content":"","lastModifiedDate":"2022-01-20"},{"lineNumber":114,"author":{"gitId":"garethkoh"},"content":"            } else if (split[0].equals(\"event\")) {","lastModifiedDate":"2022-01-25"},{"lineNumber":115,"author":{"gitId":"garethkoh"},"content":"                try {","lastModifiedDate":"2022-01-22"},{"lineNumber":116,"author":{"gitId":"garethkoh"},"content":"                    String check \u003d split[1];","lastModifiedDate":"2022-01-22"},{"lineNumber":117,"author":{"gitId":"garethkoh"},"content":"                    try {","lastModifiedDate":"2022-01-22"},{"lineNumber":118,"author":{"gitId":"garethkoh"},"content":"                        String item \u003d userInput.substring(6);","lastModifiedDate":"2022-01-20"},{"lineNumber":119,"author":{"gitId":"garethkoh"},"content":"                        String[] divide \u003d item.split(\"/\");","lastModifiedDate":"2022-01-20"},{"lineNumber":120,"author":{"gitId":"garethkoh"},"content":"                        String name \u003d divide[0];","lastModifiedDate":"2022-01-20"},{"lineNumber":121,"author":{"gitId":"garethkoh"},"content":"                        String time \u003d divide[1];","lastModifiedDate":"2022-01-20"},{"lineNumber":122,"author":{"gitId":"garethkoh"},"content":"                        Event e \u003d new Event(name, time.substring(3));","lastModifiedDate":"2022-01-20"},{"lineNumber":123,"author":{"gitId":"garethkoh"},"content":"                        toDoList.add(e);","lastModifiedDate":"2022-01-20"},{"lineNumber":124,"author":{"gitId":"garethkoh"},"content":"                        System.out.printf(\"task added:\\n%s\", e);","lastModifiedDate":"2022-01-25"},{"lineNumber":125,"author":{"gitId":"garethkoh"},"content":"                        System.out.printf(\"you now have %d tasks\\n\", toDoList.size());","lastModifiedDate":"2022-01-20"},{"lineNumber":126,"author":{"gitId":"garethkoh"},"content":"                    } catch (IndexOutOfBoundsException e) {","lastModifiedDate":"2022-01-25"},{"lineNumber":127,"author":{"gitId":"garethkoh"},"content":"                        System.out.println(\"event description must contain a date!\");","lastModifiedDate":"2022-01-22"},{"lineNumber":128,"author":{"gitId":"garethkoh"},"content":"                    }","lastModifiedDate":"2022-01-22"},{"lineNumber":129,"author":{"gitId":"garethkoh"},"content":"                } catch (IndexOutOfBoundsException e) {","lastModifiedDate":"2022-01-25"},{"lineNumber":130,"author":{"gitId":"garethkoh"},"content":"                    System.out.println(\"event description cannot be empty!\");","lastModifiedDate":"2022-01-22"},{"lineNumber":131,"author":{"gitId":"garethkoh"},"content":"                }","lastModifiedDate":"2022-01-22"},{"lineNumber":132,"author":{"gitId":"garethkoh"},"content":"","lastModifiedDate":"2022-01-22"},{"lineNumber":133,"author":{"gitId":"garethkoh"},"content":"            } else if (split[0].equals(\"delete\")) {","lastModifiedDate":"2022-01-25"},{"lineNumber":134,"author":{"gitId":"garethkoh"},"content":"                try {","lastModifiedDate":"2022-01-22"},{"lineNumber":135,"author":{"gitId":"garethkoh"},"content":"                    int toDelete \u003d Integer.parseInt(split[1]);","lastModifiedDate":"2022-01-20"},{"lineNumber":136,"author":{"gitId":"garethkoh"},"content":"                    try {","lastModifiedDate":"2022-01-22"},{"lineNumber":137,"author":{"gitId":"garethkoh"},"content":"                        Task t \u003d toDoList.get(toDelete - 1);","lastModifiedDate":"2022-01-20"},{"lineNumber":138,"author":{"gitId":"garethkoh"},"content":"                        toDoList.remove(toDelete - 1);","lastModifiedDate":"2022-01-20"},{"lineNumber":139,"author":{"gitId":"garethkoh"},"content":"                        System.out.printf(\"task removed:\\n%s\", t.toString());","lastModifiedDate":"2022-01-20"},{"lineNumber":140,"author":{"gitId":"garethkoh"},"content":"                        System.out.printf(\"you now have %d tasks\\n\", toDoList.size());","lastModifiedDate":"2022-01-20"},{"lineNumber":141,"author":{"gitId":"garethkoh"},"content":"                    } catch (IndexOutOfBoundsException e) {","lastModifiedDate":"2022-01-25"},{"lineNumber":142,"author":{"gitId":"garethkoh"},"content":"                        System.out.println((\"the index you have entered does not exist!\"));","lastModifiedDate":"2022-01-22"},{"lineNumber":143,"author":{"gitId":"garethkoh"},"content":"                    }","lastModifiedDate":"2022-01-22"},{"lineNumber":144,"author":{"gitId":"garethkoh"},"content":"                } catch (IndexOutOfBoundsException e) {","lastModifiedDate":"2022-01-25"},{"lineNumber":145,"author":{"gitId":"garethkoh"},"content":"                    System.out.println(\"delete description cannot be empty!\");","lastModifiedDate":"2022-01-22"},{"lineNumber":146,"author":{"gitId":"garethkoh"},"content":"                } catch (NumberFormatException e) {","lastModifiedDate":"2022-01-25"},{"lineNumber":147,"author":{"gitId":"garethkoh"},"content":"                    System.out.println(\"delete description must be an integer!\");","lastModifiedDate":"2022-01-22"},{"lineNumber":148,"author":{"gitId":"garethkoh"},"content":"                }","lastModifiedDate":"2022-01-22"},{"lineNumber":149,"author":{"gitId":"garethkoh"},"content":"","lastModifiedDate":"2022-01-22"},{"lineNumber":150,"author":{"gitId":"garethkoh"},"content":"","lastModifiedDate":"2022-01-22"},{"lineNumber":151,"author":{"gitId":"garethkoh"},"content":"            } else {","lastModifiedDate":"2022-01-25"},{"lineNumber":152,"author":{"gitId":"garethkoh"},"content":"                System.out.println(\"invalid command! try \u0027help\u0027 for list of commands\");","lastModifiedDate":"2022-01-22"},{"lineNumber":153,"author":{"gitId":"garethkoh"},"content":"            }","lastModifiedDate":"2022-01-20"},{"lineNumber":154,"author":{"gitId":"garethkoh"},"content":"            userInput \u003d sc.nextLine();","lastModifiedDate":"2022-01-20"},{"lineNumber":155,"author":{"gitId":"garethkoh"},"content":"            split \u003d userInput.split(\" \");","lastModifiedDate":"2022-01-20"},{"lineNumber":156,"author":{"gitId":"garethkoh"},"content":"        }","lastModifiedDate":"2022-01-20"},{"lineNumber":157,"author":{"gitId":"garethkoh"},"content":"        System.out.println(\"goodbye!\");","lastModifiedDate":"2022-01-22"},{"lineNumber":158,"author":{"gitId":"garethkoh"},"content":"        sc.close();","lastModifiedDate":"2022-01-22"},{"lineNumber":159,"author":{"gitId":"-"},"content":"    }","lastModifiedDate":"2019-07-29"},{"lineNumber":160,"author":{"gitId":"garethkoh"},"content":"","lastModifiedDate":"2022-01-20"},{"lineNumber":161,"author":{"gitId":"garethkoh"},"content":"","lastModifiedDate":"2022-01-20"},{"lineNumber":162,"author":{"gitId":"-"},"content":"}","lastModifiedDate":"2022-01-20"},{"lineNumber":163,"author":{"gitId":"garethkoh"},"content":"","lastModifiedDate":"2022-01-20"}],"authorContributionMap":{"garethkoh":154,"-":9}},{"path":"src/main/java/Event.java","fileType":"java","lines":[{"lineNumber":1,"author":{"gitId":"garethkoh"},"content":"class Event extends Task {","lastModifiedDate":"2022-01-25"},{"lineNumber":2,"author":{"gitId":"garethkoh"},"content":"","lastModifiedDate":"2022-01-20"},{"lineNumber":3,"author":{"gitId":"garethkoh"},"content":"    private final String time;","lastModifiedDate":"2022-01-25"},{"lineNumber":4,"author":{"gitId":"garethkoh"},"content":"","lastModifiedDate":"2022-01-25"},{"lineNumber":5,"author":{"gitId":"garethkoh"},"content":"    public Event(String name, String time) {","lastModifiedDate":"2022-01-25"},{"lineNumber":6,"author":{"gitId":"garethkoh"},"content":"        super(name);","lastModifiedDate":"2022-01-20"},{"lineNumber":7,"author":{"gitId":"garethkoh"},"content":"        this.time \u003d time;","lastModifiedDate":"2022-01-20"},{"lineNumber":8,"author":{"gitId":"garethkoh"},"content":"    }","lastModifiedDate":"2022-01-20"},{"lineNumber":9,"author":{"gitId":"garethkoh"},"content":"","lastModifiedDate":"2022-01-20"},{"lineNumber":10,"author":{"gitId":"garethkoh"},"content":"    @Override","lastModifiedDate":"2022-01-20"},{"lineNumber":11,"author":{"gitId":"garethkoh"},"content":"    public String toString() {","lastModifiedDate":"2022-01-25"},{"lineNumber":12,"author":{"gitId":"garethkoh"},"content":"        if (super.getStatus() \u003d\u003d 1) {","lastModifiedDate":"2022-01-20"},{"lineNumber":13,"author":{"gitId":"garethkoh"},"content":"            return \"[E][X] \" + super.getName() + \" (at: \" + time + \")\\n\";","lastModifiedDate":"2022-01-20"},{"lineNumber":14,"author":{"gitId":"garethkoh"},"content":"        } else {","lastModifiedDate":"2022-01-20"},{"lineNumber":15,"author":{"gitId":"garethkoh"},"content":"            return \"[E][ ] \" + super.getName() + \" (at: \" + time + \")\\n\";","lastModifiedDate":"2022-01-20"},{"lineNumber":16,"author":{"gitId":"garethkoh"},"content":"        }","lastModifiedDate":"2022-01-20"},{"lineNumber":17,"author":{"gitId":"garethkoh"},"content":"    }","lastModifiedDate":"2022-01-20"},{"lineNumber":18,"author":{"gitId":"garethkoh"},"content":"}","lastModifiedDate":"2022-01-20"}],"authorContributionMap":{"garethkoh":18}},{"path":"src/main/java/Task.java","fileType":"java","lines":[{"lineNumber":1,"author":{"gitId":"garethkoh"},"content":"class Task {","lastModifiedDate":"2022-01-25"},{"lineNumber":2,"author":{"gitId":"garethkoh"},"content":"","lastModifiedDate":"2022-01-25"},{"lineNumber":3,"author":{"gitId":"garethkoh"},"content":"    private int status; // 1 indicates done and 0 indicates not done","lastModifiedDate":"2022-01-20"},{"lineNumber":4,"author":{"gitId":"garethkoh"},"content":"    private final String name;","lastModifiedDate":"2022-01-25"},{"lineNumber":5,"author":{"gitId":"garethkoh"},"content":"","lastModifiedDate":"2022-01-20"},{"lineNumber":6,"author":{"gitId":"garethkoh"},"content":"    public Task(String name) {","lastModifiedDate":"2022-01-25"},{"lineNumber":7,"author":{"gitId":"garethkoh"},"content":"        this.status \u003d 0;","lastModifiedDate":"2022-01-20"},{"lineNumber":8,"author":{"gitId":"garethkoh"},"content":"        this.name \u003d name;","lastModifiedDate":"2022-01-20"},{"lineNumber":9,"author":{"gitId":"garethkoh"},"content":"    }","lastModifiedDate":"2022-01-20"},{"lineNumber":10,"author":{"gitId":"garethkoh"},"content":"","lastModifiedDate":"2022-01-20"},{"lineNumber":11,"author":{"gitId":"garethkoh"},"content":"    public int getStatus() {","lastModifiedDate":"2022-01-25"},{"lineNumber":12,"author":{"gitId":"garethkoh"},"content":"        return status;","lastModifiedDate":"2022-01-20"},{"lineNumber":13,"author":{"gitId":"garethkoh"},"content":"    }","lastModifiedDate":"2022-01-20"},{"lineNumber":14,"author":{"gitId":"garethkoh"},"content":"","lastModifiedDate":"2022-01-20"},{"lineNumber":15,"author":{"gitId":"garethkoh"},"content":"    public String getName() {","lastModifiedDate":"2022-01-25"},{"lineNumber":16,"author":{"gitId":"garethkoh"},"content":"        return name;","lastModifiedDate":"2022-01-20"},{"lineNumber":17,"author":{"gitId":"garethkoh"},"content":"    }","lastModifiedDate":"2022-01-20"},{"lineNumber":18,"author":{"gitId":"garethkoh"},"content":"","lastModifiedDate":"2022-01-20"},{"lineNumber":19,"author":{"gitId":"garethkoh"},"content":"    public void mark() {","lastModifiedDate":"2022-01-25"},{"lineNumber":20,"author":{"gitId":"garethkoh"},"content":"        this.status \u003d 1;","lastModifiedDate":"2022-01-20"},{"lineNumber":21,"author":{"gitId":"garethkoh"},"content":"    }","lastModifiedDate":"2022-01-20"},{"lineNumber":22,"author":{"gitId":"garethkoh"},"content":"","lastModifiedDate":"2022-01-20"},{"lineNumber":23,"author":{"gitId":"garethkoh"},"content":"    public void unmark() {","lastModifiedDate":"2022-01-25"},{"lineNumber":24,"author":{"gitId":"garethkoh"},"content":"        this.status \u003d 0;","lastModifiedDate":"2022-01-20"},{"lineNumber":25,"author":{"gitId":"garethkoh"},"content":"    }","lastModifiedDate":"2022-01-20"},{"lineNumber":26,"author":{"gitId":"garethkoh"},"content":"","lastModifiedDate":"2022-01-20"},{"lineNumber":27,"author":{"gitId":"garethkoh"},"content":"    @Override","lastModifiedDate":"2022-01-20"},{"lineNumber":28,"author":{"gitId":"garethkoh"},"content":"    public String toString() {","lastModifiedDate":"2022-01-25"},{"lineNumber":29,"author":{"gitId":"garethkoh"},"content":"        if (status \u003d\u003d 1) {","lastModifiedDate":"2022-01-20"},{"lineNumber":30,"author":{"gitId":"garethkoh"},"content":"            return \"[X] \" + name + \"\\n\";","lastModifiedDate":"2022-01-20"},{"lineNumber":31,"author":{"gitId":"garethkoh"},"content":"        } else {","lastModifiedDate":"2022-01-20"},{"lineNumber":32,"author":{"gitId":"garethkoh"},"content":"            return \"[ ] \" + name + \"\\n\";","lastModifiedDate":"2022-01-20"},{"lineNumber":33,"author":{"gitId":"garethkoh"},"content":"        }","lastModifiedDate":"2022-01-20"},{"lineNumber":34,"author":{"gitId":"garethkoh"},"content":"    }","lastModifiedDate":"2022-01-20"},{"lineNumber":35,"author":{"gitId":"garethkoh"},"content":"}","lastModifiedDate":"2022-01-20"}],"authorContributionMap":{"garethkoh":35}},{"path":"src/main/java/ToDo.java","fileType":"java","lines":[{"lineNumber":1,"author":{"gitId":"garethkoh"},"content":"class ToDo extends Task {","lastModifiedDate":"2022-01-25"},{"lineNumber":2,"author":{"gitId":"garethkoh"},"content":"","lastModifiedDate":"2022-01-25"},{"lineNumber":3,"author":{"gitId":"garethkoh"},"content":"    public ToDo(String name) {","lastModifiedDate":"2022-01-25"},{"lineNumber":4,"author":{"gitId":"garethkoh"},"content":"        super(name);","lastModifiedDate":"2022-01-20"},{"lineNumber":5,"author":{"gitId":"garethkoh"},"content":"    }","lastModifiedDate":"2022-01-20"},{"lineNumber":6,"author":{"gitId":"garethkoh"},"content":"","lastModifiedDate":"2022-01-20"},{"lineNumber":7,"author":{"gitId":"garethkoh"},"content":"    @Override","lastModifiedDate":"2022-01-20"},{"lineNumber":8,"author":{"gitId":"garethkoh"},"content":"    public String toString() {","lastModifiedDate":"2022-01-25"},{"lineNumber":9,"author":{"gitId":"garethkoh"},"content":"        if (super.getStatus() \u003d\u003d 1) {","lastModifiedDate":"2022-01-20"},{"lineNumber":10,"author":{"gitId":"garethkoh"},"content":"            return \"[T][X] \" + super.getName() + \"\\n\";","lastModifiedDate":"2022-01-20"},{"lineNumber":11,"author":{"gitId":"garethkoh"},"content":"        } else {","lastModifiedDate":"2022-01-20"},{"lineNumber":12,"author":{"gitId":"garethkoh"},"content":"            return \"[T][ ] \" + super.getName() + \"\\n\";","lastModifiedDate":"2022-01-20"},{"lineNumber":13,"author":{"gitId":"garethkoh"},"content":"        }","lastModifiedDate":"2022-01-20"},{"lineNumber":14,"author":{"gitId":"garethkoh"},"content":"    }","lastModifiedDate":"2022-01-20"},{"lineNumber":15,"author":{"gitId":"garethkoh"},"content":"}","lastModifiedDate":"2022-01-20"}],"authorContributionMap":{"garethkoh":15}},{"path":"text-ui-test/input.txt","fileType":"txt","lines":[{"lineNumber":1,"author":{"gitId":"garethkoh"},"content":"todo buy groceries","lastModifiedDate":"2022-01-22"},{"lineNumber":2,"author":{"gitId":"garethkoh"},"content":"deadline homework /by friday","lastModifiedDate":"2022-01-22"},{"lineNumber":3,"author":{"gitId":"garethkoh"},"content":"event bday party /at 4pm","lastModifiedDate":"2022-01-22"},{"lineNumber":4,"author":{"gitId":"garethkoh"},"content":"mark 1","lastModifiedDate":"2022-01-22"},{"lineNumber":5,"author":{"gitId":"garethkoh"},"content":"list","lastModifiedDate":"2022-01-22"},{"lineNumber":6,"author":{"gitId":"garethkoh"},"content":"mark 3","lastModifiedDate":"2022-01-22"},{"lineNumber":7,"author":{"gitId":"garethkoh"},"content":"list","lastModifiedDate":"2022-01-22"},{"lineNumber":8,"author":{"gitId":"garethkoh"},"content":"unmark 1","lastModifiedDate":"2022-01-22"},{"lineNumber":9,"author":{"gitId":"garethkoh"},"content":"list","lastModifiedDate":"2022-01-22"},{"lineNumber":10,"author":{"gitId":"garethkoh"},"content":"delete 3","lastModifiedDate":"2022-01-22"},{"lineNumber":11,"author":{"gitId":"garethkoh"},"content":"list","lastModifiedDate":"2022-01-22"},{"lineNumber":12,"author":{"gitId":"garethkoh"},"content":"mark 2","lastModifiedDate":"2022-01-22"},{"lineNumber":13,"author":{"gitId":"garethkoh"},"content":"bye","lastModifiedDate":"2022-01-22"}],"authorContributionMap":{"garethkoh":13}},{"path":"text-ui-test/runtest.sh","fileType":"sh","lines":[{"lineNumber":1,"author":{"gitId":"-"},"content":"#!/usr/bin/env bash","lastModifiedDate":"2020-05-25"},{"lineNumber":2,"author":{"gitId":"-"},"content":"","lastModifiedDate":"2020-05-25"},{"lineNumber":3,"author":{"gitId":"-"},"content":"# create bin directory if it doesn\u0027t exist","lastModifiedDate":"2020-05-25"},{"lineNumber":4,"author":{"gitId":"-"},"content":"if [ ! -d \"../bin\" ]","lastModifiedDate":"2020-05-25"},{"lineNumber":5,"author":{"gitId":"-"},"content":"then","lastModifiedDate":"2020-05-25"},{"lineNumber":6,"author":{"gitId":"-"},"content":"    mkdir ../bin","lastModifiedDate":"2020-05-25"},{"lineNumber":7,"author":{"gitId":"-"},"content":"fi","lastModifiedDate":"2020-05-25"},{"lineNumber":8,"author":{"gitId":"-"},"content":"","lastModifiedDate":"2020-05-25"},{"lineNumber":9,"author":{"gitId":"-"},"content":"# delete output from previous run","lastModifiedDate":"2020-05-25"},{"lineNumber":10,"author":{"gitId":"-"},"content":"if [ -e \"./ACTUAL.TXT\" ]","lastModifiedDate":"2020-05-25"},{"lineNumber":11,"author":{"gitId":"-"},"content":"then","lastModifiedDate":"2020-05-25"},{"lineNumber":12,"author":{"gitId":"-"},"content":"    rm ACTUAL.TXT","lastModifiedDate":"2020-05-25"},{"lineNumber":13,"author":{"gitId":"-"},"content":"fi","lastModifiedDate":"2020-05-25"},{"lineNumber":14,"author":{"gitId":"-"},"content":"","lastModifiedDate":"2020-05-25"},{"lineNumber":15,"author":{"gitId":"-"},"content":"# compile the code into the bin folder, terminates if error occurred","lastModifiedDate":"2020-05-25"},{"lineNumber":16,"author":{"gitId":"-"},"content":"if ! javac -cp ../src/main/java -Xlint:none -d ../bin ../src/main/java/*.java","lastModifiedDate":"2020-08-25"},{"lineNumber":17,"author":{"gitId":"-"},"content":"then","lastModifiedDate":"2020-05-25"},{"lineNumber":18,"author":{"gitId":"-"},"content":"    echo \"********** BUILD FAILURE **********\"","lastModifiedDate":"2020-05-25"},{"lineNumber":19,"author":{"gitId":"-"},"content":"    exit 1","lastModifiedDate":"2020-05-25"},{"lineNumber":20,"author":{"gitId":"-"},"content":"fi","lastModifiedDate":"2020-05-25"},{"lineNumber":21,"author":{"gitId":"-"},"content":"","lastModifiedDate":"2020-05-25"},{"lineNumber":22,"author":{"gitId":"-"},"content":"# run the program, feed commands from input.txt file and redirect the output to the ACTUAL.TXT","lastModifiedDate":"2020-05-25"},{"lineNumber":23,"author":{"gitId":"-"},"content":"java -classpath ../bin Duke \u003c input.txt \u003e ACTUAL.TXT","lastModifiedDate":"2020-05-25"},{"lineNumber":24,"author":{"gitId":"-"},"content":"","lastModifiedDate":"2020-05-25"},{"lineNumber":25,"author":{"gitId":"garethkoh"},"content":"## convert to UNIX format","lastModifiedDate":"2022-01-22"},{"lineNumber":26,"author":{"gitId":"-"},"content":"cp EXPECTED.TXT EXPECTED-UNIX.TXT","lastModifiedDate":"2020-05-25"},{"lineNumber":27,"author":{"gitId":"-"},"content":"dos2unix ACTUAL.TXT EXPECTED-UNIX.TXT","lastModifiedDate":"2020-05-25"},{"lineNumber":28,"author":{"gitId":"-"},"content":"","lastModifiedDate":"2020-05-25"},{"lineNumber":29,"author":{"gitId":"-"},"content":"# compare the output to the expected output","lastModifiedDate":"2020-05-25"},{"lineNumber":30,"author":{"gitId":"garethkoh"},"content":"diff -b -B ACTUAL.TXT EXPECTED-UNIX.TXT","lastModifiedDate":"2022-01-22"},{"lineNumber":31,"author":{"gitId":"-"},"content":"if [ $? -eq 0 ]","lastModifiedDate":"2020-05-25"},{"lineNumber":32,"author":{"gitId":"-"},"content":"then","lastModifiedDate":"2020-05-25"},{"lineNumber":33,"author":{"gitId":"-"},"content":"    echo \"Test result: PASSED\"","lastModifiedDate":"2020-05-25"},{"lineNumber":34,"author":{"gitId":"-"},"content":"    exit 0","lastModifiedDate":"2020-05-25"},{"lineNumber":35,"author":{"gitId":"-"},"content":"else","lastModifiedDate":"2020-05-25"},{"lineNumber":36,"author":{"gitId":"-"},"content":"    echo \"Test result: FAILED\"","lastModifiedDate":"2020-05-25"},{"lineNumber":37,"author":{"gitId":"-"},"content":"    exit 1","lastModifiedDate":"2020-05-25"},{"lineNumber":38,"author":{"gitId":"-"},"content":"fi","lastModifiedDate":"2020-05-25"}],"authorContributionMap":{"-":36,"garethkoh":2}}]
