{"authorDailyContributionsMap":{"garethkoh":[{"date":"2022-01-20","commitResults":[{"hash":"352dd76aa6aa4ae6a55f462a57d36e6fb7cb6c51","messageTitle":"Level 1: Greet, Echo, Exit.","messageBody":"","tags":["Level-1"],"fileTypesAndContributionMap":{"java":{"insertions":13,"deletions":0}}},{"hash":"96c604cd6d3b78502371c51c7ed009852e1754dd","messageTitle":"Level 2: Add, List.","messageBody":"","tags":["Level-2"],"fileTypesAndContributionMap":{"java":{"insertions":19,"deletions":5}}},{"hash":"29d922b48b22f035458160651c308f967b755a6e","messageTitle":"Level 3: Mark as done.","messageBody":"","tags":["Level-3"],"fileTypesAndContributionMap":{"java":{"insertions":78,"deletions":6}}},{"hash":"55f70f2c4ffae33a95127c570181d7f7fc6ce4f5","messageTitle":"moved Task class to a separate file","messageBody":"","fileTypesAndContributionMap":{"java":{"insertions":31,"deletions":31}}},{"hash":"ff77860dfebe64fed6e712bc0db55af7b7f80955","messageTitle":"added subclasses of Task","messageBody":"","fileTypesAndContributionMap":{"java":{"insertions":67,"deletions":0}}},{"hash":"ccd0aa475f6a2b9c456c621b269a2d7671737730","messageTitle":"Level 4: ToDos, Events, Deadlines.","messageBody":"","tags":["Level-4"],"fileTypesAndContributionMap":{"java":{"insertions":33,"deletions":8}}},{"hash":"ae04d73cce49296f127d29ad5b0833bf76edd836","messageTitle":"Level 6: Delete","messageBody":"","tags":["Level-6"],"fileTypesAndContributionMap":{"java":{"insertions":9,"deletions":1}}}]},{"date":"2022-01-22","commitResults":[{"hash":"47bd0a4e9bd49f1cb6c8d4b755ed6ccaee89cc1c","messageTitle":"Automated text UI testing","messageBody":"","tags":["A-TextUiTesting"],"fileTypesAndContributionMap":{"txt":{"insertions":13,"deletions":0},"sh":{"insertions":2,"deletions":2}}},{"hash":"a5ebb87a478c2a1aae046d140249b512615e018d","messageTitle":"Level 5. Handle errors. all errors handled.","messageBody":"","tags":["Level-5"],"fileTypesAndContributionMap":{"java":{"insertions":132,"deletions":44}}}]},{"date":"2022-01-25","commitResults":[{"hash":"0ab57fd42254d69ce895aaf45532bc6220c1b647","messageTitle":"Reformat code to coding standard","messageBody":"","fileTypesAndContributionMap":{"java":{"insertions":74,"deletions":122}}}]},{"date":"2022-01-26","commitResults":[{"hash":"17fb6cfdfabf1016fc32e775ee8f3a6ca8ba079f","messageTitle":"Fix coding standard violations","messageBody":"","fileTypesAndContributionMap":{"java":{"insertions":2,"deletions":1}}}]},{"date":"2022-02-01","commitResults":[{"hash":"6d1f55b1d8bc7a3ff11065bc65bdab26d09c481a","messageTitle":"Add Save functionality","messageBody":"","fileTypesAndContributionMap":{"java":{"insertions":64,"deletions":4}}}]},{"date":"2022-02-02","commitResults":[{"hash":"7ab6433237ab8110937ae4dd1db25cd356bf4e71","messageTitle":"Add date time formatting","messageBody":"","fileTypesAndContributionMap":{"java":{"insertions":33,"deletions":10}}},{"hash":"f182bdba11272f9ca63d032581422c4f14859b33","messageTitle":"Remove unnecessary imports","messageBody":"","fileTypesAndContributionMap":{"java":{"insertions":0,"deletions":4}}},{"hash":"79703cbd84de68d9b440acf760c39e7fa8a3205e","messageTitle":"Resolve merge conflicts","messageBody":"","fileTypesAndContributionMap":{"java":{"insertions":7,"deletions":0}}}]},{"date":"2022-02-04","commitResults":[{"hash":"7234295b677c93a839df4e59e2c989326931936e","messageTitle":"Refactor code to OOP standard","messageBody":"","tags":["A-MoreOOP"],"fileTypesAndContributionMap":{"java":{"insertions":280,"deletions":215}}},{"hash":"fdc5f435471d1b63f9b6bd981c7194cc8b7bcd80","messageTitle":"Fix printed text formatting","messageBody":"","fileTypesAndContributionMap":{"java":{"insertions":8,"deletions":8}}}]},{"date":"2022-02-05","commitResults":[{"hash":"af932062f7f745c16e2cd5b779f24a830b49d28f","messageTitle":"Fix unchecked warning in storage class","messageBody":"","fileTypesAndContributionMap":{"java":{"insertions":9,"deletions":4}}},{"hash":"41d1365a6008fda6258e37dd3f4b49c4c56454b4","messageTitle":"Refactor code into package","messageBody":"","tags":["A-Packages"],"fileTypesAndContributionMap":{"java":{"insertions":20,"deletions":8}}},{"hash":"004ac0c6e7a736b9e830a9f43f0f0ae52a040635","messageTitle":"Add colour to output text","messageBody":"","fileTypesAndContributionMap":{"java":{"insertions":6,"deletions":3}}}]},{"date":"2022-02-10","commitResults":[{"hash":"5769c8e127d2b6ce649bd69c5972d6c7ba7e6ac9","messageTitle":"Refactor code","messageBody":"","fileTypesAndContributionMap":{"java":{"insertions":26,"deletions":20}}},{"hash":"df528fea4988e90a5bbefd24e3339d48fb5826fc","messageTitle":"Add Gradle support","messageBody":"","fileTypesAndContributionMap":{"gradle":{"insertions":1,"deletions":1}}},{"hash":"4e8e0baf7858c667fabf3dca57dce2c882670d65","messageTitle":"Add JUnit tests","messageBody":"","tags":["A-JUnit"],"fileTypesAndContributionMap":{"java":{"insertions":197,"deletions":0}}}]},{"date":"2022-02-11","commitResults":[{"hash":"0203035e3208fb9aa08ee4ee12e8aceb8fb65476","messageTitle":"Refactor code for Storage class","messageBody":"","tags":["A-Jar"],"fileTypesAndContributionMap":{"java":{"insertions":5,"deletions":2}}},{"hash":"35e2ad4f4d307dd5de357033c0b107c0c378d087","messageTitle":"Refactor code in Storage class","messageBody":"","fileTypesAndContributionMap":{"java":{"insertions":1,"deletions":1}}}]},{"date":"2022-02-15","commitResults":[{"hash":"25d1a6df101f2fcedbf85cc9ad986cbc7d0be658","messageTitle":"Add javadoc comments","messageBody":"","fileTypesAndContributionMap":{"java":{"insertions":131,"deletions":2}}},{"hash":"8b39644235fd95ed2c08694d386e300df6df160a","messageTitle":"Change method to fit coding standard","messageBody":"","tags":["A-CodingStandard"],"fileTypesAndContributionMap":{"java":{"insertions":3,"deletions":4}}},{"hash":"6cedfb0ffb10819fe6bc55508e80310cf02eb740","messageTitle":"Improve code quality of Parser class","messageBody":"","fileTypesAndContributionMap":{"java":{"insertions":309,"deletions":114}}},{"hash":"0bcf43596811059ccfb202e9bb204d74a09089e7","messageTitle":"Add javadoc comments for all Command classes","messageBody":"","fileTypesAndContributionMap":{"java":{"insertions":140,"deletions":0}}},{"hash":"15d4e57358c5b95e2ece0f4b697abe1231f0e4ce","messageTitle":"Add find command","messageBody":"","tags":["Level-9"],"fileTypesAndContributionMap":{"java":{"insertions":45,"deletions":0}}},{"hash":"bc7eebab33be59725424702ed71e0a99836fb5fa","messageTitle":"Bug fix for program crashing when date format is wrong","messageBody":"","fileTypesAndContributionMap":{"java":{"insertions":24,"deletions":10}}},{"hash":"c5baa6b158183300773827a16be97f8935eeb02e","messageTitle":"Add JavaDoc for CommandFind class","messageBody":"","tags":["A-Gradle"],"fileTypesAndContributionMap":{"java":{"insertions":14,"deletions":0}}}]},{"date":"2022-02-16","commitResults":[{"hash":"18f1806acc9752fa2701365c431e5da88818c465","messageTitle":"Format text output","messageBody":"","fileTypesAndContributionMap":{"java":{"insertions":1,"deletions":1}}},{"hash":"59293c3a0d218cd6c874d44efc3fea0203657c80","messageTitle":"Update build.gradle file to include javaFX","messageBody":"","fileTypesAndContributionMap":{"gradle":{"insertions":15,"deletions":0}}}]},{"date":"2022-02-17","commitResults":[{"hash":"024664221c349651d406c23a4ac8f65534057f66","messageTitle":"JavaFX Tutorial","messageBody":"","fileTypesAndContributionMap":{"gradle":{"insertions":6,"deletions":14},"fxml":{"insertions":35,"deletions":0},"java":{"insertions":212,"deletions":38}}},{"hash":"09a35a714e28d1b04e3e0a54da1118d113545007","messageTitle":"Implement GUI","messageBody":"","tags":["Level-10"],"fileTypesAndContributionMap":{"gradle":{"insertions":2,"deletions":2},"fxml":{"insertions":1,"deletions":1},"java":{"insertions":32,"deletions":18}}},{"hash":"95f068d0c40904a96907a40a9f778207834e4324","messageTitle":"Remove main method in Duke class","messageBody":"","fileTypesAndContributionMap":{"java":{"insertions":1,"deletions":12}}}]},{"date":"2022-02-18","commitResults":[{"hash":"cb3b83cac40434335f8a19405c42d8642e412e42","messageTitle":"Close javafx application on bye command","messageBody":"bye command only prints \"goodbye!\" and does not shut down Duke as\nexpected.\n\nit is unintuitive if the bye command has been sent but the application\nis still running.\n\nLet\u0027s make Duke shuts down 3 seconds after bye command so that the user\ncan see any messages sent by duke before shutting down.\n","tags":["A-FullCommitMessage"],"fileTypesAndContributionMap":{"java":{"insertions":19,"deletions":1}}},{"hash":"062bf15657debde5de782f9a32ce89fcdb0f77f2","messageTitle":"Refactor code to more OOP","messageBody":"","fileTypesAndContributionMap":{"java":{"insertions":3,"deletions":7}}},{"hash":"887b95eac5068f84831ec940789d0a3b9b2c3b5a","messageTitle":"Add assertions","messageBody":"","fileTypesAndContributionMap":{"java":{"insertions":1,"deletions":0}}},{"hash":"81a2edd2b0a67f70425647472f61a8a7e6183948","messageTitle":"Add comments","messageBody":"","tags":["A-Assertions"],"fileTypesAndContributionMap":{"java":{"insertions":2,"deletions":1}}}]},{"date":"2022-02-19","commitResults":[{"hash":"c70a8936c6ab775d08f22fac75adbfa4212fe8d9","messageTitle":"Refactor code to improve code quality","messageBody":"Code contained nested try-catch statements and booleans that do not\nsound like booleans.\n\nCode was not readable.\n\nLet\u0027s replace some try-catch statements with if statements and extract\nindividual try-catch blocks as methods where not possible to remove\nthem. Also, rename booleans to sound like booleans.\n\nThis way the code is more readable.\n","fileTypesAndContributionMap":{"java":{"insertions":158,"deletions":133}}},{"hash":"c98dd96279172585a8de30ef844f865dee8d522d","messageTitle":"Add Junit test for deadline command","messageBody":"","fileTypesAndContributionMap":{"java":{"insertions":6,"deletions":0}}},{"hash":"7febf28067bef27aea041bfc0eecc17e1d867ee9","messageTitle":"Reduce delay for closing application upon bye command","messageBody":"","fileTypesAndContributionMap":{"java":{"insertions":1,"deletions":1}}},{"hash":"9c774369d5edbd9012e7b69eff4725a0ff87d0d5","messageTitle":"Add extension C-DetectDuplicates","messageBody":"","tags":["v0.2","BCD-Extension"],"fileTypesAndContributionMap":{"java":{"insertions":49,"deletions":23}}},{"hash":"2d81f75afb790fa657330736cc0ce576abbec183","messageTitle":"Credit external sources","messageBody":"","fileTypesAndContributionMap":{"java":{"insertions":5,"deletions":0}}},{"hash":"795fa69f524de617d4636efd0b12a4d54980be9d","messageTitle":"Change initialisation message","messageBody":"","fileTypesAndContributionMap":{"java":{"insertions":2,"deletions":6}}},{"hash":"e7553044e0d489b42756f694be4605753195ac90","messageTitle":"Update build.gradle","messageBody":"jar file not working cross platform\n","fileTypesAndContributionMap":{"gradle":{"insertions":19,"deletions":4}}},{"hash":"5a4c058eb8f568a62a1e6d045d27630c29c5b116","messageTitle":"Add functionality to save upon any modification to list","messageBody":"","fileTypesAndContributionMap":{"java":{"insertions":24,"deletions":12}}}]},{"date":"2022-02-20","commitResults":[{"hash":"bbca3c8337308310f6cd4b6727d8126f798962ad","messageTitle":"Update README.md","messageBody":"","fileTypesAndContributionMap":{"md":{"insertions":103,"deletions":16}}},{"hash":"236a66e4921e07b748fedd57a3aba3cb3d4bfd54","messageTitle":"Edit CommandHelp","messageBody":"","fileTypesAndContributionMap":{"java":{"insertions":1,"deletions":0}}},{"hash":"08f5e80a32ae20c65a472e397f8154b09f8af84a","messageTitle":"Update build.gradle","messageBody":"","tags":["v1.0"],"fileTypesAndContributionMap":{"gradle":{"insertions":0,"deletions":5}}}]}]},"authorFileTypeContributionMap":{"garethkoh":{"java":1414,"md":92,"fxml":35,"sh":2,"bat":0,"gradle":18,"txt":13}},"authorContributionVariance":{"garethkoh":30966.658},"authorDisplayNameMap":{"garethkoh":"CS2103T-W13-2 GARE..HENG"}}
