[{"path":"src/main/java/Deadline.java","fileType":"java","lines":[{"lineNumber":1,"author":{"gitId":"jiale-c"},"content":"public class Deadline extends Task {","lastModifiedDate":"2022-01-19"},{"lineNumber":2,"author":{"gitId":"jiale-c"},"content":"    protected String dueDate;","lastModifiedDate":"2022-01-19"},{"lineNumber":3,"author":{"gitId":"jiale-c"},"content":"","lastModifiedDate":"2022-01-19"},{"lineNumber":4,"author":{"gitId":"jiale-c"},"content":"    public Deadline(String description, String dueDate) {","lastModifiedDate":"2022-01-19"},{"lineNumber":5,"author":{"gitId":"jiale-c"},"content":"        super(description);","lastModifiedDate":"2022-01-19"},{"lineNumber":6,"author":{"gitId":"jiale-c"},"content":"        this.dueDate \u003d dueDate;","lastModifiedDate":"2022-01-19"},{"lineNumber":7,"author":{"gitId":"jiale-c"},"content":"    }","lastModifiedDate":"2022-01-19"},{"lineNumber":8,"author":{"gitId":"jiale-c"},"content":"","lastModifiedDate":"2022-01-19"},{"lineNumber":9,"author":{"gitId":"jiale-c"},"content":"    @Override","lastModifiedDate":"2022-01-19"},{"lineNumber":10,"author":{"gitId":"jiale-c"},"content":"    public String toString() {","lastModifiedDate":"2022-01-19"},{"lineNumber":11,"author":{"gitId":"jiale-c"},"content":"        return \"[D]\" + super.toString() + \" (by: \" + dueDate + \")\";","lastModifiedDate":"2022-01-19"},{"lineNumber":12,"author":{"gitId":"jiale-c"},"content":"    }","lastModifiedDate":"2022-01-19"},{"lineNumber":13,"author":{"gitId":"jiale-c"},"content":"}","lastModifiedDate":"2022-01-19"}],"authorContributionMap":{"jiale-c":13}},{"path":"src/main/java/Duke.java","fileType":"java","lines":[{"lineNumber":1,"author":{"gitId":"jiale-c"},"content":"import java.util.ArrayList;","lastModifiedDate":"2022-01-18"},{"lineNumber":2,"author":{"gitId":"jiale-c"},"content":"import java.util.Scanner;  // Import the Scanner class","lastModifiedDate":"2022-01-18"},{"lineNumber":3,"author":{"gitId":"-"},"content":"public class Duke {","lastModifiedDate":"2019-07-29"},{"lineNumber":4,"author":{"gitId":"jiale-c"},"content":"    static String lineDivider \u003d \"____________________________________________________________\\n\";","lastModifiedDate":"2022-01-19"},{"lineNumber":5,"author":{"gitId":"jiale-c"},"content":"    static String greet \u003d lineDivider","lastModifiedDate":"2022-01-19"},{"lineNumber":6,"author":{"gitId":"jiale-c"},"content":"            + \"Hello! I\u0027m Mum!\\nWhat can I do for you?\\nType \\\"commands\\\" to get a list of all commands.\\n\"","lastModifiedDate":"2022-01-20"},{"lineNumber":7,"author":{"gitId":"jiale-c"},"content":"            + lineDivider;","lastModifiedDate":"2022-01-18"},{"lineNumber":8,"author":{"gitId":"jiale-c"},"content":"    static String goodBye \u003d \"Bye. Hope to see you again soon!\";","lastModifiedDate":"2022-01-19"},{"lineNumber":9,"author":{"gitId":"jiale-c"},"content":"    static String addedTask \u003d lineDivider + \"Got it. I\u0027ve added this task:\\n\" +","lastModifiedDate":"2022-01-19"},{"lineNumber":10,"author":{"gitId":"jiale-c"},"content":"            \"   %s\\nNow you have %d tasks in the list.\\n\" + lineDivider;","lastModifiedDate":"2022-01-19"},{"lineNumber":11,"author":{"gitId":"jiale-c"},"content":"","lastModifiedDate":"2022-01-18"},{"lineNumber":12,"author":{"gitId":"jiale-c"},"content":"    enum Command {list, todo, event, deadline, bye, mark, unmark, delete}","lastModifiedDate":"2022-01-20"},{"lineNumber":13,"author":{"gitId":"jiale-c"},"content":"","lastModifiedDate":"2022-01-20"},{"lineNumber":14,"author":{"gitId":"jiale-c"},"content":"    public static void printCommands() {","lastModifiedDate":"2022-01-20"},{"lineNumber":15,"author":{"gitId":"jiale-c"},"content":"        System.out.printf(lineDivider + \"COMMANDS:\\n\" + lineDivider);","lastModifiedDate":"2022-01-20"},{"lineNumber":16,"author":{"gitId":"jiale-c"},"content":"            switch (Command.list) {","lastModifiedDate":"2022-01-20"},{"lineNumber":17,"author":{"gitId":"jiale-c"},"content":"                case list:","lastModifiedDate":"2022-01-20"},{"lineNumber":18,"author":{"gitId":"jiale-c"},"content":"                    System.out.println(\"list    | Get a list of tasks you have\");","lastModifiedDate":"2022-01-20"},{"lineNumber":19,"author":{"gitId":"jiale-c"},"content":"                case todo:","lastModifiedDate":"2022-01-20"},{"lineNumber":20,"author":{"gitId":"jiale-c"},"content":"                    System.out.println(\"todo    | One of the 3 tasks type. eg: todo_\u003cyourtask\u003e\");","lastModifiedDate":"2022-01-20"},{"lineNumber":21,"author":{"gitId":"jiale-c"},"content":"                case event:","lastModifiedDate":"2022-01-20"},{"lineNumber":22,"author":{"gitId":"jiale-c"},"content":"                    System.out.println(\"event   | One of the 3 tasks type. eg: event_\u003cyourtask\u003e_/at_\u003ctime\u003e\");","lastModifiedDate":"2022-01-20"},{"lineNumber":23,"author":{"gitId":"jiale-c"},"content":"                case deadline:","lastModifiedDate":"2022-01-20"},{"lineNumber":24,"author":{"gitId":"jiale-c"},"content":"                    System.out.println(\"deadline| One of the 3 tasks type. eg: deadline_\u003cyourtask\u003e_/by_\u003ctime\u003e\");","lastModifiedDate":"2022-01-20"},{"lineNumber":25,"author":{"gitId":"jiale-c"},"content":"                case bye:","lastModifiedDate":"2022-01-20"},{"lineNumber":26,"author":{"gitId":"jiale-c"},"content":"                    System.out.println(\"bye     | End this phone call\");","lastModifiedDate":"2022-01-20"},{"lineNumber":27,"author":{"gitId":"jiale-c"},"content":"                case unmark:","lastModifiedDate":"2022-01-20"},{"lineNumber":28,"author":{"gitId":"jiale-c"},"content":"                    System.out.println(\"unmark  | Unmark the task as not done. eg: unmark_\u003ctask number\u003e\");","lastModifiedDate":"2022-01-20"},{"lineNumber":29,"author":{"gitId":"jiale-c"},"content":"                case mark:","lastModifiedDate":"2022-01-20"},{"lineNumber":30,"author":{"gitId":"jiale-c"},"content":"                    System.out.println(\"mark    | Mark the task as done. eg: mark_\u003ctask number\u003e\");","lastModifiedDate":"2022-01-20"},{"lineNumber":31,"author":{"gitId":"jiale-c"},"content":"                case delete:","lastModifiedDate":"2022-01-20"},{"lineNumber":32,"author":{"gitId":"jiale-c"},"content":"                    System.out.println(\"delete  | Delete the task from list. eg: delete_\u003ctask number\u003e\");","lastModifiedDate":"2022-01-20"},{"lineNumber":33,"author":{"gitId":"jiale-c"},"content":"            }","lastModifiedDate":"2022-01-20"},{"lineNumber":34,"author":{"gitId":"jiale-c"},"content":"        System.out.println(lineDivider);","lastModifiedDate":"2022-01-20"},{"lineNumber":35,"author":{"gitId":"jiale-c"},"content":"    }","lastModifiedDate":"2022-01-20"},{"lineNumber":36,"author":{"gitId":"jiale-c"},"content":"","lastModifiedDate":"2022-01-20"},{"lineNumber":37,"author":{"gitId":"jiale-c"},"content":"    public static void listOut(ArrayList\u003cTask\u003e list, int n) {","lastModifiedDate":"2022-01-20"},{"lineNumber":38,"author":{"gitId":"jiale-c"},"content":"        System.out.printf(lineDivider + \"Here are the tasks in your list:\\n\");","lastModifiedDate":"2022-01-19"},{"lineNumber":39,"author":{"gitId":"jiale-c"},"content":"        for (int i \u003d 0; i \u003c n; i++) {","lastModifiedDate":"2022-01-19"},{"lineNumber":40,"author":{"gitId":"jiale-c"},"content":"            System.out.printf(\"%d.\" + list.get(i).toString() + \"\\n\", i+1);","lastModifiedDate":"2022-01-20"},{"lineNumber":41,"author":{"gitId":"jiale-c"},"content":"        }","lastModifiedDate":"2022-01-19"},{"lineNumber":42,"author":{"gitId":"jiale-c"},"content":"    }","lastModifiedDate":"2022-01-19"},{"lineNumber":43,"author":{"gitId":"jiale-c"},"content":"","lastModifiedDate":"2022-01-19"},{"lineNumber":44,"author":{"gitId":"jiale-c"},"content":"    public static void deleteTask(ArrayList\u003cTask\u003e list, String[] echo, int size) throws DukeException {","lastModifiedDate":"2022-01-20"},{"lineNumber":45,"author":{"gitId":"jiale-c"},"content":"        String err \u003d \"Oh no! Which task do you wish to delete? Try again :)\\n\" + lineDivider;","lastModifiedDate":"2022-01-20"},{"lineNumber":46,"author":{"gitId":"jiale-c"},"content":"        String wrongNumber \u003d \"Oh no! This task number does not exist. Try again :)\\n\" + lineDivider;","lastModifiedDate":"2022-01-20"},{"lineNumber":47,"author":{"gitId":"jiale-c"},"content":"        String wrongFormat \u003d \"Oh no! Please do not spell out the number. Try again :)\\n\" + lineDivider;","lastModifiedDate":"2022-01-20"},{"lineNumber":48,"author":{"gitId":"jiale-c"},"content":"        int targetIndex;","lastModifiedDate":"2022-01-20"},{"lineNumber":49,"author":{"gitId":"jiale-c"},"content":"        if (echo.length \u003d\u003d 1) {","lastModifiedDate":"2022-01-20"},{"lineNumber":50,"author":{"gitId":"jiale-c"},"content":"            throw new DukeException(err);","lastModifiedDate":"2022-01-20"},{"lineNumber":51,"author":{"gitId":"jiale-c"},"content":"        }","lastModifiedDate":"2022-01-20"},{"lineNumber":52,"author":{"gitId":"jiale-c"},"content":"        String taskNum \u003d echo[1];","lastModifiedDate":"2022-01-20"},{"lineNumber":53,"author":{"gitId":"jiale-c"},"content":"        if (taskNum.isEmpty()) {","lastModifiedDate":"2022-01-20"},{"lineNumber":54,"author":{"gitId":"jiale-c"},"content":"            throw new DukeException(err);","lastModifiedDate":"2022-01-20"},{"lineNumber":55,"author":{"gitId":"jiale-c"},"content":"        }","lastModifiedDate":"2022-01-20"},{"lineNumber":56,"author":{"gitId":"jiale-c"},"content":"        try {","lastModifiedDate":"2022-01-20"},{"lineNumber":57,"author":{"gitId":"jiale-c"},"content":"            targetIndex \u003d Integer.parseInt(taskNum);","lastModifiedDate":"2022-01-20"},{"lineNumber":58,"author":{"gitId":"jiale-c"},"content":"        } catch (Exception e) {","lastModifiedDate":"2022-01-20"},{"lineNumber":59,"author":{"gitId":"jiale-c"},"content":"            throw new DukeException(wrongFormat);","lastModifiedDate":"2022-01-20"},{"lineNumber":60,"author":{"gitId":"jiale-c"},"content":"        }","lastModifiedDate":"2022-01-20"},{"lineNumber":61,"author":{"gitId":"jiale-c"},"content":"        if (targetIndex \u003e size || targetIndex \u003c\u003d 0) {","lastModifiedDate":"2022-01-20"},{"lineNumber":62,"author":{"gitId":"jiale-c"},"content":"            throw new DukeException(wrongNumber);","lastModifiedDate":"2022-01-20"},{"lineNumber":63,"author":{"gitId":"jiale-c"},"content":"        } else {","lastModifiedDate":"2022-01-20"},{"lineNumber":64,"author":{"gitId":"jiale-c"},"content":"            Task curr \u003d list.get(targetIndex - 1);","lastModifiedDate":"2022-01-20"},{"lineNumber":65,"author":{"gitId":"jiale-c"},"content":"            list.remove(targetIndex - 1);","lastModifiedDate":"2022-01-20"},{"lineNumber":66,"author":{"gitId":"jiale-c"},"content":"            System.out.printf(lineDivider + \"Noted. I\u0027ve removed this task:\\n   \" +","lastModifiedDate":"2022-01-20"},{"lineNumber":67,"author":{"gitId":"jiale-c"},"content":"                    curr.toString() + \"\\nNow you have %d tasks in the list.\\n\" + lineDivider, size-1);","lastModifiedDate":"2022-01-20"},{"lineNumber":68,"author":{"gitId":"jiale-c"},"content":"        }","lastModifiedDate":"2022-01-20"},{"lineNumber":69,"author":{"gitId":"jiale-c"},"content":"    }","lastModifiedDate":"2022-01-20"},{"lineNumber":70,"author":{"gitId":"jiale-c"},"content":"","lastModifiedDate":"2022-01-20"},{"lineNumber":71,"author":{"gitId":"jiale-c"},"content":"","lastModifiedDate":"2022-01-20"},{"lineNumber":72,"author":{"gitId":"jiale-c"},"content":"    public static void markTask(ArrayList\u003cTask\u003e list, String[] echo, int size) throws DukeException{","lastModifiedDate":"2022-01-20"},{"lineNumber":73,"author":{"gitId":"jiale-c"},"content":"        String err \u003d \"Oh no! Which task do you wish to mark? Try again :)\\n\" + lineDivider;","lastModifiedDate":"2022-01-19"},{"lineNumber":74,"author":{"gitId":"jiale-c"},"content":"        String wrongNumber \u003d \"Oh no! This task number does not exist. Try again :)\\n\" + lineDivider;","lastModifiedDate":"2022-01-19"},{"lineNumber":75,"author":{"gitId":"jiale-c"},"content":"        String wrongFormat \u003d \"Oh no! Please do not spell out the number. Try again :)\\n\" + lineDivider;","lastModifiedDate":"2022-01-19"},{"lineNumber":76,"author":{"gitId":"jiale-c"},"content":"        int targetIndex;","lastModifiedDate":"2022-01-19"},{"lineNumber":77,"author":{"gitId":"jiale-c"},"content":"        if (echo.length \u003d\u003d 1) {","lastModifiedDate":"2022-01-19"},{"lineNumber":78,"author":{"gitId":"jiale-c"},"content":"            throw new DukeException(err);","lastModifiedDate":"2022-01-19"},{"lineNumber":79,"author":{"gitId":"jiale-c"},"content":"        }","lastModifiedDate":"2022-01-19"},{"lineNumber":80,"author":{"gitId":"jiale-c"},"content":"        String taskNum \u003d echo[1];","lastModifiedDate":"2022-01-19"},{"lineNumber":81,"author":{"gitId":"jiale-c"},"content":"        if (taskNum.isEmpty()) {","lastModifiedDate":"2022-01-19"},{"lineNumber":82,"author":{"gitId":"jiale-c"},"content":"            throw new DukeException(err);","lastModifiedDate":"2022-01-19"},{"lineNumber":83,"author":{"gitId":"jiale-c"},"content":"        }","lastModifiedDate":"2022-01-19"},{"lineNumber":84,"author":{"gitId":"jiale-c"},"content":"        try {","lastModifiedDate":"2022-01-19"},{"lineNumber":85,"author":{"gitId":"jiale-c"},"content":"            targetIndex \u003d Integer.parseInt(taskNum);","lastModifiedDate":"2022-01-19"},{"lineNumber":86,"author":{"gitId":"jiale-c"},"content":"        } catch (Exception e) {","lastModifiedDate":"2022-01-19"},{"lineNumber":87,"author":{"gitId":"jiale-c"},"content":"            throw new DukeException(wrongFormat);","lastModifiedDate":"2022-01-19"},{"lineNumber":88,"author":{"gitId":"jiale-c"},"content":"        }","lastModifiedDate":"2022-01-19"},{"lineNumber":89,"author":{"gitId":"jiale-c"},"content":"        if (targetIndex \u003e size || targetIndex \u003c\u003d 0) {","lastModifiedDate":"2022-01-19"},{"lineNumber":90,"author":{"gitId":"jiale-c"},"content":"            throw new DukeException(wrongNumber);","lastModifiedDate":"2022-01-19"},{"lineNumber":91,"author":{"gitId":"jiale-c"},"content":"        } else {","lastModifiedDate":"2022-01-19"},{"lineNumber":92,"author":{"gitId":"jiale-c"},"content":"            Task curr \u003d list.get(targetIndex - 1);","lastModifiedDate":"2022-01-20"},{"lineNumber":93,"author":{"gitId":"jiale-c"},"content":"            curr.mark();","lastModifiedDate":"2022-01-19"},{"lineNumber":94,"author":{"gitId":"jiale-c"},"content":"            String status \u003d curr.getStatus();","lastModifiedDate":"2022-01-19"},{"lineNumber":95,"author":{"gitId":"jiale-c"},"content":"            String description \u003d curr.getDescription();","lastModifiedDate":"2022-01-19"},{"lineNumber":96,"author":{"gitId":"jiale-c"},"content":"            System.out.printf(lineDivider + \"Nice! I\u0027ve marked this task as done:\\n\" +","lastModifiedDate":"2022-01-19"},{"lineNumber":97,"author":{"gitId":"jiale-c"},"content":"                    \"[%s] \" + \" %s\\n\" + lineDivider, status, description);","lastModifiedDate":"2022-01-19"},{"lineNumber":98,"author":{"gitId":"jiale-c"},"content":"        }","lastModifiedDate":"2022-01-19"},{"lineNumber":99,"author":{"gitId":"jiale-c"},"content":"    }","lastModifiedDate":"2022-01-19"},{"lineNumber":100,"author":{"gitId":"jiale-c"},"content":"","lastModifiedDate":"2022-01-19"},{"lineNumber":101,"author":{"gitId":"jiale-c"},"content":"    public static void unMarkTask(ArrayList\u003cTask\u003e list, String[] echo, int size) throws DukeException {","lastModifiedDate":"2022-01-20"},{"lineNumber":102,"author":{"gitId":"jiale-c"},"content":"        String err \u003d \"Oh no! Which task do you wish to unmark? Try again :)\\n\" + lineDivider;","lastModifiedDate":"2022-01-19"},{"lineNumber":103,"author":{"gitId":"jiale-c"},"content":"        String wrongNumber \u003d \"Oh no! This task number does not exist. Try again :)\\n\" + lineDivider;","lastModifiedDate":"2022-01-19"},{"lineNumber":104,"author":{"gitId":"jiale-c"},"content":"        String wrongFormat \u003d \"Oh no! Please do not spell out the number. Try again :)\\n\" + lineDivider;","lastModifiedDate":"2022-01-19"},{"lineNumber":105,"author":{"gitId":"jiale-c"},"content":"        int targetIndex;","lastModifiedDate":"2022-01-19"},{"lineNumber":106,"author":{"gitId":"jiale-c"},"content":"        if (echo.length \u003d\u003d 1) {","lastModifiedDate":"2022-01-19"},{"lineNumber":107,"author":{"gitId":"jiale-c"},"content":"            throw new DukeException(err);","lastModifiedDate":"2022-01-19"},{"lineNumber":108,"author":{"gitId":"jiale-c"},"content":"        }","lastModifiedDate":"2022-01-19"},{"lineNumber":109,"author":{"gitId":"jiale-c"},"content":"        String taskNum \u003d echo[1];","lastModifiedDate":"2022-01-19"},{"lineNumber":110,"author":{"gitId":"jiale-c"},"content":"        if (taskNum.isEmpty()) {","lastModifiedDate":"2022-01-19"},{"lineNumber":111,"author":{"gitId":"jiale-c"},"content":"            throw new DukeException(err);","lastModifiedDate":"2022-01-19"},{"lineNumber":112,"author":{"gitId":"jiale-c"},"content":"        }","lastModifiedDate":"2022-01-19"},{"lineNumber":113,"author":{"gitId":"jiale-c"},"content":"        try {","lastModifiedDate":"2022-01-19"},{"lineNumber":114,"author":{"gitId":"jiale-c"},"content":"            targetIndex \u003d Integer.parseInt(taskNum);","lastModifiedDate":"2022-01-19"},{"lineNumber":115,"author":{"gitId":"jiale-c"},"content":"        } catch (Exception e) {","lastModifiedDate":"2022-01-19"},{"lineNumber":116,"author":{"gitId":"jiale-c"},"content":"            throw new DukeException(wrongFormat);","lastModifiedDate":"2022-01-19"},{"lineNumber":117,"author":{"gitId":"jiale-c"},"content":"        }","lastModifiedDate":"2022-01-19"},{"lineNumber":118,"author":{"gitId":"jiale-c"},"content":"        if (targetIndex \u003e size || targetIndex \u003c\u003d 0) {","lastModifiedDate":"2022-01-19"},{"lineNumber":119,"author":{"gitId":"jiale-c"},"content":"            throw new DukeException(wrongNumber);","lastModifiedDate":"2022-01-19"},{"lineNumber":120,"author":{"gitId":"jiale-c"},"content":"        } else {","lastModifiedDate":"2022-01-19"},{"lineNumber":121,"author":{"gitId":"jiale-c"},"content":"            Task curr \u003d list.get(targetIndex - 1);","lastModifiedDate":"2022-01-20"},{"lineNumber":122,"author":{"gitId":"jiale-c"},"content":"            curr.unMark();","lastModifiedDate":"2022-01-19"},{"lineNumber":123,"author":{"gitId":"jiale-c"},"content":"            String status \u003d curr.getStatus();","lastModifiedDate":"2022-01-19"},{"lineNumber":124,"author":{"gitId":"jiale-c"},"content":"            String description \u003d curr.getDescription();","lastModifiedDate":"2022-01-19"},{"lineNumber":125,"author":{"gitId":"jiale-c"},"content":"            System.out.printf(lineDivider + \"Ok, I\u0027ve marked this task as not done yet:\\n\" +","lastModifiedDate":"2022-01-19"},{"lineNumber":126,"author":{"gitId":"jiale-c"},"content":"                \"[%s] \" + \"%s\\n\" + lineDivider, status, description);","lastModifiedDate":"2022-01-19"},{"lineNumber":127,"author":{"gitId":"jiale-c"},"content":"        }","lastModifiedDate":"2022-01-19"},{"lineNumber":128,"author":{"gitId":"jiale-c"},"content":"    }","lastModifiedDate":"2022-01-19"},{"lineNumber":129,"author":{"gitId":"jiale-c"},"content":"","lastModifiedDate":"2022-01-19"},{"lineNumber":130,"author":{"gitId":"jiale-c"},"content":"    public static void addDeadline(ArrayList\u003cTask\u003e list, int n, String[] echo) throws DukeException {","lastModifiedDate":"2022-01-20"},{"lineNumber":131,"author":{"gitId":"jiale-c"},"content":"        String err \u003d \"Oh no! The description of deadline cannot be empty... Try again :)\\n\" + lineDivider;","lastModifiedDate":"2022-01-19"},{"lineNumber":132,"author":{"gitId":"jiale-c"},"content":"        String wrongFormat \u003d \"Oh no! The format for deadline task is wrong... Try again :)\\n\" + lineDivider;","lastModifiedDate":"2022-01-19"},{"lineNumber":133,"author":{"gitId":"jiale-c"},"content":"        if (echo.length \u003d\u003d 1) {","lastModifiedDate":"2022-01-19"},{"lineNumber":134,"author":{"gitId":"jiale-c"},"content":"            throw new DukeException(err);","lastModifiedDate":"2022-01-19"},{"lineNumber":135,"author":{"gitId":"jiale-c"},"content":"        }","lastModifiedDate":"2022-01-19"},{"lineNumber":136,"author":{"gitId":"jiale-c"},"content":"        String description \u003d echo[1];","lastModifiedDate":"2022-01-19"},{"lineNumber":137,"author":{"gitId":"jiale-c"},"content":"        if (description.isEmpty()) {","lastModifiedDate":"2022-01-19"},{"lineNumber":138,"author":{"gitId":"jiale-c"},"content":"            throw new DukeException(err);","lastModifiedDate":"2022-01-19"},{"lineNumber":139,"author":{"gitId":"jiale-c"},"content":"        }","lastModifiedDate":"2022-01-19"},{"lineNumber":140,"author":{"gitId":"jiale-c"},"content":"        String[] details \u003d description.split(\" /by \", 2);","lastModifiedDate":"2022-01-19"},{"lineNumber":141,"author":{"gitId":"jiale-c"},"content":"        if (details.length \u003d\u003d 1) {","lastModifiedDate":"2022-01-19"},{"lineNumber":142,"author":{"gitId":"jiale-c"},"content":"            throw new DukeException(wrongFormat);","lastModifiedDate":"2022-01-19"},{"lineNumber":143,"author":{"gitId":"jiale-c"},"content":"        }","lastModifiedDate":"2022-01-19"},{"lineNumber":144,"author":{"gitId":"jiale-c"},"content":"        String info \u003d details[0];","lastModifiedDate":"2022-01-19"},{"lineNumber":145,"author":{"gitId":"jiale-c"},"content":"        String date \u003d details[1];","lastModifiedDate":"2022-01-19"},{"lineNumber":146,"author":{"gitId":"jiale-c"},"content":"        Deadline curr \u003d new Deadline(info, date);","lastModifiedDate":"2022-01-19"},{"lineNumber":147,"author":{"gitId":"jiale-c"},"content":"        list.add(curr);","lastModifiedDate":"2022-01-20"},{"lineNumber":148,"author":{"gitId":"jiale-c"},"content":"        System.out.printf(addedTask, curr.toString(), n + 1);","lastModifiedDate":"2022-01-19"},{"lineNumber":149,"author":{"gitId":"jiale-c"},"content":"    }","lastModifiedDate":"2022-01-19"},{"lineNumber":150,"author":{"gitId":"jiale-c"},"content":"","lastModifiedDate":"2022-01-19"},{"lineNumber":151,"author":{"gitId":"jiale-c"},"content":"    public static void addEvent(ArrayList\u003cTask\u003e list, int n, String[] echo) throws DukeException {","lastModifiedDate":"2022-01-20"},{"lineNumber":152,"author":{"gitId":"jiale-c"},"content":"        String err \u003d \"Oh no! The description of event cannot be empty... Try again :)\\n\" + lineDivider;","lastModifiedDate":"2022-01-19"},{"lineNumber":153,"author":{"gitId":"jiale-c"},"content":"        String wrongFormat \u003d \"Oh no! The format for event task is wrong... Try again :)\\n\" + lineDivider;","lastModifiedDate":"2022-01-19"},{"lineNumber":154,"author":{"gitId":"jiale-c"},"content":"        if (echo.length \u003d\u003d 1) {","lastModifiedDate":"2022-01-19"},{"lineNumber":155,"author":{"gitId":"jiale-c"},"content":"            throw new DukeException(err);","lastModifiedDate":"2022-01-19"},{"lineNumber":156,"author":{"gitId":"jiale-c"},"content":"        }","lastModifiedDate":"2022-01-19"},{"lineNumber":157,"author":{"gitId":"jiale-c"},"content":"        String description \u003d echo[1];","lastModifiedDate":"2022-01-19"},{"lineNumber":158,"author":{"gitId":"jiale-c"},"content":"        if (description.isEmpty()) {","lastModifiedDate":"2022-01-19"},{"lineNumber":159,"author":{"gitId":"jiale-c"},"content":"            throw new DukeException(err);","lastModifiedDate":"2022-01-19"},{"lineNumber":160,"author":{"gitId":"jiale-c"},"content":"        }","lastModifiedDate":"2022-01-19"},{"lineNumber":161,"author":{"gitId":"jiale-c"},"content":"        String[] details \u003d description.split(\" /at \", 2);","lastModifiedDate":"2022-01-19"},{"lineNumber":162,"author":{"gitId":"jiale-c"},"content":"        if (details.length \u003d\u003d 1) {","lastModifiedDate":"2022-01-19"},{"lineNumber":163,"author":{"gitId":"jiale-c"},"content":"            throw new DukeException(wrongFormat);","lastModifiedDate":"2022-01-19"},{"lineNumber":164,"author":{"gitId":"jiale-c"},"content":"        }","lastModifiedDate":"2022-01-19"},{"lineNumber":165,"author":{"gitId":"jiale-c"},"content":"        String info \u003d details[0];","lastModifiedDate":"2022-01-19"},{"lineNumber":166,"author":{"gitId":"jiale-c"},"content":"        String date \u003d details[1];","lastModifiedDate":"2022-01-19"},{"lineNumber":167,"author":{"gitId":"jiale-c"},"content":"        Event curr \u003d new Event(info, date);","lastModifiedDate":"2022-01-19"},{"lineNumber":168,"author":{"gitId":"jiale-c"},"content":"        list.add(curr);","lastModifiedDate":"2022-01-20"},{"lineNumber":169,"author":{"gitId":"jiale-c"},"content":"        System.out.printf(addedTask, curr.toString(), n + 1);","lastModifiedDate":"2022-01-19"},{"lineNumber":170,"author":{"gitId":"jiale-c"},"content":"    }","lastModifiedDate":"2022-01-19"},{"lineNumber":171,"author":{"gitId":"jiale-c"},"content":"","lastModifiedDate":"2022-01-19"},{"lineNumber":172,"author":{"gitId":"jiale-c"},"content":"    public static void addTodo(ArrayList\u003cTask\u003e list, int n, String[] echo) throws DukeException {","lastModifiedDate":"2022-01-20"},{"lineNumber":173,"author":{"gitId":"jiale-c"},"content":"        String err \u003d \"Oh no! The description of todo cannot be empty... Try again :)\\n\" + lineDivider;","lastModifiedDate":"2022-01-19"},{"lineNumber":174,"author":{"gitId":"jiale-c"},"content":"        if (echo.length \u003d\u003d 1) {","lastModifiedDate":"2022-01-19"},{"lineNumber":175,"author":{"gitId":"jiale-c"},"content":"            throw new DukeException(err);","lastModifiedDate":"2022-01-19"},{"lineNumber":176,"author":{"gitId":"jiale-c"},"content":"        }","lastModifiedDate":"2022-01-19"},{"lineNumber":177,"author":{"gitId":"jiale-c"},"content":"        String description \u003d echo[1];","lastModifiedDate":"2022-01-19"},{"lineNumber":178,"author":{"gitId":"jiale-c"},"content":"        if (description.isEmpty()) {","lastModifiedDate":"2022-01-19"},{"lineNumber":179,"author":{"gitId":"jiale-c"},"content":"            throw new DukeException(err);","lastModifiedDate":"2022-01-19"},{"lineNumber":180,"author":{"gitId":"jiale-c"},"content":"        }","lastModifiedDate":"2022-01-19"},{"lineNumber":181,"author":{"gitId":"jiale-c"},"content":"        Todo curr \u003d new Todo(description);","lastModifiedDate":"2022-01-19"},{"lineNumber":182,"author":{"gitId":"jiale-c"},"content":"        list.add(curr);","lastModifiedDate":"2022-01-20"},{"lineNumber":183,"author":{"gitId":"jiale-c"},"content":"        System.out.printf(addedTask, curr.toString(), n + 1);","lastModifiedDate":"2022-01-19"},{"lineNumber":184,"author":{"gitId":"jiale-c"},"content":"    }","lastModifiedDate":"2022-01-19"},{"lineNumber":185,"author":{"gitId":"jiale-c"},"content":"","lastModifiedDate":"2022-01-19"},{"lineNumber":186,"author":{"gitId":"-"},"content":"    public static void main(String[] args) {","lastModifiedDate":"2022-01-20"},{"lineNumber":187,"author":{"gitId":"jiale-c"},"content":"        ArrayList\u003cTask\u003e listOfTasks \u003d new ArrayList\u003c\u003e(100);","lastModifiedDate":"2022-01-20"},{"lineNumber":188,"author":{"gitId":"jiale-c"},"content":"        int n \u003d 0;","lastModifiedDate":"2022-01-19"},{"lineNumber":189,"author":{"gitId":"jiale-c"},"content":"","lastModifiedDate":"2022-01-19"},{"lineNumber":190,"author":{"gitId":"jiale-c"},"content":"        System.out.printf(greet);","lastModifiedDate":"2022-01-19"},{"lineNumber":191,"author":{"gitId":"jiale-c"},"content":"        Scanner cmd \u003d new Scanner(System.in);  // Create a Scanner object","lastModifiedDate":"2022-01-18"},{"lineNumber":192,"author":{"gitId":"jiale-c"},"content":"        while (true) {","lastModifiedDate":"2022-01-19"},{"lineNumber":193,"author":{"gitId":"jiale-c"},"content":"            try {","lastModifiedDate":"2022-01-19"},{"lineNumber":194,"author":{"gitId":"jiale-c"},"content":"                String echo \u003d cmd.nextLine();","lastModifiedDate":"2022-01-18"},{"lineNumber":195,"author":{"gitId":"jiale-c"},"content":"                if (echo.equals(\"bye\")) {","lastModifiedDate":"2022-01-18"},{"lineNumber":196,"author":{"gitId":"jiale-c"},"content":"                    break;","lastModifiedDate":"2022-01-18"},{"lineNumber":197,"author":{"gitId":"jiale-c"},"content":"                }","lastModifiedDate":"2022-01-18"},{"lineNumber":198,"author":{"gitId":"jiale-c"},"content":"                if (echo.equalsIgnoreCase(\"commands\")) {","lastModifiedDate":"2022-01-20"},{"lineNumber":199,"author":{"gitId":"jiale-c"},"content":"                    printCommands();","lastModifiedDate":"2022-01-20"},{"lineNumber":200,"author":{"gitId":"jiale-c"},"content":"                } else if (echo.equalsIgnoreCase(\"list\")) {","lastModifiedDate":"2022-01-20"},{"lineNumber":201,"author":{"gitId":"jiale-c"},"content":"                    listOut(listOfTasks, n);","lastModifiedDate":"2022-01-19"},{"lineNumber":202,"author":{"gitId":"jiale-c"},"content":"                    System.out.printf(lineDivider);","lastModifiedDate":"2022-01-18"},{"lineNumber":203,"author":{"gitId":"jiale-c"},"content":"                } else if (echo.toLowerCase().contains(\"todo\")) {","lastModifiedDate":"2022-01-19"},{"lineNumber":204,"author":{"gitId":"jiale-c"},"content":"                    addTodo(listOfTasks, n, echo.split(\" \", 2));","lastModifiedDate":"2022-01-19"},{"lineNumber":205,"author":{"gitId":"jiale-c"},"content":"                    n \u003d n+1;","lastModifiedDate":"2022-01-19"},{"lineNumber":206,"author":{"gitId":"jiale-c"},"content":"                } else if (echo.toLowerCase().contains(\"event\")) {","lastModifiedDate":"2022-01-19"},{"lineNumber":207,"author":{"gitId":"jiale-c"},"content":"                    addEvent(listOfTasks, n, echo.split(\" \", 2));","lastModifiedDate":"2022-01-19"},{"lineNumber":208,"author":{"gitId":"jiale-c"},"content":"                    n \u003d n+1;","lastModifiedDate":"2022-01-19"},{"lineNumber":209,"author":{"gitId":"jiale-c"},"content":"                } else if (echo.toLowerCase().contains(\"deadline\")) {","lastModifiedDate":"2022-01-19"},{"lineNumber":210,"author":{"gitId":"jiale-c"},"content":"                    addDeadline(listOfTasks, n, echo.split(\" \", 2));","lastModifiedDate":"2022-01-19"},{"lineNumber":211,"author":{"gitId":"jiale-c"},"content":"                    n \u003d n+1;","lastModifiedDate":"2022-01-19"},{"lineNumber":212,"author":{"gitId":"jiale-c"},"content":"                } else if (echo.toLowerCase().contains(\"unmark\")) {","lastModifiedDate":"2022-01-19"},{"lineNumber":213,"author":{"gitId":"jiale-c"},"content":"                    unMarkTask(listOfTasks, echo.split(\" \", 2), n);","lastModifiedDate":"2022-01-19"},{"lineNumber":214,"author":{"gitId":"jiale-c"},"content":"                } else if (echo.toLowerCase().contains(\"mark\")) {","lastModifiedDate":"2022-01-19"},{"lineNumber":215,"author":{"gitId":"jiale-c"},"content":"                    markTask(listOfTasks, echo.split(\" \", 2), n);","lastModifiedDate":"2022-01-19"},{"lineNumber":216,"author":{"gitId":"jiale-c"},"content":"                } else if (echo.toLowerCase().contains(\"delete\")) {","lastModifiedDate":"2022-01-20"},{"lineNumber":217,"author":{"gitId":"jiale-c"},"content":"                    deleteTask(listOfTasks, echo.split(\" \", 2), n);","lastModifiedDate":"2022-01-20"},{"lineNumber":218,"author":{"gitId":"jiale-c"},"content":"                    n \u003d n - 1;","lastModifiedDate":"2022-01-20"},{"lineNumber":219,"author":{"gitId":"jiale-c"},"content":"                } else {","lastModifiedDate":"2022-01-19"},{"lineNumber":220,"author":{"gitId":"jiale-c"},"content":"                    throw new DukeException(\"Oh no! I fear I don\u0027t understand! Try again!\\n\" + lineDivider);","lastModifiedDate":"2022-01-19"},{"lineNumber":221,"author":{"gitId":"jiale-c"},"content":"                }","lastModifiedDate":"2022-01-18"},{"lineNumber":222,"author":{"gitId":"jiale-c"},"content":"            } catch (DukeException e) {","lastModifiedDate":"2022-01-19"},{"lineNumber":223,"author":{"gitId":"jiale-c"},"content":"                System.err.print(e);","lastModifiedDate":"2022-01-19"},{"lineNumber":224,"author":{"gitId":"jiale-c"},"content":"            }","lastModifiedDate":"2022-01-18"},{"lineNumber":225,"author":{"gitId":"jiale-c"},"content":"        }","lastModifiedDate":"2022-01-18"},{"lineNumber":226,"author":{"gitId":"jiale-c"},"content":"        System.out.printf(lineDivider + goodBye + \"\\n\" + lineDivider);","lastModifiedDate":"2022-01-18"},{"lineNumber":227,"author":{"gitId":"-"},"content":"    }","lastModifiedDate":"2019-07-29"},{"lineNumber":228,"author":{"gitId":"-"},"content":"}","lastModifiedDate":"2019-07-29"}],"authorContributionMap":{"jiale-c":224,"-":4}},{"path":"src/main/java/DukeException.java","fileType":"java","lines":[{"lineNumber":1,"author":{"gitId":"jiale-c"},"content":"public class DukeException extends Exception {","lastModifiedDate":"2022-01-19"},{"lineNumber":2,"author":{"gitId":"jiale-c"},"content":"    public DukeException(String message) {","lastModifiedDate":"2022-01-19"},{"lineNumber":3,"author":{"gitId":"jiale-c"},"content":"        super(message);","lastModifiedDate":"2022-01-19"},{"lineNumber":4,"author":{"gitId":"jiale-c"},"content":"    }","lastModifiedDate":"2022-01-19"},{"lineNumber":5,"author":{"gitId":"jiale-c"},"content":"}","lastModifiedDate":"2022-01-19"}],"authorContributionMap":{"jiale-c":5}},{"path":"src/main/java/Event.java","fileType":"java","lines":[{"lineNumber":1,"author":{"gitId":"jiale-c"},"content":"public class Event extends Task{","lastModifiedDate":"2022-01-19"},{"lineNumber":2,"author":{"gitId":"jiale-c"},"content":"    protected String dueDate;","lastModifiedDate":"2022-01-19"},{"lineNumber":3,"author":{"gitId":"jiale-c"},"content":"","lastModifiedDate":"2022-01-19"},{"lineNumber":4,"author":{"gitId":"jiale-c"},"content":"    public Event(String description, String dueDate) {","lastModifiedDate":"2022-01-19"},{"lineNumber":5,"author":{"gitId":"jiale-c"},"content":"        super(description);","lastModifiedDate":"2022-01-19"},{"lineNumber":6,"author":{"gitId":"jiale-c"},"content":"        this.dueDate \u003d dueDate;","lastModifiedDate":"2022-01-19"},{"lineNumber":7,"author":{"gitId":"jiale-c"},"content":"    }","lastModifiedDate":"2022-01-19"},{"lineNumber":8,"author":{"gitId":"jiale-c"},"content":"","lastModifiedDate":"2022-01-19"},{"lineNumber":9,"author":{"gitId":"jiale-c"},"content":"    @Override","lastModifiedDate":"2022-01-19"},{"lineNumber":10,"author":{"gitId":"jiale-c"},"content":"    public String toString() {","lastModifiedDate":"2022-01-19"},{"lineNumber":11,"author":{"gitId":"jiale-c"},"content":"        return \"[E]\" + super.toString() + \" (at: \" + dueDate + \")\";","lastModifiedDate":"2022-01-19"},{"lineNumber":12,"author":{"gitId":"jiale-c"},"content":"    }","lastModifiedDate":"2022-01-19"},{"lineNumber":13,"author":{"gitId":"jiale-c"},"content":"}","lastModifiedDate":"2022-01-19"}],"authorContributionMap":{"jiale-c":13}},{"path":"src/main/java/Task.java","fileType":"java","lines":[{"lineNumber":1,"author":{"gitId":"jiale-c"},"content":"public class Task {","lastModifiedDate":"2022-01-19"},{"lineNumber":2,"author":{"gitId":"jiale-c"},"content":"    protected String description;","lastModifiedDate":"2022-01-19"},{"lineNumber":3,"author":{"gitId":"jiale-c"},"content":"    protected boolean isDone;","lastModifiedDate":"2022-01-19"},{"lineNumber":4,"author":{"gitId":"jiale-c"},"content":"","lastModifiedDate":"2022-01-19"},{"lineNumber":5,"author":{"gitId":"jiale-c"},"content":"    public Task(String description) {","lastModifiedDate":"2022-01-19"},{"lineNumber":6,"author":{"gitId":"jiale-c"},"content":"        this.description \u003d description;","lastModifiedDate":"2022-01-19"},{"lineNumber":7,"author":{"gitId":"jiale-c"},"content":"        this.isDone \u003d false;","lastModifiedDate":"2022-01-19"},{"lineNumber":8,"author":{"gitId":"jiale-c"},"content":"    }","lastModifiedDate":"2022-01-19"},{"lineNumber":9,"author":{"gitId":"jiale-c"},"content":"","lastModifiedDate":"2022-01-19"},{"lineNumber":10,"author":{"gitId":"jiale-c"},"content":"    public String getStatus() {","lastModifiedDate":"2022-01-19"},{"lineNumber":11,"author":{"gitId":"jiale-c"},"content":"        return (isDone ? \"X\" : \" \");","lastModifiedDate":"2022-01-19"},{"lineNumber":12,"author":{"gitId":"jiale-c"},"content":"    }","lastModifiedDate":"2022-01-19"},{"lineNumber":13,"author":{"gitId":"jiale-c"},"content":"","lastModifiedDate":"2022-01-19"},{"lineNumber":14,"author":{"gitId":"jiale-c"},"content":"    public void mark() {","lastModifiedDate":"2022-01-19"},{"lineNumber":15,"author":{"gitId":"jiale-c"},"content":"        isDone \u003d true;","lastModifiedDate":"2022-01-19"},{"lineNumber":16,"author":{"gitId":"jiale-c"},"content":"    }","lastModifiedDate":"2022-01-19"},{"lineNumber":17,"author":{"gitId":"jiale-c"},"content":"","lastModifiedDate":"2022-01-19"},{"lineNumber":18,"author":{"gitId":"jiale-c"},"content":"    public void unMark() {","lastModifiedDate":"2022-01-19"},{"lineNumber":19,"author":{"gitId":"jiale-c"},"content":"        isDone \u003d false;","lastModifiedDate":"2022-01-19"},{"lineNumber":20,"author":{"gitId":"jiale-c"},"content":"    }","lastModifiedDate":"2022-01-19"},{"lineNumber":21,"author":{"gitId":"jiale-c"},"content":"","lastModifiedDate":"2022-01-19"},{"lineNumber":22,"author":{"gitId":"jiale-c"},"content":"    public String getDescription() {","lastModifiedDate":"2022-01-19"},{"lineNumber":23,"author":{"gitId":"jiale-c"},"content":"        return this.description;","lastModifiedDate":"2022-01-19"},{"lineNumber":24,"author":{"gitId":"jiale-c"},"content":"    }","lastModifiedDate":"2022-01-19"},{"lineNumber":25,"author":{"gitId":"jiale-c"},"content":"","lastModifiedDate":"2022-01-19"},{"lineNumber":26,"author":{"gitId":"jiale-c"},"content":"    public String toString() {","lastModifiedDate":"2022-01-19"},{"lineNumber":27,"author":{"gitId":"jiale-c"},"content":"        return \"[\" + getStatus() +\"] \" + description;","lastModifiedDate":"2022-01-19"},{"lineNumber":28,"author":{"gitId":"jiale-c"},"content":"    }","lastModifiedDate":"2022-01-19"},{"lineNumber":29,"author":{"gitId":"jiale-c"},"content":"}","lastModifiedDate":"2022-01-19"}],"authorContributionMap":{"jiale-c":29}},{"path":"src/main/java/Todo.java","fileType":"java","lines":[{"lineNumber":1,"author":{"gitId":"jiale-c"},"content":"public class Todo extends Task {","lastModifiedDate":"2022-01-19"},{"lineNumber":2,"author":{"gitId":"jiale-c"},"content":"","lastModifiedDate":"2022-01-19"},{"lineNumber":3,"author":{"gitId":"jiale-c"},"content":"    public Todo(String description) {","lastModifiedDate":"2022-01-19"},{"lineNumber":4,"author":{"gitId":"jiale-c"},"content":"        super(description);","lastModifiedDate":"2022-01-19"},{"lineNumber":5,"author":{"gitId":"jiale-c"},"content":"    }","lastModifiedDate":"2022-01-19"},{"lineNumber":6,"author":{"gitId":"jiale-c"},"content":"","lastModifiedDate":"2022-01-19"},{"lineNumber":7,"author":{"gitId":"jiale-c"},"content":"    @Override","lastModifiedDate":"2022-01-19"},{"lineNumber":8,"author":{"gitId":"jiale-c"},"content":"    public String toString() {","lastModifiedDate":"2022-01-19"},{"lineNumber":9,"author":{"gitId":"jiale-c"},"content":"        return \"[T]\" + super.toString();","lastModifiedDate":"2022-01-19"},{"lineNumber":10,"author":{"gitId":"jiale-c"},"content":"    }","lastModifiedDate":"2022-01-19"},{"lineNumber":11,"author":{"gitId":"jiale-c"},"content":"}","lastModifiedDate":"2022-01-19"}],"authorContributionMap":{"jiale-c":11}},{"path":"text-ui-test/input.txt","fileType":"txt","lines":[{"lineNumber":1,"author":{"gitId":"jiale-c"},"content":"event book sharing /at mon 3-4pm","lastModifiedDate":"2022-01-19"},{"lineNumber":2,"author":{"gitId":"jiale-c"},"content":"deadline sell bird /by today","lastModifiedDate":"2022-01-19"},{"lineNumber":3,"author":{"gitId":"jiale-c"},"content":"list","lastModifiedDate":"2022-01-19"},{"lineNumber":4,"author":{"gitId":"jiale-c"},"content":"mark 2","lastModifiedDate":"2022-01-19"},{"lineNumber":5,"author":{"gitId":"jiale-c"},"content":"delete 1","lastModifiedDate":"2022-01-20"},{"lineNumber":6,"author":{"gitId":"jiale-c"},"content":"bye","lastModifiedDate":"2022-01-19"}],"authorContributionMap":{"jiale-c":6}}]
