{"authorDailyContributionsMap":{"jiale-c":[{"date":"2022-01-18","commitResults":[{"hash":"f73e253ed94493e70cc451b55e8371d4bd617a90","messageTitle":"Add greet, echo and exit.","messageBody":"","fileTypesAndContributionMap":{"java":{"insertions":18,"deletions":6}}},{"hash":"d479ad027777fccd098745cfb308231ab8c5fb8e","messageTitle":"Revert \"Add greet, echo and exit.\"","messageBody":"This reverts commit f73e253ed94493e70cc451b55e8371d4bd617a90.\n","fileTypesAndContributionMap":{"java":{"insertions":6,"deletions":18}}},{"hash":"0f1eb3635b157d39f4704aa6087148b091d88ac3","messageTitle":"Added Greet, Echo, Exit.","messageBody":"","tags":["Level-1"],"fileTypesAndContributionMap":{"java":{"insertions":18,"deletions":6}}},{"hash":"0397fdc21d3baf29f574d9d7b97c0c88d290deb5","messageTitle":"Added greet, echo and exit","messageBody":"","fileTypesAndContributionMap":{"java":{"insertions":1,"deletions":0}}},{"hash":"a643201db38dfc14584e3f58169d7438b5631c36","messageTitle":"Add add, list.","messageBody":"","tags":["Level-2"],"fileTypesAndContributionMap":{"java":{"insertions":18,"deletions":4}}}]},{"date":"2022-01-19","commitResults":[{"hash":"5086872949c0e7ef9a207d7d6667f562df0c4a6a","messageTitle":"Add mark as done","messageBody":"","tags":["Level-3"],"fileTypesAndContributionMap":{"java":{"insertions":81,"deletions":16}}},{"hash":"98c60e6a394b2dafc3a0080bc3748feca6f809a2","messageTitle":"Add ToDos, Events, Deadlines","messageBody":"","tags":["Level-4"],"fileTypesAndContributionMap":{"java":{"insertions":97,"deletions":19}}},{"hash":"d73da10937afce8cfa89a9bdcc716ee5cfdf31d0","messageTitle":"Add automated text ui testing.","messageBody":"","tags":["A-TextUiTesting"],"fileTypesAndContributionMap":{"txt":{"insertions":5,"deletions":0},"java":{"insertions":1,"deletions":1}}},{"hash":"2ceac2bf3dae74a611e4261ff6849b0a6c9bdacc","messageTitle":"Add handle errors.","messageBody":"","tags":["Level-5"],"fileTypesAndContributionMap":{"java":{"insertions":128,"deletions":64}}}]},{"date":"2022-01-20","commitResults":[{"hash":"29761770c4ce517336cc6519902520660b237a65","messageTitle":"Add delete.","messageBody":"","tags":["Level-6"],"fileTypesAndContributionMap":{"java":{"insertions":45,"deletions":16}}},{"hash":"101c9eb48427f8152a9f544dc3428118e08caf88","messageTitle":"Add enums.","messageBody":"","tags":["A-Enums"],"fileTypesAndContributionMap":{"txt":{"insertions":1,"deletions":0},"java":{"insertions":29,"deletions":3}}}]},{"date":"2022-01-25","commitResults":[{"hash":"9f1d074da7e8c80793b7905ac3e1c9973caf87e9","messageTitle":"Add Save","messageBody":"","fileTypesAndContributionMap":{"txt":{"insertions":4,"deletions":0},"java":{"insertions":97,"deletions":0}}}]},{"date":"2022-01-26","commitResults":[{"hash":"46cc2c7ce6d19305aa75ae49e9afab3c83fc0b3d","messageTitle":"Add dates and times format for deadline and event.","messageBody":"","fileTypesAndContributionMap":{"java":{"insertions":62,"deletions":8}}},{"hash":"1a915c4f262eddbf9051719bba884ca093f1a733","messageTitle":"Add bug fix to allow data to be stored in file and load from file when running Duke.","messageBody":"","fileTypesAndContributionMap":{"txt":{"insertions":4,"deletions":2},"java":{"insertions":27,"deletions":2}}}]}]},"authorFileTypeContributionMap":{"jiale-c":{"java":471,"md":0,"fxml":0,"sh":0,"bat":0,"gradle":0,"txt":12}},"authorContributionVariance":{"jiale-c":12210.377},"authorDisplayNameMap":{"jiale-c":"CS2103T-T12-3 CHEE..A LE"}}
