{"authorDailyContributionsMap":{"jiale-c":[{"date":"2022-01-18","commitResults":[{"hash":"f73e253ed94493e70cc451b55e8371d4bd617a90","messageTitle":"Add greet, echo and exit.","messageBody":"","fileTypesAndContributionMap":{"java":{"insertions":18,"deletions":6}}},{"hash":"d479ad027777fccd098745cfb308231ab8c5fb8e","messageTitle":"Revert \"Add greet, echo and exit.\"","messageBody":"This reverts commit f73e253ed94493e70cc451b55e8371d4bd617a90.\n","fileTypesAndContributionMap":{"java":{"insertions":6,"deletions":18}}},{"hash":"0f1eb3635b157d39f4704aa6087148b091d88ac3","messageTitle":"Added Greet, Echo, Exit.","messageBody":"","tags":["Level-1"],"fileTypesAndContributionMap":{"java":{"insertions":18,"deletions":6}}},{"hash":"0397fdc21d3baf29f574d9d7b97c0c88d290deb5","messageTitle":"Added greet, echo and exit","messageBody":"","fileTypesAndContributionMap":{"java":{"insertions":1,"deletions":0}}},{"hash":"a643201db38dfc14584e3f58169d7438b5631c36","messageTitle":"Add add, list.","messageBody":"","tags":["Level-2"],"fileTypesAndContributionMap":{"java":{"insertions":18,"deletions":4}}}]},{"date":"2022-01-19","commitResults":[{"hash":"5086872949c0e7ef9a207d7d6667f562df0c4a6a","messageTitle":"Add mark as done","messageBody":"","tags":["Level-3"],"fileTypesAndContributionMap":{"java":{"insertions":81,"deletions":16}}},{"hash":"98c60e6a394b2dafc3a0080bc3748feca6f809a2","messageTitle":"Add ToDos, Events, Deadlines","messageBody":"","tags":["Level-4"],"fileTypesAndContributionMap":{"java":{"insertions":97,"deletions":19}}}]}]},"authorFileTypeContributionMap":{"jiale-c":{"java":176,"md":0,"fxml":0,"sh":0,"bat":0,"gradle":0,"txt":0}},"authorContributionVariance":{"jiale-c":6430.556},"authorDisplayNameMap":{"jiale-c":"CHEE..A LE"}}
