{"authorDailyContributionsMap":{"zunedz":[{"date":"2022-01-18","commitResults":[{"hash":"03f27e1548f53cfde71ccc0f74f7dc63259325de","messageTitle":"implemented duke basic commands, greet, echo and exit","messageBody":"","tags":["Level-1"],"fileTypesAndContributionMap":{"java":{"insertions":37,"deletions":6}}},{"hash":"ada905e927c0920c822f1d989c825531cb1985a2","messageTitle":"removed indentation and finished level 2","messageBody":"","tags":["Level-2"],"fileTypesAndContributionMap":{"java":{"insertions":30,"deletions":4}}},{"hash":"677e563a7574b0f5b013ec237053f3093b772e34","messageTitle":"refactor code and finished level 3","messageBody":"","tags":["Level-3"],"fileTypesAndContributionMap":{"java":{"insertions":56,"deletions":32}}},{"hash":"c86ec32d83d4950e47f68f7f2a4263a816e5d991","messageTitle":"implemented event, deadline and todo","messageBody":"","tags":["Level-4"],"fileTypesAndContributionMap":{"txt":{"insertions":9,"deletions":0},"java":{"insertions":52,"deletions":10}}},{"hash":"0e98c9de70e318c8aa39d30d7dbcdbf402261e76","messageTitle":"added test cases to /text-ui-test/input.txt, passed","messageBody":"","tags":["A-TextUiTesting"],"fileTypesAndContributionMap":{"java":{"insertions":1,"deletions":1}}},{"hash":"c30aff624bce632d9291a9ba2746dfc35880dae1","messageTitle":"implemented error handling, fixed previous bugs","messageBody":"","fileTypesAndContributionMap":{"txt":{"insertions":4,"deletions":0}}},{"hash":"f19f336ba3a78056ca8a1918fb8bf460deea2dbc","messageTitle":"fixed bugs","messageBody":"","tags":["Level-5"],"fileTypesAndContributionMap":{"java":{"insertions":77,"deletions":30}}},{"hash":"8a429e2588874d6b8083c1dc2c2aa138d92cbf44","messageTitle":"added delete command, updated test cases","messageBody":"","tags":["Level-6"],"fileTypesAndContributionMap":{"txt":{"insertions":4,"deletions":0},"java":{"insertions":19,"deletions":5}}}]},{"date":"2022-01-21","commitResults":[{"hash":"e65b16cf14a5b5b209f82e43702a1722f39d06db","messageTitle":"fixed error message and refactor codes","messageBody":"","fileTypesAndContributionMap":{"java":{"insertions":20,"deletions":12}}},{"hash":"0ebfc50d4ec1d2a3eb4914acdd6a214c7382be84","messageTitle":"implemented persistent data each time Duke start, havent updated test cases","messageBody":"","fileTypesAndContributionMap":{"java":{"insertions":118,"deletions":8}}},{"hash":"097711d221d4ac91dc92a319dac49caa09d43f1a","messageTitle":"implement date parsing (minimal)","messageBody":"","fileTypesAndContributionMap":{"txt":{"insertions":4,"deletions":0},"java":{"insertions":14,"deletions":6}}},{"hash":"154fbd0a49609804f7b3cef309132b59bf582f5e","messageTitle":"modify previous changes to implement date parsing","messageBody":"","fileTypesAndContributionMap":{"java":{"insertions":2,"deletions":2}}},{"hash":"a18458a00ef9e561829517d3c3d99a61abc6becb","messageTitle":"include /data in .gitignore and removed unused import statement","messageBody":"","tags":["Level-8"],"fileTypesAndContributionMap":{"txt":{"insertions":0,"deletions":4},"java":{"insertions":0,"deletions":3}}},{"hash":"6eb5d85a87e758aaf89866ac4f111ff8f8a84b20","messageTitle":"refactor code, add separate database class","messageBody":"","fileTypesAndContributionMap":{"java":{"insertions":80,"deletions":66}}},{"hash":"fe02cef9c5f4f2c205c969790ba927ca5f79f146","messageTitle":"more code refactoring","messageBody":"","fileTypesAndContributionMap":{"java":{"insertions":13,"deletions":9}}}]}]},"authorFileTypeContributionMap":{"zunedz":{"java":331,"md":0,"fxml":0,"sh":0,"bat":0,"gradle":0,"txt":17}},"authorContributionVariance":{"zunedz":25546.188},"authorDisplayNameMap":{"zunedz":"DAFF..DILA"}}
