[{"path":"src/main/java/Duke.java","fileType":"java","lines":[{"lineNumber":1,"author":{"gitId":"yongler"},"content":"import java.util.ArrayList;","lastModifiedDate":"2022-01-18"},{"lineNumber":2,"author":{"gitId":"yongler"},"content":"import java.util.Scanner;","lastModifiedDate":"2022-01-18"},{"lineNumber":3,"author":{"gitId":"yongler"},"content":"","lastModifiedDate":"2022-01-18"},{"lineNumber":4,"author":{"gitId":"-"},"content":"public class Duke {","lastModifiedDate":"2019-07-29"},{"lineNumber":5,"author":{"gitId":"yongler"},"content":"    public static class Task {","lastModifiedDate":"2022-01-18"},{"lineNumber":6,"author":{"gitId":"yongler"},"content":"        protected String description;","lastModifiedDate":"2022-01-18"},{"lineNumber":7,"author":{"gitId":"yongler"},"content":"        protected boolean isDone;","lastModifiedDate":"2022-01-18"},{"lineNumber":8,"author":{"gitId":"yongler"},"content":"","lastModifiedDate":"2022-01-18"},{"lineNumber":9,"author":{"gitId":"yongler"},"content":"        public Task(String description) {","lastModifiedDate":"2022-01-18"},{"lineNumber":10,"author":{"gitId":"yongler"},"content":"            this.description \u003d description;","lastModifiedDate":"2022-01-18"},{"lineNumber":11,"author":{"gitId":"yongler"},"content":"            this.isDone \u003d false;","lastModifiedDate":"2022-01-18"},{"lineNumber":12,"author":{"gitId":"yongler"},"content":"        }","lastModifiedDate":"2022-01-18"},{"lineNumber":13,"author":{"gitId":"yongler"},"content":"","lastModifiedDate":"2022-01-18"},{"lineNumber":14,"author":{"gitId":"yongler"},"content":"        public void toggleDone() {","lastModifiedDate":"2022-01-18"},{"lineNumber":15,"author":{"gitId":"yongler"},"content":"            this.isDone \u003d !this.isDone;","lastModifiedDate":"2022-01-18"},{"lineNumber":16,"author":{"gitId":"yongler"},"content":"        }","lastModifiedDate":"2022-01-18"},{"lineNumber":17,"author":{"gitId":"yongler"},"content":"        public void markAsDone() {","lastModifiedDate":"2022-01-18"},{"lineNumber":18,"author":{"gitId":"yongler"},"content":"            this.isDone \u003d true;","lastModifiedDate":"2022-01-18"},{"lineNumber":19,"author":{"gitId":"yongler"},"content":"        }","lastModifiedDate":"2022-01-18"},{"lineNumber":20,"author":{"gitId":"yongler"},"content":"        public void markAsUndone() {","lastModifiedDate":"2022-01-18"},{"lineNumber":21,"author":{"gitId":"yongler"},"content":"            this.isDone \u003d false;","lastModifiedDate":"2022-01-18"},{"lineNumber":22,"author":{"gitId":"yongler"},"content":"        }","lastModifiedDate":"2022-01-18"},{"lineNumber":23,"author":{"gitId":"yongler"},"content":"","lastModifiedDate":"2022-01-18"},{"lineNumber":24,"author":{"gitId":"yongler"},"content":"        public String getStatusIcon() {","lastModifiedDate":"2022-01-18"},{"lineNumber":25,"author":{"gitId":"yongler"},"content":"            return (isDone ? \"X\" : \" \"); // mark done task with X","lastModifiedDate":"2022-01-18"},{"lineNumber":26,"author":{"gitId":"yongler"},"content":"        }","lastModifiedDate":"2022-01-18"},{"lineNumber":27,"author":{"gitId":"yongler"},"content":"","lastModifiedDate":"2022-01-18"},{"lineNumber":28,"author":{"gitId":"yongler"},"content":"        @Override","lastModifiedDate":"2022-01-18"},{"lineNumber":29,"author":{"gitId":"yongler"},"content":"        public String toString() {","lastModifiedDate":"2022-01-18"},{"lineNumber":30,"author":{"gitId":"yongler"},"content":"            return String.format(\"[%s] %s\", getStatusIcon(), description);","lastModifiedDate":"2022-01-18"},{"lineNumber":31,"author":{"gitId":"yongler"},"content":"        }","lastModifiedDate":"2022-01-18"},{"lineNumber":32,"author":{"gitId":"yongler"},"content":"    }","lastModifiedDate":"2022-01-18"},{"lineNumber":33,"author":{"gitId":"yongler"},"content":"","lastModifiedDate":"2022-01-18"},{"lineNumber":34,"author":{"gitId":"yongler"},"content":"//    public class Deadline extends Task {","lastModifiedDate":"2022-01-18"},{"lineNumber":35,"author":{"gitId":"yongler"},"content":"//","lastModifiedDate":"2022-01-18"},{"lineNumber":36,"author":{"gitId":"yongler"},"content":"//        protected String by;","lastModifiedDate":"2022-01-18"},{"lineNumber":37,"author":{"gitId":"yongler"},"content":"//","lastModifiedDate":"2022-01-18"},{"lineNumber":38,"author":{"gitId":"yongler"},"content":"//        public Deadline(String description, String by) {","lastModifiedDate":"2022-01-18"},{"lineNumber":39,"author":{"gitId":"yongler"},"content":"//            super(description);","lastModifiedDate":"2022-01-18"},{"lineNumber":40,"author":{"gitId":"yongler"},"content":"//            this.by \u003d by;","lastModifiedDate":"2022-01-18"},{"lineNumber":41,"author":{"gitId":"yongler"},"content":"//        }","lastModifiedDate":"2022-01-18"},{"lineNumber":42,"author":{"gitId":"yongler"},"content":"//","lastModifiedDate":"2022-01-18"},{"lineNumber":43,"author":{"gitId":"yongler"},"content":"//        @Override","lastModifiedDate":"2022-01-18"},{"lineNumber":44,"author":{"gitId":"yongler"},"content":"//        public String toString() {","lastModifiedDate":"2022-01-18"},{"lineNumber":45,"author":{"gitId":"yongler"},"content":"//            return \"[D]\" + super.toString() + \" (by: \" + by + \")\";","lastModifiedDate":"2022-01-18"},{"lineNumber":46,"author":{"gitId":"yongler"},"content":"//        }","lastModifiedDate":"2022-01-18"},{"lineNumber":47,"author":{"gitId":"yongler"},"content":"//    }","lastModifiedDate":"2022-01-18"},{"lineNumber":48,"author":{"gitId":"yongler"},"content":"","lastModifiedDate":"2022-01-18"},{"lineNumber":49,"author":{"gitId":"-"},"content":"    public static void main(String[] args) {","lastModifiedDate":"2019-07-29"},{"lineNumber":50,"author":{"gitId":"-"},"content":"        String logo \u003d \" ____        _        \\n\"","lastModifiedDate":"2019-07-29"},{"lineNumber":51,"author":{"gitId":"-"},"content":"                + \"|  _ \\\\ _   _| | _____ \\n\"","lastModifiedDate":"2019-07-29"},{"lineNumber":52,"author":{"gitId":"-"},"content":"                + \"| | | | | | | |/ / _ \\\\\\n\"","lastModifiedDate":"2019-07-29"},{"lineNumber":53,"author":{"gitId":"-"},"content":"                + \"| |_| | |_| |   \u003c  __/\\n\"","lastModifiedDate":"2019-07-29"},{"lineNumber":54,"author":{"gitId":"-"},"content":"                + \"|____/ \\\\__,_|_|\\\\_\\\\___|\\n\";","lastModifiedDate":"2019-07-29"},{"lineNumber":55,"author":{"gitId":"-"},"content":"        System.out.println(\"Hello from\\n\" + logo);","lastModifiedDate":"2019-07-29"},{"lineNumber":56,"author":{"gitId":"yongler"},"content":"","lastModifiedDate":"2022-01-18"},{"lineNumber":57,"author":{"gitId":"yongler"},"content":"        Scanner sc \u003d new Scanner(System.in);","lastModifiedDate":"2022-01-18"},{"lineNumber":58,"author":{"gitId":"yongler"},"content":"","lastModifiedDate":"2022-01-18"},{"lineNumber":59,"author":{"gitId":"yongler"},"content":"        System.out.println(\"Hello! I\u0027m NewDuke\");","lastModifiedDate":"2022-01-18"},{"lineNumber":60,"author":{"gitId":"yongler"},"content":"        System.out.println(\"What can I do for you?\");","lastModifiedDate":"2022-01-18"},{"lineNumber":61,"author":{"gitId":"yongler"},"content":"","lastModifiedDate":"2022-01-18"},{"lineNumber":62,"author":{"gitId":"yongler"},"content":"        ArrayList\u003cTask\u003e tasks \u003d new ArrayList\u003c\u003e();","lastModifiedDate":"2022-01-18"},{"lineNumber":63,"author":{"gitId":"yongler"},"content":"","lastModifiedDate":"2022-01-18"},{"lineNumber":64,"author":{"gitId":"yongler"},"content":"        while (true) {","lastModifiedDate":"2022-01-18"},{"lineNumber":65,"author":{"gitId":"yongler"},"content":"            String whole_str \u003d sc.nextLine();","lastModifiedDate":"2022-01-18"},{"lineNumber":66,"author":{"gitId":"yongler"},"content":"            String[] str \u003d whole_str.split(\" \");","lastModifiedDate":"2022-01-18"},{"lineNumber":67,"author":{"gitId":"yongler"},"content":"","lastModifiedDate":"2022-01-18"},{"lineNumber":68,"author":{"gitId":"yongler"},"content":"            if (str[0].compareTo(\"bye\") \u003d\u003d 0) {","lastModifiedDate":"2022-01-18"},{"lineNumber":69,"author":{"gitId":"yongler"},"content":"                System.out.println(\"Bye. Hope to see you again soon!\");","lastModifiedDate":"2022-01-18"},{"lineNumber":70,"author":{"gitId":"yongler"},"content":"                break;","lastModifiedDate":"2022-01-18"},{"lineNumber":71,"author":{"gitId":"yongler"},"content":"            } else if (str[0].compareTo(\"list\") \u003d\u003d 0) {","lastModifiedDate":"2022-01-18"},{"lineNumber":72,"author":{"gitId":"yongler"},"content":"                System.out.println(\"Here are the tasks in your list:\");","lastModifiedDate":"2022-01-18"},{"lineNumber":73,"author":{"gitId":"yongler"},"content":"                for (int i \u003d 0; i \u003c tasks.size(); i++) {","lastModifiedDate":"2022-01-18"},{"lineNumber":74,"author":{"gitId":"yongler"},"content":"                    System.out.printf(\"%d. %s\\n\", i + 1, tasks.get(i));","lastModifiedDate":"2022-01-18"},{"lineNumber":75,"author":{"gitId":"yongler"},"content":"                }","lastModifiedDate":"2022-01-18"},{"lineNumber":76,"author":{"gitId":"yongler"},"content":"            } else if (str[0].compareTo(\"mark\") \u003d\u003d 0) {","lastModifiedDate":"2022-01-18"},{"lineNumber":77,"author":{"gitId":"yongler"},"content":"                int k \u003d Integer.parseInt(str[1]);","lastModifiedDate":"2022-01-18"},{"lineNumber":78,"author":{"gitId":"yongler"},"content":"                tasks.get(k - 1).markAsDone();","lastModifiedDate":"2022-01-18"},{"lineNumber":79,"author":{"gitId":"yongler"},"content":"                System.out.println(\"Nice! I\u0027ve marked this task as done: \");","lastModifiedDate":"2022-01-18"},{"lineNumber":80,"author":{"gitId":"yongler"},"content":"                System.out.println(tasks.get(k - 1));","lastModifiedDate":"2022-01-18"},{"lineNumber":81,"author":{"gitId":"yongler"},"content":"            } else if (str[0].compareTo(\"unmark\") \u003d\u003d 0) {","lastModifiedDate":"2022-01-18"},{"lineNumber":82,"author":{"gitId":"yongler"},"content":"                int k \u003d Integer.parseInt(str[1]);","lastModifiedDate":"2022-01-18"},{"lineNumber":83,"author":{"gitId":"yongler"},"content":"                tasks.get(k - 1).markAsUndone();","lastModifiedDate":"2022-01-18"},{"lineNumber":84,"author":{"gitId":"yongler"},"content":"                System.out.println(\"OK, I\u0027ve marked this task as not done yet:\");","lastModifiedDate":"2022-01-18"},{"lineNumber":85,"author":{"gitId":"yongler"},"content":"                System.out.println(tasks.get(k - 1));","lastModifiedDate":"2022-01-18"},{"lineNumber":86,"author":{"gitId":"yongler"},"content":"","lastModifiedDate":"2022-01-18"},{"lineNumber":87,"author":{"gitId":"yongler"},"content":"            } else {","lastModifiedDate":"2022-01-18"},{"lineNumber":88,"author":{"gitId":"yongler"},"content":"                tasks.add(new Task(whole_str));","lastModifiedDate":"2022-01-18"},{"lineNumber":89,"author":{"gitId":"yongler"},"content":"                System.out.println(\"Added: \" + whole_str);","lastModifiedDate":"2022-01-18"},{"lineNumber":90,"author":{"gitId":"yongler"},"content":"            }","lastModifiedDate":"2022-01-18"},{"lineNumber":91,"author":{"gitId":"yongler"},"content":"        }","lastModifiedDate":"2022-01-18"},{"lineNumber":92,"author":{"gitId":"yongler"},"content":"","lastModifiedDate":"2022-01-18"},{"lineNumber":93,"author":{"gitId":"yongler"},"content":"","lastModifiedDate":"2022-01-18"},{"lineNumber":94,"author":{"gitId":"-"},"content":"    }","lastModifiedDate":"2019-07-29"},{"lineNumber":95,"author":{"gitId":"-"},"content":"}","lastModifiedDate":"2019-07-29"}],"authorContributionMap":{"yongler":85,"-":10}}]
