[{"path":"src/main/java/com/duke/AddDeadlineCommand.java","fileType":"java","lines":[{"lineNumber":1,"author":{"gitId":"cheekean5848"},"content":"package com.duke;","lastModifiedDate":"2022-01-26"},{"lineNumber":2,"author":{"gitId":"cheekean5848"},"content":"","lastModifiedDate":"2022-01-26"},{"lineNumber":3,"author":{"gitId":"cheekean5848"},"content":"public class AddDeadlineCommand extends Command {","lastModifiedDate":"2022-01-26"},{"lineNumber":4,"author":{"gitId":"cheekean5848"},"content":"","lastModifiedDate":"2022-01-26"},{"lineNumber":5,"author":{"gitId":"cheekean5848"},"content":"    private final Task task;","lastModifiedDate":"2022-01-26"},{"lineNumber":6,"author":{"gitId":"cheekean5848"},"content":"","lastModifiedDate":"2022-01-26"},{"lineNumber":7,"author":{"gitId":"cheekean5848"},"content":"    public AddDeadlineCommand(Task task) {","lastModifiedDate":"2022-01-26"},{"lineNumber":8,"author":{"gitId":"cheekean5848"},"content":"        this.task \u003d task;","lastModifiedDate":"2022-01-26"},{"lineNumber":9,"author":{"gitId":"cheekean5848"},"content":"    }","lastModifiedDate":"2022-01-26"},{"lineNumber":10,"author":{"gitId":"cheekean5848"},"content":"","lastModifiedDate":"2022-01-26"},{"lineNumber":11,"author":{"gitId":"cheekean5848"},"content":"    @Override","lastModifiedDate":"2022-01-26"},{"lineNumber":12,"author":{"gitId":"cheekean5848"},"content":"    public void execute(TaskList tasks, Ui ui, Storage storage) {","lastModifiedDate":"2022-01-26"},{"lineNumber":13,"author":{"gitId":"cheekean5848"},"content":"        tasks.add(task);","lastModifiedDate":"2022-01-26"},{"lineNumber":14,"author":{"gitId":"cheekean5848"},"content":"        ui.showMsg(\"\\t Got it, I\u0027ve added this task:\");","lastModifiedDate":"2022-01-26"},{"lineNumber":15,"author":{"gitId":"cheekean5848"},"content":"        ui.showMsg(\"\\t  \" + tasks.get(tasks.getCount()-1));","lastModifiedDate":"2022-01-26"},{"lineNumber":16,"author":{"gitId":"cheekean5848"},"content":"        ui.showMsg(\"\\t Now you have \" + tasks.getCount() + \" tasks in the list.\");","lastModifiedDate":"2022-01-26"},{"lineNumber":17,"author":{"gitId":"cheekean5848"},"content":"    }","lastModifiedDate":"2022-01-26"},{"lineNumber":18,"author":{"gitId":"cheekean5848"},"content":"","lastModifiedDate":"2022-01-26"},{"lineNumber":19,"author":{"gitId":"cheekean5848"},"content":"    @Override","lastModifiedDate":"2022-01-26"},{"lineNumber":20,"author":{"gitId":"cheekean5848"},"content":"    public boolean isExit() {","lastModifiedDate":"2022-01-26"},{"lineNumber":21,"author":{"gitId":"cheekean5848"},"content":"        return false;","lastModifiedDate":"2022-01-26"},{"lineNumber":22,"author":{"gitId":"cheekean5848"},"content":"    }","lastModifiedDate":"2022-01-26"},{"lineNumber":23,"author":{"gitId":"cheekean5848"},"content":"}","lastModifiedDate":"2022-01-26"}],"authorContributionMap":{"cheekean5848":23}},{"path":"src/main/java/com/duke/AddEventCommand.java","fileType":"java","lines":[{"lineNumber":1,"author":{"gitId":"cheekean5848"},"content":"package com.duke;","lastModifiedDate":"2022-01-26"},{"lineNumber":2,"author":{"gitId":"cheekean5848"},"content":"","lastModifiedDate":"2022-01-26"},{"lineNumber":3,"author":{"gitId":"cheekean5848"},"content":"public class AddEventCommand extends Command{","lastModifiedDate":"2022-01-26"},{"lineNumber":4,"author":{"gitId":"cheekean5848"},"content":"","lastModifiedDate":"2022-01-26"},{"lineNumber":5,"author":{"gitId":"cheekean5848"},"content":"    private final Task task;","lastModifiedDate":"2022-01-26"},{"lineNumber":6,"author":{"gitId":"cheekean5848"},"content":"","lastModifiedDate":"2022-01-26"},{"lineNumber":7,"author":{"gitId":"cheekean5848"},"content":"    public AddEventCommand(Task task) {","lastModifiedDate":"2022-01-26"},{"lineNumber":8,"author":{"gitId":"cheekean5848"},"content":"        this.task \u003d task;","lastModifiedDate":"2022-01-26"},{"lineNumber":9,"author":{"gitId":"cheekean5848"},"content":"    }","lastModifiedDate":"2022-01-26"},{"lineNumber":10,"author":{"gitId":"cheekean5848"},"content":"","lastModifiedDate":"2022-01-26"},{"lineNumber":11,"author":{"gitId":"cheekean5848"},"content":"    @Override","lastModifiedDate":"2022-01-26"},{"lineNumber":12,"author":{"gitId":"cheekean5848"},"content":"    public void execute(TaskList tasks, Ui ui, Storage storage) {","lastModifiedDate":"2022-01-26"},{"lineNumber":13,"author":{"gitId":"cheekean5848"},"content":"        tasks.add(task);","lastModifiedDate":"2022-01-26"},{"lineNumber":14,"author":{"gitId":"cheekean5848"},"content":"        ui.showMsg(\"\\t Got it, I\u0027ve added this task:\");","lastModifiedDate":"2022-01-26"},{"lineNumber":15,"author":{"gitId":"cheekean5848"},"content":"        ui.showMsg(\"\\t  \" + tasks.get(tasks.getCount()-1));","lastModifiedDate":"2022-01-26"},{"lineNumber":16,"author":{"gitId":"cheekean5848"},"content":"        ui.showMsg(\"\\t Now you have \" + tasks.getCount() + \" tasks in the list.\");","lastModifiedDate":"2022-01-26"},{"lineNumber":17,"author":{"gitId":"cheekean5848"},"content":"    }","lastModifiedDate":"2022-01-26"},{"lineNumber":18,"author":{"gitId":"cheekean5848"},"content":"","lastModifiedDate":"2022-01-26"},{"lineNumber":19,"author":{"gitId":"cheekean5848"},"content":"    @Override","lastModifiedDate":"2022-01-26"},{"lineNumber":20,"author":{"gitId":"cheekean5848"},"content":"    public boolean isExit() {","lastModifiedDate":"2022-01-26"},{"lineNumber":21,"author":{"gitId":"cheekean5848"},"content":"        return false;","lastModifiedDate":"2022-01-26"},{"lineNumber":22,"author":{"gitId":"cheekean5848"},"content":"    }","lastModifiedDate":"2022-01-26"},{"lineNumber":23,"author":{"gitId":"cheekean5848"},"content":"}","lastModifiedDate":"2022-01-26"}],"authorContributionMap":{"cheekean5848":23}},{"path":"src/main/java/com/duke/AddToDoCommand.java","fileType":"java","lines":[{"lineNumber":1,"author":{"gitId":"cheekean5848"},"content":"package com.duke;","lastModifiedDate":"2022-01-26"},{"lineNumber":2,"author":{"gitId":"cheekean5848"},"content":"","lastModifiedDate":"2022-01-26"},{"lineNumber":3,"author":{"gitId":"cheekean5848"},"content":"public class AddToDoCommand extends Command{","lastModifiedDate":"2022-01-26"},{"lineNumber":4,"author":{"gitId":"cheekean5848"},"content":"","lastModifiedDate":"2022-01-26"},{"lineNumber":5,"author":{"gitId":"cheekean5848"},"content":"    private final Task task;","lastModifiedDate":"2022-01-26"},{"lineNumber":6,"author":{"gitId":"cheekean5848"},"content":"","lastModifiedDate":"2022-01-26"},{"lineNumber":7,"author":{"gitId":"cheekean5848"},"content":"    public AddToDoCommand(Task task) {","lastModifiedDate":"2022-01-26"},{"lineNumber":8,"author":{"gitId":"cheekean5848"},"content":"        this.task \u003d task;","lastModifiedDate":"2022-01-26"},{"lineNumber":9,"author":{"gitId":"cheekean5848"},"content":"    }","lastModifiedDate":"2022-01-26"},{"lineNumber":10,"author":{"gitId":"cheekean5848"},"content":"","lastModifiedDate":"2022-01-26"},{"lineNumber":11,"author":{"gitId":"cheekean5848"},"content":"    @Override","lastModifiedDate":"2022-01-26"},{"lineNumber":12,"author":{"gitId":"cheekean5848"},"content":"    public void execute(TaskList tasks, Ui ui, Storage storage) {","lastModifiedDate":"2022-01-26"},{"lineNumber":13,"author":{"gitId":"cheekean5848"},"content":"        tasks.add(task);","lastModifiedDate":"2022-01-26"},{"lineNumber":14,"author":{"gitId":"cheekean5848"},"content":"        ui.showMsg(\"\\t Got it, I\u0027ve added this task:\");","lastModifiedDate":"2022-01-26"},{"lineNumber":15,"author":{"gitId":"cheekean5848"},"content":"        ui.showMsg(\"\\t  \" + tasks.get(tasks.getCount()-1));","lastModifiedDate":"2022-01-26"},{"lineNumber":16,"author":{"gitId":"cheekean5848"},"content":"        ui.showMsg(\"\\t Now you have \" + tasks.getCount() + \" tasks in the list.\");","lastModifiedDate":"2022-01-26"},{"lineNumber":17,"author":{"gitId":"cheekean5848"},"content":"    }","lastModifiedDate":"2022-01-26"},{"lineNumber":18,"author":{"gitId":"cheekean5848"},"content":"","lastModifiedDate":"2022-01-26"},{"lineNumber":19,"author":{"gitId":"cheekean5848"},"content":"    @Override","lastModifiedDate":"2022-01-26"},{"lineNumber":20,"author":{"gitId":"cheekean5848"},"content":"    public boolean isExit() {","lastModifiedDate":"2022-01-26"},{"lineNumber":21,"author":{"gitId":"cheekean5848"},"content":"        return false;","lastModifiedDate":"2022-01-26"},{"lineNumber":22,"author":{"gitId":"cheekean5848"},"content":"    }","lastModifiedDate":"2022-01-26"},{"lineNumber":23,"author":{"gitId":"cheekean5848"},"content":"}","lastModifiedDate":"2022-01-26"}],"authorContributionMap":{"cheekean5848":23}},{"path":"src/main/java/com/duke/Command.java","fileType":"java","lines":[{"lineNumber":1,"author":{"gitId":"cheekean5848"},"content":"package com.duke;","lastModifiedDate":"2022-01-26"},{"lineNumber":2,"author":{"gitId":"cheekean5848"},"content":"","lastModifiedDate":"2022-01-26"},{"lineNumber":3,"author":{"gitId":"cheekean5848"},"content":"public abstract class Command {","lastModifiedDate":"2022-01-26"},{"lineNumber":4,"author":{"gitId":"cheekean5848"},"content":"","lastModifiedDate":"2022-01-26"},{"lineNumber":5,"author":{"gitId":"cheekean5848"},"content":"    public abstract void execute(TaskList tasks, Ui ui, Storage storage);","lastModifiedDate":"2022-01-26"},{"lineNumber":6,"author":{"gitId":"cheekean5848"},"content":"    public abstract boolean isExit();","lastModifiedDate":"2022-01-26"},{"lineNumber":7,"author":{"gitId":"cheekean5848"},"content":"}","lastModifiedDate":"2022-01-26"}],"authorContributionMap":{"cheekean5848":7}},{"path":"src/main/java/com/duke/Deadline.java","fileType":"java","lines":[{"lineNumber":1,"author":{"gitId":"cheekean5848"},"content":"package com.duke;","lastModifiedDate":"2022-01-26"},{"lineNumber":2,"author":{"gitId":"cheekean5848"},"content":"","lastModifiedDate":"2022-01-26"},{"lineNumber":3,"author":{"gitId":"cheekean5848"},"content":"import java.time.LocalDate;","lastModifiedDate":"2022-01-26"},{"lineNumber":4,"author":{"gitId":"cheekean5848"},"content":"import java.time.format.DateTimeFormatter;","lastModifiedDate":"2022-01-26"},{"lineNumber":5,"author":{"gitId":"cheekean5848"},"content":"","lastModifiedDate":"2022-01-26"},{"lineNumber":6,"author":{"gitId":"cheekean5848"},"content":"public class Deadline extends Task{","lastModifiedDate":"2022-01-20"},{"lineNumber":7,"author":{"gitId":"cheekean5848"},"content":"","lastModifiedDate":"2022-01-20"},{"lineNumber":8,"author":{"gitId":"cheekean5848"},"content":"    protected LocalDate by;","lastModifiedDate":"2022-01-26"},{"lineNumber":9,"author":{"gitId":"cheekean5848"},"content":"","lastModifiedDate":"2022-01-20"},{"lineNumber":10,"author":{"gitId":"cheekean5848"},"content":"    public Deadline (String description, String by) {","lastModifiedDate":"2022-01-20"},{"lineNumber":11,"author":{"gitId":"cheekean5848"},"content":"        super(description);","lastModifiedDate":"2022-01-20"},{"lineNumber":12,"author":{"gitId":"cheekean5848"},"content":"        this.by \u003d LocalDate.parse(by);","lastModifiedDate":"2022-01-26"},{"lineNumber":13,"author":{"gitId":"cheekean5848"},"content":"    }","lastModifiedDate":"2022-01-20"},{"lineNumber":14,"author":{"gitId":"cheekean5848"},"content":"","lastModifiedDate":"2022-01-20"},{"lineNumber":15,"author":{"gitId":"cheekean5848"},"content":"    @Override","lastModifiedDate":"2022-01-20"},{"lineNumber":16,"author":{"gitId":"cheekean5848"},"content":"    public String toString() {","lastModifiedDate":"2022-01-20"},{"lineNumber":17,"author":{"gitId":"cheekean5848"},"content":"        return \"[D]\" + super.toString() + \" (by: \" + by.format(DateTimeFormatter.ofPattern(\"MMM d yyyy\")) + \")\";","lastModifiedDate":"2022-01-26"},{"lineNumber":18,"author":{"gitId":"cheekean5848"},"content":"    }","lastModifiedDate":"2022-01-20"},{"lineNumber":19,"author":{"gitId":"cheekean5848"},"content":"}","lastModifiedDate":"2022-01-20"}],"authorContributionMap":{"cheekean5848":19}},{"path":"src/main/java/com/duke/DeleteCommand.java","fileType":"java","lines":[{"lineNumber":1,"author":{"gitId":"cheekean5848"},"content":"package com.duke;","lastModifiedDate":"2022-01-26"},{"lineNumber":2,"author":{"gitId":"cheekean5848"},"content":"","lastModifiedDate":"2022-01-26"},{"lineNumber":3,"author":{"gitId":"cheekean5848"},"content":"public class DeleteCommand extends Command{","lastModifiedDate":"2022-01-26"},{"lineNumber":4,"author":{"gitId":"cheekean5848"},"content":"","lastModifiedDate":"2022-01-26"},{"lineNumber":5,"author":{"gitId":"cheekean5848"},"content":"    private final int pos;","lastModifiedDate":"2022-01-26"},{"lineNumber":6,"author":{"gitId":"cheekean5848"},"content":"","lastModifiedDate":"2022-01-26"},{"lineNumber":7,"author":{"gitId":"cheekean5848"},"content":"    public DeleteCommand(int pos) {","lastModifiedDate":"2022-01-26"},{"lineNumber":8,"author":{"gitId":"cheekean5848"},"content":"        this.pos \u003d pos;","lastModifiedDate":"2022-01-26"},{"lineNumber":9,"author":{"gitId":"cheekean5848"},"content":"    }","lastModifiedDate":"2022-01-26"},{"lineNumber":10,"author":{"gitId":"cheekean5848"},"content":"","lastModifiedDate":"2022-01-26"},{"lineNumber":11,"author":{"gitId":"cheekean5848"},"content":"    @Override","lastModifiedDate":"2022-01-26"},{"lineNumber":12,"author":{"gitId":"cheekean5848"},"content":"    public void execute(TaskList tasks, Ui ui, Storage storage) {","lastModifiedDate":"2022-01-26"},{"lineNumber":13,"author":{"gitId":"cheekean5848"},"content":"        Task ts \u003d tasks.remove(pos-1);","lastModifiedDate":"2022-01-26"},{"lineNumber":14,"author":{"gitId":"cheekean5848"},"content":"        ui.showMsg(\"\\t Noted, I\u0027ve removed this task:\");","lastModifiedDate":"2022-01-26"},{"lineNumber":15,"author":{"gitId":"cheekean5848"},"content":"        ui.showMsg(\"\\t  \" + ts);","lastModifiedDate":"2022-01-26"},{"lineNumber":16,"author":{"gitId":"cheekean5848"},"content":"        System.out.println(\"\\t Now you have \" + tasks.getCount() + \" tasks in the list.\");","lastModifiedDate":"2022-01-26"},{"lineNumber":17,"author":{"gitId":"cheekean5848"},"content":"    }","lastModifiedDate":"2022-01-26"},{"lineNumber":18,"author":{"gitId":"cheekean5848"},"content":"","lastModifiedDate":"2022-01-26"},{"lineNumber":19,"author":{"gitId":"cheekean5848"},"content":"    @Override","lastModifiedDate":"2022-01-26"},{"lineNumber":20,"author":{"gitId":"cheekean5848"},"content":"    public boolean isExit() {","lastModifiedDate":"2022-01-26"},{"lineNumber":21,"author":{"gitId":"cheekean5848"},"content":"        return false;","lastModifiedDate":"2022-01-26"},{"lineNumber":22,"author":{"gitId":"cheekean5848"},"content":"    }","lastModifiedDate":"2022-01-26"},{"lineNumber":23,"author":{"gitId":"cheekean5848"},"content":"}","lastModifiedDate":"2022-01-26"}],"authorContributionMap":{"cheekean5848":23}},{"path":"src/main/java/com/duke/Duke.java","fileType":"java","lines":[{"lineNumber":1,"author":{"gitId":"cheekean5848"},"content":"package com.duke;","lastModifiedDate":"2022-01-26"},{"lineNumber":2,"author":{"gitId":"cheekean5848"},"content":"","lastModifiedDate":"2022-01-26"},{"lineNumber":3,"author":{"gitId":"cheekean5848"},"content":"import java.io.*;","lastModifiedDate":"2022-01-26"},{"lineNumber":4,"author":{"gitId":"cheekean5848"},"content":"import java.util.ArrayList;","lastModifiedDate":"2022-01-20"},{"lineNumber":5,"author":{"gitId":"cheekean5848"},"content":"import java.util.Scanner;","lastModifiedDate":"2022-01-26"},{"lineNumber":6,"author":{"gitId":"cheekean5848"},"content":"","lastModifiedDate":"2022-01-19"},{"lineNumber":7,"author":{"gitId":"-"},"content":"public class Duke {","lastModifiedDate":"2019-07-29"},{"lineNumber":8,"author":{"gitId":"cheekean5848"},"content":"","lastModifiedDate":"2022-01-19"},{"lineNumber":9,"author":{"gitId":"cheekean5848"},"content":"    private Storage storage;","lastModifiedDate":"2022-01-26"},{"lineNumber":10,"author":{"gitId":"cheekean5848"},"content":"    private TaskList tasks;","lastModifiedDate":"2022-01-26"},{"lineNumber":11,"author":{"gitId":"cheekean5848"},"content":"    private Ui ui;","lastModifiedDate":"2022-01-26"},{"lineNumber":12,"author":{"gitId":"cheekean5848"},"content":"","lastModifiedDate":"2022-01-19"},{"lineNumber":13,"author":{"gitId":"cheekean5848"},"content":"    public Duke(String path) {","lastModifiedDate":"2022-01-26"},{"lineNumber":14,"author":{"gitId":"cheekean5848"},"content":"        ui \u003d new Ui();","lastModifiedDate":"2022-01-26"},{"lineNumber":15,"author":{"gitId":"cheekean5848"},"content":"        storage \u003d new Storage(path);","lastModifiedDate":"2022-01-26"},{"lineNumber":16,"author":{"gitId":"cheekean5848"},"content":"        tasks \u003d new TaskList(storage.load());","lastModifiedDate":"2022-01-26"},{"lineNumber":17,"author":{"gitId":"cheekean5848"},"content":"    }","lastModifiedDate":"2022-01-26"},{"lineNumber":18,"author":{"gitId":"cheekean5848"},"content":"","lastModifiedDate":"2022-01-26"},{"lineNumber":19,"author":{"gitId":"cheekean5848"},"content":"    public void run() {","lastModifiedDate":"2022-01-26"},{"lineNumber":20,"author":{"gitId":"cheekean5848"},"content":"        ui.showWelcome();","lastModifiedDate":"2022-01-26"},{"lineNumber":21,"author":{"gitId":"cheekean5848"},"content":"        boolean isExit \u003d false;","lastModifiedDate":"2022-01-26"},{"lineNumber":22,"author":{"gitId":"cheekean5848"},"content":"        while (!isExit) {","lastModifiedDate":"2022-01-26"},{"lineNumber":23,"author":{"gitId":"cheekean5848"},"content":"            try {","lastModifiedDate":"2022-01-26"},{"lineNumber":24,"author":{"gitId":"cheekean5848"},"content":"                String fullCommand \u003d ui.readCommand();","lastModifiedDate":"2022-01-26"},{"lineNumber":25,"author":{"gitId":"cheekean5848"},"content":"                ui.showLine(); // show the divider line (\"_______\")","lastModifiedDate":"2022-01-26"},{"lineNumber":26,"author":{"gitId":"cheekean5848"},"content":"                Command c \u003d Parser.parse(fullCommand);","lastModifiedDate":"2022-01-26"},{"lineNumber":27,"author":{"gitId":"cheekean5848"},"content":"                c.execute(tasks, ui, storage);","lastModifiedDate":"2022-01-26"},{"lineNumber":28,"author":{"gitId":"cheekean5848"},"content":"                isExit \u003d c.isExit();","lastModifiedDate":"2022-01-26"},{"lineNumber":29,"author":{"gitId":"cheekean5848"},"content":"            } catch (DukeException e) {","lastModifiedDate":"2022-01-20"},{"lineNumber":30,"author":{"gitId":"cheekean5848"},"content":"                ui.showError(e.getMessage());","lastModifiedDate":"2022-01-26"},{"lineNumber":31,"author":{"gitId":"cheekean5848"},"content":"            } finally {","lastModifiedDate":"2022-01-26"},{"lineNumber":32,"author":{"gitId":"cheekean5848"},"content":"                ui.showLine();","lastModifiedDate":"2022-01-26"},{"lineNumber":33,"author":{"gitId":"cheekean5848"},"content":"            }","lastModifiedDate":"2022-01-24"},{"lineNumber":34,"author":{"gitId":"cheekean5848"},"content":"        }","lastModifiedDate":"2022-01-19"},{"lineNumber":35,"author":{"gitId":"cheekean5848"},"content":"    }","lastModifiedDate":"2022-01-20"},{"lineNumber":36,"author":{"gitId":"cheekean5848"},"content":"","lastModifiedDate":"2022-01-20"},{"lineNumber":37,"author":{"gitId":"cheekean5848"},"content":"","lastModifiedDate":"2022-01-20"},{"lineNumber":38,"author":{"gitId":"cheekean5848"},"content":"    public static void main(String[] args) throws IOException {","lastModifiedDate":"2022-01-26"},{"lineNumber":39,"author":{"gitId":"cheekean5848"},"content":"        new Duke(\"tasks.txt\").run();","lastModifiedDate":"2022-01-26"},{"lineNumber":40,"author":{"gitId":"cheekean5848"},"content":"    }","lastModifiedDate":"2022-01-20"},{"lineNumber":41,"author":{"gitId":"-"},"content":"}","lastModifiedDate":"2019-07-29"}],"authorContributionMap":{"cheekean5848":39,"-":2}},{"path":"src/main/java/com/duke/DukeException.java","fileType":"java","lines":[{"lineNumber":1,"author":{"gitId":"cheekean5848"},"content":"package com.duke;","lastModifiedDate":"2022-01-26"},{"lineNumber":2,"author":{"gitId":"cheekean5848"},"content":"","lastModifiedDate":"2022-01-26"},{"lineNumber":3,"author":{"gitId":"cheekean5848"},"content":"public class DukeException extends Exception{","lastModifiedDate":"2022-01-20"},{"lineNumber":4,"author":{"gitId":"cheekean5848"},"content":"","lastModifiedDate":"2022-01-24"},{"lineNumber":5,"author":{"gitId":"cheekean5848"},"content":"    @Override","lastModifiedDate":"2022-01-24"},{"lineNumber":6,"author":{"gitId":"cheekean5848"},"content":"    public String getMessage() {","lastModifiedDate":"2022-01-24"},{"lineNumber":7,"author":{"gitId":"cheekean5848"},"content":"        return \"\\t ☹ OOPS!!! I\u0027m sorry, but I don\u0027t know what that means :-(\";","lastModifiedDate":"2022-01-24"},{"lineNumber":8,"author":{"gitId":"cheekean5848"},"content":"    }","lastModifiedDate":"2022-01-24"},{"lineNumber":9,"author":{"gitId":"cheekean5848"},"content":"}","lastModifiedDate":"2022-01-20"}],"authorContributionMap":{"cheekean5848":9}},{"path":"src/main/java/com/duke/Event.java","fileType":"java","lines":[{"lineNumber":1,"author":{"gitId":"cheekean5848"},"content":"package com.duke;","lastModifiedDate":"2022-01-26"},{"lineNumber":2,"author":{"gitId":"cheekean5848"},"content":"","lastModifiedDate":"2022-01-26"},{"lineNumber":3,"author":{"gitId":"cheekean5848"},"content":"import java.time.LocalDate;","lastModifiedDate":"2022-01-26"},{"lineNumber":4,"author":{"gitId":"cheekean5848"},"content":"import java.time.format.DateTimeFormatter;","lastModifiedDate":"2022-01-26"},{"lineNumber":5,"author":{"gitId":"cheekean5848"},"content":"","lastModifiedDate":"2022-01-26"},{"lineNumber":6,"author":{"gitId":"cheekean5848"},"content":"public class Event extends Task{","lastModifiedDate":"2022-01-20"},{"lineNumber":7,"author":{"gitId":"cheekean5848"},"content":"","lastModifiedDate":"2022-01-20"},{"lineNumber":8,"author":{"gitId":"cheekean5848"},"content":"    protected LocalDate at;","lastModifiedDate":"2022-01-26"},{"lineNumber":9,"author":{"gitId":"cheekean5848"},"content":"","lastModifiedDate":"2022-01-20"},{"lineNumber":10,"author":{"gitId":"cheekean5848"},"content":"    public Event(String description, String at) {","lastModifiedDate":"2022-01-20"},{"lineNumber":11,"author":{"gitId":"cheekean5848"},"content":"        super(description);","lastModifiedDate":"2022-01-20"},{"lineNumber":12,"author":{"gitId":"cheekean5848"},"content":"        this.at \u003d LocalDate.parse(at);","lastModifiedDate":"2022-01-26"},{"lineNumber":13,"author":{"gitId":"cheekean5848"},"content":"    }","lastModifiedDate":"2022-01-20"},{"lineNumber":14,"author":{"gitId":"cheekean5848"},"content":"","lastModifiedDate":"2022-01-20"},{"lineNumber":15,"author":{"gitId":"cheekean5848"},"content":"    @Override","lastModifiedDate":"2022-01-20"},{"lineNumber":16,"author":{"gitId":"cheekean5848"},"content":"    public String toString() {","lastModifiedDate":"2022-01-20"},{"lineNumber":17,"author":{"gitId":"cheekean5848"},"content":"        return \"[E]\" + super.toString() + \" (at: \" + at.format(DateTimeFormatter.ofPattern(\"MMM d yyyy\")) + \")\";","lastModifiedDate":"2022-01-26"},{"lineNumber":18,"author":{"gitId":"cheekean5848"},"content":"    }","lastModifiedDate":"2022-01-20"},{"lineNumber":19,"author":{"gitId":"cheekean5848"},"content":"}","lastModifiedDate":"2022-01-20"}],"authorContributionMap":{"cheekean5848":19}},{"path":"src/main/java/com/duke/ExitCommand.java","fileType":"java","lines":[{"lineNumber":1,"author":{"gitId":"cheekean5848"},"content":"package com.duke;","lastModifiedDate":"2022-01-26"},{"lineNumber":2,"author":{"gitId":"cheekean5848"},"content":"","lastModifiedDate":"2022-01-26"},{"lineNumber":3,"author":{"gitId":"cheekean5848"},"content":"public class ExitCommand extends Command{","lastModifiedDate":"2022-01-26"},{"lineNumber":4,"author":{"gitId":"cheekean5848"},"content":"    @Override","lastModifiedDate":"2022-01-26"},{"lineNumber":5,"author":{"gitId":"cheekean5848"},"content":"    public void execute(TaskList tasks, Ui ui, Storage storage) {","lastModifiedDate":"2022-01-26"},{"lineNumber":6,"author":{"gitId":"cheekean5848"},"content":"        storage.save(tasks);","lastModifiedDate":"2022-01-26"},{"lineNumber":7,"author":{"gitId":"cheekean5848"},"content":"        ui.showMsg(\"\\t Bye. Hope to see you again soon!\");","lastModifiedDate":"2022-01-26"},{"lineNumber":8,"author":{"gitId":"cheekean5848"},"content":"    }","lastModifiedDate":"2022-01-26"},{"lineNumber":9,"author":{"gitId":"cheekean5848"},"content":"","lastModifiedDate":"2022-01-26"},{"lineNumber":10,"author":{"gitId":"cheekean5848"},"content":"    @Override","lastModifiedDate":"2022-01-26"},{"lineNumber":11,"author":{"gitId":"cheekean5848"},"content":"    public boolean isExit() {","lastModifiedDate":"2022-01-26"},{"lineNumber":12,"author":{"gitId":"cheekean5848"},"content":"        return true;","lastModifiedDate":"2022-01-26"},{"lineNumber":13,"author":{"gitId":"cheekean5848"},"content":"    }","lastModifiedDate":"2022-01-26"},{"lineNumber":14,"author":{"gitId":"cheekean5848"},"content":"}","lastModifiedDate":"2022-01-26"}],"authorContributionMap":{"cheekean5848":14}},{"path":"src/main/java/com/duke/ListCommand.java","fileType":"java","lines":[{"lineNumber":1,"author":{"gitId":"cheekean5848"},"content":"package com.duke;","lastModifiedDate":"2022-01-26"},{"lineNumber":2,"author":{"gitId":"cheekean5848"},"content":"","lastModifiedDate":"2022-01-26"},{"lineNumber":3,"author":{"gitId":"cheekean5848"},"content":"public class ListCommand extends Command{","lastModifiedDate":"2022-01-26"},{"lineNumber":4,"author":{"gitId":"cheekean5848"},"content":"    @Override","lastModifiedDate":"2022-01-26"},{"lineNumber":5,"author":{"gitId":"cheekean5848"},"content":"    public void execute(TaskList tasks, Ui ui, Storage storage) {","lastModifiedDate":"2022-01-26"},{"lineNumber":6,"author":{"gitId":"cheekean5848"},"content":"        ui.showMsg(\"\\t Here are the tasks in your list:\");","lastModifiedDate":"2022-01-26"},{"lineNumber":7,"author":{"gitId":"cheekean5848"},"content":"        for (int i\u003d0; i\u003ctasks.getCount(); i++) {","lastModifiedDate":"2022-01-26"},{"lineNumber":8,"author":{"gitId":"cheekean5848"},"content":"            ui.showMsg(\"\\t \" + (i+1) + \".\" + tasks.get(i));","lastModifiedDate":"2022-01-26"},{"lineNumber":9,"author":{"gitId":"cheekean5848"},"content":"        }","lastModifiedDate":"2022-01-26"},{"lineNumber":10,"author":{"gitId":"cheekean5848"},"content":"    }","lastModifiedDate":"2022-01-26"},{"lineNumber":11,"author":{"gitId":"cheekean5848"},"content":"","lastModifiedDate":"2022-01-26"},{"lineNumber":12,"author":{"gitId":"cheekean5848"},"content":"    @Override","lastModifiedDate":"2022-01-26"},{"lineNumber":13,"author":{"gitId":"cheekean5848"},"content":"    public boolean isExit() {","lastModifiedDate":"2022-01-26"},{"lineNumber":14,"author":{"gitId":"cheekean5848"},"content":"        return false;","lastModifiedDate":"2022-01-26"},{"lineNumber":15,"author":{"gitId":"cheekean5848"},"content":"    }","lastModifiedDate":"2022-01-26"},{"lineNumber":16,"author":{"gitId":"cheekean5848"},"content":"}","lastModifiedDate":"2022-01-26"}],"authorContributionMap":{"cheekean5848":16}},{"path":"src/main/java/com/duke/MarkCommand.java","fileType":"java","lines":[{"lineNumber":1,"author":{"gitId":"cheekean5848"},"content":"package com.duke;","lastModifiedDate":"2022-01-26"},{"lineNumber":2,"author":{"gitId":"cheekean5848"},"content":"","lastModifiedDate":"2022-01-26"},{"lineNumber":3,"author":{"gitId":"cheekean5848"},"content":"public class MarkCommand extends Command{","lastModifiedDate":"2022-01-26"},{"lineNumber":4,"author":{"gitId":"cheekean5848"},"content":"","lastModifiedDate":"2022-01-26"},{"lineNumber":5,"author":{"gitId":"cheekean5848"},"content":"    private final int pos;","lastModifiedDate":"2022-01-26"},{"lineNumber":6,"author":{"gitId":"cheekean5848"},"content":"","lastModifiedDate":"2022-01-26"},{"lineNumber":7,"author":{"gitId":"cheekean5848"},"content":"    public MarkCommand(int pos) {","lastModifiedDate":"2022-01-26"},{"lineNumber":8,"author":{"gitId":"cheekean5848"},"content":"        this.pos \u003d pos;","lastModifiedDate":"2022-01-26"},{"lineNumber":9,"author":{"gitId":"cheekean5848"},"content":"    }","lastModifiedDate":"2022-01-26"},{"lineNumber":10,"author":{"gitId":"cheekean5848"},"content":"","lastModifiedDate":"2022-01-26"},{"lineNumber":11,"author":{"gitId":"cheekean5848"},"content":"    @Override","lastModifiedDate":"2022-01-26"},{"lineNumber":12,"author":{"gitId":"cheekean5848"},"content":"    public void execute(TaskList tasks, Ui ui, Storage storage) {","lastModifiedDate":"2022-01-26"},{"lineNumber":13,"author":{"gitId":"cheekean5848"},"content":"        tasks.get(pos-1).markAsDone();","lastModifiedDate":"2022-01-26"},{"lineNumber":14,"author":{"gitId":"cheekean5848"},"content":"        ui.showMsg(\"\\t Nice! I\u0027ve marked this task as done:\\n\" + \"\\t  \" + tasks.get(pos-1));","lastModifiedDate":"2022-01-26"},{"lineNumber":15,"author":{"gitId":"cheekean5848"},"content":"    }","lastModifiedDate":"2022-01-26"},{"lineNumber":16,"author":{"gitId":"cheekean5848"},"content":"","lastModifiedDate":"2022-01-26"},{"lineNumber":17,"author":{"gitId":"cheekean5848"},"content":"    @Override","lastModifiedDate":"2022-01-26"},{"lineNumber":18,"author":{"gitId":"cheekean5848"},"content":"    public boolean isExit() {","lastModifiedDate":"2022-01-26"},{"lineNumber":19,"author":{"gitId":"cheekean5848"},"content":"        return false;","lastModifiedDate":"2022-01-26"},{"lineNumber":20,"author":{"gitId":"cheekean5848"},"content":"    }","lastModifiedDate":"2022-01-26"},{"lineNumber":21,"author":{"gitId":"cheekean5848"},"content":"}","lastModifiedDate":"2022-01-26"}],"authorContributionMap":{"cheekean5848":21}},{"path":"src/main/java/com/duke/Parser.java","fileType":"java","lines":[{"lineNumber":1,"author":{"gitId":"cheekean5848"},"content":"package com.duke;","lastModifiedDate":"2022-01-26"},{"lineNumber":2,"author":{"gitId":"cheekean5848"},"content":"","lastModifiedDate":"2022-01-26"},{"lineNumber":3,"author":{"gitId":"cheekean5848"},"content":"public class Parser {","lastModifiedDate":"2022-01-26"},{"lineNumber":4,"author":{"gitId":"cheekean5848"},"content":"","lastModifiedDate":"2022-01-26"},{"lineNumber":5,"author":{"gitId":"cheekean5848"},"content":"    public static Command parse(String input) throws DukeException {","lastModifiedDate":"2022-01-26"},{"lineNumber":6,"author":{"gitId":"cheekean5848"},"content":"        if (input.equals(\"bye\")) {","lastModifiedDate":"2022-01-26"},{"lineNumber":7,"author":{"gitId":"cheekean5848"},"content":"            return new ExitCommand();","lastModifiedDate":"2022-01-26"},{"lineNumber":8,"author":{"gitId":"cheekean5848"},"content":"        } else if (input.equals(\"list\")) {","lastModifiedDate":"2022-01-26"},{"lineNumber":9,"author":{"gitId":"cheekean5848"},"content":"            return new ListCommand();","lastModifiedDate":"2022-01-26"},{"lineNumber":10,"author":{"gitId":"cheekean5848"},"content":"        } else if (input.split(\" \")[0].equals(\"mark\")) {","lastModifiedDate":"2022-01-26"},{"lineNumber":11,"author":{"gitId":"cheekean5848"},"content":"            int pos \u003d Integer.parseInt(input.split(\" \")[1]);","lastModifiedDate":"2022-01-26"},{"lineNumber":12,"author":{"gitId":"cheekean5848"},"content":"            return new MarkCommand(pos);","lastModifiedDate":"2022-01-26"},{"lineNumber":13,"author":{"gitId":"cheekean5848"},"content":"        } else if (input.split(\" \")[0].equals(\"todo\")) {","lastModifiedDate":"2022-01-26"},{"lineNumber":14,"author":{"gitId":"cheekean5848"},"content":"            String[] ls \u003d input.split(\" \");","lastModifiedDate":"2022-01-26"},{"lineNumber":15,"author":{"gitId":"cheekean5848"},"content":"            if (ls.length \u003c\u003d 1) {","lastModifiedDate":"2022-01-26"},{"lineNumber":16,"author":{"gitId":"cheekean5848"},"content":"                throw new ToDoException();","lastModifiedDate":"2022-01-26"},{"lineNumber":17,"author":{"gitId":"cheekean5848"},"content":"            }","lastModifiedDate":"2022-01-26"},{"lineNumber":18,"author":{"gitId":"cheekean5848"},"content":"            String des \u003d ls[1];","lastModifiedDate":"2022-01-26"},{"lineNumber":19,"author":{"gitId":"cheekean5848"},"content":"            return new AddToDoCommand(new Todo(des));","lastModifiedDate":"2022-01-26"},{"lineNumber":20,"author":{"gitId":"cheekean5848"},"content":"        } else if (input.split(\" \")[0].equals(\"deadline\")) {","lastModifiedDate":"2022-01-26"},{"lineNumber":21,"author":{"gitId":"cheekean5848"},"content":"            String des \u003d input.split(\" /\", 2)[0].split(\" \", 2)[1];","lastModifiedDate":"2022-01-26"},{"lineNumber":22,"author":{"gitId":"cheekean5848"},"content":"            String date \u003d input.split(\"/\", 2)[1].split(\" \", 2)[1];","lastModifiedDate":"2022-01-26"},{"lineNumber":23,"author":{"gitId":"cheekean5848"},"content":"            return new AddDeadlineCommand(new Deadline(des, date));","lastModifiedDate":"2022-01-26"},{"lineNumber":24,"author":{"gitId":"cheekean5848"},"content":"        } else if (input.split(\" \")[0].equals(\"event\")) {","lastModifiedDate":"2022-01-26"},{"lineNumber":25,"author":{"gitId":"cheekean5848"},"content":"            String des \u003d input.split(\" /\", 2)[0].split(\" \", 2)[1];","lastModifiedDate":"2022-01-26"},{"lineNumber":26,"author":{"gitId":"cheekean5848"},"content":"            String date \u003d input.split(\"/\", 2)[1].split(\" \", 2)[1];","lastModifiedDate":"2022-01-26"},{"lineNumber":27,"author":{"gitId":"cheekean5848"},"content":"            return new AddEventCommand(new Event(des, date));","lastModifiedDate":"2022-01-26"},{"lineNumber":28,"author":{"gitId":"cheekean5848"},"content":"        } else if (input.split(\" \")[0].equals(\"delete\")) {","lastModifiedDate":"2022-01-26"},{"lineNumber":29,"author":{"gitId":"cheekean5848"},"content":"            int pos \u003d Integer.parseInt(input.split(\" \")[1]);","lastModifiedDate":"2022-01-26"},{"lineNumber":30,"author":{"gitId":"cheekean5848"},"content":"            return new DeleteCommand(pos);","lastModifiedDate":"2022-01-26"},{"lineNumber":31,"author":{"gitId":"cheekean5848"},"content":"        } else {","lastModifiedDate":"2022-01-26"},{"lineNumber":32,"author":{"gitId":"cheekean5848"},"content":"            throw new DukeException();","lastModifiedDate":"2022-01-26"},{"lineNumber":33,"author":{"gitId":"cheekean5848"},"content":"        }","lastModifiedDate":"2022-01-26"},{"lineNumber":34,"author":{"gitId":"cheekean5848"},"content":"    }","lastModifiedDate":"2022-01-26"},{"lineNumber":35,"author":{"gitId":"cheekean5848"},"content":"}","lastModifiedDate":"2022-01-26"}],"authorContributionMap":{"cheekean5848":35}},{"path":"src/main/java/com/duke/Storage.java","fileType":"java","lines":[{"lineNumber":1,"author":{"gitId":"cheekean5848"},"content":"package com.duke;","lastModifiedDate":"2022-01-26"},{"lineNumber":2,"author":{"gitId":"cheekean5848"},"content":"","lastModifiedDate":"2022-01-26"},{"lineNumber":3,"author":{"gitId":"cheekean5848"},"content":"import java.io.File;","lastModifiedDate":"2022-01-26"},{"lineNumber":4,"author":{"gitId":"cheekean5848"},"content":"import java.io.FileWriter;","lastModifiedDate":"2022-01-26"},{"lineNumber":5,"author":{"gitId":"cheekean5848"},"content":"import java.io.IOException;","lastModifiedDate":"2022-01-26"},{"lineNumber":6,"author":{"gitId":"cheekean5848"},"content":"import java.util.ArrayList;","lastModifiedDate":"2022-01-26"},{"lineNumber":7,"author":{"gitId":"cheekean5848"},"content":"import java.util.Scanner;","lastModifiedDate":"2022-01-26"},{"lineNumber":8,"author":{"gitId":"cheekean5848"},"content":"","lastModifiedDate":"2022-01-26"},{"lineNumber":9,"author":{"gitId":"cheekean5848"},"content":"public class Storage {","lastModifiedDate":"2022-01-26"},{"lineNumber":10,"author":{"gitId":"cheekean5848"},"content":"","lastModifiedDate":"2022-01-26"},{"lineNumber":11,"author":{"gitId":"cheekean5848"},"content":"    private final String path;","lastModifiedDate":"2022-01-26"},{"lineNumber":12,"author":{"gitId":"cheekean5848"},"content":"","lastModifiedDate":"2022-01-26"},{"lineNumber":13,"author":{"gitId":"cheekean5848"},"content":"    public Storage(String path) {","lastModifiedDate":"2022-01-26"},{"lineNumber":14,"author":{"gitId":"cheekean5848"},"content":"        this.path \u003d path;","lastModifiedDate":"2022-01-26"},{"lineNumber":15,"author":{"gitId":"cheekean5848"},"content":"    }","lastModifiedDate":"2022-01-26"},{"lineNumber":16,"author":{"gitId":"cheekean5848"},"content":"","lastModifiedDate":"2022-01-26"},{"lineNumber":17,"author":{"gitId":"cheekean5848"},"content":"    public ArrayList\u003cTask\u003e load() {","lastModifiedDate":"2022-01-26"},{"lineNumber":18,"author":{"gitId":"cheekean5848"},"content":"        File f \u003d new File(path);","lastModifiedDate":"2022-01-26"},{"lineNumber":19,"author":{"gitId":"cheekean5848"},"content":"        ArrayList\u003cTask\u003e arr \u003d new ArrayList\u003c\u003e();","lastModifiedDate":"2022-01-26"},{"lineNumber":20,"author":{"gitId":"cheekean5848"},"content":"        try {","lastModifiedDate":"2022-01-26"},{"lineNumber":21,"author":{"gitId":"cheekean5848"},"content":"            if(!f.createNewFile()) {","lastModifiedDate":"2022-01-26"},{"lineNumber":22,"author":{"gitId":"cheekean5848"},"content":"                Scanner s \u003d new Scanner(f);","lastModifiedDate":"2022-01-26"},{"lineNumber":23,"author":{"gitId":"cheekean5848"},"content":"                while (s.hasNext()) {","lastModifiedDate":"2022-01-26"},{"lineNumber":24,"author":{"gitId":"cheekean5848"},"content":"                    String[] list \u003d s.nextLine().split(\" - \");","lastModifiedDate":"2022-01-26"},{"lineNumber":25,"author":{"gitId":"cheekean5848"},"content":"                    Task ts;","lastModifiedDate":"2022-01-26"},{"lineNumber":26,"author":{"gitId":"cheekean5848"},"content":"                    if (\"T\".equals(list[0])) {","lastModifiedDate":"2022-01-26"},{"lineNumber":27,"author":{"gitId":"cheekean5848"},"content":"                        ts \u003d new Todo(list[2]);","lastModifiedDate":"2022-01-26"},{"lineNumber":28,"author":{"gitId":"cheekean5848"},"content":"                    } else if (\"D\".equals(list[0])) {","lastModifiedDate":"2022-01-26"},{"lineNumber":29,"author":{"gitId":"cheekean5848"},"content":"                        ts \u003d new Deadline(list[2], list[3]);","lastModifiedDate":"2022-01-26"},{"lineNumber":30,"author":{"gitId":"cheekean5848"},"content":"                    } else {","lastModifiedDate":"2022-01-26"},{"lineNumber":31,"author":{"gitId":"cheekean5848"},"content":"                        ts \u003d new Event(list[2], list[3]);","lastModifiedDate":"2022-01-26"},{"lineNumber":32,"author":{"gitId":"cheekean5848"},"content":"                    }","lastModifiedDate":"2022-01-26"},{"lineNumber":33,"author":{"gitId":"cheekean5848"},"content":"                    if (list[1].equals(\"1\")) {","lastModifiedDate":"2022-01-26"},{"lineNumber":34,"author":{"gitId":"cheekean5848"},"content":"                        ts.markAsDone();","lastModifiedDate":"2022-01-26"},{"lineNumber":35,"author":{"gitId":"cheekean5848"},"content":"                    }","lastModifiedDate":"2022-01-26"},{"lineNumber":36,"author":{"gitId":"cheekean5848"},"content":"                    arr.add(ts);","lastModifiedDate":"2022-01-26"},{"lineNumber":37,"author":{"gitId":"cheekean5848"},"content":"                }","lastModifiedDate":"2022-01-26"},{"lineNumber":38,"author":{"gitId":"cheekean5848"},"content":"            }","lastModifiedDate":"2022-01-26"},{"lineNumber":39,"author":{"gitId":"cheekean5848"},"content":"        } catch (IOException e) {","lastModifiedDate":"2022-01-26"},{"lineNumber":40,"author":{"gitId":"cheekean5848"},"content":"            e.printStackTrace();","lastModifiedDate":"2022-01-26"},{"lineNumber":41,"author":{"gitId":"cheekean5848"},"content":"        }","lastModifiedDate":"2022-01-26"},{"lineNumber":42,"author":{"gitId":"cheekean5848"},"content":"        return arr;","lastModifiedDate":"2022-01-26"},{"lineNumber":43,"author":{"gitId":"cheekean5848"},"content":"    }","lastModifiedDate":"2022-01-26"},{"lineNumber":44,"author":{"gitId":"cheekean5848"},"content":"","lastModifiedDate":"2022-01-26"},{"lineNumber":45,"author":{"gitId":"cheekean5848"},"content":"    public void save(TaskList arr) {","lastModifiedDate":"2022-01-26"},{"lineNumber":46,"author":{"gitId":"cheekean5848"},"content":"        try {","lastModifiedDate":"2022-01-26"},{"lineNumber":47,"author":{"gitId":"cheekean5848"},"content":"            FileWriter fw \u003d new FileWriter(path);","lastModifiedDate":"2022-01-26"},{"lineNumber":48,"author":{"gitId":"cheekean5848"},"content":"            StringBuilder text \u003d new StringBuilder();","lastModifiedDate":"2022-01-26"},{"lineNumber":49,"author":{"gitId":"cheekean5848"},"content":"            for (int i\u003d0; i\u003carr.getCount(); i++) {","lastModifiedDate":"2022-01-26"},{"lineNumber":50,"author":{"gitId":"cheekean5848"},"content":"                if (arr.get(i) instanceof Todo) {","lastModifiedDate":"2022-01-26"},{"lineNumber":51,"author":{"gitId":"cheekean5848"},"content":"                    if (arr.get(i).isDone) {","lastModifiedDate":"2022-01-26"},{"lineNumber":52,"author":{"gitId":"cheekean5848"},"content":"                        text.append(\"T\").append(\" - 1 - \").append(arr.get(i).description).append(\"\\n\");","lastModifiedDate":"2022-01-26"},{"lineNumber":53,"author":{"gitId":"cheekean5848"},"content":"                    } else {","lastModifiedDate":"2022-01-26"},{"lineNumber":54,"author":{"gitId":"cheekean5848"},"content":"                        text.append(\"T\").append(\" - 0 - \").append(arr.get(i).description).append(\"\\n\");","lastModifiedDate":"2022-01-26"},{"lineNumber":55,"author":{"gitId":"cheekean5848"},"content":"                    }","lastModifiedDate":"2022-01-26"},{"lineNumber":56,"author":{"gitId":"cheekean5848"},"content":"                } else if (arr.get(i) instanceof Deadline) {","lastModifiedDate":"2022-01-26"},{"lineNumber":57,"author":{"gitId":"cheekean5848"},"content":"                    if (arr.get(i).isDone) {","lastModifiedDate":"2022-01-26"},{"lineNumber":58,"author":{"gitId":"cheekean5848"},"content":"                        text.append(\"D\").append(\" - 1 - \").append(arr.get(i).description).append(\" - \")","lastModifiedDate":"2022-01-26"},{"lineNumber":59,"author":{"gitId":"cheekean5848"},"content":"                                .append(((Deadline) arr.get(i)).by).append(\"\\n\");","lastModifiedDate":"2022-01-26"},{"lineNumber":60,"author":{"gitId":"cheekean5848"},"content":"                    } else {","lastModifiedDate":"2022-01-26"},{"lineNumber":61,"author":{"gitId":"cheekean5848"},"content":"                        text.append(\"D\").append(\" - 0 - \").append(arr.get(i).description).append(\" - \")","lastModifiedDate":"2022-01-26"},{"lineNumber":62,"author":{"gitId":"cheekean5848"},"content":"                                .append(((Deadline) arr.get(i)).by).append(\"\\n\");","lastModifiedDate":"2022-01-26"},{"lineNumber":63,"author":{"gitId":"cheekean5848"},"content":"                    }","lastModifiedDate":"2022-01-26"},{"lineNumber":64,"author":{"gitId":"cheekean5848"},"content":"                } else {","lastModifiedDate":"2022-01-26"},{"lineNumber":65,"author":{"gitId":"cheekean5848"},"content":"                    if (arr.get(i).isDone) {","lastModifiedDate":"2022-01-26"},{"lineNumber":66,"author":{"gitId":"cheekean5848"},"content":"                        text.append(\"E\").append(\" - 1 - \").append(arr.get(i).description).append(\" - \")","lastModifiedDate":"2022-01-26"},{"lineNumber":67,"author":{"gitId":"cheekean5848"},"content":"                                .append(((Event) arr.get(i)).at).append(\"\\n\");","lastModifiedDate":"2022-01-26"},{"lineNumber":68,"author":{"gitId":"cheekean5848"},"content":"                    } else {","lastModifiedDate":"2022-01-26"},{"lineNumber":69,"author":{"gitId":"cheekean5848"},"content":"                        text.append(\"E\").append(\" - 0 - \").append(arr.get(i).description).append(\" - \")","lastModifiedDate":"2022-01-26"},{"lineNumber":70,"author":{"gitId":"cheekean5848"},"content":"                                .append(((Event) arr.get(i)).at).append(\"\\n\");","lastModifiedDate":"2022-01-26"},{"lineNumber":71,"author":{"gitId":"cheekean5848"},"content":"                    }","lastModifiedDate":"2022-01-26"},{"lineNumber":72,"author":{"gitId":"cheekean5848"},"content":"                }","lastModifiedDate":"2022-01-26"},{"lineNumber":73,"author":{"gitId":"cheekean5848"},"content":"            }","lastModifiedDate":"2022-01-26"},{"lineNumber":74,"author":{"gitId":"cheekean5848"},"content":"            fw.write(text.toString());","lastModifiedDate":"2022-01-26"},{"lineNumber":75,"author":{"gitId":"cheekean5848"},"content":"            fw.close();","lastModifiedDate":"2022-01-26"},{"lineNumber":76,"author":{"gitId":"cheekean5848"},"content":"        } catch (IOException e) {","lastModifiedDate":"2022-01-26"},{"lineNumber":77,"author":{"gitId":"cheekean5848"},"content":"            e.printStackTrace();","lastModifiedDate":"2022-01-26"},{"lineNumber":78,"author":{"gitId":"cheekean5848"},"content":"        }","lastModifiedDate":"2022-01-26"},{"lineNumber":79,"author":{"gitId":"cheekean5848"},"content":"    }","lastModifiedDate":"2022-01-26"},{"lineNumber":80,"author":{"gitId":"cheekean5848"},"content":"}","lastModifiedDate":"2022-01-26"}],"authorContributionMap":{"cheekean5848":80}},{"path":"src/main/java/com/duke/Task.java","fileType":"java","lines":[{"lineNumber":1,"author":{"gitId":"cheekean5848"},"content":"package com.duke;","lastModifiedDate":"2022-01-26"},{"lineNumber":2,"author":{"gitId":"cheekean5848"},"content":"","lastModifiedDate":"2022-01-26"},{"lineNumber":3,"author":{"gitId":"cheekean5848"},"content":"public class Task {","lastModifiedDate":"2022-01-19"},{"lineNumber":4,"author":{"gitId":"cheekean5848"},"content":"    protected String description;","lastModifiedDate":"2022-01-19"},{"lineNumber":5,"author":{"gitId":"cheekean5848"},"content":"    protected boolean isDone;","lastModifiedDate":"2022-01-19"},{"lineNumber":6,"author":{"gitId":"cheekean5848"},"content":"","lastModifiedDate":"2022-01-19"},{"lineNumber":7,"author":{"gitId":"cheekean5848"},"content":"    public Task(String description) {","lastModifiedDate":"2022-01-19"},{"lineNumber":8,"author":{"gitId":"cheekean5848"},"content":"        this.description \u003d description;","lastModifiedDate":"2022-01-19"},{"lineNumber":9,"author":{"gitId":"cheekean5848"},"content":"        this.isDone \u003d false;","lastModifiedDate":"2022-01-19"},{"lineNumber":10,"author":{"gitId":"cheekean5848"},"content":"    }","lastModifiedDate":"2022-01-19"},{"lineNumber":11,"author":{"gitId":"cheekean5848"},"content":"","lastModifiedDate":"2022-01-19"},{"lineNumber":12,"author":{"gitId":"cheekean5848"},"content":"    public String getStatusIcon() {","lastModifiedDate":"2022-01-19"},{"lineNumber":13,"author":{"gitId":"cheekean5848"},"content":"        return  (isDone ? \"X\" : \" \");","lastModifiedDate":"2022-01-19"},{"lineNumber":14,"author":{"gitId":"cheekean5848"},"content":"    }","lastModifiedDate":"2022-01-19"},{"lineNumber":15,"author":{"gitId":"cheekean5848"},"content":"","lastModifiedDate":"2022-01-19"},{"lineNumber":16,"author":{"gitId":"cheekean5848"},"content":"    public void markAsDone() {","lastModifiedDate":"2022-01-19"},{"lineNumber":17,"author":{"gitId":"cheekean5848"},"content":"        isDone \u003d true;","lastModifiedDate":"2022-01-19"},{"lineNumber":18,"author":{"gitId":"cheekean5848"},"content":"    }","lastModifiedDate":"2022-01-19"},{"lineNumber":19,"author":{"gitId":"cheekean5848"},"content":"","lastModifiedDate":"2022-01-20"},{"lineNumber":20,"author":{"gitId":"cheekean5848"},"content":"    @Override","lastModifiedDate":"2022-01-20"},{"lineNumber":21,"author":{"gitId":"cheekean5848"},"content":"    public String toString() {","lastModifiedDate":"2022-01-20"},{"lineNumber":22,"author":{"gitId":"cheekean5848"},"content":"        return \"[\" + getStatusIcon() + \"] \" + description;","lastModifiedDate":"2022-01-20"},{"lineNumber":23,"author":{"gitId":"cheekean5848"},"content":"    }","lastModifiedDate":"2022-01-20"},{"lineNumber":24,"author":{"gitId":"cheekean5848"},"content":"}","lastModifiedDate":"2022-01-19"}],"authorContributionMap":{"cheekean5848":24}},{"path":"src/main/java/com/duke/TaskList.java","fileType":"java","lines":[{"lineNumber":1,"author":{"gitId":"cheekean5848"},"content":"package com.duke;","lastModifiedDate":"2022-01-26"},{"lineNumber":2,"author":{"gitId":"cheekean5848"},"content":"","lastModifiedDate":"2022-01-26"},{"lineNumber":3,"author":{"gitId":"cheekean5848"},"content":"import java.util.ArrayList;","lastModifiedDate":"2022-01-26"},{"lineNumber":4,"author":{"gitId":"cheekean5848"},"content":"","lastModifiedDate":"2022-01-26"},{"lineNumber":5,"author":{"gitId":"cheekean5848"},"content":"public class TaskList {","lastModifiedDate":"2022-01-26"},{"lineNumber":6,"author":{"gitId":"cheekean5848"},"content":"","lastModifiedDate":"2022-01-26"},{"lineNumber":7,"author":{"gitId":"cheekean5848"},"content":"    private final ArrayList\u003cTask\u003e list;","lastModifiedDate":"2022-01-26"},{"lineNumber":8,"author":{"gitId":"cheekean5848"},"content":"    private int count;","lastModifiedDate":"2022-01-26"},{"lineNumber":9,"author":{"gitId":"cheekean5848"},"content":"","lastModifiedDate":"2022-01-26"},{"lineNumber":10,"author":{"gitId":"cheekean5848"},"content":"    public TaskList(ArrayList\u003cTask\u003e list) {","lastModifiedDate":"2022-01-26"},{"lineNumber":11,"author":{"gitId":"cheekean5848"},"content":"        this.list \u003d list;","lastModifiedDate":"2022-01-26"},{"lineNumber":12,"author":{"gitId":"cheekean5848"},"content":"        this.count \u003d list.size();","lastModifiedDate":"2022-01-26"},{"lineNumber":13,"author":{"gitId":"cheekean5848"},"content":"    }","lastModifiedDate":"2022-01-26"},{"lineNumber":14,"author":{"gitId":"cheekean5848"},"content":"","lastModifiedDate":"2022-01-26"},{"lineNumber":15,"author":{"gitId":"cheekean5848"},"content":"    public void add(Task task) {","lastModifiedDate":"2022-01-26"},{"lineNumber":16,"author":{"gitId":"cheekean5848"},"content":"        list.add(task);","lastModifiedDate":"2022-01-26"},{"lineNumber":17,"author":{"gitId":"cheekean5848"},"content":"        count++;","lastModifiedDate":"2022-01-26"},{"lineNumber":18,"author":{"gitId":"cheekean5848"},"content":"    }","lastModifiedDate":"2022-01-26"},{"lineNumber":19,"author":{"gitId":"cheekean5848"},"content":"","lastModifiedDate":"2022-01-26"},{"lineNumber":20,"author":{"gitId":"cheekean5848"},"content":"    public Task remove (int index) {","lastModifiedDate":"2022-01-26"},{"lineNumber":21,"author":{"gitId":"cheekean5848"},"content":"        Task ts \u003d list.remove(index);","lastModifiedDate":"2022-01-26"},{"lineNumber":22,"author":{"gitId":"cheekean5848"},"content":"        count--;","lastModifiedDate":"2022-01-26"},{"lineNumber":23,"author":{"gitId":"cheekean5848"},"content":"        return ts;","lastModifiedDate":"2022-01-26"},{"lineNumber":24,"author":{"gitId":"cheekean5848"},"content":"    }","lastModifiedDate":"2022-01-26"},{"lineNumber":25,"author":{"gitId":"cheekean5848"},"content":"","lastModifiedDate":"2022-01-26"},{"lineNumber":26,"author":{"gitId":"cheekean5848"},"content":"    public Task get(int index) {","lastModifiedDate":"2022-01-26"},{"lineNumber":27,"author":{"gitId":"cheekean5848"},"content":"        return list.get(index);","lastModifiedDate":"2022-01-26"},{"lineNumber":28,"author":{"gitId":"cheekean5848"},"content":"    }","lastModifiedDate":"2022-01-26"},{"lineNumber":29,"author":{"gitId":"cheekean5848"},"content":"","lastModifiedDate":"2022-01-26"},{"lineNumber":30,"author":{"gitId":"cheekean5848"},"content":"    public int getCount() {","lastModifiedDate":"2022-01-26"},{"lineNumber":31,"author":{"gitId":"cheekean5848"},"content":"        return count;","lastModifiedDate":"2022-01-26"},{"lineNumber":32,"author":{"gitId":"cheekean5848"},"content":"    }","lastModifiedDate":"2022-01-26"},{"lineNumber":33,"author":{"gitId":"cheekean5848"},"content":"}","lastModifiedDate":"2022-01-26"}],"authorContributionMap":{"cheekean5848":33}},{"path":"src/main/java/com/duke/ToDoException.java","fileType":"java","lines":[{"lineNumber":1,"author":{"gitId":"cheekean5848"},"content":"package com.duke;","lastModifiedDate":"2022-01-26"},{"lineNumber":2,"author":{"gitId":"cheekean5848"},"content":"","lastModifiedDate":"2022-01-26"},{"lineNumber":3,"author":{"gitId":"cheekean5848"},"content":"public class ToDoException extends DukeException {","lastModifiedDate":"2022-01-26"},{"lineNumber":4,"author":{"gitId":"cheekean5848"},"content":"","lastModifiedDate":"2022-01-24"},{"lineNumber":5,"author":{"gitId":"cheekean5848"},"content":"    @Override","lastModifiedDate":"2022-01-24"},{"lineNumber":6,"author":{"gitId":"cheekean5848"},"content":"    public String getMessage() {","lastModifiedDate":"2022-01-24"},{"lineNumber":7,"author":{"gitId":"cheekean5848"},"content":"        return \"\\t ☹ OOPS!!! The description of a todo cannot be empty.\";","lastModifiedDate":"2022-01-24"},{"lineNumber":8,"author":{"gitId":"cheekean5848"},"content":"    }","lastModifiedDate":"2022-01-24"},{"lineNumber":9,"author":{"gitId":"cheekean5848"},"content":"}","lastModifiedDate":"2022-01-24"}],"authorContributionMap":{"cheekean5848":9}},{"path":"src/main/java/com/duke/Todo.java","fileType":"java","lines":[{"lineNumber":1,"author":{"gitId":"cheekean5848"},"content":"package com.duke;","lastModifiedDate":"2022-01-26"},{"lineNumber":2,"author":{"gitId":"cheekean5848"},"content":"","lastModifiedDate":"2022-01-26"},{"lineNumber":3,"author":{"gitId":"cheekean5848"},"content":"public class Todo extends Task{","lastModifiedDate":"2022-01-20"},{"lineNumber":4,"author":{"gitId":"cheekean5848"},"content":"","lastModifiedDate":"2022-01-20"},{"lineNumber":5,"author":{"gitId":"cheekean5848"},"content":"    public Todo(String description) {","lastModifiedDate":"2022-01-20"},{"lineNumber":6,"author":{"gitId":"cheekean5848"},"content":"        super(description);","lastModifiedDate":"2022-01-20"},{"lineNumber":7,"author":{"gitId":"cheekean5848"},"content":"    }","lastModifiedDate":"2022-01-20"},{"lineNumber":8,"author":{"gitId":"cheekean5848"},"content":"","lastModifiedDate":"2022-01-20"},{"lineNumber":9,"author":{"gitId":"cheekean5848"},"content":"    @Override","lastModifiedDate":"2022-01-20"},{"lineNumber":10,"author":{"gitId":"cheekean5848"},"content":"    public String toString() {","lastModifiedDate":"2022-01-20"},{"lineNumber":11,"author":{"gitId":"cheekean5848"},"content":"        return \"[T]\" + super.toString();","lastModifiedDate":"2022-01-20"},{"lineNumber":12,"author":{"gitId":"cheekean5848"},"content":"    }","lastModifiedDate":"2022-01-20"},{"lineNumber":13,"author":{"gitId":"cheekean5848"},"content":"}","lastModifiedDate":"2022-01-20"}],"authorContributionMap":{"cheekean5848":13}},{"path":"src/main/java/com/duke/Ui.java","fileType":"java","lines":[{"lineNumber":1,"author":{"gitId":"cheekean5848"},"content":"package com.duke;","lastModifiedDate":"2022-01-26"},{"lineNumber":2,"author":{"gitId":"cheekean5848"},"content":"","lastModifiedDate":"2022-01-26"},{"lineNumber":3,"author":{"gitId":"cheekean5848"},"content":"import java.util.Scanner;","lastModifiedDate":"2022-01-26"},{"lineNumber":4,"author":{"gitId":"cheekean5848"},"content":"","lastModifiedDate":"2022-01-26"},{"lineNumber":5,"author":{"gitId":"cheekean5848"},"content":"public class Ui {","lastModifiedDate":"2022-01-26"},{"lineNumber":6,"author":{"gitId":"cheekean5848"},"content":"","lastModifiedDate":"2022-01-26"},{"lineNumber":7,"author":{"gitId":"cheekean5848"},"content":"    private final String logo;","lastModifiedDate":"2022-01-26"},{"lineNumber":8,"author":{"gitId":"cheekean5848"},"content":"    private final String line;","lastModifiedDate":"2022-01-26"},{"lineNumber":9,"author":{"gitId":"cheekean5848"},"content":"    private static final Scanner scanner \u003d new Scanner(System.in);","lastModifiedDate":"2022-01-26"},{"lineNumber":10,"author":{"gitId":"cheekean5848"},"content":"","lastModifiedDate":"2022-01-26"},{"lineNumber":11,"author":{"gitId":"cheekean5848"},"content":"    public Ui() {","lastModifiedDate":"2022-01-26"},{"lineNumber":12,"author":{"gitId":"cheekean5848"},"content":"        this.logo \u003d \"\\t ____        _        \\n\"","lastModifiedDate":"2022-01-26"},{"lineNumber":13,"author":{"gitId":"cheekean5848"},"content":"                + \"\\t|  _ \\\\ _   _| | _____ \\n\"","lastModifiedDate":"2022-01-26"},{"lineNumber":14,"author":{"gitId":"cheekean5848"},"content":"                + \"\\t| | | | | | | |/ / _ \\\\\\n\"","lastModifiedDate":"2022-01-26"},{"lineNumber":15,"author":{"gitId":"cheekean5848"},"content":"                + \"\\t| |_| | |_| |   \u003c  __/\\n\"","lastModifiedDate":"2022-01-26"},{"lineNumber":16,"author":{"gitId":"cheekean5848"},"content":"                + \"\\t|____/ \\\\__,_|_|\\\\_\\\\___|\\n\";","lastModifiedDate":"2022-01-26"},{"lineNumber":17,"author":{"gitId":"cheekean5848"},"content":"        this.line \u003d \"\\t____________________________________________________________________\";","lastModifiedDate":"2022-01-26"},{"lineNumber":18,"author":{"gitId":"cheekean5848"},"content":"    }","lastModifiedDate":"2022-01-26"},{"lineNumber":19,"author":{"gitId":"cheekean5848"},"content":"","lastModifiedDate":"2022-01-26"},{"lineNumber":20,"author":{"gitId":"cheekean5848"},"content":"    public void showWelcome() {","lastModifiedDate":"2022-01-26"},{"lineNumber":21,"author":{"gitId":"cheekean5848"},"content":"        showLine();","lastModifiedDate":"2022-01-26"},{"lineNumber":22,"author":{"gitId":"cheekean5848"},"content":"        System.out.println(logo + \"\\t Hello! I\u0027m Duke\\n\" + \"\\t What can I do for you?\");","lastModifiedDate":"2022-01-26"},{"lineNumber":23,"author":{"gitId":"cheekean5848"},"content":"        showLine();","lastModifiedDate":"2022-01-26"},{"lineNumber":24,"author":{"gitId":"cheekean5848"},"content":"    }","lastModifiedDate":"2022-01-26"},{"lineNumber":25,"author":{"gitId":"cheekean5848"},"content":"","lastModifiedDate":"2022-01-26"},{"lineNumber":26,"author":{"gitId":"cheekean5848"},"content":"    public void showLine() {","lastModifiedDate":"2022-01-26"},{"lineNumber":27,"author":{"gitId":"cheekean5848"},"content":"        System.out.println(line);","lastModifiedDate":"2022-01-26"},{"lineNumber":28,"author":{"gitId":"cheekean5848"},"content":"    }","lastModifiedDate":"2022-01-26"},{"lineNumber":29,"author":{"gitId":"cheekean5848"},"content":"","lastModifiedDate":"2022-01-26"},{"lineNumber":30,"author":{"gitId":"cheekean5848"},"content":"    public void showError(String msg) {","lastModifiedDate":"2022-01-26"},{"lineNumber":31,"author":{"gitId":"cheekean5848"},"content":"        System.out.println(msg);","lastModifiedDate":"2022-01-26"},{"lineNumber":32,"author":{"gitId":"cheekean5848"},"content":"    }","lastModifiedDate":"2022-01-26"},{"lineNumber":33,"author":{"gitId":"cheekean5848"},"content":"","lastModifiedDate":"2022-01-26"},{"lineNumber":34,"author":{"gitId":"cheekean5848"},"content":"    public String readCommand() {","lastModifiedDate":"2022-01-26"},{"lineNumber":35,"author":{"gitId":"cheekean5848"},"content":"        return scanner.nextLine();","lastModifiedDate":"2022-01-26"},{"lineNumber":36,"author":{"gitId":"cheekean5848"},"content":"    }","lastModifiedDate":"2022-01-26"},{"lineNumber":37,"author":{"gitId":"cheekean5848"},"content":"","lastModifiedDate":"2022-01-26"},{"lineNumber":38,"author":{"gitId":"cheekean5848"},"content":"    public void showMsg(String msg) {","lastModifiedDate":"2022-01-26"},{"lineNumber":39,"author":{"gitId":"cheekean5848"},"content":"        System.out.println(msg);","lastModifiedDate":"2022-01-26"},{"lineNumber":40,"author":{"gitId":"cheekean5848"},"content":"    }","lastModifiedDate":"2022-01-26"},{"lineNumber":41,"author":{"gitId":"cheekean5848"},"content":"}","lastModifiedDate":"2022-01-26"}],"authorContributionMap":{"cheekean5848":41}},{"path":"text-ui-test/input.txt","fileType":"txt","lines":[{"lineNumber":1,"author":{"gitId":"cheekean5848"},"content":"todo borrow book","lastModifiedDate":"2022-01-20"},{"lineNumber":2,"author":{"gitId":"cheekean5848"},"content":"todo read book","lastModifiedDate":"2022-01-20"},{"lineNumber":3,"author":{"gitId":"cheekean5848"},"content":"deadline return book /by Sunday","lastModifiedDate":"2022-01-20"},{"lineNumber":4,"author":{"gitId":"cheekean5848"},"content":"event project meeting /at Monday 2-4pm","lastModifiedDate":"2022-01-20"},{"lineNumber":5,"author":{"gitId":"cheekean5848"},"content":"mark 1","lastModifiedDate":"2022-01-20"},{"lineNumber":6,"author":{"gitId":"cheekean5848"},"content":"list","lastModifiedDate":"2022-01-20"},{"lineNumber":7,"author":{"gitId":"cheekean5848"},"content":"bye","lastModifiedDate":"2022-01-20"}],"authorContributionMap":{"cheekean5848":7}}]
