{"authorDailyContributionsMap":{"zawedcvg":[{"date":"2022-01-17","commitResults":[{"hash":"46fa811554c316502f69c7df2b1489a927b175c1","messageTitle":"Added basic input and output capabilities","messageBody":"","tags":["level1"],"fileTypesAndContributionMap":{"java":{"insertions":19,"deletions":6}}}]},{"date":"2022-01-18","commitResults":[{"hash":"6eb310a9c8ce21386062cad401baf9fc7068e7f3","messageTitle":"refactored the code and added listing capabilities","messageBody":"","tags":["level-2"],"fileTypesAndContributionMap":{"java":{"insertions":75,"deletions":11}}},{"hash":"01535611d6c14c89feec6cb4fe48f84f9f5cf391","messageTitle":"addded done functionality","messageBody":"","tags":["level-3"],"fileTypesAndContributionMap":{"java":{"insertions":22,"deletions":14}}}]},{"date":"2022-01-19","commitResults":[{"hash":"a68d9ef1d99df8fa8f253c5f4cc1dd591a443f37","messageTitle":"added multiple classes with inheritance","messageBody":"","tags":["level-4"],"fileTypesAndContributionMap":{"java":{"insertions":129,"deletions":13}}},{"hash":"76c1b3a228cc0930c00d64728020580e2260493c","messageTitle":"added semi-automatic UI testing","messageBody":"","tags":["A-TextUiTesting"],"fileTypesAndContributionMap":{"txt":{"insertions":11,"deletions":0}}}]},{"date":"2022-01-21","commitResults":[{"hash":"6ae964d3df6beaea2cf0d9f4d2ce171ed8afb099","messageTitle":"addded exceptions and error handling","messageBody":"","tags":["level-5"],"fileTypesAndContributionMap":{"java":{"insertions":108,"deletions":47}}}]},{"date":"2022-01-22","commitResults":[{"hash":"d2a3771351175e20c895163e8c6d7a13d9bcf335","messageTitle":"added delete","messageBody":"","tags":["level-6"],"fileTypesAndContributionMap":{"java":{"insertions":37,"deletions":9}}}]},{"date":"2022-01-24","commitResults":[{"hash":"7f236f34d834351015f55be6880af54014b01e3e","messageTitle":"add local storage and functionality to retrieve data","messageBody":"","tags":["level-7"],"fileTypesAndContributionMap":{"txt":{"insertions":4,"deletions":0},"java":{"insertions":145,"deletions":35}}}]},{"date":"2022-01-25","commitResults":[{"hash":"e60f6a74dd185fc635982fc39e02b95be9d596e1","messageTitle":"add a class to parse date and time","messageBody":"","tags":["level-8"],"fileTypesAndContributionMap":{"java":{"insertions":20,"deletions":0}}},{"hash":"77b386121fad791052f866977d5e184f919db19b","messageTitle":"refactor code for more OOP","messageBody":"","tags":["A-MoreOOP"],"fileTypesAndContributionMap":{"java":{"insertions":185,"deletions":141}}},{"hash":"aec6a1952ca6ca42d55351f03a4cc319714533bc","messageTitle":"move everything in Duke and delete .class","messageBody":"","fileTypesAndContributionMap":{"java":{"insertions":13,"deletions":4}}},{"hash":"6ffa7681bece7e119b0ded2fc3d8137056c01deb","messageTitle":"fix import statements","messageBody":"","tags":["A-Jar"],"fileTypesAndContributionMap":{"java":{"insertions":7,"deletions":7}}}]}]},"authorFileTypeContributionMap":{"zawedcvg":{"java":480,"md":0,"fxml":0,"sh":0,"bat":0,"gradle":0,"txt":15}},"authorContributionVariance":{"zawedcvg":12254.75},"authorDisplayNameMap":{"zawedcvg":"CS2103T-W12-1 NEEL..UIYA"}}
