{"authorDailyContributionsMap":{"zawedcvg":[{"date":"2022-01-17","commitResults":[{"hash":"46fa811554c316502f69c7df2b1489a927b175c1","messageTitle":"Added basic input and output capabilities","messageBody":"","tags":["level1"],"fileTypesAndContributionMap":{"java":{"insertions":19,"deletions":6}}}]},{"date":"2022-01-18","commitResults":[{"hash":"6eb310a9c8ce21386062cad401baf9fc7068e7f3","messageTitle":"refactored the code and added listing capabilities","messageBody":"","tags":["level-2"],"fileTypesAndContributionMap":{"java":{"insertions":75,"deletions":11}}},{"hash":"01535611d6c14c89feec6cb4fe48f84f9f5cf391","messageTitle":"addded done functionality","messageBody":"","tags":["level-3"],"fileTypesAndContributionMap":{"java":{"insertions":22,"deletions":14}}}]},{"date":"2022-01-19","commitResults":[{"hash":"a68d9ef1d99df8fa8f253c5f4cc1dd591a443f37","messageTitle":"added multiple classes with inheritance","messageBody":"","tags":["level-4"],"fileTypesAndContributionMap":{"java":{"insertions":129,"deletions":13}}},{"hash":"76c1b3a228cc0930c00d64728020580e2260493c","messageTitle":"added semi-automatic UI testing","messageBody":"","tags":["A-TextUiTesting"],"fileTypesAndContributionMap":{"txt":{"insertions":11,"deletions":0}}}]},{"date":"2022-01-21","commitResults":[{"hash":"6ae964d3df6beaea2cf0d9f4d2ce171ed8afb099","messageTitle":"addded exceptions and error handling","messageBody":"","tags":["level-5"],"fileTypesAndContributionMap":{"java":{"insertions":108,"deletions":47}}}]},{"date":"2022-01-22","commitResults":[{"hash":"d2a3771351175e20c895163e8c6d7a13d9bcf335","messageTitle":"added delete","messageBody":"","tags":["level-6"],"fileTypesAndContributionMap":{"java":{"insertions":37,"deletions":9}}}]},{"date":"2022-01-24","commitResults":[{"hash":"7f236f34d834351015f55be6880af54014b01e3e","messageTitle":"add local storage and functionality to retrieve data","messageBody":"","tags":["level-7"],"fileTypesAndContributionMap":{"txt":{"insertions":4,"deletions":0},"java":{"insertions":145,"deletions":35}}}]},{"date":"2022-01-25","commitResults":[{"hash":"e60f6a74dd185fc635982fc39e02b95be9d596e1","messageTitle":"add a class to parse date and time","messageBody":"","tags":["level-8"],"fileTypesAndContributionMap":{"java":{"insertions":20,"deletions":0}}},{"hash":"77b386121fad791052f866977d5e184f919db19b","messageTitle":"refactor code for more OOP","messageBody":"","tags":["A-MoreOOP"],"fileTypesAndContributionMap":{"java":{"insertions":185,"deletions":141}}},{"hash":"aec6a1952ca6ca42d55351f03a4cc319714533bc","messageTitle":"move everything in Duke and delete .class","messageBody":"","tags":["A-Packages"],"fileTypesAndContributionMap":{"java":{"insertions":13,"deletions":4}}},{"hash":"6ffa7681bece7e119b0ded2fc3d8137056c01deb","messageTitle":"fix import statements","messageBody":"","tags":["A-Jar"],"fileTypesAndContributionMap":{"java":{"insertions":7,"deletions":7}}}]},{"date":"2022-01-27","commitResults":[{"hash":"fdc12dc7724aea4cb793367be86b7b863d0915ef","messageTitle":"add testing for some of the files","messageBody":"","tags":["A-JUnit"],"fileTypesAndContributionMap":{"java":{"insertions":50,"deletions":0}}},{"hash":"46db0245af69607dc7a1012e8606a71eec42e490","messageTitle":"add java documentation","messageBody":"","tags":["A-JavaDoc"],"fileTypesAndContributionMap":{"java":{"insertions":107,"deletions":16}}}]},{"date":"2022-01-29","commitResults":[{"hash":"5a9e6224930d2663a7075d0e50278151419e9413","messageTitle":"add find functionality","messageBody":"","tags":["level-9"],"fileTypesAndContributionMap":{"java":{"insertions":31,"deletions":0}}}]},{"date":"2022-02-01","commitResults":[{"hash":"6d95f639b8405011232ea3c09e0aa9b5ce5a2ed2","messageTitle":"coding standard","messageBody":"","tags":["A-CodingStandard"],"fileTypesAndContributionMap":{"java":{"insertions":1,"deletions":0}}}]},{"date":"2022-02-08","commitResults":[{"hash":"11a8f5cf280968804b5bf3c6d5a37f49eeca0cdb","messageTitle":"add gui and a new exception","messageBody":"","tags":["level-10"],"fileTypesAndContributionMap":{"gradle":{"insertions":15,"deletions":1},"txt":{"insertions":1,"deletions":2},"fxml":{"insertions":35,"deletions":0},"java":{"insertions":307,"deletions":124}}}]},{"date":"2022-02-12","commitResults":[{"hash":"43e93e61fce97d513532c48c19598be8e8e476f3","messageTitle":"add assertions","messageBody":"","tags":["A-Assertions"],"fileTypesAndContributionMap":{"gradle":{"insertions":4,"deletions":0},"java":{"insertions":6,"deletions":5}}}]},{"date":"2022-02-17","commitResults":[{"hash":"1fff0eadfc23349e9acbaaa01cde10a76c21c842","messageTitle":"TaskList class: add ability to enter multiple parameters","messageBody":"Commands mark, unmark and delete can only take in one attribute.\n\nAllowing the user to enter more than one parameter is more user\nfriendly.\n\nbreak down the description using split and use these as parameters to\ndelete/mark/unmark.\n","tags":["BCD-Extension","A-FullCommitMessage"],"fileTypesAndContributionMap":{"java":{"insertions":54,"deletions":20}}},{"hash":"561a7839e18ed4af1b0381cd3de065a8a051f1c1","messageTitle":"fix code quality by changing function names to appropiate ones","messageBody":"","tags":["A-CodingQuality","A-CodeQuality"],"fileTypesAndContributionMap":{"java":{"insertions":9,"deletions":13}}},{"hash":"5a4022baa4d50af31165539f9afa196fb13cbf85","messageTitle":"add user guide","messageBody":"","tags":["A-UserGuide"],"fileTypesAndContributionMap":{"java":{"insertions":1,"deletions":1},"md":{"insertions":157,"deletions":9}}}]}]},"authorFileTypeContributionMap":{"zawedcvg":{"java":868,"md":157,"fxml":35,"sh":0,"bat":0,"gradle":19,"txt":14}},"authorContributionVariance":{"zawedcvg":13120.713},"authorDisplayNameMap":{"zawedcvg":"CS2103T-W12-1 NEEL..UIYA"}}
