{"authorDailyContributionsMap":{"DaneMarc":[{"date":"2022-01-16","commitResults":[{"hash":"b12651c00e3c7fd467aadf6147493bd773425b39","messageTitle":"January 16 2022, 10:20pm - El nacimiento de José","messageBody":"","tags":["Level-1"],"fileTypesAndContributionMap":{"java":{"insertions":15,"deletions":6}}}]},{"date":"2022-01-17","commitResults":[{"hash":"451626d2f849503209aa56e81807fbbbe16fad4a","messageTitle":"Added list feature","messageBody":"","tags":["Level-2"],"fileTypesAndContributionMap":{"java":{"insertions":13,"deletions":3}}},{"hash":"e49ff082461b155c50501b702baa99ff8149c51d","messageTitle":"Added Task class; list is now a list of tasks","messageBody":"","tags":["Level-3"],"fileTypesAndContributionMap":{"java":{"insertions":45,"deletions":5}}},{"hash":"b7bf5817d2f055ca9d659b1d604ccd985e591fd6","messageTitle":"Added ToDo, Deadline and Event","messageBody":"","tags":["Level-4"],"fileTypesAndContributionMap":{"java":{"insertions":64,"deletions":8}}},{"hash":"2533f7e43bf532939435a643dd750054aab9727a","messageTitle":"Updated testing","messageBody":"","tags":["A-TextUiTesting"],"fileTypesAndContributionMap":{"txt":{"insertions":13,"deletions":0}}},{"hash":"f070d1a8920b5f09482bada665f8c230e2a74c04","messageTitle":"Added some exception handling","messageBody":"","tags":["Level-5"],"fileTypesAndContributionMap":{"java":{"insertions":49,"deletions":39}}},{"hash":"f16c413aa65959fb5f9f8d4a31c4f6831ecded54","messageTitle":"Added a delete function","messageBody":"","tags":["Level-6"],"fileTypesAndContributionMap":{"java":{"insertions":5,"deletions":0}}}]},{"date":"2022-01-27","commitResults":[{"hash":"7639753c46133a5854be81290bc005704ca26ab1","messageTitle":"Add saving and reading of task list from txt file","messageBody":"","fileTypesAndContributionMap":{"java":{"insertions":88,"deletions":8}}},{"hash":"e46656693fe02d59e8a9d90c456ee47bab8169f9","messageTitle":"Add DateTime","messageBody":"","fileTypesAndContributionMap":{"java":{"insertions":53,"deletions":11}}}]}]},"authorFileTypeContributionMap":{"DaneMarc":{"java":228,"md":0,"fxml":0,"sh":0,"bat":0,"gradle":0,"txt":13}},"authorContributionVariance":{"DaneMarc":5191.0854},"authorDisplayNameMap":{"DaneMarc":"CS2103T-W09-2 DANE..ISAN"}}
