{"authorDailyContributionsMap":{"dannytayjy":[{"date":"2022-01-20","commitResults":[{"hash":"f61fec87ebcb415e00a0f60861203ef3d7c5173a","messageTitle":"Implement Level-1","messageBody":"* Update Duke.java to include Greet, Echo and Exit features\n","tags":["Level-1"],"fileTypesAndContributionMap":{"java":{"insertions":57,"deletions":6}}},{"hash":"1403ea23ebc8e384d7b820ea170dc48b65f887db","messageTitle":"Implement Level-2","messageBody":"* Update Duke.java to include Add and List features\n","tags":["Level-2"],"fileTypesAndContributionMap":{"java":{"insertions":32,"deletions":3}}},{"hash":"fbdae163d2faef9a7de9d4b433073d301d4ed2e8","messageTitle":"Implement Level-3","messageBody":"* Add Task.java to support representation of tasks\n* Update Duke.java to include Done feature\n","tags":["Level-3"],"fileTypesAndContributionMap":{"java":{"insertions":70,"deletions":6}}},{"hash":"405d5fd8165925bed346251a5c029ea5f4594dfa","messageTitle":"Implement Level-4 and A-Enums","messageBody":"* Update Task.java to make it an abstract class that represents a task\n* Add TaskType.java enumeration to define different types of tasks\n* Add TaskWithDateTime.java to make it an abstract class that represents\na task with date/time\n* Add ToDo.java, Deadline.java and Event.java to support representation\nof three types of tasks\n* Update Duke.java to support tracking of three types of tasks\n","tags":["Level-4","A-Enums"],"fileTypesAndContributionMap":{"java":{"insertions":270,"deletions":14}}},{"hash":"eb42b241b990f75484fcc5bb6548c8445e69dee4","messageTitle":"Implement A-TextUiTesting","messageBody":"* Update input.txt to include inputs for automated text UI testing\n* Update EXPECTED.txt to include expected outputs for automated text\nUI testing\n","tags":["A-TextUiTesting"],"fileTypesAndContributionMap":{"txt":{"insertions":19,"deletions":0},"java":{"insertions":1,"deletions":1}}},{"hash":"6241dd8894c8269d76be038e37537d29d02e4981","messageTitle":"Implement Level-5","messageBody":"* Add DukeException.java to handle any exceptions during program\nexecution\n* Add Ui.java to handle input and output interactions\n* Update Duke.java to handle errors via exception handling\n","tags":["Level-5"],"fileTypesAndContributionMap":{"java":{"insertions":442,"deletions":107}}},{"hash":"14bd37a66e97fbf7e8263201a4d3c08b5be78ae1","messageTitle":"Implement Level-6","messageBody":"* Update Duke.java and Ui.java to include Delete feature\n","tags":["Level-6"],"fileTypesAndContributionMap":{"java":{"insertions":41,"deletions":0}}}]},{"date":"2022-01-27","commitResults":[{"hash":"a6c2bd1def3d4b4a2fc2dc4364f585cf43dbe414","messageTitle":"Implement Level-7","messageBody":"* Add Storage.java to handle file operations\n* Update Task.java and TaskWithDateTime.java to include string\nrepresentation for save format\n* Update Duke.java to save tasks in the hard disk automatically\nwhenever the task list changes\n","fileTypesAndContributionMap":{"txt":{"insertions":6,"deletions":0},"java":{"insertions":187,"deletions":20}}},{"hash":"9e832f8be685313e84758e573de5be327024668c","messageTitle":"Implement Level-8","messageBody":"* Update TaskWithDateTime.java with the logic to process date and\ntime input with yyyy-mm-dd hhmm format into LocalDate and LocalTime\nformat for output\n* Update Deadline.java and Event.java to replace date and time\ninformation taken directly from the input with the processed date\nand time information for output\n* Update Duke.java to support the software in understanding date\nand time in yyyy-mm-dd hhmm format by making minor changes to the\nexisting implementation when processing date and time of Deadline\nand Event tasks\n","fileTypesAndContributionMap":{"java":{"insertions":161,"deletions":13}}},{"hash":"5ee055b7c91cd3fec65336fbd84d7787fff68a08","messageTitle":"Fix Level-7","messageBody":"* Update Duke.java, TaskWithDateTime.java, Deadline.java and\nEvent.java with minor changes to the existing implementation\nwhen processing date and time of Deadline and Event tasks\n","fileTypesAndContributionMap":{"txt":{"insertions":3,"deletions":4},"java":{"insertions":17,"deletions":13}}}]}]},"authorFileTypeContributionMap":{"dannytayjy":{"java":1096,"md":0,"fxml":0,"sh":0,"bat":0,"gradle":0,"txt":24}},"authorContributionVariance":{"dannytayjy":83094.23},"authorDisplayNameMap":{"dannytayjy":"CS2103-F11-1 TAY ..YANG"}}
