{"authorDailyContributionsMap":{"dannytayjy":[{"date":"2022-01-20","commitResults":[{"hash":"f61fec87ebcb415e00a0f60861203ef3d7c5173a","messageTitle":"Implement Level-1","messageBody":"* Update Duke.java to include Greet, Echo and Exit features\n","tags":["Level-1"],"fileTypesAndContributionMap":{"java":{"insertions":57,"deletions":6}}},{"hash":"1403ea23ebc8e384d7b820ea170dc48b65f887db","messageTitle":"Implement Level-2","messageBody":"* Update Duke.java to include Add and List features\n","tags":["Level-2"],"fileTypesAndContributionMap":{"java":{"insertions":32,"deletions":3}}},{"hash":"fbdae163d2faef9a7de9d4b433073d301d4ed2e8","messageTitle":"Implement Level-3","messageBody":"* Add Task.java to support representation of tasks\n* Update Duke.java to include Done feature\n","tags":["Level-3"],"fileTypesAndContributionMap":{"java":{"insertions":70,"deletions":6}}},{"hash":"405d5fd8165925bed346251a5c029ea5f4594dfa","messageTitle":"Implement Level-4 and A-Enums","messageBody":"* Update Task.java to make it an abstract class that represents a task\n* Add TaskType.java enumeration to define different types of tasks\n* Add TaskWithDateTime.java to make it an abstract class that represents\na task with date/time\n* Add ToDo.java, Deadline.java and Event.java to support representation\nof three types of tasks\n* Update Duke.java to support tracking of three types of tasks\n","tags":["Level-4","A-Enums"],"fileTypesAndContributionMap":{"java":{"insertions":270,"deletions":14}}},{"hash":"eb42b241b990f75484fcc5bb6548c8445e69dee4","messageTitle":"Implement A-TextUiTesting","messageBody":"* Update input.txt to include inputs for automated text UI testing\n* Update EXPECTED.txt to include expected outputs for automated text\nUI testing\n","tags":["A-TextUiTesting"],"fileTypesAndContributionMap":{"txt":{"insertions":19,"deletions":0},"java":{"insertions":1,"deletions":1}}},{"hash":"6241dd8894c8269d76be038e37537d29d02e4981","messageTitle":"Implement Level-5","messageBody":"* Add DukeException.java to handle any exceptions during program\nexecution\n* Add Ui.java to handle input and output interactions\n* Update Duke.java to handle errors via exception handling\n","tags":["Level-5"],"fileTypesAndContributionMap":{"java":{"insertions":442,"deletions":107}}},{"hash":"14bd37a66e97fbf7e8263201a4d3c08b5be78ae1","messageTitle":"Implement Level-6","messageBody":"* Update Duke.java and Ui.java to include Delete feature\n","tags":["Level-6"],"fileTypesAndContributionMap":{"java":{"insertions":41,"deletions":0}}}]},{"date":"2022-01-27","commitResults":[{"hash":"a6c2bd1def3d4b4a2fc2dc4364f585cf43dbe414","messageTitle":"Implement Level-7","messageBody":"* Add Storage.java to handle file operations\n* Update Task.java and TaskWithDateTime.java to include string\nrepresentation for save format\n* Update Duke.java to save tasks in the hard disk automatically\nwhenever the task list changes\n","fileTypesAndContributionMap":{"txt":{"insertions":6,"deletions":0},"java":{"insertions":187,"deletions":20}}},{"hash":"9e832f8be685313e84758e573de5be327024668c","messageTitle":"Implement Level-8","messageBody":"* Update TaskWithDateTime.java with the logic to process date and\ntime input with yyyy-mm-dd hhmm format into LocalDate and LocalTime\nformat for output\n* Update Deadline.java and Event.java to replace date and time\ninformation taken directly from the input with the processed date\nand time information for output\n* Update Duke.java to support the software in understanding date\nand time in yyyy-mm-dd hhmm format by making minor changes to the\nexisting implementation when processing date and time of Deadline\nand Event tasks\n","fileTypesAndContributionMap":{"java":{"insertions":161,"deletions":13}}},{"hash":"5ee055b7c91cd3fec65336fbd84d7787fff68a08","messageTitle":"Fix Level-7","messageBody":"* Update Duke.java, TaskWithDateTime.java, Deadline.java and\nEvent.java with minor changes to the existing implementation\nwhen processing date and time of Deadline and Event tasks\n","fileTypesAndContributionMap":{"txt":{"insertions":3,"deletions":4},"java":{"insertions":17,"deletions":13}}}]},{"date":"2022-01-28","commitResults":[{"hash":"711c170cd69358b6aff0bf641bd3d558eda27885","messageTitle":"Implement A-MoreOOP","messageBody":"Make the code more OOP by extracting out more classes\n\n* Add Command.java (interface), AddCommand.java, AddToDoCommand.java,\nAddDeadlineCommand.java, AddEventCommand.java, DeleteCommand.java,\nExitCommand.java, ListCommand.java, MarkCommand.java and\nUnmarkCommand.java to handle Command execution\n* Add CommandType.java enumeration to define different types of\ncommands\n* Add Parser.java to handle the logic of parsing the user command\n* Add TaskList.java to contain the list of tasks and handle operations\nof adding, deleting and retrieving tasks\n* Update Duke.java, Storage.java and Ui.java with changes to support\nthe implementation of more OOP\n* Update TaskType.java Javadoc comments\n","tags":["A-MoreOOP"],"fileTypesAndContributionMap":{"java":{"insertions":955,"deletions":395}}},{"hash":"217268169ba9230ff674e0b99b2314bc4aa39a38","messageTitle":"Implement A-Packages","messageBody":"* Organize classes into packages\n","tags":["A-Packages"],"fileTypesAndContributionMap":{"java":{"insertions":534,"deletions":404}}}]},{"date":"2022-01-29","commitResults":[{"hash":"072faf0271c2469b1c6d4682aaad373506a54eac","messageTitle":"Implement A-JUnit","messageBody":"* Add JUnit tests in AddCommandTest.java for AddCommand classes\n(AddCommand.java, AddToDoCommand.java, AddDeadlineCommand.java\nand AddEventCommand.java)\n* Add JUnit tests in ParserTest.java for Parser.java\n* Add JUnit tests in TaskTest.java for Task classes (Task.java,\nTaskWithDateTime.java, ToDo.java, Deadline.java, Event.java)\n* Update Storage.java to include getter methods for directory and\ndataFile variables so that the variables can be accessed for JUnit\ntests in AddCommandTest.java\n","tags":["A-JUnit"],"fileTypesAndContributionMap":{"java":{"insertions":282,"deletions":5}}}]},{"date":"2022-01-30","commitResults":[{"hash":"d74f882d4c979e1ab1848b6fdbeaf5d5f24da088","messageTitle":"Update Level-8, fix minor bugs and enhance codes","messageBody":"Update Level-8\n\n* Add PrintCommand.java to print deadlines/events occurring on a\nspecific date\n* Update other java files with changes to support the implementation\nof filtering tasks which is activated when Print command is used\n* Update the existing implementation to allow the execution of Mark,\nUnmark and Delete commands on filtered tasks\n\nFix minor bugs\n\n* Update UnmarkCommand.java to use taskNotDoneMessage instead of\ntaskDoneMessage\n* Update Ui.java to remove additional spacing in taskInListMessage\nmethod\n* Update Task.java to make corrections to the wrong Javadoc comments\nin setNotDone method\n\nEnhance codes\n\n* Update TaskWithDateTime.java to replace if-else code with ternary\noperator for processing time input\n* Update Javadoc comments for some java files\n","tags":["A-Jar"],"fileTypesAndContributionMap":{"java":{"insertions":504,"deletions":54}}}]},{"date":"2022-01-31","commitResults":[{"hash":"3b6e3a896fa0d3a3cbcdf9cbc1d7064584bb8e1d","messageTitle":"Implement Level-9","messageBody":"* Add FindCommand.java to find tasks by searching for a keyword in\nthe description\n* Update other java files with changes to support the implementation\nof filtering tasks which is activated when Find command is used\n","fileTypesAndContributionMap":{"java":{"insertions":135,"deletions":1}}},{"hash":"a735e6e7df3b1a0aae847ca0315579f1a8cdaa9b","messageTitle":"Implement A-CodingStandard","messageBody":"* Add ErrorMessage.java enumeration to consolidate and define error\nmessages as constants for reusability and to adhere to coding standard\n* Review all java files and tweak some codes to adhere to coding\nstandard\n* Add Javadoc comments for Parser.java\n","fileTypesAndContributionMap":{"java":{"insertions":453,"deletions":277}}},{"hash":"3035d5ca34ebf98180cabf28a03b6800f4e17942","messageTitle":"Implement A-JavaDoc","messageBody":"* Review Javadoc comments of all java files except Parser.java since\nmajor changes have been made to Parser.java in branch-A-CodingStandard\n","fileTypesAndContributionMap":{"java":{"insertions":22,"deletions":19}}}]},{"date":"2022-02-03","commitResults":[{"hash":"be3776424e30945a844da383f4a7f0f2eb66d8ac","messageTitle":"Implement A-Gradle and A-CheckStyle","messageBody":"* Add Gradle support to automate project builds\n* Add Checkstyle configuration files to detect coding style violations\n* Update java files to adhere to coding standard and pass Checkstyle by\ncorrecting detected coding style violations\n","fileTypesAndContributionMap":{"gradle":{"insertions":2,"deletions":2},"java":{"insertions":124,"deletions":109}}}]},{"date":"2022-02-07","commitResults":[{"hash":"c307326adcee6ebc6c7d833b50c176fd8bd40eba","messageTitle":"Implement Level-10","messageBody":"* Add GUI to Duke using JavaFX technology\n* Update other java files and tweak some codes to support the\nimplementation of GUI\n","fileTypesAndContributionMap":{"gradle":{"insertions":21,"deletions":0},"fxml":{"insertions":58,"deletions":0},"java":{"insertions":487,"deletions":240}}},{"hash":"ef71298edf91af684fc6fec895688b1a6b0aba1a","messageTitle":"Implement A-Assertions","messageBody":"Add assertions via the assert feature to Ui.java and Command classes\n(AddToDoCommand.java, AddDeadlineCommand.java, AddEventCommand.java,\nDeleteCommand.java, MarkCommand.java, UnmarkCommand.java,\nPrintCommand.java, FindCommand.java).\n\nAssertions allows program to terminate in the case of a possible bug,\nand the sooner the execution stops, the safer it is.\n\nMultiple checks for null objects or empty strings are done for the\nparameters passed into the methods of Ui.java and the string response\nreturned from command executions.\n\nChecking for null objects or empty strings will allow us to verify and\nensure that the program is behaving as expected.\n","tags":["A-FullCommitMessage"],"fileTypesAndContributionMap":{"java":{"insertions":67,"deletions":8}}},{"hash":"1362d80ee4332a61e1fdf788daf269e6d673bf98","messageTitle":"Implement A-CodeQuality","messageBody":"Code quality was improved at the same time when codes were tweaked to\nadhere to coding standard.\n\nNevertheless, code quality is reviewed again for all java files and\nsome minor changes are made.\n","fileTypesAndContributionMap":{"java":{"insertions":11,"deletions":11}}}]},{"date":"2022-02-26","commitResults":[{"hash":"f6d5ccf28bc0e98bbd17b678465d89fae332b738","messageTitle":"Implement C-Help","messageBody":"Add Help Command to provide in-app guidance to users with the available\ncommands and the respective formats.\n","fileTypesAndContributionMap":{"fxml":{"insertions":44,"deletions":39},"java":{"insertions":198,"deletions":94}}},{"hash":"a6cc2de412ea2f5e978574a4677249fcc6f94612","messageTitle":"Update README.md","messageBody":"","tags":["A-UserGuide","A-Release"],"fileTypesAndContributionMap":{"md":{"insertions":230,"deletions":11}}},{"hash":"6ced8695f71b93337fb0f31a03c07c59c98d9e7c","messageTitle":"Update README.md","messageBody":"","fileTypesAndContributionMap":{"md":{"insertions":13,"deletions":16}}},{"hash":"c0b4e6225043469a66ab4eb165ae538b22bf3259","messageTitle":"Correct minor bugs","messageBody":"","fileTypesAndContributionMap":{"gradle":{"insertions":1,"deletions":1},"java":{"insertions":13,"deletions":13}}},{"hash":"3d88c3469af83819ba81d8a38b30e626eac1397b","messageTitle":"Correct minor bugs","messageBody":"","fileTypesAndContributionMap":{"txt":{"insertions":9,"deletions":5},"fxml":{"insertions":6,"deletions":3},"java":{"insertions":107,"deletions":71},"md":{"insertions":434,"deletions":164}}}]}]},"authorFileTypeContributionMap":{"dannytayjy":{"java":3300,"md":485,"fxml":66,"sh":0,"bat":0,"gradle":22,"txt":28}},"authorContributionVariance":{"dannytayjy":211465.3},"authorDisplayNameMap":{"dannytayjy":"CS2103-F11-1 TAY ..YANG"}}
