[{"path":"src/main/java/Command.java","fileType":"java","lines":[{"lineNumber":1,"author":{"gitId":"tyanhan"},"content":"public enum Command {","lastModifiedDate":"2022-01-20"},{"lineNumber":2,"author":{"gitId":"tyanhan"},"content":"    BYE, LIST, MARK, UNMARK, DELETE, TODO, DEADLINE, EVENT;","lastModifiedDate":"2022-01-20"},{"lineNumber":3,"author":{"gitId":"tyanhan"},"content":"","lastModifiedDate":"2022-01-20"},{"lineNumber":4,"author":{"gitId":"tyanhan"},"content":"    public static Command getCommand(String[] str) throws InvalidCommandException {","lastModifiedDate":"2022-01-20"},{"lineNumber":5,"author":{"gitId":"tyanhan"},"content":"        try {","lastModifiedDate":"2022-01-20"},{"lineNumber":6,"author":{"gitId":"tyanhan"},"content":"            return Command.valueOf(str[0].toUpperCase());","lastModifiedDate":"2022-01-20"},{"lineNumber":7,"author":{"gitId":"tyanhan"},"content":"        } catch (IllegalArgumentException e) {","lastModifiedDate":"2022-01-20"},{"lineNumber":8,"author":{"gitId":"tyanhan"},"content":"            throw new InvalidCommandException(\"huh?!\\nPlease enter a valid command!\");","lastModifiedDate":"2022-01-20"},{"lineNumber":9,"author":{"gitId":"tyanhan"},"content":"        }","lastModifiedDate":"2022-01-20"},{"lineNumber":10,"author":{"gitId":"tyanhan"},"content":"    }","lastModifiedDate":"2022-01-20"},{"lineNumber":11,"author":{"gitId":"tyanhan"},"content":"}","lastModifiedDate":"2022-01-20"}],"authorContributionMap":{"tyanhan":11}},{"path":"src/main/java/Deadline.java","fileType":"java","lines":[{"lineNumber":1,"author":{"gitId":"tyanhan"},"content":"public class Deadline extends Task {","lastModifiedDate":"2022-01-15"},{"lineNumber":2,"author":{"gitId":"tyanhan"},"content":"","lastModifiedDate":"2022-01-15"},{"lineNumber":3,"author":{"gitId":"tyanhan"},"content":"    protected String by;","lastModifiedDate":"2022-01-15"},{"lineNumber":4,"author":{"gitId":"tyanhan"},"content":"    private static boolean tipShown \u003d false;","lastModifiedDate":"2022-01-17"},{"lineNumber":5,"author":{"gitId":"tyanhan"},"content":"","lastModifiedDate":"2022-01-15"},{"lineNumber":6,"author":{"gitId":"tyanhan"},"content":"    public Deadline(String description) {","lastModifiedDate":"2022-01-15"},{"lineNumber":7,"author":{"gitId":"tyanhan"},"content":"        super(description);","lastModifiedDate":"2022-01-15"},{"lineNumber":8,"author":{"gitId":"tyanhan"},"content":"        if (!tipShown) {","lastModifiedDate":"2022-01-17"},{"lineNumber":9,"author":{"gitId":"tyanhan"},"content":"            System.out.println(\"Tip: You can specify due dates\");","lastModifiedDate":"2022-01-17"},{"lineNumber":10,"author":{"gitId":"tyanhan"},"content":"            System.out.println(\"eg. deadline CS2103T /by today\\n\");","lastModifiedDate":"2022-01-17"},{"lineNumber":11,"author":{"gitId":"tyanhan"},"content":"            tipShown \u003d true;","lastModifiedDate":"2022-01-17"},{"lineNumber":12,"author":{"gitId":"tyanhan"},"content":"        }","lastModifiedDate":"2022-01-17"},{"lineNumber":13,"author":{"gitId":"tyanhan"},"content":"    }","lastModifiedDate":"2022-01-15"},{"lineNumber":14,"author":{"gitId":"tyanhan"},"content":"","lastModifiedDate":"2022-01-15"},{"lineNumber":15,"author":{"gitId":"tyanhan"},"content":"    public Deadline(String description, String by) {","lastModifiedDate":"2022-01-15"},{"lineNumber":16,"author":{"gitId":"tyanhan"},"content":"        super(description);","lastModifiedDate":"2022-01-15"},{"lineNumber":17,"author":{"gitId":"tyanhan"},"content":"        this.by \u003d by;","lastModifiedDate":"2022-01-15"},{"lineNumber":18,"author":{"gitId":"tyanhan"},"content":"        tipShown \u003d true;","lastModifiedDate":"2022-01-17"},{"lineNumber":19,"author":{"gitId":"tyanhan"},"content":"    }","lastModifiedDate":"2022-01-15"},{"lineNumber":20,"author":{"gitId":"tyanhan"},"content":"","lastModifiedDate":"2022-01-15"},{"lineNumber":21,"author":{"gitId":"tyanhan"},"content":"    @Override","lastModifiedDate":"2022-01-15"},{"lineNumber":22,"author":{"gitId":"tyanhan"},"content":"    public String toString() {","lastModifiedDate":"2022-01-15"},{"lineNumber":23,"author":{"gitId":"tyanhan"},"content":"        if (by !\u003d null) {","lastModifiedDate":"2022-01-15"},{"lineNumber":24,"author":{"gitId":"tyanhan"},"content":"            return \"[D]\" + super.toString() + \" (by: \" + by + \")\";","lastModifiedDate":"2022-01-15"},{"lineNumber":25,"author":{"gitId":"tyanhan"},"content":"        } else {","lastModifiedDate":"2022-01-15"},{"lineNumber":26,"author":{"gitId":"tyanhan"},"content":"            return \"[D]\" + super.toString();","lastModifiedDate":"2022-01-15"},{"lineNumber":27,"author":{"gitId":"tyanhan"},"content":"        }","lastModifiedDate":"2022-01-15"},{"lineNumber":28,"author":{"gitId":"tyanhan"},"content":"    }","lastModifiedDate":"2022-01-15"},{"lineNumber":29,"author":{"gitId":"tyanhan"},"content":"}","lastModifiedDate":"2022-01-15"}],"authorContributionMap":{"tyanhan":29}},{"path":"src/main/java/Duke.java","fileType":"java","lines":[{"lineNumber":1,"author":{"gitId":"tyanhan"},"content":"import java.util.Scanner;","lastModifiedDate":"2022-01-15"},{"lineNumber":2,"author":{"gitId":"tyanhan"},"content":"","lastModifiedDate":"2022-01-15"},{"lineNumber":3,"author":{"gitId":"-"},"content":"public class Duke {","lastModifiedDate":"2019-07-29"},{"lineNumber":4,"author":{"gitId":"-"},"content":"    public static void main(String[] args) {","lastModifiedDate":"2019-07-29"},{"lineNumber":5,"author":{"gitId":"tyanhan"},"content":"        Scanner sc \u003d new Scanner(System.in);","lastModifiedDate":"2022-01-15"},{"lineNumber":6,"author":{"gitId":"tyanhan"},"content":"        TaskList taskList \u003d new TaskList();","lastModifiedDate":"2022-01-15"},{"lineNumber":7,"author":{"gitId":"tyanhan"},"content":"        String logo \u003d \"   _____       _ _                        \\n\" +","lastModifiedDate":"2022-01-17"},{"lineNumber":8,"author":{"gitId":"tyanhan"},"content":"                \"  / ____|     (_) |                       \\n\" +","lastModifiedDate":"2022-01-17"},{"lineNumber":9,"author":{"gitId":"tyanhan"},"content":"                \" | (___   __ _ _| |_ __ _ _ __ ___   __ _ \\n\" +","lastModifiedDate":"2022-01-17"},{"lineNumber":10,"author":{"gitId":"tyanhan"},"content":"                \"  \\\\___ \\\\ / _` | | __/ _` | \u0027_ ` _ \\\\ / _` |\\n\" +","lastModifiedDate":"2022-01-17"},{"lineNumber":11,"author":{"gitId":"tyanhan"},"content":"                \"  ____) | (_| | | || (_| | | | | | | (_| |\\n\" +","lastModifiedDate":"2022-01-17"},{"lineNumber":12,"author":{"gitId":"tyanhan"},"content":"                \" |_____/ \\\\__,_|_|\\\\__\\\\__,_|_| |_| |_|\\\\__,_|\\n\";","lastModifiedDate":"2022-01-17"},{"lineNumber":13,"author":{"gitId":"tyanhan"},"content":"","lastModifiedDate":"2022-01-17"},{"lineNumber":14,"author":{"gitId":"tyanhan"},"content":"        System.out.println(logo);","lastModifiedDate":"2022-01-15"},{"lineNumber":15,"author":{"gitId":"tyanhan"},"content":"","lastModifiedDate":"2022-01-15"},{"lineNumber":16,"author":{"gitId":"tyanhan"},"content":"        System.out.println(\"____________________________________________________________\");","lastModifiedDate":"2022-01-15"},{"lineNumber":17,"author":{"gitId":"tyanhan"},"content":"        System.out.println(\"I\u0027m Saitama, a hero for fun.\");","lastModifiedDate":"2022-01-20"},{"lineNumber":18,"author":{"gitId":"tyanhan"},"content":"        System.out.println(\"What can I do for you?\");","lastModifiedDate":"2022-01-15"},{"lineNumber":19,"author":{"gitId":"tyanhan"},"content":"","lastModifiedDate":"2022-01-15"},{"lineNumber":20,"author":{"gitId":"tyanhan"},"content":"        while (true) {","lastModifiedDate":"2022-01-15"},{"lineNumber":21,"author":{"gitId":"tyanhan"},"content":"            System.out.println(\"____________________________________________________________\");","lastModifiedDate":"2022-01-20"},{"lineNumber":22,"author":{"gitId":"tyanhan"},"content":"            String[] str \u003d sc.nextLine().trim().split(\" \", 2);","lastModifiedDate":"2022-01-20"},{"lineNumber":23,"author":{"gitId":"tyanhan"},"content":"            System.out.println(\"____________________________________________________________\");","lastModifiedDate":"2022-01-15"},{"lineNumber":24,"author":{"gitId":"tyanhan"},"content":"","lastModifiedDate":"2022-01-17"},{"lineNumber":25,"author":{"gitId":"tyanhan"},"content":"            try {","lastModifiedDate":"2022-01-17"},{"lineNumber":26,"author":{"gitId":"tyanhan"},"content":"                Command command \u003d Command.getCommand(str);","lastModifiedDate":"2022-01-20"},{"lineNumber":27,"author":{"gitId":"tyanhan"},"content":"","lastModifiedDate":"2022-01-20"},{"lineNumber":28,"author":{"gitId":"tyanhan"},"content":"                switch (command) {","lastModifiedDate":"2022-01-20"},{"lineNumber":29,"author":{"gitId":"tyanhan"},"content":"                case BYE:","lastModifiedDate":"2022-01-20"},{"lineNumber":30,"author":{"gitId":"tyanhan"},"content":"                    break;","lastModifiedDate":"2022-01-17"},{"lineNumber":31,"author":{"gitId":"tyanhan"},"content":"                case LIST:","lastModifiedDate":"2022-01-20"},{"lineNumber":32,"author":{"gitId":"tyanhan"},"content":"                    taskList.list();","lastModifiedDate":"2022-01-20"},{"lineNumber":33,"author":{"gitId":"tyanhan"},"content":"                    continue;","lastModifiedDate":"2022-01-20"},{"lineNumber":34,"author":{"gitId":"tyanhan"},"content":"                case MARK:","lastModifiedDate":"2022-01-20"},{"lineNumber":35,"author":{"gitId":"tyanhan"},"content":"                    taskList.markTask(str);","lastModifiedDate":"2022-01-20"},{"lineNumber":36,"author":{"gitId":"tyanhan"},"content":"                    continue;","lastModifiedDate":"2022-01-20"},{"lineNumber":37,"author":{"gitId":"tyanhan"},"content":"                case UNMARK:","lastModifiedDate":"2022-01-20"},{"lineNumber":38,"author":{"gitId":"tyanhan"},"content":"                    taskList.unmarkTask(str);","lastModifiedDate":"2022-01-20"},{"lineNumber":39,"author":{"gitId":"tyanhan"},"content":"                    continue;","lastModifiedDate":"2022-01-20"},{"lineNumber":40,"author":{"gitId":"tyanhan"},"content":"                case DELETE:","lastModifiedDate":"2022-01-20"},{"lineNumber":41,"author":{"gitId":"tyanhan"},"content":"                    taskList.delete(str);","lastModifiedDate":"2022-01-20"},{"lineNumber":42,"author":{"gitId":"tyanhan"},"content":"                    continue;","lastModifiedDate":"2022-01-20"},{"lineNumber":43,"author":{"gitId":"tyanhan"},"content":"                case TODO:","lastModifiedDate":"2022-01-20"},{"lineNumber":44,"author":{"gitId":"tyanhan"},"content":"                case DEADLINE:","lastModifiedDate":"2022-01-20"},{"lineNumber":45,"author":{"gitId":"tyanhan"},"content":"                case EVENT:","lastModifiedDate":"2022-01-20"},{"lineNumber":46,"author":{"gitId":"tyanhan"},"content":"                    taskList.add(str, command);","lastModifiedDate":"2022-01-20"},{"lineNumber":47,"author":{"gitId":"tyanhan"},"content":"                    continue;","lastModifiedDate":"2022-01-20"},{"lineNumber":48,"author":{"gitId":"tyanhan"},"content":"                }","lastModifiedDate":"2022-01-15"},{"lineNumber":49,"author":{"gitId":"tyanhan"},"content":"                break;","lastModifiedDate":"2022-01-20"},{"lineNumber":50,"author":{"gitId":"tyanhan"},"content":"            } catch (InvalidCommandException | InvalidTaskNumberException | EmptyDescriptionException e) {","lastModifiedDate":"2022-01-17"},{"lineNumber":51,"author":{"gitId":"tyanhan"},"content":"                System.out.println(e.getMessage());","lastModifiedDate":"2022-01-17"},{"lineNumber":52,"author":{"gitId":"tyanhan"},"content":"            }","lastModifiedDate":"2022-01-15"},{"lineNumber":53,"author":{"gitId":"tyanhan"},"content":"        }","lastModifiedDate":"2022-01-15"},{"lineNumber":54,"author":{"gitId":"tyanhan"},"content":"        System.out.println(\"OK...\");","lastModifiedDate":"2022-01-17"},{"lineNumber":55,"author":{"gitId":"tyanhan"},"content":"        System.out.println(\"____________________________________________________________\");","lastModifiedDate":"2022-01-20"},{"lineNumber":56,"author":{"gitId":"-"},"content":"    }","lastModifiedDate":"2022-01-15"},{"lineNumber":57,"author":{"gitId":"-"},"content":"}","lastModifiedDate":"2019-07-29"},{"lineNumber":58,"author":{"gitId":"tyanhan"},"content":"","lastModifiedDate":"2022-01-20"}],"authorContributionMap":{"tyanhan":54,"-":4}},{"path":"src/main/java/DukeException.java","fileType":"java","lines":[{"lineNumber":1,"author":{"gitId":"tyanhan"},"content":"public class DukeException extends Exception{","lastModifiedDate":"2022-01-15"},{"lineNumber":2,"author":{"gitId":"tyanhan"},"content":"    DukeException(String message) {","lastModifiedDate":"2022-01-15"},{"lineNumber":3,"author":{"gitId":"tyanhan"},"content":"        super(message);","lastModifiedDate":"2022-01-15"},{"lineNumber":4,"author":{"gitId":"tyanhan"},"content":"    }","lastModifiedDate":"2022-01-15"},{"lineNumber":5,"author":{"gitId":"tyanhan"},"content":"}","lastModifiedDate":"2022-01-15"}],"authorContributionMap":{"tyanhan":5}},{"path":"src/main/java/EmptyDescriptionException.java","fileType":"java","lines":[{"lineNumber":1,"author":{"gitId":"tyanhan"},"content":"public class EmptyDescriptionException extends DukeException {","lastModifiedDate":"2022-01-15"},{"lineNumber":2,"author":{"gitId":"tyanhan"},"content":"    EmptyDescriptionException(String taskType) {","lastModifiedDate":"2022-01-15"},{"lineNumber":3,"author":{"gitId":"tyanhan"},"content":"        super(\"OOPS!!! The description of \" + taskType + \" cannot be empty.\");","lastModifiedDate":"2022-01-17"},{"lineNumber":4,"author":{"gitId":"tyanhan"},"content":"    }","lastModifiedDate":"2022-01-15"},{"lineNumber":5,"author":{"gitId":"tyanhan"},"content":"}","lastModifiedDate":"2022-01-15"}],"authorContributionMap":{"tyanhan":5}},{"path":"src/main/java/Event.java","fileType":"java","lines":[{"lineNumber":1,"author":{"gitId":"tyanhan"},"content":"public class Event extends Task {","lastModifiedDate":"2022-01-15"},{"lineNumber":2,"author":{"gitId":"tyanhan"},"content":"","lastModifiedDate":"2022-01-15"},{"lineNumber":3,"author":{"gitId":"tyanhan"},"content":"    protected String at;","lastModifiedDate":"2022-01-15"},{"lineNumber":4,"author":{"gitId":"tyanhan"},"content":"    private static boolean tipShown \u003d false;","lastModifiedDate":"2022-01-17"},{"lineNumber":5,"author":{"gitId":"tyanhan"},"content":"","lastModifiedDate":"2022-01-15"},{"lineNumber":6,"author":{"gitId":"tyanhan"},"content":"    public Event(String description) {","lastModifiedDate":"2022-01-15"},{"lineNumber":7,"author":{"gitId":"tyanhan"},"content":"        super(description);","lastModifiedDate":"2022-01-15"},{"lineNumber":8,"author":{"gitId":"tyanhan"},"content":"        if (!tipShown) {","lastModifiedDate":"2022-01-17"},{"lineNumber":9,"author":{"gitId":"tyanhan"},"content":"            System.out.println(\"Tip: You can specify event location\");","lastModifiedDate":"2022-01-17"},{"lineNumber":10,"author":{"gitId":"tyanhan"},"content":"            System.out.println(\"eg. event party /at My House\\n\");","lastModifiedDate":"2022-01-17"},{"lineNumber":11,"author":{"gitId":"tyanhan"},"content":"            tipShown \u003d true;","lastModifiedDate":"2022-01-17"},{"lineNumber":12,"author":{"gitId":"tyanhan"},"content":"        }","lastModifiedDate":"2022-01-15"},{"lineNumber":13,"author":{"gitId":"tyanhan"},"content":"    }","lastModifiedDate":"2022-01-17"},{"lineNumber":14,"author":{"gitId":"tyanhan"},"content":"","lastModifiedDate":"2022-01-17"},{"lineNumber":15,"author":{"gitId":"tyanhan"},"content":"    public Event(String description, String at) {","lastModifiedDate":"2022-01-15"},{"lineNumber":16,"author":{"gitId":"tyanhan"},"content":"        super(description);","lastModifiedDate":"2022-01-15"},{"lineNumber":17,"author":{"gitId":"tyanhan"},"content":"        this.at \u003d at;","lastModifiedDate":"2022-01-15"},{"lineNumber":18,"author":{"gitId":"tyanhan"},"content":"        tipShown \u003d true;","lastModifiedDate":"2022-01-17"},{"lineNumber":19,"author":{"gitId":"tyanhan"},"content":"    }","lastModifiedDate":"2022-01-15"},{"lineNumber":20,"author":{"gitId":"tyanhan"},"content":"","lastModifiedDate":"2022-01-15"},{"lineNumber":21,"author":{"gitId":"tyanhan"},"content":"    @Override","lastModifiedDate":"2022-01-15"},{"lineNumber":22,"author":{"gitId":"tyanhan"},"content":"    public String toString() {","lastModifiedDate":"2022-01-15"},{"lineNumber":23,"author":{"gitId":"tyanhan"},"content":"        if (at !\u003d null) {","lastModifiedDate":"2022-01-15"},{"lineNumber":24,"author":{"gitId":"tyanhan"},"content":"            return \"[E]\" + super.toString() + \" (at: \" + at + \")\";","lastModifiedDate":"2022-01-15"},{"lineNumber":25,"author":{"gitId":"tyanhan"},"content":"        } else {","lastModifiedDate":"2022-01-15"},{"lineNumber":26,"author":{"gitId":"tyanhan"},"content":"            return \"[E]\" + super.toString();","lastModifiedDate":"2022-01-15"},{"lineNumber":27,"author":{"gitId":"tyanhan"},"content":"        }","lastModifiedDate":"2022-01-15"},{"lineNumber":28,"author":{"gitId":"tyanhan"},"content":"    }","lastModifiedDate":"2022-01-15"},{"lineNumber":29,"author":{"gitId":"tyanhan"},"content":"}","lastModifiedDate":"2022-01-15"}],"authorContributionMap":{"tyanhan":29}},{"path":"src/main/java/InvalidCommandException.java","fileType":"java","lines":[{"lineNumber":1,"author":{"gitId":"tyanhan"},"content":"public class InvalidCommandException extends DukeException {","lastModifiedDate":"2022-01-15"},{"lineNumber":2,"author":{"gitId":"tyanhan"},"content":"    InvalidCommandException(String message) {","lastModifiedDate":"2022-01-15"},{"lineNumber":3,"author":{"gitId":"tyanhan"},"content":"        super(message);","lastModifiedDate":"2022-01-15"},{"lineNumber":4,"author":{"gitId":"tyanhan"},"content":"    }","lastModifiedDate":"2022-01-15"},{"lineNumber":5,"author":{"gitId":"tyanhan"},"content":"}","lastModifiedDate":"2022-01-15"}],"authorContributionMap":{"tyanhan":5}},{"path":"src/main/java/InvalidTaskNumberException.java","fileType":"java","lines":[{"lineNumber":1,"author":{"gitId":"tyanhan"},"content":"public class InvalidTaskNumberException extends DukeException{","lastModifiedDate":"2022-01-15"},{"lineNumber":2,"author":{"gitId":"tyanhan"},"content":"    InvalidTaskNumberException(String taskType) {","lastModifiedDate":"2022-01-15"},{"lineNumber":3,"author":{"gitId":"tyanhan"},"content":"        super(\"Please enter a valid task number to \" + taskType + \"!\");","lastModifiedDate":"2022-01-17"},{"lineNumber":4,"author":{"gitId":"tyanhan"},"content":"    }","lastModifiedDate":"2022-01-15"},{"lineNumber":5,"author":{"gitId":"tyanhan"},"content":"}","lastModifiedDate":"2022-01-15"}],"authorContributionMap":{"tyanhan":5}},{"path":"src/main/java/Task.java","fileType":"java","lines":[{"lineNumber":1,"author":{"gitId":"tyanhan"},"content":"abstract public class Task {","lastModifiedDate":"2022-01-15"},{"lineNumber":2,"author":{"gitId":"tyanhan"},"content":"","lastModifiedDate":"2022-01-15"},{"lineNumber":3,"author":{"gitId":"tyanhan"},"content":"    protected String description;","lastModifiedDate":"2022-01-15"},{"lineNumber":4,"author":{"gitId":"tyanhan"},"content":"    protected boolean isDone;","lastModifiedDate":"2022-01-15"},{"lineNumber":5,"author":{"gitId":"tyanhan"},"content":"","lastModifiedDate":"2022-01-15"},{"lineNumber":6,"author":{"gitId":"tyanhan"},"content":"    Task(String description) {","lastModifiedDate":"2022-01-15"},{"lineNumber":7,"author":{"gitId":"tyanhan"},"content":"        this.description \u003d description;","lastModifiedDate":"2022-01-15"},{"lineNumber":8,"author":{"gitId":"tyanhan"},"content":"        this.isDone \u003d false;","lastModifiedDate":"2022-01-15"},{"lineNumber":9,"author":{"gitId":"tyanhan"},"content":"    }","lastModifiedDate":"2022-01-15"},{"lineNumber":10,"author":{"gitId":"tyanhan"},"content":"","lastModifiedDate":"2022-01-15"},{"lineNumber":11,"author":{"gitId":"tyanhan"},"content":"    public String getStatusIcon() {","lastModifiedDate":"2022-01-15"},{"lineNumber":12,"author":{"gitId":"tyanhan"},"content":"        return (isDone ? \"X\" : \" \"); // mark done task with X","lastModifiedDate":"2022-01-15"},{"lineNumber":13,"author":{"gitId":"tyanhan"},"content":"    }","lastModifiedDate":"2022-01-15"},{"lineNumber":14,"author":{"gitId":"tyanhan"},"content":"","lastModifiedDate":"2022-01-15"},{"lineNumber":15,"author":{"gitId":"tyanhan"},"content":"    public void markAsDone() {","lastModifiedDate":"2022-01-15"},{"lineNumber":16,"author":{"gitId":"tyanhan"},"content":"        isDone \u003d true;","lastModifiedDate":"2022-01-15"},{"lineNumber":17,"author":{"gitId":"tyanhan"},"content":"        System.out.println(\"OK...\");","lastModifiedDate":"2022-01-17"},{"lineNumber":18,"author":{"gitId":"tyanhan"},"content":"        System.out.println(\"The following task has been marked as done: \");","lastModifiedDate":"2022-01-17"},{"lineNumber":19,"author":{"gitId":"tyanhan"},"content":"        System.out.println(this);","lastModifiedDate":"2022-01-15"},{"lineNumber":20,"author":{"gitId":"tyanhan"},"content":"    }","lastModifiedDate":"2022-01-15"},{"lineNumber":21,"author":{"gitId":"tyanhan"},"content":"","lastModifiedDate":"2022-01-15"},{"lineNumber":22,"author":{"gitId":"tyanhan"},"content":"    public void markAsUndone() {","lastModifiedDate":"2022-01-15"},{"lineNumber":23,"author":{"gitId":"tyanhan"},"content":"        isDone \u003d false;","lastModifiedDate":"2022-01-15"},{"lineNumber":24,"author":{"gitId":"tyanhan"},"content":"        System.out.println(\"OK...\");","lastModifiedDate":"2022-01-17"},{"lineNumber":25,"author":{"gitId":"tyanhan"},"content":"        System.out.println(\"The following task has been marked as not done: \");","lastModifiedDate":"2022-01-17"},{"lineNumber":26,"author":{"gitId":"tyanhan"},"content":"        System.out.println(this);","lastModifiedDate":"2022-01-15"},{"lineNumber":27,"author":{"gitId":"tyanhan"},"content":"    }","lastModifiedDate":"2022-01-15"},{"lineNumber":28,"author":{"gitId":"tyanhan"},"content":"","lastModifiedDate":"2022-01-15"},{"lineNumber":29,"author":{"gitId":"tyanhan"},"content":"    @Override","lastModifiedDate":"2022-01-15"},{"lineNumber":30,"author":{"gitId":"tyanhan"},"content":"    public String toString() {","lastModifiedDate":"2022-01-15"},{"lineNumber":31,"author":{"gitId":"tyanhan"},"content":"        return \"[\" + this.getStatusIcon() + \"] \" + this.description.toString();","lastModifiedDate":"2022-01-15"},{"lineNumber":32,"author":{"gitId":"tyanhan"},"content":"    }","lastModifiedDate":"2022-01-15"},{"lineNumber":33,"author":{"gitId":"tyanhan"},"content":"}","lastModifiedDate":"2022-01-15"}],"authorContributionMap":{"tyanhan":33}},{"path":"src/main/java/TaskList.java","fileType":"java","lines":[{"lineNumber":1,"author":{"gitId":"tyanhan"},"content":"import java.util.ArrayList;","lastModifiedDate":"2022-01-15"},{"lineNumber":2,"author":{"gitId":"tyanhan"},"content":"","lastModifiedDate":"2022-01-15"},{"lineNumber":3,"author":{"gitId":"tyanhan"},"content":"public class TaskList {","lastModifiedDate":"2022-01-15"},{"lineNumber":4,"author":{"gitId":"tyanhan"},"content":"","lastModifiedDate":"2022-01-15"},{"lineNumber":5,"author":{"gitId":"tyanhan"},"content":"    protected ArrayList\u003cTask\u003e ls \u003d new ArrayList\u003c\u003e();","lastModifiedDate":"2022-01-15"},{"lineNumber":6,"author":{"gitId":"tyanhan"},"content":"","lastModifiedDate":"2022-01-15"},{"lineNumber":7,"author":{"gitId":"tyanhan"},"content":"    private void add(Task task) {","lastModifiedDate":"2022-01-17"},{"lineNumber":8,"author":{"gitId":"tyanhan"},"content":"        ls.add(task);","lastModifiedDate":"2022-01-15"},{"lineNumber":9,"author":{"gitId":"tyanhan"},"content":"        System.out.println(\"OK...\");","lastModifiedDate":"2022-01-17"},{"lineNumber":10,"author":{"gitId":"tyanhan"},"content":"        System.out.println(\"The following task has been added to the list: \");","lastModifiedDate":"2022-01-17"},{"lineNumber":11,"author":{"gitId":"tyanhan"},"content":"        System.out.println(task);","lastModifiedDate":"2022-01-15"},{"lineNumber":12,"author":{"gitId":"tyanhan"},"content":"        System.out.println(\"Now you have \" + this.numOfTasks() + \" tasks in the list.\");","lastModifiedDate":"2022-01-15"},{"lineNumber":13,"author":{"gitId":"tyanhan"},"content":"    }","lastModifiedDate":"2022-01-15"},{"lineNumber":14,"author":{"gitId":"tyanhan"},"content":"","lastModifiedDate":"2022-01-15"},{"lineNumber":15,"author":{"gitId":"tyanhan"},"content":"    public void add(String[] str, Command command) throws EmptyDescriptionException {","lastModifiedDate":"2022-01-20"},{"lineNumber":16,"author":{"gitId":"tyanhan"},"content":"        if (str.length \u003c 2) {","lastModifiedDate":"2022-01-20"},{"lineNumber":17,"author":{"gitId":"tyanhan"},"content":"            throw new EmptyDescriptionException(str[0]);","lastModifiedDate":"2022-01-20"},{"lineNumber":18,"author":{"gitId":"tyanhan"},"content":"        } else {","lastModifiedDate":"2022-01-17"},{"lineNumber":19,"author":{"gitId":"tyanhan"},"content":"            Task newTask;","lastModifiedDate":"2022-01-17"},{"lineNumber":20,"author":{"gitId":"tyanhan"},"content":"            String[] substring;","lastModifiedDate":"2022-01-17"},{"lineNumber":21,"author":{"gitId":"tyanhan"},"content":"","lastModifiedDate":"2022-01-20"},{"lineNumber":22,"author":{"gitId":"tyanhan"},"content":"            switch (command) {","lastModifiedDate":"2022-01-20"},{"lineNumber":23,"author":{"gitId":"tyanhan"},"content":"            case TODO:","lastModifiedDate":"2022-01-20"},{"lineNumber":24,"author":{"gitId":"tyanhan"},"content":"                newTask \u003d new ToDo(str[1]);","lastModifiedDate":"2022-01-20"},{"lineNumber":25,"author":{"gitId":"tyanhan"},"content":"                this.add(newTask);","lastModifiedDate":"2022-01-17"},{"lineNumber":26,"author":{"gitId":"tyanhan"},"content":"                break;","lastModifiedDate":"2022-01-17"},{"lineNumber":27,"author":{"gitId":"tyanhan"},"content":"","lastModifiedDate":"2022-01-17"},{"lineNumber":28,"author":{"gitId":"tyanhan"},"content":"            case DEADLINE:","lastModifiedDate":"2022-01-20"},{"lineNumber":29,"author":{"gitId":"tyanhan"},"content":"                substring \u003d str[1].split(\"/by \", 2);","lastModifiedDate":"2022-01-20"},{"lineNumber":30,"author":{"gitId":"tyanhan"},"content":"                if (substring.length \u003c 2) {","lastModifiedDate":"2022-01-17"},{"lineNumber":31,"author":{"gitId":"tyanhan"},"content":"                    newTask \u003d new Deadline(substring[0]);","lastModifiedDate":"2022-01-17"},{"lineNumber":32,"author":{"gitId":"tyanhan"},"content":"                } else {","lastModifiedDate":"2022-01-17"},{"lineNumber":33,"author":{"gitId":"tyanhan"},"content":"                    newTask \u003d new Deadline(substring[0], substring[1]);","lastModifiedDate":"2022-01-17"},{"lineNumber":34,"author":{"gitId":"tyanhan"},"content":"                }","lastModifiedDate":"2022-01-17"},{"lineNumber":35,"author":{"gitId":"tyanhan"},"content":"                this.add(newTask);","lastModifiedDate":"2022-01-17"},{"lineNumber":36,"author":{"gitId":"tyanhan"},"content":"                break;","lastModifiedDate":"2022-01-17"},{"lineNumber":37,"author":{"gitId":"tyanhan"},"content":"","lastModifiedDate":"2022-01-17"},{"lineNumber":38,"author":{"gitId":"tyanhan"},"content":"            case EVENT:","lastModifiedDate":"2022-01-20"},{"lineNumber":39,"author":{"gitId":"tyanhan"},"content":"                substring \u003d str[1].split(\"/at \", 2);","lastModifiedDate":"2022-01-20"},{"lineNumber":40,"author":{"gitId":"tyanhan"},"content":"                if (substring.length \u003c 2) {","lastModifiedDate":"2022-01-17"},{"lineNumber":41,"author":{"gitId":"tyanhan"},"content":"                    newTask \u003d new Event(substring[0]);","lastModifiedDate":"2022-01-17"},{"lineNumber":42,"author":{"gitId":"tyanhan"},"content":"                } else {","lastModifiedDate":"2022-01-17"},{"lineNumber":43,"author":{"gitId":"tyanhan"},"content":"                    newTask \u003d new Event(substring[0], substring[1]);","lastModifiedDate":"2022-01-17"},{"lineNumber":44,"author":{"gitId":"tyanhan"},"content":"                }","lastModifiedDate":"2022-01-17"},{"lineNumber":45,"author":{"gitId":"tyanhan"},"content":"                this.add(newTask);","lastModifiedDate":"2022-01-17"},{"lineNumber":46,"author":{"gitId":"tyanhan"},"content":"                break;","lastModifiedDate":"2022-01-20"},{"lineNumber":47,"author":{"gitId":"tyanhan"},"content":"            }","lastModifiedDate":"2022-01-17"},{"lineNumber":48,"author":{"gitId":"tyanhan"},"content":"        }","lastModifiedDate":"2022-01-17"},{"lineNumber":49,"author":{"gitId":"tyanhan"},"content":"    }","lastModifiedDate":"2022-01-17"},{"lineNumber":50,"author":{"gitId":"tyanhan"},"content":"","lastModifiedDate":"2022-01-17"},{"lineNumber":51,"author":{"gitId":"tyanhan"},"content":"    public void markTask(String[] str) throws InvalidTaskNumberException {","lastModifiedDate":"2022-01-20"},{"lineNumber":52,"author":{"gitId":"tyanhan"},"content":"        if (str.length \u003c 2 || !isNumeric(str[1]) || Integer.parseInt(str[1]) \u003e ls.size()) {","lastModifiedDate":"2022-01-20"},{"lineNumber":53,"author":{"gitId":"tyanhan"},"content":"            throw new InvalidTaskNumberException(str[0]);","lastModifiedDate":"2022-01-20"},{"lineNumber":54,"author":{"gitId":"tyanhan"},"content":"        }","lastModifiedDate":"2022-01-17"},{"lineNumber":55,"author":{"gitId":"tyanhan"},"content":"        Task task \u003d this.get(Integer.parseInt(str[1]));","lastModifiedDate":"2022-01-20"},{"lineNumber":56,"author":{"gitId":"tyanhan"},"content":"        task.markAsDone();","lastModifiedDate":"2022-01-17"},{"lineNumber":57,"author":{"gitId":"tyanhan"},"content":"    }","lastModifiedDate":"2022-01-17"},{"lineNumber":58,"author":{"gitId":"tyanhan"},"content":"","lastModifiedDate":"2022-01-17"},{"lineNumber":59,"author":{"gitId":"tyanhan"},"content":"    public void unmarkTask(String[] str) throws InvalidTaskNumberException {","lastModifiedDate":"2022-01-20"},{"lineNumber":60,"author":{"gitId":"tyanhan"},"content":"        if (str.length \u003c 2 || !isNumeric(str[1]) || Integer.parseInt(str[1]) \u003e ls.size()) {","lastModifiedDate":"2022-01-20"},{"lineNumber":61,"author":{"gitId":"tyanhan"},"content":"            throw new InvalidTaskNumberException(str[0]);","lastModifiedDate":"2022-01-20"},{"lineNumber":62,"author":{"gitId":"tyanhan"},"content":"        }","lastModifiedDate":"2022-01-17"},{"lineNumber":63,"author":{"gitId":"tyanhan"},"content":"        Task task \u003d this.get(Integer.parseInt(str[1]));","lastModifiedDate":"2022-01-20"},{"lineNumber":64,"author":{"gitId":"tyanhan"},"content":"        task.markAsUndone();","lastModifiedDate":"2022-01-17"},{"lineNumber":65,"author":{"gitId":"tyanhan"},"content":"    }","lastModifiedDate":"2022-01-17"},{"lineNumber":66,"author":{"gitId":"tyanhan"},"content":"","lastModifiedDate":"2022-01-17"},{"lineNumber":67,"author":{"gitId":"tyanhan"},"content":"    private void delete(int taskNumber) {","lastModifiedDate":"2022-01-17"},{"lineNumber":68,"author":{"gitId":"tyanhan"},"content":"        System.out.println(\"OK...\");","lastModifiedDate":"2022-01-17"},{"lineNumber":69,"author":{"gitId":"tyanhan"},"content":"        System.out.println(\"The following task has been removed from the list: \");","lastModifiedDate":"2022-01-17"},{"lineNumber":70,"author":{"gitId":"tyanhan"},"content":"        System.out.println(ls.get(taskNumber - 1));","lastModifiedDate":"2022-01-17"},{"lineNumber":71,"author":{"gitId":"tyanhan"},"content":"        ls.remove(taskNumber - 1);","lastModifiedDate":"2022-01-17"},{"lineNumber":72,"author":{"gitId":"tyanhan"},"content":"        System.out.println(\"Now you have \" + this.numOfTasks() + \" tasks in the list.\");","lastModifiedDate":"2022-01-17"},{"lineNumber":73,"author":{"gitId":"tyanhan"},"content":"    }","lastModifiedDate":"2022-01-17"},{"lineNumber":74,"author":{"gitId":"tyanhan"},"content":"","lastModifiedDate":"2022-01-17"},{"lineNumber":75,"author":{"gitId":"tyanhan"},"content":"    public void delete(String[] str) throws InvalidTaskNumberException {","lastModifiedDate":"2022-01-20"},{"lineNumber":76,"author":{"gitId":"tyanhan"},"content":"        if (str.length \u003c 2 || !isNumeric(str[1]) || Integer.parseInt(str[1]) \u003e ls.size()) {","lastModifiedDate":"2022-01-20"},{"lineNumber":77,"author":{"gitId":"tyanhan"},"content":"            throw new InvalidTaskNumberException(str[0]);","lastModifiedDate":"2022-01-20"},{"lineNumber":78,"author":{"gitId":"tyanhan"},"content":"        }","lastModifiedDate":"2022-01-17"},{"lineNumber":79,"author":{"gitId":"tyanhan"},"content":"        this.delete(Integer.parseInt(str[1]));","lastModifiedDate":"2022-01-20"},{"lineNumber":80,"author":{"gitId":"tyanhan"},"content":"    }","lastModifiedDate":"2022-01-17"},{"lineNumber":81,"author":{"gitId":"tyanhan"},"content":"","lastModifiedDate":"2022-01-17"},{"lineNumber":82,"author":{"gitId":"tyanhan"},"content":"    public Task get(int item) {","lastModifiedDate":"2022-01-15"},{"lineNumber":83,"author":{"gitId":"tyanhan"},"content":"        return ls.get(item - 1);","lastModifiedDate":"2022-01-15"},{"lineNumber":84,"author":{"gitId":"tyanhan"},"content":"    }","lastModifiedDate":"2022-01-15"},{"lineNumber":85,"author":{"gitId":"tyanhan"},"content":"","lastModifiedDate":"2022-01-15"},{"lineNumber":86,"author":{"gitId":"tyanhan"},"content":"    public int numOfTasks() {","lastModifiedDate":"2022-01-15"},{"lineNumber":87,"author":{"gitId":"tyanhan"},"content":"        return ls.size();","lastModifiedDate":"2022-01-15"},{"lineNumber":88,"author":{"gitId":"tyanhan"},"content":"    }","lastModifiedDate":"2022-01-15"},{"lineNumber":89,"author":{"gitId":"tyanhan"},"content":"","lastModifiedDate":"2022-01-15"},{"lineNumber":90,"author":{"gitId":"tyanhan"},"content":"    public void list() {","lastModifiedDate":"2022-01-17"},{"lineNumber":91,"author":{"gitId":"tyanhan"},"content":"        if (numOfTasks() \u003d\u003d 0) {","lastModifiedDate":"2022-01-17"},{"lineNumber":92,"author":{"gitId":"tyanhan"},"content":"            System.out.println(\"There are no tasks in your list!\");","lastModifiedDate":"2022-01-17"},{"lineNumber":93,"author":{"gitId":"tyanhan"},"content":"        } else {","lastModifiedDate":"2022-01-17"},{"lineNumber":94,"author":{"gitId":"tyanhan"},"content":"            System.out.println(this);","lastModifiedDate":"2022-01-17"},{"lineNumber":95,"author":{"gitId":"tyanhan"},"content":"        }","lastModifiedDate":"2022-01-17"},{"lineNumber":96,"author":{"gitId":"tyanhan"},"content":"    }","lastModifiedDate":"2022-01-15"},{"lineNumber":97,"author":{"gitId":"tyanhan"},"content":"","lastModifiedDate":"2022-01-15"},{"lineNumber":98,"author":{"gitId":"tyanhan"},"content":"    @Override","lastModifiedDate":"2022-01-15"},{"lineNumber":99,"author":{"gitId":"tyanhan"},"content":"    public String toString() {","lastModifiedDate":"2022-01-15"},{"lineNumber":100,"author":{"gitId":"tyanhan"},"content":"        int counter \u003d 1;","lastModifiedDate":"2022-01-15"},{"lineNumber":101,"author":{"gitId":"tyanhan"},"content":"        String output \u003d \"Here are the tasks in your list:\\n\";","lastModifiedDate":"2022-01-15"},{"lineNumber":102,"author":{"gitId":"tyanhan"},"content":"        for (Task task : ls) {","lastModifiedDate":"2022-01-15"},{"lineNumber":103,"author":{"gitId":"tyanhan"},"content":"            output +\u003d counter + \".\" + task + \"\\n\";","lastModifiedDate":"2022-01-15"},{"lineNumber":104,"author":{"gitId":"tyanhan"},"content":"            counter +\u003d 1;","lastModifiedDate":"2022-01-15"},{"lineNumber":105,"author":{"gitId":"tyanhan"},"content":"        }","lastModifiedDate":"2022-01-15"},{"lineNumber":106,"author":{"gitId":"tyanhan"},"content":"        return output.substring(0,output.length() - 1);","lastModifiedDate":"2022-01-15"},{"lineNumber":107,"author":{"gitId":"tyanhan"},"content":"    }","lastModifiedDate":"2022-01-15"},{"lineNumber":108,"author":{"gitId":"tyanhan"},"content":"","lastModifiedDate":"2022-01-17"},{"lineNumber":109,"author":{"gitId":"tyanhan"},"content":"    private boolean isNumeric(String string) {","lastModifiedDate":"2022-01-17"},{"lineNumber":110,"author":{"gitId":"tyanhan"},"content":"        int intValue;","lastModifiedDate":"2022-01-17"},{"lineNumber":111,"author":{"gitId":"tyanhan"},"content":"","lastModifiedDate":"2022-01-17"},{"lineNumber":112,"author":{"gitId":"tyanhan"},"content":"        if(string \u003d\u003d null || string.equals(\"\")) {","lastModifiedDate":"2022-01-17"},{"lineNumber":113,"author":{"gitId":"tyanhan"},"content":"            return false;","lastModifiedDate":"2022-01-17"},{"lineNumber":114,"author":{"gitId":"tyanhan"},"content":"        }","lastModifiedDate":"2022-01-17"},{"lineNumber":115,"author":{"gitId":"tyanhan"},"content":"","lastModifiedDate":"2022-01-17"},{"lineNumber":116,"author":{"gitId":"tyanhan"},"content":"        try {","lastModifiedDate":"2022-01-17"},{"lineNumber":117,"author":{"gitId":"tyanhan"},"content":"            intValue \u003d Integer.parseInt(string);","lastModifiedDate":"2022-01-17"},{"lineNumber":118,"author":{"gitId":"tyanhan"},"content":"            return true;","lastModifiedDate":"2022-01-17"},{"lineNumber":119,"author":{"gitId":"tyanhan"},"content":"        } catch (NumberFormatException e) {","lastModifiedDate":"2022-01-17"},{"lineNumber":120,"author":{"gitId":"tyanhan"},"content":"            return false;","lastModifiedDate":"2022-01-17"},{"lineNumber":121,"author":{"gitId":"tyanhan"},"content":"        }","lastModifiedDate":"2022-01-17"},{"lineNumber":122,"author":{"gitId":"tyanhan"},"content":"    }","lastModifiedDate":"2022-01-17"},{"lineNumber":123,"author":{"gitId":"tyanhan"},"content":"}","lastModifiedDate":"2022-01-15"}],"authorContributionMap":{"tyanhan":123}},{"path":"src/main/java/ToDo.java","fileType":"java","lines":[{"lineNumber":1,"author":{"gitId":"tyanhan"},"content":"public class ToDo extends Task {","lastModifiedDate":"2022-01-15"},{"lineNumber":2,"author":{"gitId":"tyanhan"},"content":"","lastModifiedDate":"2022-01-15"},{"lineNumber":3,"author":{"gitId":"tyanhan"},"content":"    public ToDo(String description) {","lastModifiedDate":"2022-01-15"},{"lineNumber":4,"author":{"gitId":"tyanhan"},"content":"        super(description);","lastModifiedDate":"2022-01-15"},{"lineNumber":5,"author":{"gitId":"tyanhan"},"content":"    }","lastModifiedDate":"2022-01-15"},{"lineNumber":6,"author":{"gitId":"tyanhan"},"content":"","lastModifiedDate":"2022-01-15"},{"lineNumber":7,"author":{"gitId":"tyanhan"},"content":"    @Override","lastModifiedDate":"2022-01-15"},{"lineNumber":8,"author":{"gitId":"tyanhan"},"content":"    public String toString() {","lastModifiedDate":"2022-01-15"},{"lineNumber":9,"author":{"gitId":"tyanhan"},"content":"        return \"[T]\" + super.toString();","lastModifiedDate":"2022-01-15"},{"lineNumber":10,"author":{"gitId":"tyanhan"},"content":"    }","lastModifiedDate":"2022-01-15"},{"lineNumber":11,"author":{"gitId":"tyanhan"},"content":"}","lastModifiedDate":"2022-01-15"}],"authorContributionMap":{"tyanhan":11}},{"path":"text-ui-test/input.txt","fileType":"txt","lines":[{"lineNumber":1,"author":{"gitId":"tyanhan"},"content":"todo eat","lastModifiedDate":"2022-01-15"},{"lineNumber":2,"author":{"gitId":"tyanhan"},"content":"todo sleep","lastModifiedDate":"2022-01-15"},{"lineNumber":3,"author":{"gitId":"tyanhan"},"content":"event party /at my house","lastModifiedDate":"2022-01-15"},{"lineNumber":4,"author":{"gitId":"tyanhan"},"content":"deadline cs2103t ip /by 20 Jan","lastModifiedDate":"2022-01-15"},{"lineNumber":5,"author":{"gitId":"tyanhan"},"content":"list","lastModifiedDate":"2022-01-15"},{"lineNumber":6,"author":{"gitId":"tyanhan"},"content":"mark 2","lastModifiedDate":"2022-01-15"},{"lineNumber":7,"author":{"gitId":"tyanhan"},"content":"unmark 2","lastModifiedDate":"2022-01-15"},{"lineNumber":8,"author":{"gitId":"tyanhan"},"content":"mark 3","lastModifiedDate":"2022-01-15"},{"lineNumber":9,"author":{"gitId":"tyanhan"},"content":"list","lastModifiedDate":"2022-01-15"},{"lineNumber":10,"author":{"gitId":"tyanhan"},"content":"delete 2","lastModifiedDate":"2022-01-15"},{"lineNumber":11,"author":{"gitId":"tyanhan"},"content":"list","lastModifiedDate":"2022-01-15"},{"lineNumber":12,"author":{"gitId":"tyanhan"},"content":"dagagga","lastModifiedDate":"2022-01-15"},{"lineNumber":13,"author":{"gitId":"tyanhan"},"content":"todo","lastModifiedDate":"2022-01-15"},{"lineNumber":14,"author":{"gitId":"tyanhan"},"content":"event","lastModifiedDate":"2022-01-15"},{"lineNumber":15,"author":{"gitId":"tyanhan"},"content":"deadline","lastModifiedDate":"2022-01-15"},{"lineNumber":16,"author":{"gitId":"tyanhan"},"content":"delete","lastModifiedDate":"2022-01-15"},{"lineNumber":17,"author":{"gitId":"tyanhan"},"content":"mark","lastModifiedDate":"2022-01-15"},{"lineNumber":18,"author":{"gitId":"tyanhan"},"content":"unmark","lastModifiedDate":"2022-01-15"},{"lineNumber":19,"author":{"gitId":"tyanhan"},"content":"bye","lastModifiedDate":"2022-01-15"}],"authorContributionMap":{"tyanhan":19}},{"path":"text-ui-test/runtest.bat","fileType":"bat","lines":[{"lineNumber":1,"author":{"gitId":"-"},"content":"@ECHO OFF","lastModifiedDate":"2020-05-25"},{"lineNumber":2,"author":{"gitId":"-"},"content":"","lastModifiedDate":"2020-05-25"},{"lineNumber":3,"author":{"gitId":"-"},"content":"REM create bin directory if it doesn\u0027t exist","lastModifiedDate":"2020-05-25"},{"lineNumber":4,"author":{"gitId":"-"},"content":"if not exist ..\\bin mkdir ..\\bin","lastModifiedDate":"2020-05-25"},{"lineNumber":5,"author":{"gitId":"-"},"content":"","lastModifiedDate":"2020-05-25"},{"lineNumber":6,"author":{"gitId":"-"},"content":"REM delete output from previous run","lastModifiedDate":"2020-05-25"},{"lineNumber":7,"author":{"gitId":"-"},"content":"if exist ACTUAL.TXT del ACTUAL.TXT","lastModifiedDate":"2020-08-25"},{"lineNumber":8,"author":{"gitId":"-"},"content":"","lastModifiedDate":"2020-05-25"},{"lineNumber":9,"author":{"gitId":"-"},"content":"REM compile the code into the bin folder","lastModifiedDate":"2020-05-25"},{"lineNumber":10,"author":{"gitId":"tyanhan"},"content":"javac -cp ../src/main/java -Xlint:none -d ..\\bin ../src/main/java/Duke.java","lastModifiedDate":"2022-01-15"},{"lineNumber":11,"author":{"gitId":"-"},"content":"IF ERRORLEVEL 1 (","lastModifiedDate":"2020-05-25"},{"lineNumber":12,"author":{"gitId":"-"},"content":"    echo ********** BUILD FAILURE **********","lastModifiedDate":"2020-05-25"},{"lineNumber":13,"author":{"gitId":"-"},"content":"    exit /b 1","lastModifiedDate":"2020-05-25"},{"lineNumber":14,"author":{"gitId":"-"},"content":")","lastModifiedDate":"2020-05-25"},{"lineNumber":15,"author":{"gitId":"-"},"content":"REM no error here, errorlevel \u003d\u003d 0","lastModifiedDate":"2020-05-25"},{"lineNumber":16,"author":{"gitId":"-"},"content":"","lastModifiedDate":"2020-05-25"},{"lineNumber":17,"author":{"gitId":"-"},"content":"REM run the program, feed commands from input.txt file and redirect the output to the ACTUAL.TXT","lastModifiedDate":"2020-05-25"},{"lineNumber":18,"author":{"gitId":"-"},"content":"java -classpath ..\\bin Duke \u003c input.txt \u003e ACTUAL.TXT","lastModifiedDate":"2020-05-25"},{"lineNumber":19,"author":{"gitId":"-"},"content":"","lastModifiedDate":"2020-05-25"},{"lineNumber":20,"author":{"gitId":"-"},"content":"REM compare the output to the expected output","lastModifiedDate":"2020-05-25"},{"lineNumber":21,"author":{"gitId":"-"},"content":"FC ACTUAL.TXT EXPECTED.TXT","lastModifiedDate":"2020-05-25"}],"authorContributionMap":{"tyanhan":1,"-":20}}]
