{"authorDailyContributionsMap":{"sharpstorm":[{"date":"2022-01-17","commitResults":[{"hash":"3dda973fb2ad2da5ef10fd6b912874cf2f4c5bc5","messageTitle":"Add Bot Welcome Greeting","messageBody":"","fileTypesAndContributionMap":{"java":{"insertions":11,"deletions":6}}},{"hash":"d7d23566af0c1c07f40a507ecc9d387bcfa72c39","messageTitle":"Add User Input Functionality","messageBody":"","fileTypesAndContributionMap":{"java":{"insertions":35,"deletions":3}}},{"hash":"fb198a238b4af1c5b2f7a55b34290696a31ad45b","messageTitle":"Add Functional Interface for block printing","messageBody":"","fileTypesAndContributionMap":{"java":{"insertions":14,"deletions":8}}},{"hash":"3c721ef03d82bdf80c78267e5252e05a42e07901","messageTitle":"Add exit command","messageBody":"","fileTypesAndContributionMap":{"java":{"insertions":7,"deletions":2}}},{"hash":"32abcc179669bbe1dface07b2b7bb807fa33276f","messageTitle":"Add Task and TaskStore data structures","messageBody":"","tags":["A-Collections","A-Classes"],"fileTypesAndContributionMap":{"java":{"insertions":39,"deletions":0}}},{"hash":"0feef4deb918107a6b52be097b580d716dc5bb96","messageTitle":"Add Task Creation and Listing","messageBody":"","fileTypesAndContributionMap":{"java":{"insertions":17,"deletions":1}}},{"hash":"e45ea62f9a6078d99fa50408a3245d084ed5a6e5","messageTitle":"Update user input prompt to reflect task creation","messageBody":"","fileTypesAndContributionMap":{"java":{"insertions":1,"deletions":1}}},{"hash":"24d552c2362404c30251284f158818ee8add84c3","messageTitle":"Add completion marker to Task data structure","messageBody":"","fileTypesAndContributionMap":{"java":{"insertions":22,"deletions":0}}},{"hash":"b4767fdcdfc1f5daca01a55d82105d289b9423ec","messageTitle":"Update task listing to include done indicator","messageBody":"","fileTypesAndContributionMap":{"java":{"insertions":1,"deletions":1}}},{"hash":"70e8020f2fea1e0f2f5cb35500fe3945116867df","messageTitle":"Add Task marking and unmarking functionality","messageBody":"","fileTypesAndContributionMap":{"java":{"insertions":42,"deletions":1}}},{"hash":"3600d5973f0d87a376944e1a4c1eaa7a529a76e9","messageTitle":"Update marking to show no action messages","messageBody":"","fileTypesAndContributionMap":{"java":{"insertions":4,"deletions":1}}},{"hash":"6844989ec4c9490d5eb962a240a1850e8a5d6256","messageTitle":"Add new Task types and data fields","messageBody":"Task class: make Task an abstract class\n\nThe task class is currently a concrete class, while it is should be\nabstract under the new modelling.\n\nLet\u0027s,\n* Make Task an abstract class\n* Remove the addTask method with String argument in TaskStore\n* Replace Duke driver Task creation with placeholder Todo type\n","tags":["A-Inheritance","A-Enums"],"fileTypesAndContributionMap":{"java":{"insertions":48,"deletions":7}}},{"hash":"01a6355e374537c3c3cd7aa9da9d525cd3b6a324","messageTitle":"Tighten command matching to exact word","messageBody":"Change command matching logic.\nThe previous command matching used startWith as the matching\nmechanism. This could resulted in unintentionally matching\ncommand words with extra trailing characters.\n\nLet\u0027s\n* Change matching logic to be exact, in other words, use equals\n* Streamline command processing flow\n","fileTypesAndContributionMap":{"java":{"insertions":70,"deletions":36}}},{"hash":"f946d227bc6f4b92a386fa4066dc6f68707989f7","messageTitle":"Add Task type printing","messageBody":"","fileTypesAndContributionMap":{"java":{"insertions":3,"deletions":1}}},{"hash":"599b0cccfaf98df5611cd2f04809dd750eab525a","messageTitle":"Optimise command processing flow","messageBody":"","fileTypesAndContributionMap":{"java":{"insertions":9,"deletions":13}}},{"hash":"8a08acaa1dc8f7f0e6bda4779bc689c8e5de35e4","messageTitle":"Add Event and Deadline creation","messageBody":"","fileTypesAndContributionMap":{"java":{"insertions":40,"deletions":0}}},{"hash":"7e3dbd11489666fd02ffa2aacd26b170eabf08fc","messageTitle":"Update test cases and test script","messageBody":"","fileTypesAndContributionMap":{"txt":{"insertions":26,"deletions":0},"bat":{"insertions":1,"deletions":0}}}]},{"date":"2022-01-18","commitResults":[{"hash":"ecc7a6c1ac3bf95667fcdc830d2c41803e51bb97","messageTitle":"Add exception-based error handling","messageBody":"","tags":["A-Exceptions"],"fileTypesAndContributionMap":{"java":{"insertions":43,"deletions":18}}},{"hash":"eec437a23c8ee12bc9a31a1968b22f7fd68dfcba","messageTitle":"Update test cases for new errors","messageBody":"","fileTypesAndContributionMap":{"java":{"insertions":0,"deletions":1}}},{"hash":"fc4060ce104ad49905e5dd1432d5028dd2f78283","messageTitle":"Add delete task functionality","messageBody":"","fileTypesAndContributionMap":{"java":{"insertions":46,"deletions":15}}},{"hash":"5590e25ef5c25fd5d6ad066b1a8e1a6c326ad77a","messageTitle":"Update test cases for testing delete","messageBody":"","fileTypesAndContributionMap":{"txt":{"insertions":4,"deletions":0}}},{"hash":"0087fd64449e8a5b1c43494763f2bc44679e2695","messageTitle":"Clean up code formatting","messageBody":"","fileTypesAndContributionMap":{"java":{"insertions":18,"deletions":10}}}]},{"date":"2022-01-23","commitResults":[{"hash":"80498879b2354e76401d9437a7d9527a51f12455","messageTitle":"Add Task serialization and inflation","messageBody":"","fileTypesAndContributionMap":{"java":{"insertions":263,"deletions":6}}},{"hash":"e30d57336d3d99c82ee38fe380e578a740e41a69","messageTitle":"Fix Stackoverflow error in TaskType","messageBody":"","fileTypesAndContributionMap":{"java":{"insertions":1,"deletions":1}}},{"hash":"c82f3bb220b057213b83add80041a7f3346a225e","messageTitle":"Add saving and loading of Task list","messageBody":"","fileTypesAndContributionMap":{"java":{"insertions":22,"deletions":1}}},{"hash":"1ff9e68757d00f774ce28d024fbe818951ca7f0d","messageTitle":"Refactor Task saving to Observer pattern","messageBody":"","fileTypesAndContributionMap":{"java":{"insertions":35,"deletions":21}}},{"hash":"01b8a16d47e2e0d697b40fe38f865afde8cbfb3e","messageTitle":"Fix leaking file streams in serializers","messageBody":"","fileTypesAndContributionMap":{"java":{"insertions":12,"deletions":32}}},{"hash":"f29d46e552c2e477d6126b3776dff0dbd454f386","messageTitle":"Add final modifier to TaskType private variables","messageBody":"","fileTypesAndContributionMap":{"java":{"insertions":2,"deletions":2}}},{"hash":"dedc1e6cfbde00526ee720519e8f88576c27a13e","messageTitle":"Add parsing of date object for dated Tasks","messageBody":"","fileTypesAndContributionMap":{"java":{"insertions":24,"deletions":8}}},{"hash":"bf089f75b5ed557d266123ed303dadd6edf10809","messageTitle":"Beautify date printing format","messageBody":"","fileTypesAndContributionMap":{"java":{"insertions":6,"deletions":2}}},{"hash":"7a70dc62c3adb813d8002c45ffcd915716d793dd","messageTitle":"Add upcoming and schedule commands","messageBody":"","fileTypesAndContributionMap":{"java":{"insertions":75,"deletions":4}}},{"hash":"fd2e577c18abb25ddb7adfcac8d08047e474d93a","messageTitle":"Add between command","messageBody":"","fileTypesAndContributionMap":{"java":{"insertions":21,"deletions":0}}}]},{"date":"2022-01-24","commitResults":[{"hash":"7abda7011895f4a5206871876eb2b54b3f0fc5bc","messageTitle":"Refactor TaskStore to TaskList","messageBody":"","fileTypesAndContributionMap":{"java":{"insertions":25,"deletions":25}}},{"hash":"ff95ed71cfd05f0239880d6103463f50ea0488ff","messageTitle":"Separate Serializer from file system logic","messageBody":"","fileTypesAndContributionMap":{"java":{"insertions":87,"deletions":55}}},{"hash":"03afaef0bebdedbda667feaf5d6b305e2b27c093","messageTitle":"Refactor TaskStoreSerializer to TaskListSerializer","messageBody":"","fileTypesAndContributionMap":{"java":{"insertions":3,"deletions":3}}},{"hash":"8a43906abb8a0a94c5ed4dad1a7639928bc691e0","messageTitle":"Extract command parsing logic to separate class","messageBody":"Extract command parsing to separate class\n\nCommand processing is all performed in the Duke class.\nThis results in a very long file, with no clear separation of\nresponsibilities. It also makes the file messy with UI and parsing\nlogic.\n\nLet\u0027s\n- Extract command parsing to the Parser class\n- Hide command processing logic from the Duke class\n","fileTypesAndContributionMap":{"java":{"insertions":246,"deletions":241}}},{"hash":"7f741ad3fbc8069e85e1319cbdb4aef240f11fbe","messageTitle":"Refactor UI related functions to a separate class","messageBody":"See commit 8a43906 for reasoning.\n","fileTypesAndContributionMap":{"java":{"insertions":64,"deletions":39}}},{"hash":"546cb3bf92d7df9e53fb600913e20e05a2aa26ef","messageTitle":"Add error message for IO exceptions","messageBody":"","fileTypesAndContributionMap":{"java":{"insertions":3,"deletions":0}}},{"hash":"e793c0acd0b75c0e5f14e820194f19607cab1d43","messageTitle":"Extract commands to individual classes","messageBody":"Extract commands to multiple classes\n\nAll command processing logic reside in Parser class. This results in a\nlong file with many independent methods that can make it difficult to\nsearch for specific processing logic.\n\nThis commit changes this by\n- Extracting command processing logic to logical groups, each\n  encapsulated within a class.\n- Creating a hierarchy of Command classes following the strategy\n  pattern.\n- Changing Parser to follow the factory design pattern.\n","fileTypesAndContributionMap":{"java":{"insertions":282,"deletions":195}}},{"hash":"4d62c09c1241de91a37c8d311ce9edf8bccde579","messageTitle":"Update test script and test cases","messageBody":"","fileTypesAndContributionMap":{"txt":{"insertions":2,"deletions":2},"bat":{"insertions":5,"deletions":0}}},{"hash":"5ba8d1e9e4794747774ecb7f81c45add8b06bb8b","messageTitle":"Remove unnecessary imports","messageBody":"","fileTypesAndContributionMap":{"java":{"insertions":3,"deletions":13}}},{"hash":"e3b1882e5df45da554b5b98f42bbb4415b4f66a2","messageTitle":"Refactor classes into packages","messageBody":"","fileTypesAndContributionMap":{"java":{"insertions":135,"deletions":3}}},{"hash":"77b9eb89dccc34d4122a6441ce1fcc2e0214d7be","messageTitle":"Refactor command package structure","messageBody":"","fileTypesAndContributionMap":{"java":{"insertions":39,"deletions":30}}},{"hash":"b4b6ef5d043859f7545417ba6ab2b718de0e9d93","messageTitle":"Tighten access modifiers across packages","messageBody":"","fileTypesAndContributionMap":{"java":{"insertions":32,"deletions":50}}},{"hash":"1ac9302cbd63c100a45fa4e062ee4f3dcf9fceb7","messageTitle":"Refactor entry point Duke into object","messageBody":"","fileTypesAndContributionMap":{"java":{"insertions":24,"deletions":16}}},{"hash":"dc87c7e611040f9b4497edd6092de40b93dc76c7","messageTitle":"Change Task modification to package only","messageBody":"","fileTypesAndContributionMap":{"java":{"insertions":16,"deletions":14}}},{"hash":"a7906bcaad529b485f02340f54112da54c7bad2c","messageTitle":"Update test script for packages","messageBody":"","fileTypesAndContributionMap":{"bat":{"insertions":2,"deletions":2}}}]}]},"authorFileTypeContributionMap":{"sharpstorm":{"java":1008,"md":0,"fxml":0,"sh":0,"bat":8,"gradle":0,"txt":30}},"authorContributionVariance":{"sharpstorm":232245.5},"authorDisplayNameMap":{"sharpstorm":"HO Z.. HAN"}}
