{"authorDailyContributionsMap":{"hieunm1821":[{"date":"2022-01-16","commitResults":[{"hash":"2dac3903594f7d2e400e27886f8599589deb0fcb","messageTitle":"Add Greet, echo, exit","messageBody":"","tags":["Level-1"],"fileTypesAndContributionMap":{"java":{"insertions":23,"deletions":6}}},{"hash":"f0b1542205b41dc67ed91b46f9b0010b9546933b","messageTitle":"Adding function, listing function","messageBody":"","tags":["Level-2"],"fileTypesAndContributionMap":{"java":{"insertions":13,"deletions":1}}}]},{"date":"2022-01-17","commitResults":[{"hash":"e37d58b5b294345a15faeacbec1f9abf6887cdce","messageTitle":"Add Task class, mark as Done function","messageBody":"","tags":["Level-3"],"fileTypesAndContributionMap":{"java":{"insertions":48,"deletions":5}}},{"hash":"a9c6018d9fbc6915504f02ee4fc77c475c18c05f","messageTitle":"Add toString in Task, fix index when mark/unmark","messageBody":"","fileTypesAndContributionMap":{"java":{"insertions":8,"deletions":6}}},{"hash":"c86ef1e9e2cf42aa2c7ec33cd5c4ad6e954a1177","messageTitle":"ToDos, Events, Deadlines","messageBody":"","tags":["Level-4"],"fileTypesAndContributionMap":{"java":{"insertions":54,"deletions":4}}},{"hash":"acdfa4c8aed001945a13998c54733e51cb06669c","messageTitle":"Fix bug when print Todo","messageBody":"","fileTypesAndContributionMap":{"java":{"insertions":1,"deletions":1}}},{"hash":"01fa69b48e876702d005664487d7a9a1e13755ee","messageTitle":"Add semi-automate testing","messageBody":"","tags":["A-TextUiTesting"],"fileTypesAndContributionMap":{"txt":{"insertions":13,"deletions":0},"java":{"insertions":2,"deletions":0}}}]},{"date":"2022-01-18","commitResults":[{"hash":"6b6edaf91b4d85b13f81e354e97fa7e9cc41efe1","messageTitle":"Rewrite main into small function","messageBody":"","fileTypesAndContributionMap":{"java":{"insertions":124,"deletions":56}}},{"hash":"b50f2037f1643681c3e19d8a7e5e2df88b6d4ccb","messageTitle":"Handle errors","messageBody":"","tags":["Level-5"],"fileTypesAndContributionMap":{"java":{"insertions":93,"deletions":17}}},{"hash":"cc91f07296d9442b5f70004e669b5e48d21dd847","messageTitle":"Add delete function and use ArrayList to store Tasks","messageBody":"","tags":["Level-6"],"fileTypesAndContributionMap":{"java":{"insertions":36,"deletions":17}}}]},{"date":"2022-01-19","commitResults":[{"hash":"986d4b744f74986148a5333819b30400c555af19","messageTitle":"Change savedTask to plural form","messageBody":"","fileTypesAndContributionMap":{"java":{"insertions":18,"deletions":18}}},{"hash":"fae8392bcc24c2cb4e82f804d2f6cceb8242b1f2","messageTitle":"Delete indentation for case clauses in switch","messageBody":"","fileTypesAndContributionMap":{"java":{"insertions":46,"deletions":46}}}]},{"date":"2022-01-25","commitResults":[{"hash":"dee2aa0ce5a78f849f349ea47adfad82d197bda4","messageTitle":"Add class Storage and Parser","messageBody":"","fileTypesAndContributionMap":{"txt":{"insertions":5,"deletions":0},"java":{"insertions":160,"deletions":4}}},{"hash":"8f48b1ef8335f0a983cac24f4327d51083063d49","messageTitle":"Use LocalDate for Deadline","messageBody":"","fileTypesAndContributionMap":{"java":{"insertions":22,"deletions":6}}},{"hash":"359053908db33067e79f2891d56ece1ac8ee0e2b","messageTitle":"Add class ExceptionHandler","messageBody":"","fileTypesAndContributionMap":{"java":{"insertions":30,"deletions":0}}},{"hash":"3044c66e21baabfecf7cc339577dc9328f93b883","messageTitle":"Fix Deadline datetime error","messageBody":"","fileTypesAndContributionMap":{"txt":{"insertions":4,"deletions":2},"java":{"insertions":33,"deletions":53}}},{"hash":"3e9d089556b2bd747e40abbe2c3857e3aebd1eed","messageTitle":"More OOP","messageBody":"","tags":["A-MoreOOP"],"fileTypesAndContributionMap":{"txt":{"insertions":0,"deletions":7},"java":{"insertions":338,"deletions":228}}},{"hash":"0a7731d729ab91b5772fee06f1a7c09ba14da9b8","messageTitle":"Fix printing Mark/Unmark","messageBody":"","fileTypesAndContributionMap":{"java":{"insertions":8,"deletions":9}}},{"hash":"1aa1af21837cf7effbfe712077d1518487b8ab69","messageTitle":"Divide classes into packages","messageBody":"","tags":["A-Packages"],"fileTypesAndContributionMap":{"txt":{"insertions":1,"deletions":0},"java":{"insertions":301,"deletions":118}}},{"hash":"527e42af9d014c84c85b3c321bcc440dd20ac981","messageTitle":"Add JUnit tests","messageBody":"","tags":["A-JUnit"],"fileTypesAndContributionMap":{"java":{"insertions":47,"deletions":0}}},{"hash":"7894857fcbdc4e0fc7d124261c7759490ad55421","messageTitle":"Add JavaDoc comments","messageBody":"","fileTypesAndContributionMap":{"java":{"insertions":406,"deletions":16}}}]},{"date":"2022-01-26","commitResults":[{"hash":"43209d5f8d783ca7c0cbbd7064e1ee64b673bacd","messageTitle":"Tweak the code to comply with a coding standard","messageBody":"","fileTypesAndContributionMap":{"java":{"insertions":29,"deletions":7}}},{"hash":"9dc00f674269643de9a1450361d2767b1f4765c5","messageTitle":"Add finding function","messageBody":"","fileTypesAndContributionMap":{"java":{"insertions":64,"deletions":2}}},{"hash":"28e32732513809eb3a67227a442b1c84b9d8031d","messageTitle":"Changes in data file","messageBody":"","fileTypesAndContributionMap":{"txt":{"insertions":1,"deletions":1}}},{"hash":"15d9b815e8d6e2857462fc9476c15eb38b2dca92","messageTitle":"Add comments for new function","messageBody":"","fileTypesAndContributionMap":{"java":{"insertions":23,"deletions":2}}},{"hash":"29d7c1b35e86fddce42c81c75ca65360b934e2af","messageTitle":"Changes to non-static methods","messageBody":"","fileTypesAndContributionMap":{"java":{"insertions":17,"deletions":15}}}]}]},"authorFileTypeContributionMap":{"hieunm1821":{"java":1315,"md":0,"fxml":0,"sh":0,"bat":0,"gradle":0,"txt":14}},"authorContributionVariance":{"hieunm1821":222211.83},"authorDisplayNameMap":{"hieunm1821":"NGUY..HIEU"}}
