[{"path":"build.gradle","fileType":"gradle","lines":[{"lineNumber":1,"author":{"gitId":"Gernene"},"content":"/*","lastModifiedDate":"2022-01-31"},{"lineNumber":2,"author":{"gitId":"Gernene"},"content":" * This file was generated by the Gradle \u0027init\u0027 task.","lastModifiedDate":"2022-01-31"},{"lineNumber":3,"author":{"gitId":"Gernene"},"content":" *","lastModifiedDate":"2022-01-31"},{"lineNumber":4,"author":{"gitId":"Gernene"},"content":" * This is a general purpose Gradle build.","lastModifiedDate":"2022-01-31"},{"lineNumber":5,"author":{"gitId":"Gernene"},"content":" * Learn more about Gradle by exploring our samples at https://docs.gradle.org/7.3.3/samples","lastModifiedDate":"2022-01-31"},{"lineNumber":6,"author":{"gitId":"Gernene"},"content":" */","lastModifiedDate":"2022-01-31"},{"lineNumber":7,"author":{"gitId":"Gernene"},"content":"","lastModifiedDate":"2022-01-31"},{"lineNumber":8,"author":{"gitId":"Gernene"},"content":"plugins {","lastModifiedDate":"2022-01-31"},{"lineNumber":9,"author":{"gitId":"Gernene"},"content":"    id \u0027java\u0027","lastModifiedDate":"2022-01-31"},{"lineNumber":10,"author":{"gitId":"Gernene"},"content":"    id \u0027application\u0027","lastModifiedDate":"2022-01-31"},{"lineNumber":11,"author":{"gitId":"Gernene"},"content":"    id \u0027checkstyle\u0027","lastModifiedDate":"2022-01-31"},{"lineNumber":12,"author":{"gitId":"Gernene"},"content":"    id \u0027com.github.johnrengelman.shadow\u0027 version \u00275.1.0\u0027","lastModifiedDate":"2022-01-31"},{"lineNumber":13,"author":{"gitId":"Gernene"},"content":"}","lastModifiedDate":"2022-01-31"},{"lineNumber":14,"author":{"gitId":"Gernene"},"content":"","lastModifiedDate":"2022-01-31"},{"lineNumber":15,"author":{"gitId":"Gernene"},"content":"application {","lastModifiedDate":"2022-02-01"},{"lineNumber":16,"author":{"gitId":"Gernene"},"content":"    mainClassName \"duke.Duke\"","lastModifiedDate":"2022-02-01"},{"lineNumber":17,"author":{"gitId":"Gernene"},"content":"}","lastModifiedDate":"2022-02-01"},{"lineNumber":18,"author":{"gitId":"Gernene"},"content":"","lastModifiedDate":"2022-02-01"},{"lineNumber":19,"author":{"gitId":"Gernene"},"content":"test {","lastModifiedDate":"2022-01-31"},{"lineNumber":20,"author":{"gitId":"Gernene"},"content":"    useJUnitPlatform()","lastModifiedDate":"2022-01-31"},{"lineNumber":21,"author":{"gitId":"Gernene"},"content":"}","lastModifiedDate":"2022-01-31"},{"lineNumber":22,"author":{"gitId":"Gernene"},"content":"","lastModifiedDate":"2022-01-31"},{"lineNumber":23,"author":{"gitId":"Gernene"},"content":"dependencies {","lastModifiedDate":"2022-01-31"},{"lineNumber":24,"author":{"gitId":"Gernene"},"content":"    testImplementation group: \u0027org.junit.jupiter\u0027, name: \u0027junit-jupiter-api\u0027, version: \u00275.5.0\u0027","lastModifiedDate":"2022-01-31"},{"lineNumber":25,"author":{"gitId":"Gernene"},"content":"    testRuntimeOnly group: \u0027org.junit.jupiter\u0027, name: \u0027junit-jupiter-engine\u0027, version: \u00275.5.0\u0027","lastModifiedDate":"2022-01-31"},{"lineNumber":26,"author":{"gitId":"Gernene"},"content":"}","lastModifiedDate":"2022-01-31"},{"lineNumber":27,"author":{"gitId":"Gernene"},"content":"","lastModifiedDate":"2022-02-02"},{"lineNumber":28,"author":{"gitId":"Gernene"},"content":"repositories {","lastModifiedDate":"2022-02-02"},{"lineNumber":29,"author":{"gitId":"Gernene"},"content":"    mavenCentral()","lastModifiedDate":"2022-02-02"},{"lineNumber":30,"author":{"gitId":"Gernene"},"content":"}","lastModifiedDate":"2022-02-02"}],"authorContributionMap":{"Gernene":30}},{"path":"gradlew.bat","fileType":"bat","lines":[{"lineNumber":1,"author":{"gitId":"Gernene"},"content":"@rem","lastModifiedDate":"2022-01-31"},{"lineNumber":2,"author":{"gitId":"Gernene"},"content":"@rem Copyright 2015 the original author or authors.","lastModifiedDate":"2022-01-31"},{"lineNumber":3,"author":{"gitId":"Gernene"},"content":"@rem","lastModifiedDate":"2022-01-31"},{"lineNumber":4,"author":{"gitId":"Gernene"},"content":"@rem Licensed under the Apache License, Version 2.0 (the \"License\");","lastModifiedDate":"2022-01-31"},{"lineNumber":5,"author":{"gitId":"Gernene"},"content":"@rem you may not use this file except in compliance with the License.","lastModifiedDate":"2022-01-31"},{"lineNumber":6,"author":{"gitId":"Gernene"},"content":"@rem You may obtain a copy of the License at","lastModifiedDate":"2022-01-31"},{"lineNumber":7,"author":{"gitId":"Gernene"},"content":"@rem","lastModifiedDate":"2022-01-31"},{"lineNumber":8,"author":{"gitId":"Gernene"},"content":"@rem      https://www.apache.org/licenses/LICENSE-2.0","lastModifiedDate":"2022-01-31"},{"lineNumber":9,"author":{"gitId":"Gernene"},"content":"@rem","lastModifiedDate":"2022-01-31"},{"lineNumber":10,"author":{"gitId":"Gernene"},"content":"@rem Unless required by applicable law or agreed to in writing, software","lastModifiedDate":"2022-01-31"},{"lineNumber":11,"author":{"gitId":"Gernene"},"content":"@rem distributed under the License is distributed on an \"AS IS\" BASIS,","lastModifiedDate":"2022-01-31"},{"lineNumber":12,"author":{"gitId":"Gernene"},"content":"@rem WITHOUT WARRANTIES OR CONDITIONS OF ANY KIND, either express or implied.","lastModifiedDate":"2022-01-31"},{"lineNumber":13,"author":{"gitId":"Gernene"},"content":"@rem See the License for the specific language governing permissions and","lastModifiedDate":"2022-01-31"},{"lineNumber":14,"author":{"gitId":"Gernene"},"content":"@rem limitations under the License.","lastModifiedDate":"2022-01-31"},{"lineNumber":15,"author":{"gitId":"Gernene"},"content":"@rem","lastModifiedDate":"2022-01-31"},{"lineNumber":16,"author":{"gitId":"Gernene"},"content":"","lastModifiedDate":"2022-01-31"},{"lineNumber":17,"author":{"gitId":"Gernene"},"content":"@if \"%DEBUG%\" \u003d\u003d \"\" @echo off","lastModifiedDate":"2022-01-31"},{"lineNumber":18,"author":{"gitId":"Gernene"},"content":"@rem ##########################################################################","lastModifiedDate":"2022-01-31"},{"lineNumber":19,"author":{"gitId":"Gernene"},"content":"@rem","lastModifiedDate":"2022-01-31"},{"lineNumber":20,"author":{"gitId":"Gernene"},"content":"@rem  Gradle startup script for Windows","lastModifiedDate":"2022-01-31"},{"lineNumber":21,"author":{"gitId":"Gernene"},"content":"@rem","lastModifiedDate":"2022-01-31"},{"lineNumber":22,"author":{"gitId":"Gernene"},"content":"@rem ##########################################################################","lastModifiedDate":"2022-01-31"},{"lineNumber":23,"author":{"gitId":"Gernene"},"content":"","lastModifiedDate":"2022-01-31"},{"lineNumber":24,"author":{"gitId":"Gernene"},"content":"@rem Set local scope for the variables with windows NT shell","lastModifiedDate":"2022-01-31"},{"lineNumber":25,"author":{"gitId":"Gernene"},"content":"if \"%OS%\"\u003d\u003d\"Windows_NT\" setlocal","lastModifiedDate":"2022-01-31"},{"lineNumber":26,"author":{"gitId":"Gernene"},"content":"","lastModifiedDate":"2022-01-31"},{"lineNumber":27,"author":{"gitId":"Gernene"},"content":"set DIRNAME\u003d%~dp0","lastModifiedDate":"2022-01-31"},{"lineNumber":28,"author":{"gitId":"Gernene"},"content":"if \"%DIRNAME%\" \u003d\u003d \"\" set DIRNAME\u003d.","lastModifiedDate":"2022-01-31"},{"lineNumber":29,"author":{"gitId":"Gernene"},"content":"set APP_BASE_NAME\u003d%~n0","lastModifiedDate":"2022-01-31"},{"lineNumber":30,"author":{"gitId":"Gernene"},"content":"set APP_HOME\u003d%DIRNAME%","lastModifiedDate":"2022-01-31"},{"lineNumber":31,"author":{"gitId":"Gernene"},"content":"","lastModifiedDate":"2022-01-31"},{"lineNumber":32,"author":{"gitId":"Gernene"},"content":"@rem Resolve any \".\" and \"..\" in APP_HOME to make it shorter.","lastModifiedDate":"2022-01-31"},{"lineNumber":33,"author":{"gitId":"Gernene"},"content":"for %%i in (\"%APP_HOME%\") do set APP_HOME\u003d%%~fi","lastModifiedDate":"2022-01-31"},{"lineNumber":34,"author":{"gitId":"Gernene"},"content":"","lastModifiedDate":"2022-01-31"},{"lineNumber":35,"author":{"gitId":"Gernene"},"content":"@rem Add default JVM options here. You can also use JAVA_OPTS and GRADLE_OPTS to pass JVM options to this script.","lastModifiedDate":"2022-01-31"},{"lineNumber":36,"author":{"gitId":"Gernene"},"content":"set DEFAULT_JVM_OPTS\u003d\"-Xmx64m\" \"-Xms64m\"","lastModifiedDate":"2022-01-31"},{"lineNumber":37,"author":{"gitId":"Gernene"},"content":"","lastModifiedDate":"2022-01-31"},{"lineNumber":38,"author":{"gitId":"Gernene"},"content":"@rem Find java.exe","lastModifiedDate":"2022-01-31"},{"lineNumber":39,"author":{"gitId":"Gernene"},"content":"if defined JAVA_HOME goto findJavaFromJavaHome","lastModifiedDate":"2022-01-31"},{"lineNumber":40,"author":{"gitId":"Gernene"},"content":"","lastModifiedDate":"2022-01-31"},{"lineNumber":41,"author":{"gitId":"Gernene"},"content":"set JAVA_EXE\u003djava.exe","lastModifiedDate":"2022-01-31"},{"lineNumber":42,"author":{"gitId":"Gernene"},"content":"%JAVA_EXE% -version \u003eNUL 2\u003e\u00261","lastModifiedDate":"2022-01-31"},{"lineNumber":43,"author":{"gitId":"Gernene"},"content":"if \"%ERRORLEVEL%\" \u003d\u003d \"0\" goto execute","lastModifiedDate":"2022-01-31"},{"lineNumber":44,"author":{"gitId":"Gernene"},"content":"","lastModifiedDate":"2022-01-31"},{"lineNumber":45,"author":{"gitId":"Gernene"},"content":"echo.","lastModifiedDate":"2022-01-31"},{"lineNumber":46,"author":{"gitId":"Gernene"},"content":"echo ERROR: JAVA_HOME is not set and no \u0027java\u0027 command could be found in your PATH.","lastModifiedDate":"2022-01-31"},{"lineNumber":47,"author":{"gitId":"Gernene"},"content":"echo.","lastModifiedDate":"2022-01-31"},{"lineNumber":48,"author":{"gitId":"Gernene"},"content":"echo Please set the JAVA_HOME variable in your environment to match the","lastModifiedDate":"2022-01-31"},{"lineNumber":49,"author":{"gitId":"Gernene"},"content":"echo location of your Java installation.","lastModifiedDate":"2022-01-31"},{"lineNumber":50,"author":{"gitId":"Gernene"},"content":"","lastModifiedDate":"2022-01-31"},{"lineNumber":51,"author":{"gitId":"Gernene"},"content":"goto fail","lastModifiedDate":"2022-01-31"},{"lineNumber":52,"author":{"gitId":"Gernene"},"content":"","lastModifiedDate":"2022-01-31"},{"lineNumber":53,"author":{"gitId":"Gernene"},"content":":findJavaFromJavaHome","lastModifiedDate":"2022-01-31"},{"lineNumber":54,"author":{"gitId":"Gernene"},"content":"set JAVA_HOME\u003d%JAVA_HOME:\"\u003d%","lastModifiedDate":"2022-01-31"},{"lineNumber":55,"author":{"gitId":"Gernene"},"content":"set JAVA_EXE\u003d%JAVA_HOME%/bin/java.exe","lastModifiedDate":"2022-01-31"},{"lineNumber":56,"author":{"gitId":"Gernene"},"content":"","lastModifiedDate":"2022-01-31"},{"lineNumber":57,"author":{"gitId":"Gernene"},"content":"if exist \"%JAVA_EXE%\" goto execute","lastModifiedDate":"2022-01-31"},{"lineNumber":58,"author":{"gitId":"Gernene"},"content":"","lastModifiedDate":"2022-01-31"},{"lineNumber":59,"author":{"gitId":"Gernene"},"content":"echo.","lastModifiedDate":"2022-01-31"},{"lineNumber":60,"author":{"gitId":"Gernene"},"content":"echo ERROR: JAVA_HOME is set to an invalid directory: %JAVA_HOME%","lastModifiedDate":"2022-01-31"},{"lineNumber":61,"author":{"gitId":"Gernene"},"content":"echo.","lastModifiedDate":"2022-01-31"},{"lineNumber":62,"author":{"gitId":"Gernene"},"content":"echo Please set the JAVA_HOME variable in your environment to match the","lastModifiedDate":"2022-01-31"},{"lineNumber":63,"author":{"gitId":"Gernene"},"content":"echo location of your Java installation.","lastModifiedDate":"2022-01-31"},{"lineNumber":64,"author":{"gitId":"Gernene"},"content":"","lastModifiedDate":"2022-01-31"},{"lineNumber":65,"author":{"gitId":"Gernene"},"content":"goto fail","lastModifiedDate":"2022-01-31"},{"lineNumber":66,"author":{"gitId":"Gernene"},"content":"","lastModifiedDate":"2022-01-31"},{"lineNumber":67,"author":{"gitId":"Gernene"},"content":":execute","lastModifiedDate":"2022-01-31"},{"lineNumber":68,"author":{"gitId":"Gernene"},"content":"@rem Setup the command line","lastModifiedDate":"2022-01-31"},{"lineNumber":69,"author":{"gitId":"Gernene"},"content":"","lastModifiedDate":"2022-01-31"},{"lineNumber":70,"author":{"gitId":"Gernene"},"content":"set CLASSPATH\u003d%APP_HOME%\\gradle\\wrapper\\gradle-wrapper.jar","lastModifiedDate":"2022-01-31"},{"lineNumber":71,"author":{"gitId":"Gernene"},"content":"","lastModifiedDate":"2022-01-31"},{"lineNumber":72,"author":{"gitId":"Gernene"},"content":"","lastModifiedDate":"2022-01-31"},{"lineNumber":73,"author":{"gitId":"Gernene"},"content":"@rem Execute Gradle","lastModifiedDate":"2022-01-31"},{"lineNumber":74,"author":{"gitId":"Gernene"},"content":"\"%JAVA_EXE%\" %DEFAULT_JVM_OPTS% %JAVA_OPTS% %GRADLE_OPTS% \"-Dorg.gradle.appname\u003d%APP_BASE_NAME%\" -classpath \"%CLASSPATH%\" org.gradle.wrapper.GradleWrapperMain %*","lastModifiedDate":"2022-01-31"},{"lineNumber":75,"author":{"gitId":"Gernene"},"content":"","lastModifiedDate":"2022-01-31"},{"lineNumber":76,"author":{"gitId":"Gernene"},"content":":end","lastModifiedDate":"2022-01-31"},{"lineNumber":77,"author":{"gitId":"Gernene"},"content":"@rem End local scope for the variables with windows NT shell","lastModifiedDate":"2022-01-31"},{"lineNumber":78,"author":{"gitId":"Gernene"},"content":"if \"%ERRORLEVEL%\"\u003d\u003d\"0\" goto mainEnd","lastModifiedDate":"2022-01-31"},{"lineNumber":79,"author":{"gitId":"Gernene"},"content":"","lastModifiedDate":"2022-01-31"},{"lineNumber":80,"author":{"gitId":"Gernene"},"content":":fail","lastModifiedDate":"2022-01-31"},{"lineNumber":81,"author":{"gitId":"Gernene"},"content":"rem Set variable GRADLE_EXIT_CONSOLE if you need the _script_ return code instead of","lastModifiedDate":"2022-01-31"},{"lineNumber":82,"author":{"gitId":"Gernene"},"content":"rem the _cmd.exe /c_ return code!","lastModifiedDate":"2022-01-31"},{"lineNumber":83,"author":{"gitId":"Gernene"},"content":"if  not \"\" \u003d\u003d \"%GRADLE_EXIT_CONSOLE%\" exit 1","lastModifiedDate":"2022-01-31"},{"lineNumber":84,"author":{"gitId":"Gernene"},"content":"exit /b 1","lastModifiedDate":"2022-01-31"},{"lineNumber":85,"author":{"gitId":"Gernene"},"content":"","lastModifiedDate":"2022-01-31"},{"lineNumber":86,"author":{"gitId":"Gernene"},"content":":mainEnd","lastModifiedDate":"2022-01-31"},{"lineNumber":87,"author":{"gitId":"Gernene"},"content":"if \"%OS%\"\u003d\u003d\"Windows_NT\" endlocal","lastModifiedDate":"2022-01-31"},{"lineNumber":88,"author":{"gitId":"Gernene"},"content":"","lastModifiedDate":"2022-01-31"},{"lineNumber":89,"author":{"gitId":"Gernene"},"content":":omega","lastModifiedDate":"2022-01-31"}],"authorContributionMap":{"Gernene":89}},{"path":"settings.gradle","fileType":"gradle","lines":[{"lineNumber":1,"author":{"gitId":"Gernene"},"content":"/*","lastModifiedDate":"2022-01-31"},{"lineNumber":2,"author":{"gitId":"Gernene"},"content":" * This file was generated by the Gradle \u0027init\u0027 task.","lastModifiedDate":"2022-01-31"},{"lineNumber":3,"author":{"gitId":"Gernene"},"content":" *","lastModifiedDate":"2022-01-31"},{"lineNumber":4,"author":{"gitId":"Gernene"},"content":" * The settings file is used to specify which projects to include in your build.","lastModifiedDate":"2022-01-31"},{"lineNumber":5,"author":{"gitId":"Gernene"},"content":" *","lastModifiedDate":"2022-01-31"},{"lineNumber":6,"author":{"gitId":"Gernene"},"content":" * Detailed information about configuring a multi-project build in Gradle can be found","lastModifiedDate":"2022-01-31"},{"lineNumber":7,"author":{"gitId":"Gernene"},"content":" * in the user manual at https://docs.gradle.org/7.3.3/userguide/multi_project_builds.html","lastModifiedDate":"2022-01-31"},{"lineNumber":8,"author":{"gitId":"Gernene"},"content":" */","lastModifiedDate":"2022-01-31"},{"lineNumber":9,"author":{"gitId":"Gernene"},"content":"","lastModifiedDate":"2022-01-31"},{"lineNumber":10,"author":{"gitId":"Gernene"},"content":"rootProject.name \u003d \u0027ip\u0027","lastModifiedDate":"2022-01-31"}],"authorContributionMap":{"Gernene":10}},{"path":"src/main/java/data/duke.txt","fileType":"txt","lines":[{"lineNumber":1,"author":{"gitId":"Gernene"},"content":"T,true,read book","lastModifiedDate":"2022-01-29"},{"lineNumber":2,"author":{"gitId":"Gernene"},"content":"D,false,return book,2022-06-06","lastModifiedDate":"2022-01-29"},{"lineNumber":3,"author":{"gitId":"Gernene"},"content":"E,true,project meeting,2022-08-06","lastModifiedDate":"2022-01-29"},{"lineNumber":4,"author":{"gitId":"Gernene"},"content":"T,false,join sports club","lastModifiedDate":"2022-01-29"}],"authorContributionMap":{"Gernene":4}},{"path":"src/main/java/duke/Duke.java","fileType":"java","lines":[{"lineNumber":1,"author":{"gitId":"Gernene"},"content":"package duke;","lastModifiedDate":"2022-01-30"},{"lineNumber":2,"author":{"gitId":"Gernene"},"content":"","lastModifiedDate":"2022-01-30"},{"lineNumber":3,"author":{"gitId":"Gernene"},"content":"import duke.DukeException;","lastModifiedDate":"2022-01-31"},{"lineNumber":4,"author":{"gitId":"Gernene"},"content":"import duke.Storage;","lastModifiedDate":"2022-01-31"},{"lineNumber":5,"author":{"gitId":"Gernene"},"content":"import duke.TaskList;","lastModifiedDate":"2022-01-31"},{"lineNumber":6,"author":{"gitId":"Gernene"},"content":"import duke.Ui;","lastModifiedDate":"2022-01-31"},{"lineNumber":7,"author":{"gitId":"Gernene"},"content":"import duke.command.Command;","lastModifiedDate":"2022-01-31"},{"lineNumber":8,"author":{"gitId":"Gernene"},"content":"import java.lang.Boolean;","lastModifiedDate":"2022-01-28"},{"lineNumber":9,"author":{"gitId":"Gernene"},"content":"import java.io.File;","lastModifiedDate":"2022-01-28"},{"lineNumber":10,"author":{"gitId":"Gernene"},"content":"import java.io.FileNotFoundException;","lastModifiedDate":"2022-01-28"},{"lineNumber":11,"author":{"gitId":"Gernene"},"content":"import java.time.LocalDate;","lastModifiedDate":"2022-01-29"},{"lineNumber":12,"author":{"gitId":"Gernene"},"content":"import java.util.Scanner;","lastModifiedDate":"2022-01-21"},{"lineNumber":13,"author":{"gitId":"Gernene"},"content":"","lastModifiedDate":"2022-01-21"},{"lineNumber":14,"author":{"gitId":"-"},"content":"public class Duke {","lastModifiedDate":"2019-07-29"},{"lineNumber":15,"author":{"gitId":"Gernene"},"content":"    ","lastModifiedDate":"2022-01-21"},{"lineNumber":16,"author":{"gitId":"Gernene"},"content":"    private Storage storage;","lastModifiedDate":"2022-01-30"},{"lineNumber":17,"author":{"gitId":"Gernene"},"content":"    private TaskList tasks;","lastModifiedDate":"2022-01-30"},{"lineNumber":18,"author":{"gitId":"Gernene"},"content":"    private Ui ui;","lastModifiedDate":"2022-01-30"},{"lineNumber":19,"author":{"gitId":"Gernene"},"content":"","lastModifiedDate":"2022-01-21"},{"lineNumber":20,"author":{"gitId":"Gernene"},"content":"    public Duke(String filePath) {","lastModifiedDate":"2022-01-30"},{"lineNumber":21,"author":{"gitId":"Gernene"},"content":"        ui \u003d new Ui();","lastModifiedDate":"2022-01-30"},{"lineNumber":22,"author":{"gitId":"Gernene"},"content":"        storage \u003d new Storage(filePath);","lastModifiedDate":"2022-01-30"},{"lineNumber":23,"author":{"gitId":"Gernene"},"content":"        try {","lastModifiedDate":"2022-01-30"},{"lineNumber":24,"author":{"gitId":"Gernene"},"content":"            tasks \u003d new TaskList(storage.load());","lastModifiedDate":"2022-01-30"},{"lineNumber":25,"author":{"gitId":"Gernene"},"content":"        } catch (DukeException e) {","lastModifiedDate":"2022-01-30"},{"lineNumber":26,"author":{"gitId":"Gernene"},"content":"            ui.showLoadingError();","lastModifiedDate":"2022-01-30"},{"lineNumber":27,"author":{"gitId":"Gernene"},"content":"            tasks \u003d new TaskList();","lastModifiedDate":"2022-01-30"},{"lineNumber":28,"author":{"gitId":"Gernene"},"content":"        }","lastModifiedDate":"2022-01-21"},{"lineNumber":29,"author":{"gitId":"-"},"content":"    }","lastModifiedDate":"2019-07-29"},{"lineNumber":30,"author":{"gitId":"Gernene"},"content":"","lastModifiedDate":"2022-01-28"},{"lineNumber":31,"author":{"gitId":"Gernene"},"content":"    public void run() {","lastModifiedDate":"2022-01-30"},{"lineNumber":32,"author":{"gitId":"Gernene"},"content":"        ui.showWelcome();","lastModifiedDate":"2022-01-30"},{"lineNumber":33,"author":{"gitId":"Gernene"},"content":"        boolean isExit \u003d false;","lastModifiedDate":"2022-01-30"},{"lineNumber":34,"author":{"gitId":"Gernene"},"content":"        while (!isExit) {","lastModifiedDate":"2022-01-30"},{"lineNumber":35,"author":{"gitId":"Gernene"},"content":"            try {","lastModifiedDate":"2022-01-28"},{"lineNumber":36,"author":{"gitId":"Gernene"},"content":"                String fullCommand \u003d ui.readCommand();","lastModifiedDate":"2022-01-30"},{"lineNumber":37,"author":{"gitId":"Gernene"},"content":"                ui.showLine(); // show the divider line (\"_______\")","lastModifiedDate":"2022-01-30"},{"lineNumber":38,"author":{"gitId":"Gernene"},"content":"                Command c \u003d Parser.parse(fullCommand);","lastModifiedDate":"2022-01-30"},{"lineNumber":39,"author":{"gitId":"Gernene"},"content":"                c.execute(tasks, ui, storage);","lastModifiedDate":"2022-01-30"},{"lineNumber":40,"author":{"gitId":"Gernene"},"content":"                isExit \u003d c.isExit();","lastModifiedDate":"2022-01-30"},{"lineNumber":41,"author":{"gitId":"Gernene"},"content":"            } catch (DukeException e) {","lastModifiedDate":"2022-01-30"},{"lineNumber":42,"author":{"gitId":"Gernene"},"content":"                ui.showError(e.getMessage());","lastModifiedDate":"2022-01-30"},{"lineNumber":43,"author":{"gitId":"Gernene"},"content":"            } finally {","lastModifiedDate":"2022-01-30"},{"lineNumber":44,"author":{"gitId":"Gernene"},"content":"                ui.showLine();","lastModifiedDate":"2022-01-30"},{"lineNumber":45,"author":{"gitId":"Gernene"},"content":"            }","lastModifiedDate":"2022-01-28"},{"lineNumber":46,"author":{"gitId":"Gernene"},"content":"        }","lastModifiedDate":"2022-01-28"},{"lineNumber":47,"author":{"gitId":"Gernene"},"content":"    }","lastModifiedDate":"2022-01-28"},{"lineNumber":48,"author":{"gitId":"Gernene"},"content":"","lastModifiedDate":"2022-01-30"},{"lineNumber":49,"author":{"gitId":"Gernene"},"content":"    public static void main(String[] args) {","lastModifiedDate":"2022-01-30"},{"lineNumber":50,"author":{"gitId":"Gernene"},"content":"        new Duke(\"data/tasks.txt\").run();","lastModifiedDate":"2022-01-30"},{"lineNumber":51,"author":{"gitId":"Gernene"},"content":"    }","lastModifiedDate":"2022-01-28"},{"lineNumber":52,"author":{"gitId":"Gernene"},"content":"","lastModifiedDate":"2022-01-28"},{"lineNumber":53,"author":{"gitId":"-"},"content":"}","lastModifiedDate":"2019-07-29"}],"authorContributionMap":{"Gernene":50,"-":3}},{"path":"src/main/java/duke/DukeException.java","fileType":"java","lines":[{"lineNumber":1,"author":{"gitId":"Gernene"},"content":"package duke;","lastModifiedDate":"2022-01-30"},{"lineNumber":2,"author":{"gitId":"Gernene"},"content":"","lastModifiedDate":"2022-01-30"},{"lineNumber":3,"author":{"gitId":"Gernene"},"content":"public class DukeException extends Exception {","lastModifiedDate":"2022-01-23"},{"lineNumber":4,"author":{"gitId":"Gernene"},"content":"","lastModifiedDate":"2022-01-23"},{"lineNumber":5,"author":{"gitId":"Gernene"},"content":"  public DukeException(String message) {","lastModifiedDate":"2022-01-23"},{"lineNumber":6,"author":{"gitId":"Gernene"},"content":"    super(message);","lastModifiedDate":"2022-01-23"},{"lineNumber":7,"author":{"gitId":"Gernene"},"content":"  }","lastModifiedDate":"2022-01-23"},{"lineNumber":8,"author":{"gitId":"Gernene"},"content":"  ","lastModifiedDate":"2022-01-23"},{"lineNumber":9,"author":{"gitId":"Gernene"},"content":"}","lastModifiedDate":"2022-01-23"}],"authorContributionMap":{"Gernene":9}},{"path":"src/main/java/duke/Parser.java","fileType":"java","lines":[{"lineNumber":1,"author":{"gitId":"Gernene"},"content":"package duke;","lastModifiedDate":"2022-01-30"},{"lineNumber":2,"author":{"gitId":"Gernene"},"content":"","lastModifiedDate":"2022-01-30"},{"lineNumber":3,"author":{"gitId":"Gernene"},"content":"import duke.DukeException;","lastModifiedDate":"2022-01-31"},{"lineNumber":4,"author":{"gitId":"Gernene"},"content":"import duke.Storage;","lastModifiedDate":"2022-01-31"},{"lineNumber":5,"author":{"gitId":"Gernene"},"content":"import duke.TaskList;","lastModifiedDate":"2022-01-31"},{"lineNumber":6,"author":{"gitId":"Gernene"},"content":"import duke.Ui;","lastModifiedDate":"2022-01-31"},{"lineNumber":7,"author":{"gitId":"Gernene"},"content":"import duke.command.Command;","lastModifiedDate":"2022-01-31"},{"lineNumber":8,"author":{"gitId":"Gernene"},"content":"import duke.command.AddCommand;","lastModifiedDate":"2022-01-31"},{"lineNumber":9,"author":{"gitId":"Gernene"},"content":"import duke.command.DeleteCommand;","lastModifiedDate":"2022-01-31"},{"lineNumber":10,"author":{"gitId":"Gernene"},"content":"import duke.command.ExitCommand;","lastModifiedDate":"2022-01-31"},{"lineNumber":11,"author":{"gitId":"Gernene"},"content":"import duke.command.ListCommand;","lastModifiedDate":"2022-01-31"},{"lineNumber":12,"author":{"gitId":"Gernene"},"content":"import duke.command.MarkCommand;","lastModifiedDate":"2022-01-31"},{"lineNumber":13,"author":{"gitId":"Gernene"},"content":"import duke.command.UnmarkCommand;","lastModifiedDate":"2022-01-31"},{"lineNumber":14,"author":{"gitId":"Gernene"},"content":"import duke.task.Task;","lastModifiedDate":"2022-01-31"},{"lineNumber":15,"author":{"gitId":"Gernene"},"content":"import duke.task.Deadline;","lastModifiedDate":"2022-01-31"},{"lineNumber":16,"author":{"gitId":"Gernene"},"content":"import duke.task.Event;","lastModifiedDate":"2022-01-31"},{"lineNumber":17,"author":{"gitId":"Gernene"},"content":"import duke.task.Todo;","lastModifiedDate":"2022-01-31"},{"lineNumber":18,"author":{"gitId":"Gernene"},"content":"import java.time.LocalDate;","lastModifiedDate":"2022-01-31"},{"lineNumber":19,"author":{"gitId":"Gernene"},"content":"","lastModifiedDate":"2022-01-31"},{"lineNumber":20,"author":{"gitId":"Gernene"},"content":"public class Parser {","lastModifiedDate":"2022-01-30"},{"lineNumber":21,"author":{"gitId":"Gernene"},"content":"","lastModifiedDate":"2022-01-30"},{"lineNumber":22,"author":{"gitId":"Gernene"},"content":"  public Parser() {","lastModifiedDate":"2022-01-30"},{"lineNumber":23,"author":{"gitId":"Gernene"},"content":"","lastModifiedDate":"2022-01-30"},{"lineNumber":24,"author":{"gitId":"Gernene"},"content":"  }","lastModifiedDate":"2022-01-30"},{"lineNumber":25,"author":{"gitId":"Gernene"},"content":"","lastModifiedDate":"2022-01-30"},{"lineNumber":26,"author":{"gitId":"Gernene"},"content":"  public static Command parse(String fullCommand) throws DukeException {","lastModifiedDate":"2022-02-01"},{"lineNumber":27,"author":{"gitId":"Gernene"},"content":"      String[] fullCommandArray \u003d fullCommand.split(\" \");","lastModifiedDate":"2022-01-31"},{"lineNumber":28,"author":{"gitId":"Gernene"},"content":"      String command \u003d fullCommandArray[0];","lastModifiedDate":"2022-01-30"},{"lineNumber":29,"author":{"gitId":"Gernene"},"content":"      if (command.equals(\"deadline\")) {","lastModifiedDate":"2022-01-30"},{"lineNumber":30,"author":{"gitId":"Gernene"},"content":"          String dataString \u003d fullCommand.replaceFirst(\"deadline \", \"\");","lastModifiedDate":"2022-01-30"},{"lineNumber":31,"author":{"gitId":"Gernene"},"content":"          String[] data \u003d dataString.split(\"/by \");","lastModifiedDate":"2022-01-30"},{"lineNumber":32,"author":{"gitId":"Gernene"},"content":"          Task task \u003d new Deadline(data[0], LocalDate.parse(data[1]));","lastModifiedDate":"2022-01-30"},{"lineNumber":33,"author":{"gitId":"Gernene"},"content":"          return new AddCommand(task);","lastModifiedDate":"2022-01-30"},{"lineNumber":34,"author":{"gitId":"Gernene"},"content":"      }","lastModifiedDate":"2022-01-30"},{"lineNumber":35,"author":{"gitId":"Gernene"},"content":"      else if (command.equals(\"event\")) {","lastModifiedDate":"2022-01-30"},{"lineNumber":36,"author":{"gitId":"Gernene"},"content":"          String dataString \u003d fullCommand.replaceFirst(\"event \", \"\");","lastModifiedDate":"2022-01-30"},{"lineNumber":37,"author":{"gitId":"Gernene"},"content":"          String[] data \u003d dataString.split(\"/at \");","lastModifiedDate":"2022-01-30"},{"lineNumber":38,"author":{"gitId":"Gernene"},"content":"          Task task \u003d new Event(data[0], LocalDate.parse(data[1]));","lastModifiedDate":"2022-01-30"},{"lineNumber":39,"author":{"gitId":"Gernene"},"content":"          return new AddCommand(task);","lastModifiedDate":"2022-01-30"},{"lineNumber":40,"author":{"gitId":"Gernene"},"content":"      }","lastModifiedDate":"2022-01-30"},{"lineNumber":41,"author":{"gitId":"Gernene"},"content":"      else if (command.equals(\"todo\")) {","lastModifiedDate":"2022-01-30"},{"lineNumber":42,"author":{"gitId":"Gernene"},"content":"          if (fullCommandArray.length \u003c 2) throw new DukeException(\"Todo needs a description\");","lastModifiedDate":"2022-01-30"},{"lineNumber":43,"author":{"gitId":"Gernene"},"content":"          String dataString \u003d fullCommand.replaceFirst(\"todo \", \"\");","lastModifiedDate":"2022-01-30"},{"lineNumber":44,"author":{"gitId":"Gernene"},"content":"          Task task \u003d new Todo(dataString);","lastModifiedDate":"2022-01-30"},{"lineNumber":45,"author":{"gitId":"Gernene"},"content":"          return new AddCommand(task);","lastModifiedDate":"2022-01-30"},{"lineNumber":46,"author":{"gitId":"Gernene"},"content":"      }","lastModifiedDate":"2022-01-30"},{"lineNumber":47,"author":{"gitId":"Gernene"},"content":"      else if (command.equals(\"list\")) {","lastModifiedDate":"2022-01-30"},{"lineNumber":48,"author":{"gitId":"Gernene"},"content":"          return new ListCommand();","lastModifiedDate":"2022-01-30"},{"lineNumber":49,"author":{"gitId":"Gernene"},"content":"      }","lastModifiedDate":"2022-01-30"},{"lineNumber":50,"author":{"gitId":"Gernene"},"content":"      else if (command.equals(\"delete\")) {","lastModifiedDate":"2022-01-30"},{"lineNumber":51,"author":{"gitId":"Gernene"},"content":"          String dataString \u003d fullCommand.replaceFirst(\"delete \", \"\");","lastModifiedDate":"2022-01-30"},{"lineNumber":52,"author":{"gitId":"Gernene"},"content":"          int taskNumber \u003d Integer.parseInt(dataString);","lastModifiedDate":"2022-01-31"},{"lineNumber":53,"author":{"gitId":"Gernene"},"content":"          return new DeleteCommand(taskNumber);","lastModifiedDate":"2022-01-30"},{"lineNumber":54,"author":{"gitId":"Gernene"},"content":"      }","lastModifiedDate":"2022-01-30"},{"lineNumber":55,"author":{"gitId":"Gernene"},"content":"      else if (command.equals(\"mark\")) {","lastModifiedDate":"2022-01-30"},{"lineNumber":56,"author":{"gitId":"Gernene"},"content":"          String dataString \u003d fullCommand.replaceFirst(\"mark \", \"\");","lastModifiedDate":"2022-01-30"},{"lineNumber":57,"author":{"gitId":"Gernene"},"content":"          int taskNumber \u003d Integer.parseInt(dataString);","lastModifiedDate":"2022-01-31"},{"lineNumber":58,"author":{"gitId":"Gernene"},"content":"          return new MarkCommand(taskNumber);","lastModifiedDate":"2022-01-30"},{"lineNumber":59,"author":{"gitId":"Gernene"},"content":"      }","lastModifiedDate":"2022-01-30"},{"lineNumber":60,"author":{"gitId":"Gernene"},"content":"      else if (command.equals(\"unmark\")) {","lastModifiedDate":"2022-01-30"},{"lineNumber":61,"author":{"gitId":"Gernene"},"content":"          String dataString \u003d fullCommand.replaceFirst(\"unmark \", \"\");","lastModifiedDate":"2022-01-30"},{"lineNumber":62,"author":{"gitId":"Gernene"},"content":"          int taskNumber \u003d Integer.parseInt(dataString);","lastModifiedDate":"2022-01-31"},{"lineNumber":63,"author":{"gitId":"Gernene"},"content":"          return new UnmarkCommand(taskNumber);","lastModifiedDate":"2022-01-31"},{"lineNumber":64,"author":{"gitId":"Gernene"},"content":"      }","lastModifiedDate":"2022-01-30"},{"lineNumber":65,"author":{"gitId":"Gernene"},"content":"      else if (command.equals(\"bye\")) {","lastModifiedDate":"2022-01-30"},{"lineNumber":66,"author":{"gitId":"Gernene"},"content":"          return new ExitCommand();","lastModifiedDate":"2022-01-30"},{"lineNumber":67,"author":{"gitId":"Gernene"},"content":"      }","lastModifiedDate":"2022-01-30"},{"lineNumber":68,"author":{"gitId":"Gernene"},"content":"      else {","lastModifiedDate":"2022-01-30"},{"lineNumber":69,"author":{"gitId":"Gernene"},"content":"          throw new DukeException(\"I don\u0027t recognize that command.\");","lastModifiedDate":"2022-01-30"},{"lineNumber":70,"author":{"gitId":"Gernene"},"content":"      }","lastModifiedDate":"2022-01-30"},{"lineNumber":71,"author":{"gitId":"Gernene"},"content":"  }","lastModifiedDate":"2022-01-30"},{"lineNumber":72,"author":{"gitId":"Gernene"},"content":"","lastModifiedDate":"2022-01-31"},{"lineNumber":73,"author":{"gitId":"Gernene"},"content":"}","lastModifiedDate":"2022-01-30"}],"authorContributionMap":{"Gernene":73}},{"path":"src/main/java/duke/Storage.java","fileType":"java","lines":[{"lineNumber":1,"author":{"gitId":"Gernene"},"content":"package duke;","lastModifiedDate":"2022-01-30"},{"lineNumber":2,"author":{"gitId":"Gernene"},"content":"","lastModifiedDate":"2022-01-30"},{"lineNumber":3,"author":{"gitId":"Gernene"},"content":"import duke.DukeException;","lastModifiedDate":"2022-02-01"},{"lineNumber":4,"author":{"gitId":"Gernene"},"content":"import duke.task.Task;","lastModifiedDate":"2022-01-31"},{"lineNumber":5,"author":{"gitId":"Gernene"},"content":"import duke.task.Deadline;","lastModifiedDate":"2022-01-31"},{"lineNumber":6,"author":{"gitId":"Gernene"},"content":"import duke.task.Event;","lastModifiedDate":"2022-01-31"},{"lineNumber":7,"author":{"gitId":"Gernene"},"content":"import duke.task.Todo;","lastModifiedDate":"2022-01-31"},{"lineNumber":8,"author":{"gitId":"Gernene"},"content":"import java.lang.Boolean;","lastModifiedDate":"2022-01-30"},{"lineNumber":9,"author":{"gitId":"Gernene"},"content":"import java.io.File;","lastModifiedDate":"2022-01-30"},{"lineNumber":10,"author":{"gitId":"Gernene"},"content":"import java.io.FileNotFoundException;","lastModifiedDate":"2022-01-30"},{"lineNumber":11,"author":{"gitId":"Gernene"},"content":"import java.time.LocalDate;","lastModifiedDate":"2022-01-30"},{"lineNumber":12,"author":{"gitId":"Gernene"},"content":"import java.util.ArrayList;","lastModifiedDate":"2022-01-31"},{"lineNumber":13,"author":{"gitId":"Gernene"},"content":"import java.util.Scanner;","lastModifiedDate":"2022-01-30"},{"lineNumber":14,"author":{"gitId":"Gernene"},"content":"","lastModifiedDate":"2022-01-30"},{"lineNumber":15,"author":{"gitId":"Gernene"},"content":"public class Storage {","lastModifiedDate":"2022-01-30"},{"lineNumber":16,"author":{"gitId":"Gernene"},"content":"","lastModifiedDate":"2022-01-30"},{"lineNumber":17,"author":{"gitId":"Gernene"},"content":"    private String filePath;","lastModifiedDate":"2022-01-30"},{"lineNumber":18,"author":{"gitId":"Gernene"},"content":"","lastModifiedDate":"2022-01-30"},{"lineNumber":19,"author":{"gitId":"Gernene"},"content":"    public Storage(String filePath) {","lastModifiedDate":"2022-01-30"},{"lineNumber":20,"author":{"gitId":"Gernene"},"content":"      this.filePath \u003d filePath;","lastModifiedDate":"2022-01-30"},{"lineNumber":21,"author":{"gitId":"Gernene"},"content":"    }","lastModifiedDate":"2022-01-30"},{"lineNumber":22,"author":{"gitId":"Gernene"},"content":"","lastModifiedDate":"2022-01-30"},{"lineNumber":23,"author":{"gitId":"Gernene"},"content":"    public ArrayList\u003cTask\u003e load() throws DukeException {","lastModifiedDate":"2022-02-01"},{"lineNumber":24,"author":{"gitId":"Gernene"},"content":"        ArrayList\u003cTask\u003e tasks \u003d new ArrayList\u003cTask\u003e();","lastModifiedDate":"2022-01-30"},{"lineNumber":25,"author":{"gitId":"Gernene"},"content":"        try {","lastModifiedDate":"2022-01-30"},{"lineNumber":26,"author":{"gitId":"Gernene"},"content":"            File file \u003d new File(\"duke.txt\");","lastModifiedDate":"2022-01-30"},{"lineNumber":27,"author":{"gitId":"Gernene"},"content":"            if (!file.exists()) {","lastModifiedDate":"2022-02-01"},{"lineNumber":28,"author":{"gitId":"Gernene"},"content":"              throw new DukeException(\"File not found\");","lastModifiedDate":"2022-02-01"},{"lineNumber":29,"author":{"gitId":"Gernene"},"content":"            }","lastModifiedDate":"2022-02-01"},{"lineNumber":30,"author":{"gitId":"Gernene"},"content":"            Scanner fileScanner \u003d new Scanner(file);","lastModifiedDate":"2022-01-30"},{"lineNumber":31,"author":{"gitId":"Gernene"},"content":"            while (fileScanner.hasNextLine()) {","lastModifiedDate":"2022-01-30"},{"lineNumber":32,"author":{"gitId":"Gernene"},"content":"                String taskString \u003d fileScanner.nextLine();","lastModifiedDate":"2022-01-30"},{"lineNumber":33,"author":{"gitId":"Gernene"},"content":"                String[] data \u003d taskString.split(\",\");","lastModifiedDate":"2022-01-30"},{"lineNumber":34,"author":{"gitId":"Gernene"},"content":"                String type \u003d data[0];","lastModifiedDate":"2022-01-30"},{"lineNumber":35,"author":{"gitId":"Gernene"},"content":"                Boolean status \u003d Boolean.parseBoolean(data[1]);","lastModifiedDate":"2022-01-30"},{"lineNumber":36,"author":{"gitId":"Gernene"},"content":"                String text \u003d data[2];","lastModifiedDate":"2022-01-30"},{"lineNumber":37,"author":{"gitId":"Gernene"},"content":"                if (data[0].equals(\"T\")) {","lastModifiedDate":"2022-01-30"},{"lineNumber":38,"author":{"gitId":"Gernene"},"content":"                    tasks.add(new Todo(text, status));","lastModifiedDate":"2022-02-01"},{"lineNumber":39,"author":{"gitId":"Gernene"},"content":"                }","lastModifiedDate":"2022-01-30"},{"lineNumber":40,"author":{"gitId":"Gernene"},"content":"                else if (data[0].equals(\"D\")) {","lastModifiedDate":"2022-01-30"},{"lineNumber":41,"author":{"gitId":"Gernene"},"content":"                    LocalDate date \u003d LocalDate.parse(data[3]);","lastModifiedDate":"2022-01-31"},{"lineNumber":42,"author":{"gitId":"Gernene"},"content":"                    tasks.add(new Deadline(text, status, date));","lastModifiedDate":"2022-01-30"},{"lineNumber":43,"author":{"gitId":"Gernene"},"content":"                }","lastModifiedDate":"2022-01-30"},{"lineNumber":44,"author":{"gitId":"Gernene"},"content":"                else if (data[0].equals(\"E\")) {","lastModifiedDate":"2022-01-30"},{"lineNumber":45,"author":{"gitId":"Gernene"},"content":"                    LocalDate date \u003d LocalDate.parse(data[3]);","lastModifiedDate":"2022-01-31"},{"lineNumber":46,"author":{"gitId":"Gernene"},"content":"                    tasks.add(new Event(text, status, date));","lastModifiedDate":"2022-01-31"},{"lineNumber":47,"author":{"gitId":"Gernene"},"content":"                }","lastModifiedDate":"2022-01-30"},{"lineNumber":48,"author":{"gitId":"Gernene"},"content":"            }","lastModifiedDate":"2022-01-30"},{"lineNumber":49,"author":{"gitId":"Gernene"},"content":"            fileScanner.close();","lastModifiedDate":"2022-01-30"},{"lineNumber":50,"author":{"gitId":"Gernene"},"content":"        }","lastModifiedDate":"2022-01-30"},{"lineNumber":51,"author":{"gitId":"Gernene"},"content":"        catch (FileNotFoundException e) {","lastModifiedDate":"2022-01-30"},{"lineNumber":52,"author":{"gitId":"Gernene"},"content":"            System.out.println(\"Something went wrong\");","lastModifiedDate":"2022-01-30"},{"lineNumber":53,"author":{"gitId":"Gernene"},"content":"        }","lastModifiedDate":"2022-01-30"},{"lineNumber":54,"author":{"gitId":"Gernene"},"content":"        return tasks;","lastModifiedDate":"2022-01-30"},{"lineNumber":55,"author":{"gitId":"Gernene"},"content":"    }","lastModifiedDate":"2022-01-30"},{"lineNumber":56,"author":{"gitId":"Gernene"},"content":"","lastModifiedDate":"2022-01-30"},{"lineNumber":57,"author":{"gitId":"Gernene"},"content":"}","lastModifiedDate":"2022-01-30"}],"authorContributionMap":{"Gernene":57}},{"path":"src/main/java/duke/TaskList.java","fileType":"java","lines":[{"lineNumber":1,"author":{"gitId":"Gernene"},"content":"package duke;","lastModifiedDate":"2022-01-30"},{"lineNumber":2,"author":{"gitId":"Gernene"},"content":"","lastModifiedDate":"2022-01-30"},{"lineNumber":3,"author":{"gitId":"Gernene"},"content":"import duke.task.Task;","lastModifiedDate":"2022-01-31"},{"lineNumber":4,"author":{"gitId":"Gernene"},"content":"import java.util.ArrayList;","lastModifiedDate":"2022-01-30"},{"lineNumber":5,"author":{"gitId":"Gernene"},"content":"","lastModifiedDate":"2022-01-30"},{"lineNumber":6,"author":{"gitId":"Gernene"},"content":"public class TaskList {","lastModifiedDate":"2022-01-30"},{"lineNumber":7,"author":{"gitId":"Gernene"},"content":"    private ArrayList\u003cTask\u003e tasks;","lastModifiedDate":"2022-01-30"},{"lineNumber":8,"author":{"gitId":"Gernene"},"content":"","lastModifiedDate":"2022-01-30"},{"lineNumber":9,"author":{"gitId":"Gernene"},"content":"    public TaskList(ArrayList\u003cTask\u003e tasks) {","lastModifiedDate":"2022-01-30"},{"lineNumber":10,"author":{"gitId":"Gernene"},"content":"        this.tasks \u003d tasks;","lastModifiedDate":"2022-01-30"},{"lineNumber":11,"author":{"gitId":"Gernene"},"content":"    }","lastModifiedDate":"2022-01-30"},{"lineNumber":12,"author":{"gitId":"Gernene"},"content":"","lastModifiedDate":"2022-01-30"},{"lineNumber":13,"author":{"gitId":"Gernene"},"content":"    public TaskList() {","lastModifiedDate":"2022-01-31"},{"lineNumber":14,"author":{"gitId":"Gernene"},"content":"      ","lastModifiedDate":"2022-01-31"},{"lineNumber":15,"author":{"gitId":"Gernene"},"content":"    }","lastModifiedDate":"2022-01-31"},{"lineNumber":16,"author":{"gitId":"Gernene"},"content":"","lastModifiedDate":"2022-01-31"},{"lineNumber":17,"author":{"gitId":"Gernene"},"content":"    public void addTask(Task task) {","lastModifiedDate":"2022-01-30"},{"lineNumber":18,"author":{"gitId":"Gernene"},"content":"        tasks.add(task);","lastModifiedDate":"2022-01-30"},{"lineNumber":19,"author":{"gitId":"Gernene"},"content":"    }","lastModifiedDate":"2022-01-30"},{"lineNumber":20,"author":{"gitId":"Gernene"},"content":"","lastModifiedDate":"2022-01-30"},{"lineNumber":21,"author":{"gitId":"Gernene"},"content":"    public void deleteTask(int n) {","lastModifiedDate":"2022-01-30"},{"lineNumber":22,"author":{"gitId":"Gernene"},"content":"        tasks.remove(n);","lastModifiedDate":"2022-01-30"},{"lineNumber":23,"author":{"gitId":"Gernene"},"content":"    }","lastModifiedDate":"2022-01-30"},{"lineNumber":24,"author":{"gitId":"Gernene"},"content":"","lastModifiedDate":"2022-01-30"},{"lineNumber":25,"author":{"gitId":"Gernene"},"content":"    public void markTask(int n) {","lastModifiedDate":"2022-01-30"},{"lineNumber":26,"author":{"gitId":"Gernene"},"content":"        tasks.get(n).mark();","lastModifiedDate":"2022-01-30"},{"lineNumber":27,"author":{"gitId":"Gernene"},"content":"    }","lastModifiedDate":"2022-01-30"},{"lineNumber":28,"author":{"gitId":"Gernene"},"content":"","lastModifiedDate":"2022-01-30"},{"lineNumber":29,"author":{"gitId":"Gernene"},"content":"    public void unmarkTask(int n) {","lastModifiedDate":"2022-01-30"},{"lineNumber":30,"author":{"gitId":"Gernene"},"content":"        tasks.get(n).unmark();","lastModifiedDate":"2022-01-30"},{"lineNumber":31,"author":{"gitId":"Gernene"},"content":"    }","lastModifiedDate":"2022-01-30"},{"lineNumber":32,"author":{"gitId":"Gernene"},"content":"","lastModifiedDate":"2022-01-30"},{"lineNumber":33,"author":{"gitId":"Gernene"},"content":"    public String toString() {","lastModifiedDate":"2022-01-30"},{"lineNumber":34,"author":{"gitId":"Gernene"},"content":"        String string \u003d \"\";","lastModifiedDate":"2022-01-30"},{"lineNumber":35,"author":{"gitId":"Gernene"},"content":"        for (int i \u003d 0; i \u003c tasks.size(); i++) {","lastModifiedDate":"2022-01-31"},{"lineNumber":36,"author":{"gitId":"Gernene"},"content":"            Task task \u003d tasks.get(i);","lastModifiedDate":"2022-01-31"},{"lineNumber":37,"author":{"gitId":"Gernene"},"content":"            String status \u003d task.isMarked() ? \"X\" : \" \";","lastModifiedDate":"2022-01-31"},{"lineNumber":38,"author":{"gitId":"Gernene"},"content":"            string +\u003d String.format(\"%d. %s\", i, task.toString());","lastModifiedDate":"2022-01-30"},{"lineNumber":39,"author":{"gitId":"Gernene"},"content":"        }","lastModifiedDate":"2022-01-30"},{"lineNumber":40,"author":{"gitId":"Gernene"},"content":"        return string;","lastModifiedDate":"2022-01-30"},{"lineNumber":41,"author":{"gitId":"Gernene"},"content":"    }","lastModifiedDate":"2022-01-30"},{"lineNumber":42,"author":{"gitId":"Gernene"},"content":"","lastModifiedDate":"2022-01-30"},{"lineNumber":43,"author":{"gitId":"Gernene"},"content":"}","lastModifiedDate":"2022-01-30"}],"authorContributionMap":{"Gernene":43}},{"path":"src/main/java/duke/Ui.java","fileType":"java","lines":[{"lineNumber":1,"author":{"gitId":"Gernene"},"content":"package duke;","lastModifiedDate":"2022-01-30"},{"lineNumber":2,"author":{"gitId":"Gernene"},"content":"","lastModifiedDate":"2022-01-30"},{"lineNumber":3,"author":{"gitId":"Gernene"},"content":"import duke.TaskList;","lastModifiedDate":"2022-01-31"},{"lineNumber":4,"author":{"gitId":"Gernene"},"content":"import duke.task.Task;","lastModifiedDate":"2022-01-31"},{"lineNumber":5,"author":{"gitId":"Gernene"},"content":"import java.util.Scanner;","lastModifiedDate":"2022-01-31"},{"lineNumber":6,"author":{"gitId":"Gernene"},"content":"","lastModifiedDate":"2022-01-31"},{"lineNumber":7,"author":{"gitId":"Gernene"},"content":"public class Ui {","lastModifiedDate":"2022-01-30"},{"lineNumber":8,"author":{"gitId":"Gernene"},"content":"","lastModifiedDate":"2022-01-30"},{"lineNumber":9,"author":{"gitId":"Gernene"},"content":"    private Scanner scanner;","lastModifiedDate":"2022-01-31"},{"lineNumber":10,"author":{"gitId":"Gernene"},"content":"","lastModifiedDate":"2022-01-31"},{"lineNumber":11,"author":{"gitId":"Gernene"},"content":"    public Ui() {","lastModifiedDate":"2022-01-31"},{"lineNumber":12,"author":{"gitId":"Gernene"},"content":"      scanner \u003d new Scanner(System.in);","lastModifiedDate":"2022-01-31"},{"lineNumber":13,"author":{"gitId":"Gernene"},"content":"    }","lastModifiedDate":"2022-01-31"},{"lineNumber":14,"author":{"gitId":"Gernene"},"content":"","lastModifiedDate":"2022-01-31"},{"lineNumber":15,"author":{"gitId":"Gernene"},"content":"    public String readCommand() {","lastModifiedDate":"2022-01-31"},{"lineNumber":16,"author":{"gitId":"Gernene"},"content":"      return scanner.nextLine();","lastModifiedDate":"2022-01-31"},{"lineNumber":17,"author":{"gitId":"Gernene"},"content":"    }","lastModifiedDate":"2022-01-31"},{"lineNumber":18,"author":{"gitId":"Gernene"},"content":"","lastModifiedDate":"2022-01-30"},{"lineNumber":19,"author":{"gitId":"Gernene"},"content":"    public void showWelcome() {","lastModifiedDate":"2022-01-30"},{"lineNumber":20,"author":{"gitId":"Gernene"},"content":"        System.out.println(\"Hello from Duke!\");","lastModifiedDate":"2022-01-30"},{"lineNumber":21,"author":{"gitId":"Gernene"},"content":"    }","lastModifiedDate":"2022-01-30"},{"lineNumber":22,"author":{"gitId":"Gernene"},"content":"","lastModifiedDate":"2022-01-30"},{"lineNumber":23,"author":{"gitId":"Gernene"},"content":"    public void showTaskAdded(Task task) {","lastModifiedDate":"2022-01-30"},{"lineNumber":24,"author":{"gitId":"Gernene"},"content":"        System.out.println(String.format(\"added: %s\", task.toString()));","lastModifiedDate":"2022-01-31"},{"lineNumber":25,"author":{"gitId":"Gernene"},"content":"    }","lastModifiedDate":"2022-01-30"},{"lineNumber":26,"author":{"gitId":"Gernene"},"content":"","lastModifiedDate":"2022-01-30"},{"lineNumber":27,"author":{"gitId":"Gernene"},"content":"    public void showTaskDeleted() {","lastModifiedDate":"2022-01-30"},{"lineNumber":28,"author":{"gitId":"Gernene"},"content":"        System.out.println(\"I\u0027ve deleted this task.\");","lastModifiedDate":"2022-01-30"},{"lineNumber":29,"author":{"gitId":"Gernene"},"content":"    }","lastModifiedDate":"2022-01-30"},{"lineNumber":30,"author":{"gitId":"Gernene"},"content":"","lastModifiedDate":"2022-01-30"},{"lineNumber":31,"author":{"gitId":"Gernene"},"content":"    public void showTasks(TaskList tasks) {","lastModifiedDate":"2022-01-30"},{"lineNumber":32,"author":{"gitId":"Gernene"},"content":"        System.out.println(tasks.toString());","lastModifiedDate":"2022-01-30"},{"lineNumber":33,"author":{"gitId":"Gernene"},"content":"    }","lastModifiedDate":"2022-01-30"},{"lineNumber":34,"author":{"gitId":"Gernene"},"content":"","lastModifiedDate":"2022-01-30"},{"lineNumber":35,"author":{"gitId":"Gernene"},"content":"    public void showExit() {","lastModifiedDate":"2022-01-30"},{"lineNumber":36,"author":{"gitId":"Gernene"},"content":"        System.out.println(\"Goodbye!\");","lastModifiedDate":"2022-01-30"},{"lineNumber":37,"author":{"gitId":"Gernene"},"content":"    }","lastModifiedDate":"2022-01-30"},{"lineNumber":38,"author":{"gitId":"Gernene"},"content":"","lastModifiedDate":"2022-01-30"},{"lineNumber":39,"author":{"gitId":"Gernene"},"content":"    public void showError(String message) {","lastModifiedDate":"2022-01-30"},{"lineNumber":40,"author":{"gitId":"Gernene"},"content":"        System.out.println(message);","lastModifiedDate":"2022-01-30"},{"lineNumber":41,"author":{"gitId":"Gernene"},"content":"    }","lastModifiedDate":"2022-01-30"},{"lineNumber":42,"author":{"gitId":"Gernene"},"content":"","lastModifiedDate":"2022-01-30"},{"lineNumber":43,"author":{"gitId":"Gernene"},"content":"    public void showLine() {","lastModifiedDate":"2022-01-30"},{"lineNumber":44,"author":{"gitId":"Gernene"},"content":"        System.out.println(\"_____\");","lastModifiedDate":"2022-01-30"},{"lineNumber":45,"author":{"gitId":"Gernene"},"content":"    }","lastModifiedDate":"2022-01-30"},{"lineNumber":46,"author":{"gitId":"Gernene"},"content":"","lastModifiedDate":"2022-01-30"},{"lineNumber":47,"author":{"gitId":"Gernene"},"content":"    public void showLoadingError() {","lastModifiedDate":"2022-01-31"},{"lineNumber":48,"author":{"gitId":"Gernene"},"content":"        System.out.println(\"Loading error\");","lastModifiedDate":"2022-01-31"},{"lineNumber":49,"author":{"gitId":"Gernene"},"content":"    }","lastModifiedDate":"2022-01-31"},{"lineNumber":50,"author":{"gitId":"Gernene"},"content":"","lastModifiedDate":"2022-01-31"},{"lineNumber":51,"author":{"gitId":"Gernene"},"content":"}","lastModifiedDate":"2022-01-30"}],"authorContributionMap":{"Gernene":51}},{"path":"src/main/java/duke/command/AddCommand.java","fileType":"java","lines":[{"lineNumber":1,"author":{"gitId":"Gernene"},"content":"package duke.command;","lastModifiedDate":"2022-01-30"},{"lineNumber":2,"author":{"gitId":"Gernene"},"content":"","lastModifiedDate":"2022-01-30"},{"lineNumber":3,"author":{"gitId":"Gernene"},"content":"import duke.Storage;","lastModifiedDate":"2022-01-31"},{"lineNumber":4,"author":{"gitId":"Gernene"},"content":"import duke.TaskList;","lastModifiedDate":"2022-01-31"},{"lineNumber":5,"author":{"gitId":"Gernene"},"content":"import duke.Ui;","lastModifiedDate":"2022-01-31"},{"lineNumber":6,"author":{"gitId":"Gernene"},"content":"import duke.command.Command;","lastModifiedDate":"2022-01-31"},{"lineNumber":7,"author":{"gitId":"Gernene"},"content":"import duke.task.Task;","lastModifiedDate":"2022-01-31"},{"lineNumber":8,"author":{"gitId":"Gernene"},"content":"","lastModifiedDate":"2022-01-31"},{"lineNumber":9,"author":{"gitId":"Gernene"},"content":"public class AddCommand extends Command {","lastModifiedDate":"2022-01-30"},{"lineNumber":10,"author":{"gitId":"Gernene"},"content":"    public Task task;","lastModifiedDate":"2022-01-30"},{"lineNumber":11,"author":{"gitId":"Gernene"},"content":"","lastModifiedDate":"2022-01-30"},{"lineNumber":12,"author":{"gitId":"Gernene"},"content":"    public AddCommand(Task task) {","lastModifiedDate":"2022-01-30"},{"lineNumber":13,"author":{"gitId":"Gernene"},"content":"        super();","lastModifiedDate":"2022-01-30"},{"lineNumber":14,"author":{"gitId":"Gernene"},"content":"        this.task \u003d task;","lastModifiedDate":"2022-01-30"},{"lineNumber":15,"author":{"gitId":"Gernene"},"content":"    }","lastModifiedDate":"2022-01-30"},{"lineNumber":16,"author":{"gitId":"Gernene"},"content":"","lastModifiedDate":"2022-01-30"},{"lineNumber":17,"author":{"gitId":"Gernene"},"content":"    public void execute(TaskList tasks, Ui ui, Storage storage) {","lastModifiedDate":"2022-01-31"},{"lineNumber":18,"author":{"gitId":"Gernene"},"content":"        tasks.addTask(task);","lastModifiedDate":"2022-01-30"},{"lineNumber":19,"author":{"gitId":"Gernene"},"content":"        ui.showTaskAdded(task);","lastModifiedDate":"2022-01-30"},{"lineNumber":20,"author":{"gitId":"Gernene"},"content":"    }","lastModifiedDate":"2022-01-30"},{"lineNumber":21,"author":{"gitId":"Gernene"},"content":"","lastModifiedDate":"2022-01-30"},{"lineNumber":22,"author":{"gitId":"Gernene"},"content":"}","lastModifiedDate":"2022-01-30"}],"authorContributionMap":{"Gernene":22}},{"path":"src/main/java/duke/command/Command.java","fileType":"java","lines":[{"lineNumber":1,"author":{"gitId":"Gernene"},"content":"package duke.command;","lastModifiedDate":"2022-01-30"},{"lineNumber":2,"author":{"gitId":"Gernene"},"content":"","lastModifiedDate":"2022-01-30"},{"lineNumber":3,"author":{"gitId":"Gernene"},"content":"import duke.Storage;","lastModifiedDate":"2022-01-31"},{"lineNumber":4,"author":{"gitId":"Gernene"},"content":"import duke.TaskList;","lastModifiedDate":"2022-01-31"},{"lineNumber":5,"author":{"gitId":"Gernene"},"content":"import duke.Ui;","lastModifiedDate":"2022-01-31"},{"lineNumber":6,"author":{"gitId":"Gernene"},"content":"import duke.command.Command;","lastModifiedDate":"2022-01-31"},{"lineNumber":7,"author":{"gitId":"Gernene"},"content":"","lastModifiedDate":"2022-01-31"},{"lineNumber":8,"author":{"gitId":"Gernene"},"content":"public abstract class Command {","lastModifiedDate":"2022-01-30"},{"lineNumber":9,"author":{"gitId":"Gernene"},"content":"","lastModifiedDate":"2022-01-30"},{"lineNumber":10,"author":{"gitId":"Gernene"},"content":"  public Command() {","lastModifiedDate":"2022-01-31"},{"lineNumber":11,"author":{"gitId":"Gernene"},"content":"    ","lastModifiedDate":"2022-01-31"},{"lineNumber":12,"author":{"gitId":"Gernene"},"content":"  }","lastModifiedDate":"2022-01-31"},{"lineNumber":13,"author":{"gitId":"Gernene"},"content":"","lastModifiedDate":"2022-01-30"},{"lineNumber":14,"author":{"gitId":"Gernene"},"content":"  public boolean isExit() {","lastModifiedDate":"2022-01-30"},{"lineNumber":15,"author":{"gitId":"Gernene"},"content":"      return false;","lastModifiedDate":"2022-01-30"},{"lineNumber":16,"author":{"gitId":"Gernene"},"content":"  }","lastModifiedDate":"2022-01-30"},{"lineNumber":17,"author":{"gitId":"Gernene"},"content":"","lastModifiedDate":"2022-01-30"},{"lineNumber":18,"author":{"gitId":"Gernene"},"content":"  public abstract void execute(TaskList tasks, Ui ui, Storage storage);","lastModifiedDate":"2022-01-30"},{"lineNumber":19,"author":{"gitId":"Gernene"},"content":"","lastModifiedDate":"2022-01-30"},{"lineNumber":20,"author":{"gitId":"Gernene"},"content":"}","lastModifiedDate":"2022-01-30"}],"authorContributionMap":{"Gernene":20}},{"path":"src/main/java/duke/command/DeleteCommand.java","fileType":"java","lines":[{"lineNumber":1,"author":{"gitId":"Gernene"},"content":"package duke.command;","lastModifiedDate":"2022-01-30"},{"lineNumber":2,"author":{"gitId":"Gernene"},"content":"","lastModifiedDate":"2022-01-30"},{"lineNumber":3,"author":{"gitId":"Gernene"},"content":"import duke.Storage;","lastModifiedDate":"2022-01-31"},{"lineNumber":4,"author":{"gitId":"Gernene"},"content":"import duke.TaskList;","lastModifiedDate":"2022-01-31"},{"lineNumber":5,"author":{"gitId":"Gernene"},"content":"import duke.Ui;","lastModifiedDate":"2022-01-31"},{"lineNumber":6,"author":{"gitId":"Gernene"},"content":"import duke.command.Command;","lastModifiedDate":"2022-01-31"},{"lineNumber":7,"author":{"gitId":"Gernene"},"content":"import duke.task.Task;","lastModifiedDate":"2022-01-31"},{"lineNumber":8,"author":{"gitId":"Gernene"},"content":"","lastModifiedDate":"2022-01-31"},{"lineNumber":9,"author":{"gitId":"Gernene"},"content":"public class DeleteCommand extends Command {","lastModifiedDate":"2022-01-30"},{"lineNumber":10,"author":{"gitId":"Gernene"},"content":"    private int taskNumber;","lastModifiedDate":"2022-01-30"},{"lineNumber":11,"author":{"gitId":"Gernene"},"content":"","lastModifiedDate":"2022-01-30"},{"lineNumber":12,"author":{"gitId":"Gernene"},"content":"    public DeleteCommand(int taskNumber) {","lastModifiedDate":"2022-01-30"},{"lineNumber":13,"author":{"gitId":"Gernene"},"content":"      super();","lastModifiedDate":"2022-01-30"},{"lineNumber":14,"author":{"gitId":"Gernene"},"content":"      this.taskNumber \u003d taskNumber;","lastModifiedDate":"2022-01-30"},{"lineNumber":15,"author":{"gitId":"Gernene"},"content":"    }","lastModifiedDate":"2022-01-30"},{"lineNumber":16,"author":{"gitId":"Gernene"},"content":"","lastModifiedDate":"2022-01-30"},{"lineNumber":17,"author":{"gitId":"Gernene"},"content":"    public void execute(TaskList tasks, Ui ui, Storage storage) {","lastModifiedDate":"2022-01-30"},{"lineNumber":18,"author":{"gitId":"Gernene"},"content":"        tasks.deleteTask(taskNumber);","lastModifiedDate":"2022-01-30"},{"lineNumber":19,"author":{"gitId":"Gernene"},"content":"    }","lastModifiedDate":"2022-01-30"},{"lineNumber":20,"author":{"gitId":"Gernene"},"content":"","lastModifiedDate":"2022-01-30"},{"lineNumber":21,"author":{"gitId":"Gernene"},"content":"}","lastModifiedDate":"2022-01-30"}],"authorContributionMap":{"Gernene":21}},{"path":"src/main/java/duke/command/ExitCommand.java","fileType":"java","lines":[{"lineNumber":1,"author":{"gitId":"Gernene"},"content":"package duke.command;","lastModifiedDate":"2022-01-30"},{"lineNumber":2,"author":{"gitId":"Gernene"},"content":"","lastModifiedDate":"2022-01-30"},{"lineNumber":3,"author":{"gitId":"Gernene"},"content":"import duke.Storage;","lastModifiedDate":"2022-01-31"},{"lineNumber":4,"author":{"gitId":"Gernene"},"content":"import duke.TaskList;","lastModifiedDate":"2022-01-31"},{"lineNumber":5,"author":{"gitId":"Gernene"},"content":"import duke.Ui;","lastModifiedDate":"2022-01-31"},{"lineNumber":6,"author":{"gitId":"Gernene"},"content":"import duke.command.Command;","lastModifiedDate":"2022-01-31"},{"lineNumber":7,"author":{"gitId":"Gernene"},"content":"","lastModifiedDate":"2022-01-31"},{"lineNumber":8,"author":{"gitId":"Gernene"},"content":"public class ExitCommand extends Command {","lastModifiedDate":"2022-01-30"},{"lineNumber":9,"author":{"gitId":"Gernene"},"content":"","lastModifiedDate":"2022-01-30"},{"lineNumber":10,"author":{"gitId":"Gernene"},"content":"    public ExitCommand() {","lastModifiedDate":"2022-01-31"},{"lineNumber":11,"author":{"gitId":"Gernene"},"content":"      super();","lastModifiedDate":"2022-01-31"},{"lineNumber":12,"author":{"gitId":"Gernene"},"content":"    }","lastModifiedDate":"2022-01-31"},{"lineNumber":13,"author":{"gitId":"Gernene"},"content":"","lastModifiedDate":"2022-01-30"},{"lineNumber":14,"author":{"gitId":"Gernene"},"content":"    public void execute(TaskList tasks, Ui ui, Storage storage) {","lastModifiedDate":"2022-01-30"},{"lineNumber":15,"author":{"gitId":"Gernene"},"content":"        ui.showExit();","lastModifiedDate":"2022-01-30"},{"lineNumber":16,"author":{"gitId":"Gernene"},"content":"    }","lastModifiedDate":"2022-01-30"},{"lineNumber":17,"author":{"gitId":"Gernene"},"content":"","lastModifiedDate":"2022-01-30"},{"lineNumber":18,"author":{"gitId":"Gernene"},"content":"    public boolean isExit() {","lastModifiedDate":"2022-01-30"},{"lineNumber":19,"author":{"gitId":"Gernene"},"content":"        return true;","lastModifiedDate":"2022-01-30"},{"lineNumber":20,"author":{"gitId":"Gernene"},"content":"    }","lastModifiedDate":"2022-01-30"},{"lineNumber":21,"author":{"gitId":"Gernene"},"content":"","lastModifiedDate":"2022-01-30"},{"lineNumber":22,"author":{"gitId":"Gernene"},"content":"}","lastModifiedDate":"2022-01-30"}],"authorContributionMap":{"Gernene":22}},{"path":"src/main/java/duke/command/ListCommand.java","fileType":"java","lines":[{"lineNumber":1,"author":{"gitId":"Gernene"},"content":"package duke.command;","lastModifiedDate":"2022-01-30"},{"lineNumber":2,"author":{"gitId":"Gernene"},"content":"","lastModifiedDate":"2022-01-30"},{"lineNumber":3,"author":{"gitId":"Gernene"},"content":"import duke.Storage;","lastModifiedDate":"2022-01-31"},{"lineNumber":4,"author":{"gitId":"Gernene"},"content":"import duke.TaskList;","lastModifiedDate":"2022-01-31"},{"lineNumber":5,"author":{"gitId":"Gernene"},"content":"import duke.Ui;","lastModifiedDate":"2022-01-31"},{"lineNumber":6,"author":{"gitId":"Gernene"},"content":"import duke.command.Command;","lastModifiedDate":"2022-01-31"},{"lineNumber":7,"author":{"gitId":"Gernene"},"content":"","lastModifiedDate":"2022-01-31"},{"lineNumber":8,"author":{"gitId":"Gernene"},"content":"public class ListCommand extends Command {","lastModifiedDate":"2022-01-30"},{"lineNumber":9,"author":{"gitId":"Gernene"},"content":"","lastModifiedDate":"2022-01-30"},{"lineNumber":10,"author":{"gitId":"Gernene"},"content":"    public ListCommand() {","lastModifiedDate":"2022-01-31"},{"lineNumber":11,"author":{"gitId":"Gernene"},"content":"        super();","lastModifiedDate":"2022-01-31"},{"lineNumber":12,"author":{"gitId":"Gernene"},"content":"    }","lastModifiedDate":"2022-01-31"},{"lineNumber":13,"author":{"gitId":"Gernene"},"content":"","lastModifiedDate":"2022-01-30"},{"lineNumber":14,"author":{"gitId":"Gernene"},"content":"    public void execute(TaskList tasks, Ui ui, Storage storage) {","lastModifiedDate":"2022-01-30"},{"lineNumber":15,"author":{"gitId":"Gernene"},"content":"        ui.showTasks(tasks);","lastModifiedDate":"2022-01-30"},{"lineNumber":16,"author":{"gitId":"Gernene"},"content":"    }","lastModifiedDate":"2022-01-30"},{"lineNumber":17,"author":{"gitId":"Gernene"},"content":"","lastModifiedDate":"2022-01-30"},{"lineNumber":18,"author":{"gitId":"Gernene"},"content":"}","lastModifiedDate":"2022-01-30"}],"authorContributionMap":{"Gernene":18}},{"path":"src/main/java/duke/command/MarkCommand.java","fileType":"java","lines":[{"lineNumber":1,"author":{"gitId":"Gernene"},"content":"package duke.command;","lastModifiedDate":"2022-01-30"},{"lineNumber":2,"author":{"gitId":"Gernene"},"content":"","lastModifiedDate":"2022-01-30"},{"lineNumber":3,"author":{"gitId":"Gernene"},"content":"import duke.Storage;","lastModifiedDate":"2022-01-31"},{"lineNumber":4,"author":{"gitId":"Gernene"},"content":"import duke.TaskList;","lastModifiedDate":"2022-01-31"},{"lineNumber":5,"author":{"gitId":"Gernene"},"content":"import duke.Ui;","lastModifiedDate":"2022-01-31"},{"lineNumber":6,"author":{"gitId":"Gernene"},"content":"import duke.command.Command;","lastModifiedDate":"2022-01-31"},{"lineNumber":7,"author":{"gitId":"Gernene"},"content":"","lastModifiedDate":"2022-01-31"},{"lineNumber":8,"author":{"gitId":"Gernene"},"content":"public class MarkCommand extends Command {","lastModifiedDate":"2022-01-31"},{"lineNumber":9,"author":{"gitId":"Gernene"},"content":"  ","lastModifiedDate":"2022-01-30"},{"lineNumber":10,"author":{"gitId":"Gernene"},"content":"  private int taskNumber;","lastModifiedDate":"2022-01-30"},{"lineNumber":11,"author":{"gitId":"Gernene"},"content":"","lastModifiedDate":"2022-01-30"},{"lineNumber":12,"author":{"gitId":"Gernene"},"content":"    public MarkCommand(int taskNumber) {","lastModifiedDate":"2022-01-30"},{"lineNumber":13,"author":{"gitId":"Gernene"},"content":"      super();","lastModifiedDate":"2022-01-30"},{"lineNumber":14,"author":{"gitId":"Gernene"},"content":"      this.taskNumber \u003d taskNumber;","lastModifiedDate":"2022-01-30"},{"lineNumber":15,"author":{"gitId":"Gernene"},"content":"    }","lastModifiedDate":"2022-01-30"},{"lineNumber":16,"author":{"gitId":"Gernene"},"content":"","lastModifiedDate":"2022-01-30"},{"lineNumber":17,"author":{"gitId":"Gernene"},"content":"    public void execute(TaskList tasks, Ui ui, Storage storage) {","lastModifiedDate":"2022-01-30"},{"lineNumber":18,"author":{"gitId":"Gernene"},"content":"        tasks.markTask(taskNumber);","lastModifiedDate":"2022-01-30"},{"lineNumber":19,"author":{"gitId":"Gernene"},"content":"    }","lastModifiedDate":"2022-01-30"},{"lineNumber":20,"author":{"gitId":"Gernene"},"content":"","lastModifiedDate":"2022-01-30"},{"lineNumber":21,"author":{"gitId":"Gernene"},"content":"}","lastModifiedDate":"2022-01-30"}],"authorContributionMap":{"Gernene":21}},{"path":"src/main/java/duke/command/UnmarkCommand.java","fileType":"java","lines":[{"lineNumber":1,"author":{"gitId":"Gernene"},"content":"package duke.command;","lastModifiedDate":"2022-01-30"},{"lineNumber":2,"author":{"gitId":"Gernene"},"content":"","lastModifiedDate":"2022-01-30"},{"lineNumber":3,"author":{"gitId":"Gernene"},"content":"import duke.Storage;","lastModifiedDate":"2022-01-31"},{"lineNumber":4,"author":{"gitId":"Gernene"},"content":"import duke.TaskList;","lastModifiedDate":"2022-01-31"},{"lineNumber":5,"author":{"gitId":"Gernene"},"content":"import duke.Ui;","lastModifiedDate":"2022-01-31"},{"lineNumber":6,"author":{"gitId":"Gernene"},"content":"import duke.command.Command;","lastModifiedDate":"2022-01-31"},{"lineNumber":7,"author":{"gitId":"Gernene"},"content":"","lastModifiedDate":"2022-01-31"},{"lineNumber":8,"author":{"gitId":"Gernene"},"content":"public class UnmarkCommand extends Command {","lastModifiedDate":"2022-01-31"},{"lineNumber":9,"author":{"gitId":"Gernene"},"content":"  ","lastModifiedDate":"2022-01-30"},{"lineNumber":10,"author":{"gitId":"Gernene"},"content":"  private int taskNumber;","lastModifiedDate":"2022-01-30"},{"lineNumber":11,"author":{"gitId":"Gernene"},"content":"","lastModifiedDate":"2022-01-30"},{"lineNumber":12,"author":{"gitId":"Gernene"},"content":"    public UnmarkCommand(int taskNumber) {","lastModifiedDate":"2022-01-30"},{"lineNumber":13,"author":{"gitId":"Gernene"},"content":"        super();","lastModifiedDate":"2022-01-30"},{"lineNumber":14,"author":{"gitId":"Gernene"},"content":"        this.taskNumber \u003d taskNumber;","lastModifiedDate":"2022-01-30"},{"lineNumber":15,"author":{"gitId":"Gernene"},"content":"    }","lastModifiedDate":"2022-01-30"},{"lineNumber":16,"author":{"gitId":"Gernene"},"content":"","lastModifiedDate":"2022-01-30"},{"lineNumber":17,"author":{"gitId":"Gernene"},"content":"    public void execute(TaskList tasks, Ui ui, Storage storage) {","lastModifiedDate":"2022-01-30"},{"lineNumber":18,"author":{"gitId":"Gernene"},"content":"        tasks.unmarkTask(taskNumber);","lastModifiedDate":"2022-01-30"},{"lineNumber":19,"author":{"gitId":"Gernene"},"content":"    }","lastModifiedDate":"2022-01-30"},{"lineNumber":20,"author":{"gitId":"Gernene"},"content":"","lastModifiedDate":"2022-01-30"},{"lineNumber":21,"author":{"gitId":"Gernene"},"content":"}","lastModifiedDate":"2022-01-30"}],"authorContributionMap":{"Gernene":21}},{"path":"src/main/java/duke/task/Deadline.java","fileType":"java","lines":[{"lineNumber":1,"author":{"gitId":"Gernene"},"content":"package duke.task;","lastModifiedDate":"2022-01-30"},{"lineNumber":2,"author":{"gitId":"Gernene"},"content":"","lastModifiedDate":"2022-01-30"},{"lineNumber":3,"author":{"gitId":"Gernene"},"content":"import duke.task.Task;","lastModifiedDate":"2022-01-31"},{"lineNumber":4,"author":{"gitId":"Gernene"},"content":"import java.time.LocalDate;","lastModifiedDate":"2022-01-29"},{"lineNumber":5,"author":{"gitId":"Gernene"},"content":"import java.time.format.DateTimeFormatter;","lastModifiedDate":"2022-01-29"},{"lineNumber":6,"author":{"gitId":"Gernene"},"content":"","lastModifiedDate":"2022-01-29"},{"lineNumber":7,"author":{"gitId":"Gernene"},"content":"public class Deadline extends Task {","lastModifiedDate":"2022-01-22"},{"lineNumber":8,"author":{"gitId":"Gernene"},"content":"","lastModifiedDate":"2022-01-22"},{"lineNumber":9,"author":{"gitId":"Gernene"},"content":"  private LocalDate date;","lastModifiedDate":"2022-01-29"},{"lineNumber":10,"author":{"gitId":"Gernene"},"content":"","lastModifiedDate":"2022-01-22"},{"lineNumber":11,"author":{"gitId":"Gernene"},"content":"  public Deadline(String description, boolean status, LocalDate date) {","lastModifiedDate":"2022-01-31"},{"lineNumber":12,"author":{"gitId":"Gernene"},"content":"    super(description, status);","lastModifiedDate":"2022-01-31"},{"lineNumber":13,"author":{"gitId":"Gernene"},"content":"    this.date \u003d date;","lastModifiedDate":"2022-01-22"},{"lineNumber":14,"author":{"gitId":"Gernene"},"content":"  }","lastModifiedDate":"2022-01-22"},{"lineNumber":15,"author":{"gitId":"Gernene"},"content":"","lastModifiedDate":"2022-01-22"},{"lineNumber":16,"author":{"gitId":"Gernene"},"content":"  public Deadline(String description, LocalDate date) {","lastModifiedDate":"2022-01-31"},{"lineNumber":17,"author":{"gitId":"Gernene"},"content":"    this(description, false, date);","lastModifiedDate":"2022-01-31"},{"lineNumber":18,"author":{"gitId":"Gernene"},"content":"  }","lastModifiedDate":"2022-01-22"},{"lineNumber":19,"author":{"gitId":"Gernene"},"content":"","lastModifiedDate":"2022-01-22"},{"lineNumber":20,"author":{"gitId":"Gernene"},"content":"  public String toString() {","lastModifiedDate":"2022-01-22"},{"lineNumber":21,"author":{"gitId":"Gernene"},"content":"    return String.format(\"[D][%s] %s (by: %s)\", super.isMarked(), super.getDescription(), DateTimeFormatter.ofPattern(\"MMM d yyyy\"));","lastModifiedDate":"2022-01-31"},{"lineNumber":22,"author":{"gitId":"Gernene"},"content":"  }","lastModifiedDate":"2022-01-22"},{"lineNumber":23,"author":{"gitId":"Gernene"},"content":"}","lastModifiedDate":"2022-01-22"}],"authorContributionMap":{"Gernene":23}},{"path":"src/main/java/duke/task/Event.java","fileType":"java","lines":[{"lineNumber":1,"author":{"gitId":"Gernene"},"content":"package duke.task;","lastModifiedDate":"2022-02-01"},{"lineNumber":2,"author":{"gitId":"Gernene"},"content":"","lastModifiedDate":"2022-01-30"},{"lineNumber":3,"author":{"gitId":"Gernene"},"content":"import duke.task.Task;","lastModifiedDate":"2022-01-31"},{"lineNumber":4,"author":{"gitId":"Gernene"},"content":"import java.time.LocalDate;","lastModifiedDate":"2022-01-29"},{"lineNumber":5,"author":{"gitId":"Gernene"},"content":"import java.time.format.DateTimeFormatter;","lastModifiedDate":"2022-01-29"},{"lineNumber":6,"author":{"gitId":"Gernene"},"content":"","lastModifiedDate":"2022-01-29"},{"lineNumber":7,"author":{"gitId":"Gernene"},"content":"public class Event extends Task {","lastModifiedDate":"2022-01-22"},{"lineNumber":8,"author":{"gitId":"Gernene"},"content":"","lastModifiedDate":"2022-01-22"},{"lineNumber":9,"author":{"gitId":"Gernene"},"content":"  private LocalDate date;","lastModifiedDate":"2022-01-31"},{"lineNumber":10,"author":{"gitId":"Gernene"},"content":"","lastModifiedDate":"2022-01-31"},{"lineNumber":11,"author":{"gitId":"Gernene"},"content":"  public Event(String description, boolean status, LocalDate date) {","lastModifiedDate":"2022-01-31"},{"lineNumber":12,"author":{"gitId":"Gernene"},"content":"    super(description, status);","lastModifiedDate":"2022-01-31"},{"lineNumber":13,"author":{"gitId":"Gernene"},"content":"    this.date \u003d date;","lastModifiedDate":"2022-01-22"},{"lineNumber":14,"author":{"gitId":"Gernene"},"content":"  }","lastModifiedDate":"2022-01-22"},{"lineNumber":15,"author":{"gitId":"Gernene"},"content":"","lastModifiedDate":"2022-01-22"},{"lineNumber":16,"author":{"gitId":"Gernene"},"content":"  public Event(String description, LocalDate date) {","lastModifiedDate":"2022-01-31"},{"lineNumber":17,"author":{"gitId":"Gernene"},"content":"    this(description, false, date);","lastModifiedDate":"2022-01-31"},{"lineNumber":18,"author":{"gitId":"Gernene"},"content":"  }","lastModifiedDate":"2022-01-22"},{"lineNumber":19,"author":{"gitId":"Gernene"},"content":"","lastModifiedDate":"2022-01-22"},{"lineNumber":20,"author":{"gitId":"Gernene"},"content":"  public String toString() {","lastModifiedDate":"2022-01-22"},{"lineNumber":21,"author":{"gitId":"Gernene"},"content":"    return String.format(\"[E][%s] %s (at: %s)\", super.isMarked(), super.getDescription(), DateTimeFormatter.ofPattern(\"MMM d yyyy\"));","lastModifiedDate":"2022-01-31"},{"lineNumber":22,"author":{"gitId":"Gernene"},"content":"  }","lastModifiedDate":"2022-01-22"},{"lineNumber":23,"author":{"gitId":"Gernene"},"content":"}","lastModifiedDate":"2022-01-22"}],"authorContributionMap":{"Gernene":23}},{"path":"src/main/java/duke/task/Task.java","fileType":"java","lines":[{"lineNumber":1,"author":{"gitId":"Gernene"},"content":"package duke.task;","lastModifiedDate":"2022-01-30"},{"lineNumber":2,"author":{"gitId":"Gernene"},"content":"","lastModifiedDate":"2022-01-30"},{"lineNumber":3,"author":{"gitId":"Gernene"},"content":"public abstract class Task {","lastModifiedDate":"2022-01-31"},{"lineNumber":4,"author":{"gitId":"Gernene"},"content":"","lastModifiedDate":"2022-01-21"},{"lineNumber":5,"author":{"gitId":"Gernene"},"content":"  private String description;","lastModifiedDate":"2022-01-30"},{"lineNumber":6,"author":{"gitId":"Gernene"},"content":"  private boolean isMarked;","lastModifiedDate":"2022-01-30"},{"lineNumber":7,"author":{"gitId":"Gernene"},"content":"  ","lastModifiedDate":"2022-01-21"},{"lineNumber":8,"author":{"gitId":"Gernene"},"content":"  public Task(String description, boolean isMarked) {","lastModifiedDate":"2022-01-30"},{"lineNumber":9,"author":{"gitId":"Gernene"},"content":"    this.description \u003d description;","lastModifiedDate":"2022-01-30"},{"lineNumber":10,"author":{"gitId":"Gernene"},"content":"    this.isMarked \u003d isMarked;","lastModifiedDate":"2022-01-30"},{"lineNumber":11,"author":{"gitId":"Gernene"},"content":"  }","lastModifiedDate":"2022-01-21"},{"lineNumber":12,"author":{"gitId":"Gernene"},"content":"","lastModifiedDate":"2022-01-21"},{"lineNumber":13,"author":{"gitId":"Gernene"},"content":"  public Task(String description) {","lastModifiedDate":"2022-01-31"},{"lineNumber":14,"author":{"gitId":"Gernene"},"content":"    this(description, false);","lastModifiedDate":"2022-01-31"},{"lineNumber":15,"author":{"gitId":"Gernene"},"content":"  }","lastModifiedDate":"2022-01-21"},{"lineNumber":16,"author":{"gitId":"Gernene"},"content":"","lastModifiedDate":"2022-01-21"},{"lineNumber":17,"author":{"gitId":"Gernene"},"content":"  public void mark() {","lastModifiedDate":"2022-01-30"},{"lineNumber":18,"author":{"gitId":"Gernene"},"content":"    isMarked \u003d true;","lastModifiedDate":"2022-01-30"},{"lineNumber":19,"author":{"gitId":"Gernene"},"content":"  }","lastModifiedDate":"2022-01-21"},{"lineNumber":20,"author":{"gitId":"Gernene"},"content":"","lastModifiedDate":"2022-01-21"},{"lineNumber":21,"author":{"gitId":"Gernene"},"content":"  public void unmark() {","lastModifiedDate":"2022-01-30"},{"lineNumber":22,"author":{"gitId":"Gernene"},"content":"    isMarked \u003d false;","lastModifiedDate":"2022-01-30"},{"lineNumber":23,"author":{"gitId":"Gernene"},"content":"  }","lastModifiedDate":"2022-01-21"},{"lineNumber":24,"author":{"gitId":"Gernene"},"content":"","lastModifiedDate":"2022-01-21"},{"lineNumber":25,"author":{"gitId":"Gernene"},"content":"  public String getDescription() {","lastModifiedDate":"2022-01-30"},{"lineNumber":26,"author":{"gitId":"Gernene"},"content":"    return description;","lastModifiedDate":"2022-01-30"},{"lineNumber":27,"author":{"gitId":"Gernene"},"content":"  }","lastModifiedDate":"2022-01-21"},{"lineNumber":28,"author":{"gitId":"Gernene"},"content":"","lastModifiedDate":"2022-01-21"},{"lineNumber":29,"author":{"gitId":"Gernene"},"content":"  public boolean isMarked() {","lastModifiedDate":"2022-01-30"},{"lineNumber":30,"author":{"gitId":"Gernene"},"content":"    return isMarked;","lastModifiedDate":"2022-01-30"},{"lineNumber":31,"author":{"gitId":"Gernene"},"content":"  }","lastModifiedDate":"2022-01-22"},{"lineNumber":32,"author":{"gitId":"Gernene"},"content":"","lastModifiedDate":"2022-01-22"},{"lineNumber":33,"author":{"gitId":"Gernene"},"content":"  public abstract String toString();","lastModifiedDate":"2022-01-22"},{"lineNumber":34,"author":{"gitId":"Gernene"},"content":"","lastModifiedDate":"2022-01-22"},{"lineNumber":35,"author":{"gitId":"Gernene"},"content":"}","lastModifiedDate":"2022-01-21"}],"authorContributionMap":{"Gernene":35}},{"path":"src/main/java/duke/task/Todo.java","fileType":"java","lines":[{"lineNumber":1,"author":{"gitId":"Gernene"},"content":"package duke.task;","lastModifiedDate":"2022-02-01"},{"lineNumber":2,"author":{"gitId":"Gernene"},"content":"","lastModifiedDate":"2022-01-30"},{"lineNumber":3,"author":{"gitId":"Gernene"},"content":"import duke.task.Task;","lastModifiedDate":"2022-01-31"},{"lineNumber":4,"author":{"gitId":"Gernene"},"content":"","lastModifiedDate":"2022-01-31"},{"lineNumber":5,"author":{"gitId":"Gernene"},"content":"public class Todo extends Task {","lastModifiedDate":"2022-01-22"},{"lineNumber":6,"author":{"gitId":"Gernene"},"content":"","lastModifiedDate":"2022-01-22"},{"lineNumber":7,"author":{"gitId":"Gernene"},"content":"  public Todo(String description, boolean status) {","lastModifiedDate":"2022-01-31"},{"lineNumber":8,"author":{"gitId":"Gernene"},"content":"    super(description, status);","lastModifiedDate":"2022-01-31"},{"lineNumber":9,"author":{"gitId":"Gernene"},"content":"  }","lastModifiedDate":"2022-01-22"},{"lineNumber":10,"author":{"gitId":"Gernene"},"content":"","lastModifiedDate":"2022-01-22"},{"lineNumber":11,"author":{"gitId":"Gernene"},"content":"  public Todo(String description) {","lastModifiedDate":"2022-01-31"},{"lineNumber":12,"author":{"gitId":"Gernene"},"content":"    this(description, false);","lastModifiedDate":"2022-01-31"},{"lineNumber":13,"author":{"gitId":"Gernene"},"content":"  }","lastModifiedDate":"2022-01-22"},{"lineNumber":14,"author":{"gitId":"Gernene"},"content":"","lastModifiedDate":"2022-01-22"},{"lineNumber":15,"author":{"gitId":"Gernene"},"content":"  public String toString() {","lastModifiedDate":"2022-01-22"},{"lineNumber":16,"author":{"gitId":"Gernene"},"content":"    return String.format(\"[T][%s] %s\", super.isMarked(), super.getDescription());","lastModifiedDate":"2022-01-31"},{"lineNumber":17,"author":{"gitId":"Gernene"},"content":"  }","lastModifiedDate":"2022-01-22"},{"lineNumber":18,"author":{"gitId":"Gernene"},"content":"","lastModifiedDate":"2022-01-22"},{"lineNumber":19,"author":{"gitId":"Gernene"},"content":"}","lastModifiedDate":"2022-01-22"}],"authorContributionMap":{"Gernene":19}},{"path":"src/test/java/duke/DukeTest.java","fileType":"java","lines":[{"lineNumber":1,"author":{"gitId":"Gernene"},"content":"import org.junit.jupiter.api.Test;","lastModifiedDate":"2022-01-31"},{"lineNumber":2,"author":{"gitId":"Gernene"},"content":"","lastModifiedDate":"2022-01-31"},{"lineNumber":3,"author":{"gitId":"Gernene"},"content":"import static org.junit.jupiter.api.Assertions.assertEquals;","lastModifiedDate":"2022-01-31"},{"lineNumber":4,"author":{"gitId":"Gernene"},"content":"","lastModifiedDate":"2022-01-31"},{"lineNumber":5,"author":{"gitId":"Gernene"},"content":"public class DukeTest {","lastModifiedDate":"2022-01-31"},{"lineNumber":6,"author":{"gitId":"Gernene"},"content":"    @Test","lastModifiedDate":"2022-01-31"},{"lineNumber":7,"author":{"gitId":"Gernene"},"content":"    public void dummyTest(){","lastModifiedDate":"2022-01-31"},{"lineNumber":8,"author":{"gitId":"Gernene"},"content":"        assertEquals(2, 2);","lastModifiedDate":"2022-01-31"},{"lineNumber":9,"author":{"gitId":"Gernene"},"content":"    }","lastModifiedDate":"2022-01-31"},{"lineNumber":10,"author":{"gitId":"Gernene"},"content":"}","lastModifiedDate":"2022-01-31"}],"authorContributionMap":{"Gernene":10}},{"path":"src/test/java/duke/ParserTest.java","fileType":"java","lines":[{"lineNumber":1,"author":{"gitId":"Gernene"},"content":"import org.junit.jupiter.api.Test;","lastModifiedDate":"2022-01-31"},{"lineNumber":2,"author":{"gitId":"Gernene"},"content":"","lastModifiedDate":"2022-01-31"},{"lineNumber":3,"author":{"gitId":"Gernene"},"content":"import static org.junit.jupiter.api.Assertions.assertEquals;","lastModifiedDate":"2022-01-31"},{"lineNumber":4,"author":{"gitId":"Gernene"},"content":"","lastModifiedDate":"2022-01-31"},{"lineNumber":5,"author":{"gitId":"Gernene"},"content":"public class ParserTest {","lastModifiedDate":"2022-01-31"},{"lineNumber":6,"author":{"gitId":"Gernene"},"content":"    @Test","lastModifiedDate":"2022-01-31"},{"lineNumber":7,"author":{"gitId":"Gernene"},"content":"    public void dummyTest(){","lastModifiedDate":"2022-01-31"},{"lineNumber":8,"author":{"gitId":"Gernene"},"content":"        assertEquals(2, 2);","lastModifiedDate":"2022-01-31"},{"lineNumber":9,"author":{"gitId":"Gernene"},"content":"    }","lastModifiedDate":"2022-01-31"},{"lineNumber":10,"author":{"gitId":"Gernene"},"content":"}","lastModifiedDate":"2022-01-31"}],"authorContributionMap":{"Gernene":10}},{"path":"src/test/java/duke/StorageTest.java","fileType":"java","lines":[{"lineNumber":1,"author":{"gitId":"Gernene"},"content":"import org.junit.jupiter.api.Test;","lastModifiedDate":"2022-01-31"},{"lineNumber":2,"author":{"gitId":"Gernene"},"content":"","lastModifiedDate":"2022-01-31"},{"lineNumber":3,"author":{"gitId":"Gernene"},"content":"import static org.junit.jupiter.api.Assertions.assertEquals;","lastModifiedDate":"2022-01-31"},{"lineNumber":4,"author":{"gitId":"Gernene"},"content":"","lastModifiedDate":"2022-01-31"},{"lineNumber":5,"author":{"gitId":"Gernene"},"content":"public class StorageTest {","lastModifiedDate":"2022-01-31"},{"lineNumber":6,"author":{"gitId":"Gernene"},"content":"    @Test","lastModifiedDate":"2022-01-31"},{"lineNumber":7,"author":{"gitId":"Gernene"},"content":"    public void dummyTest(){","lastModifiedDate":"2022-01-31"},{"lineNumber":8,"author":{"gitId":"Gernene"},"content":"        assertEquals(2, 2);","lastModifiedDate":"2022-01-31"},{"lineNumber":9,"author":{"gitId":"Gernene"},"content":"    }","lastModifiedDate":"2022-01-31"},{"lineNumber":10,"author":{"gitId":"Gernene"},"content":"}","lastModifiedDate":"2022-01-31"}],"authorContributionMap":{"Gernene":10}}]
