{"authorDailyContributionsMap":{"lzf834":[{"date":"2022-01-15","commitResults":[{"hash":"b95932578d5c086bfa1721ee1cd1742bfe4e469f","messageTitle":"Level-1 Implemented","messageBody":"","tags":["Level-1"],"fileTypesAndContributionMap":{"java":{"insertions":15,"deletions":1}}},{"hash":"65e434e4c5de5eb2bee439a4b29a172078a7fa94","messageTitle":"Level-2","messageBody":"","tags":["Level-2"],"fileTypesAndContributionMap":{"java":{"insertions":12,"deletions":2}}},{"hash":"e7be795a1c3db50910cdcc15e23847299b19398a","messageTitle":"Level-3 implemeneted","messageBody":"","tags":["Level-3"],"fileTypesAndContributionMap":{"java":{"insertions":57,"deletions":6}}},{"hash":"3b6e3b6fef5230ccb5ff27c8c81a0d08aea3551a","messageTitle":"Level-4 implemented","messageBody":"","tags":["Level-4"],"fileTypesAndContributionMap":{"java":{"insertions":107,"deletions":6}}}]},{"date":"2022-01-17","commitResults":[{"hash":"0591667f0b9d96dd3cdf207dc9e393e0c4ee9880","messageTitle":"A-TextUiTesting implemented","messageBody":"","tags":["A-TextUiTesting"],"fileTypesAndContributionMap":{"txt":{"insertions":5,"deletions":0},"java":{"insertions":4,"deletions":0}}},{"hash":"de641211f990c27218d3ad4c2057e78495748ede","messageTitle":"Level-5 Implemented","messageBody":"","tags":["Level-5"],"fileTypesAndContributionMap":{"java":{"insertions":89,"deletions":64}}},{"hash":"842e36c91092d129711da80d8282aaf4d197664f","messageTitle":"Level-6 Implemented","messageBody":"","tags":["Level-6"],"fileTypesAndContributionMap":{"java":{"insertions":15,"deletions":0}}}]},{"date":"2022-01-23","commitResults":[{"hash":"1311a6e8e902c3dc37ca480e8e50195d87284e94","messageTitle":"Abstract list method","messageBody":"","fileTypesAndContributionMap":{"java":{"insertions":10,"deletions":5}}},{"hash":"433a2f6e48ca9d49b8be4f489711a7e1157fb700","messageTitle":"Add Save function, includes file reading and directory creation to keep local list of activities that can be called back","messageBody":"","fileTypesAndContributionMap":{"java":{"insertions":109,"deletions":10}}},{"hash":"b40ab52ed35b422b6369a81be2169a134bda2e43","messageTitle":"Abstract list, mark, unmark and delete methods from main in duke.java","messageBody":"","fileTypesAndContributionMap":{"java":{"insertions":49,"deletions":38}}},{"hash":"b04ce3faa22f980d942b70325ce84626f24498e7","messageTitle":"Add error-handling for wrong inputs for methods mark, unmark and delete","messageBody":"","fileTypesAndContributionMap":{"java":{"insertions":39,"deletions":27}}},{"hash":"e7d83016000b0cf64f6c934c1aa8c955697013e0","messageTitle":"Add date/time handling for the Events and Deadlines","messageBody":"","fileTypesAndContributionMap":{"java":{"insertions":88,"deletions":25}}},{"hash":"51788afb6c81a5ad0a3dd42bcf5b765c8f316217","messageTitle":"Bug fixing from git merge from Level-8, resolve writing and reading date and time from data.txt file","messageBody":"","tags":["Level-8"],"fileTypesAndContributionMap":{"java":{"insertions":21,"deletions":10}}}]},{"date":"2022-01-24","commitResults":[{"hash":"f7fde73df21efc97f7037ce7642c5f3a62593935","messageTitle":"More OOP","messageBody":"Add Parser class that reads user input\nAdd Storage class that deals with loading and storing data in data.txt\nAdd TaskList class, an arrayList that holds all tasks with its own respective methods -\u003e add, delete, print, mark, unmark, and new method \"reset\" to clear the whole arrayList\nAdd Ui class that handles print statements\n\nModified Deadline and Duke.java to accomodate new classes\n","tags":["A-MoreOOP"],"fileTypesAndContributionMap":{"txt":{"insertions":8,"deletions":4},"java":{"insertions":361,"deletions":257}}},{"hash":"3c8696f41ef3ec951a975776b075f63d1b774d66","messageTitle":"Organize into packages by placing all classes into duke package","messageBody":"","tags":["A-Packages"],"fileTypesAndContributionMap":{"txt":{"insertions":0,"deletions":1},"java":{"insertions":16,"deletions":0},"bat":{"insertions":1,"deletions":1}}},{"hash":"d3ef7b60cf3b91b6973921591b0d6463f0645a05","messageTitle":"A-JUnit add JUnit tests to test the behaviour of Event, Deadline and Parser class","messageBody":"","tags":["A-Jar","A-JUnit"],"fileTypesAndContributionMap":{"java":{"insertions":156,"deletions":3}}},{"hash":"387f14d1bd896808206a224de8b0562a194a605e","messageTitle":"A-JavaDoc  Add JavaDoc comments to the code","messageBody":"","fileTypesAndContributionMap":{"java":{"insertions":270,"deletions":88}}},{"hash":"8b54ac6e5ebe0d87c73b3fa702346e11b289644a","messageTitle":"A-CodingStandard Tweak the code to comply with a given coding standard","messageBody":"","fileTypesAndContributionMap":{"java":{"insertions":74,"deletions":75}}},{"hash":"33e5b6b03f13680309513f6980e928ae6aa79274","messageTitle":"Level-9: Implement find function allowing users to find a task by searching for (a) keyword(s)","messageBody":"","fileTypesAndContributionMap":{"java":{"insertions":81,"deletions":27}}},{"hash":"ef61857f7a7e5b8acd84662391b2910e0d6c84cc","messageTitle":"Resolved conflicts in TaskTest.java","messageBody":"","tags":["Level-9"],"fileTypesAndContributionMap":{"java":{"insertions":2,"deletions":25}}}]},{"date":"2022-01-30","commitResults":[{"hash":"d22eb835fa8fefad8e3540e5f02ac65e125b6edd","messageTitle":"Add and merge gradle to new branch A-gradle, able to run shadowjar test","messageBody":"","fileTypesAndContributionMap":{"gradle":{"insertions":1,"deletions":1},"java":{"insertions":4,"deletions":0}}},{"hash":"49d98a987f0c6dd1c16a541d918df4f84841010d","messageTitle":"A-CheckStyle: Add gradle checkstyle and fix styles in files","messageBody":"","fileTypesAndContributionMap":{"txt":{"insertions":1,"deletions":0},"java":{"insertions":86,"deletions":70}}}]},{"date":"2022-01-31","commitResults":[{"hash":"56078794f180830bcaf1e19f74e699bcec48c628","messageTitle":"GUI JavaFX tutorial part 1","messageBody":"","fileTypesAndContributionMap":{"gradle":{"insertions":15,"deletions":0},"java":{"insertions":31,"deletions":7}}},{"hash":"5cea1a4aeb8db6c412aa9f5fa2087bcd1217dc54","messageTitle":"GUI JavaFx tutorial 1 change font","messageBody":"","fileTypesAndContributionMap":{"java":{"insertions":2,"deletions":0}}},{"hash":"fdc75a484bf8e59626e0ef25bd0de9ff501a059e","messageTitle":"GUI javaFX tutorial part 2","messageBody":"","fileTypesAndContributionMap":{"java":{"insertions":58,"deletions":7}}},{"hash":"f6a5e7b4389f716871f5110805a42c6229fc3d71","messageTitle":"GUI JavaFX tutorial 3 iteration 1","messageBody":"","fileTypesAndContributionMap":{"java":{"insertions":29,"deletions":0}}},{"hash":"0b92c701d9b7ce85e7cf1d65994fcd331123352f","messageTitle":"GUI JavaFX tutorial 3 iteration 2 Update images","messageBody":"","fileTypesAndContributionMap":{"java":{"insertions":54,"deletions":4}}},{"hash":"ade24028056da051b93d88f760d1172cdb4da1e6","messageTitle":"GUI JavaFX tutorial 3","messageBody":"","fileTypesAndContributionMap":{"java":{"insertions":27,"deletions":2}}}]},{"date":"2022-02-01","commitResults":[{"hash":"f2446131af58fd0154ca005f35736a2fcfb904ce","messageTitle":"GUI JavaFX Tutorial 4 final","messageBody":"","fileTypesAndContributionMap":{"fxml":{"insertions":35,"deletions":0},"java":{"insertions":123,"deletions":147}}},{"hash":"641efaaee5ae329bdbbba1383ce60fad8e4306c5","messageTitle":"Level-10 add GUI for duke","messageBody":"","fileTypesAndContributionMap":{"txt":{"insertions":0,"deletions":1},"java":{"insertions":182,"deletions":55}}}]}]},"authorFileTypeContributionMap":{"lzf834":{"java":1249,"md":0,"fxml":35,"sh":0,"bat":1,"gradle":16,"txt":8}},"authorContributionVariance":{"lzf834":115693.15},"authorDisplayNameMap":{"lzf834":"CS2103T-T12-1 LYE ..OONG"}}
