{"authorDailyContributionsMap":{"tanweien":[{"date":"2022-01-20","commitResults":[{"hash":"57980e6bd28dfde78488f84f67cf770b73120975","messageTitle":"Level 0, to test commit","messageBody":"","tags":["Level-0"],"fileTypesAndContributionMap":{"java":{"insertions":1,"deletions":6}}},{"hash":"fa48aa4bc8a1af20e277a76095ebf2c371de33b4","messageTitle":"Level 1","messageBody":"","tags":["Level-1"],"fileTypesAndContributionMap":{"java":{"insertions":34,"deletions":1}}},{"hash":"0c316c523f9e16ee355710db6a600ae3fed11779","messageTitle":"Level 2, added TaskList class","messageBody":"","tags":["Level-2"],"fileTypesAndContributionMap":{"java":{"insertions":38,"deletions":1}}},{"hash":"31889d9b692656e1fcbff992abd683ca5e7c28a9","messageTitle":"Level 2, added TaskList class","messageBody":"","tags":["Level-3"],"fileTypesAndContributionMap":{"java":{"insertions":94,"deletions":15}}},{"hash":"ae644d00ca2278236d03f27468a890387ac508c0","messageTitle":"Level 4, added subclasses and fixed bugs","messageBody":"","tags":["Level-4","A-TextUiTesting"],"fileTypesAndContributionMap":{"java":{"insertions":111,"deletions":21}}},{"hash":"5a3a7c72991a7b315b65af3837ad06064777fabf","messageTitle":"Level 5, added exception handling for tasks and markings","messageBody":"","tags":["Level-5"],"fileTypesAndContributionMap":{"java":{"insertions":66,"deletions":34}}},{"hash":"8ee195a999c004f619b7b557cd891facb1ed575f","messageTitle":"Level 6, added delete in Duke and TaskList","messageBody":"","tags":["Level-6"],"fileTypesAndContributionMap":{"java":{"insertions":23,"deletions":1}}}]},{"date":"2022-01-21","commitResults":[{"hash":"aeac8679669c0c9846328292e284c8235d3d0b06","messageTitle":"Level 6.1, cleaned up code before starting on other increments","messageBody":"","tags":["Level-6.1"],"fileTypesAndContributionMap":{"java":{"insertions":8,"deletions":16}}},{"hash":"913472d7eea0f2c1c5ce0bc5d11844af1942d6a1","messageTitle":"Level 7, testing branching","messageBody":"","fileTypesAndContributionMap":{"java":{"insertions":0,"deletions":1}}},{"hash":"8b7699349211cd76e2581c96cb27a551d10d3072","messageTitle":"Level 7, added save and fixed bugs","messageBody":"","tags":["Level-7"],"fileTypesAndContributionMap":{"txt":{"insertions":3,"deletions":0},"java":{"insertions":109,"deletions":32}}},{"hash":"71d6103dfb9f3dd239f65ec1f7884fc304c093ec","messageTitle":"Level 8, added DateTime format","messageBody":"","fileTypesAndContributionMap":{"java":{"insertions":80,"deletions":32}}},{"hash":"ba10ee6e9132fc55fc711931e06112fb5975bb00","messageTitle":"Level 8.1, merging branches","messageBody":"","tags":["Level-8.1"],"fileTypesAndContributionMap":{"java":{"insertions":27,"deletions":8}}},{"hash":"e7a167ed2c06877054c579f2a9e25f406c02efb1","messageTitle":"Level 8.2, update gitignore","messageBody":"","fileTypesAndContributionMap":{"txt":{"insertions":3,"deletions":3}}}]},{"date":"2022-01-22","commitResults":[{"hash":"e486a8dd067a288e984a716cfe5e1e9088096179","messageTitle":"Level 9.0, adding more OOP","messageBody":"","tags":["Level-9"],"fileTypesAndContributionMap":{"java":{"insertions":530,"deletions":159}}}]},{"date":"2022-01-23","commitResults":[{"hash":"aa19bb501a4be2afda50c1d7b48b516814a67d0d","messageTitle":"Level 9.1 cleaned up OOP bugs","messageBody":"","tags":["Level-9.1"],"fileTypesAndContributionMap":{"java":{"insertions":146,"deletions":12}}},{"hash":"949435c1279914f72720155a43ea4f4bb2fcc8cf","messageTitle":"Level A-Packages, organised into packages","messageBody":"","tags":["A-Packages"],"fileTypesAndContributionMap":{"java":{"insertions":162,"deletions":284}}},{"hash":"3c96b5028adea91f63c3736d1f9ee5803ec7407a","messageTitle":"Level A-Packages, organised into packages","messageBody":"","tags":["A-Jar","A-JUnit"],"fileTypesAndContributionMap":{"java":{"insertions":17,"deletions":0}}}]}]},"authorFileTypeContributionMap":{"tanweien":{"java":789,"md":0,"fxml":0,"sh":0,"bat":0,"gradle":0,"txt":3}},"authorContributionVariance":{"tanweien":73115.36},"authorDisplayNameMap":{"tanweien":"CS2103T-W11-4 TAN ..I EN"}}
