[{"path":"duke.txt","fileType":"txt","lines":[{"lineNumber":1,"author":{"gitId":"talkintomato"},"content":"T , false , read book , null","lastModifiedDate":"2022-01-30"},{"lineNumber":2,"author":{"gitId":"talkintomato"},"content":"D , false , read book , 2020-02-02","lastModifiedDate":"2022-01-30"}],"authorContributionMap":{"talkintomato":2}},{"path":"src/data/duke.txt","fileType":"txt","lines":[{"lineNumber":1,"author":{"gitId":"talkintomato"},"content":"E , false , read book , 2019-10-15","lastModifiedDate":"2022-01-31"},{"lineNumber":2,"author":{"gitId":"talkintomato"},"content":"D , false , return book , 2019-10-15","lastModifiedDate":"2022-01-29"},{"lineNumber":3,"author":{"gitId":"talkintomato"},"content":"E , false , project meeting , 2019-10-20","lastModifiedDate":"2022-01-29"},{"lineNumber":4,"author":{"gitId":"talkintomato"},"content":"T , false , one two three , null","lastModifiedDate":"2022-01-30"}],"authorContributionMap":{"talkintomato":4}},{"path":"src/main/java/duke/Command.java","fileType":"java","lines":[{"lineNumber":1,"author":{"gitId":"talkintomato"},"content":"package duke;","lastModifiedDate":"2022-01-29"},{"lineNumber":2,"author":{"gitId":"talkintomato"},"content":"import duke.exception.DukeException;","lastModifiedDate":"2022-01-29"},{"lineNumber":3,"author":{"gitId":"talkintomato"},"content":"import duke.tasks.*;","lastModifiedDate":"2022-01-29"},{"lineNumber":4,"author":{"gitId":"talkintomato"},"content":"","lastModifiedDate":"2022-01-29"},{"lineNumber":5,"author":{"gitId":"talkintomato"},"content":"import java.time.format.DateTimeParseException;","lastModifiedDate":"2022-01-29"},{"lineNumber":6,"author":{"gitId":"talkintomato"},"content":"","lastModifiedDate":"2022-01-29"},{"lineNumber":7,"author":{"gitId":"talkintomato"},"content":"","lastModifiedDate":"2022-01-29"},{"lineNumber":8,"author":{"gitId":"talkintomato"},"content":"public class Command {","lastModifiedDate":"2022-01-29"},{"lineNumber":9,"author":{"gitId":"talkintomato"},"content":"","lastModifiedDate":"2022-01-29"},{"lineNumber":10,"author":{"gitId":"talkintomato"},"content":"    private String[] cmd;","lastModifiedDate":"2022-01-29"},{"lineNumber":11,"author":{"gitId":"talkintomato"},"content":"","lastModifiedDate":"2022-01-30"},{"lineNumber":12,"author":{"gitId":"talkintomato"},"content":"    private boolean isExiting \u003d false;","lastModifiedDate":"2022-02-02"},{"lineNumber":13,"author":{"gitId":"talkintomato"},"content":"","lastModifiedDate":"2022-01-29"},{"lineNumber":14,"author":{"gitId":"talkintomato"},"content":"    public Command(String[] cmd) {","lastModifiedDate":"2022-01-29"},{"lineNumber":15,"author":{"gitId":"talkintomato"},"content":"        this.cmd \u003d cmd;","lastModifiedDate":"2022-01-29"},{"lineNumber":16,"author":{"gitId":"talkintomato"},"content":"    }","lastModifiedDate":"2022-01-29"},{"lineNumber":17,"author":{"gitId":"talkintomato"},"content":"","lastModifiedDate":"2022-01-29"},{"lineNumber":18,"author":{"gitId":"talkintomato"},"content":"    /**","lastModifiedDate":"2022-01-30"},{"lineNumber":19,"author":{"gitId":"talkintomato"},"content":"     * Determines the Nature of the command to be executed","lastModifiedDate":"2022-01-30"},{"lineNumber":20,"author":{"gitId":"talkintomato"},"content":"     * @param taskList the TaskList which is active","lastModifiedDate":"2022-01-30"},{"lineNumber":21,"author":{"gitId":"talkintomato"},"content":"     * @param ui the user interface","lastModifiedDate":"2022-01-30"},{"lineNumber":22,"author":{"gitId":"talkintomato"},"content":"     * @param storage The object used to write and save state of Tasklist","lastModifiedDate":"2022-01-30"},{"lineNumber":23,"author":{"gitId":"talkintomato"},"content":"     * @throws DukeException","lastModifiedDate":"2022-01-30"},{"lineNumber":24,"author":{"gitId":"talkintomato"},"content":"     */","lastModifiedDate":"2022-01-30"},{"lineNumber":25,"author":{"gitId":"talkintomato"},"content":"    public void execute(TaskList taskList, Ui ui, Storage storage) throws DukeException {","lastModifiedDate":"2022-01-29"},{"lineNumber":26,"author":{"gitId":"talkintomato"},"content":"        switch(cmd[0]) {","lastModifiedDate":"2022-01-29"},{"lineNumber":27,"author":{"gitId":"talkintomato"},"content":"        case \"list\" :","lastModifiedDate":"2022-01-29"},{"lineNumber":28,"author":{"gitId":"talkintomato"},"content":"            ui.printList(taskList.getList());","lastModifiedDate":"2022-01-30"},{"lineNumber":29,"author":{"gitId":"talkintomato"},"content":"            break;","lastModifiedDate":"2022-01-29"},{"lineNumber":30,"author":{"gitId":"talkintomato"},"content":"        case \"mark\" :","lastModifiedDate":"2022-01-29"},{"lineNumber":31,"author":{"gitId":"talkintomato"},"content":"            taskList.mark(cmd[1]);","lastModifiedDate":"2022-01-29"},{"lineNumber":32,"author":{"gitId":"talkintomato"},"content":"            break;","lastModifiedDate":"2022-01-29"},{"lineNumber":33,"author":{"gitId":"talkintomato"},"content":"        case \"unmark\" :","lastModifiedDate":"2022-01-29"},{"lineNumber":34,"author":{"gitId":"talkintomato"},"content":"            taskList.unmark(cmd[1]);","lastModifiedDate":"2022-01-29"},{"lineNumber":35,"author":{"gitId":"talkintomato"},"content":"            break;","lastModifiedDate":"2022-01-29"},{"lineNumber":36,"author":{"gitId":"talkintomato"},"content":"        case \"find\" :","lastModifiedDate":"2022-01-30"},{"lineNumber":37,"author":{"gitId":"talkintomato"},"content":"            ui.showSearchResults(taskList.searchKeyword(cmd[1]));","lastModifiedDate":"2022-01-30"},{"lineNumber":38,"author":{"gitId":"talkintomato"},"content":"            break;","lastModifiedDate":"2022-01-30"},{"lineNumber":39,"author":{"gitId":"talkintomato"},"content":"        //Event creation","lastModifiedDate":"2022-01-29"},{"lineNumber":40,"author":{"gitId":"talkintomato"},"content":"        case \"todo\":","lastModifiedDate":"2022-01-29"},{"lineNumber":41,"author":{"gitId":"talkintomato"},"content":"            createTodo(cmd, taskList, ui);","lastModifiedDate":"2022-01-30"},{"lineNumber":42,"author":{"gitId":"talkintomato"},"content":"            break;","lastModifiedDate":"2022-01-29"},{"lineNumber":43,"author":{"gitId":"talkintomato"},"content":"        case \"deadline\":","lastModifiedDate":"2022-01-29"},{"lineNumber":44,"author":{"gitId":"talkintomato"},"content":"            createDeadline(cmd, taskList, ui);","lastModifiedDate":"2022-01-30"},{"lineNumber":45,"author":{"gitId":"talkintomato"},"content":"            break;","lastModifiedDate":"2022-01-29"},{"lineNumber":46,"author":{"gitId":"talkintomato"},"content":"        case \"event\":","lastModifiedDate":"2022-01-29"},{"lineNumber":47,"author":{"gitId":"talkintomato"},"content":"            createEvent(cmd, taskList, ui);","lastModifiedDate":"2022-01-30"},{"lineNumber":48,"author":{"gitId":"talkintomato"},"content":"            break;","lastModifiedDate":"2022-01-29"},{"lineNumber":49,"author":{"gitId":"talkintomato"},"content":"        case \"delete\":","lastModifiedDate":"2022-01-29"},{"lineNumber":50,"author":{"gitId":"talkintomato"},"content":"            taskList.removeTask(cmd[1]);","lastModifiedDate":"2022-01-29"},{"lineNumber":51,"author":{"gitId":"talkintomato"},"content":"            break;","lastModifiedDate":"2022-01-29"},{"lineNumber":52,"author":{"gitId":"talkintomato"},"content":"        case \"bye\" :","lastModifiedDate":"2022-01-29"},{"lineNumber":53,"author":{"gitId":"talkintomato"},"content":"            isExiting \u003d true;","lastModifiedDate":"2022-02-02"},{"lineNumber":54,"author":{"gitId":"talkintomato"},"content":"            break;","lastModifiedDate":"2022-01-29"},{"lineNumber":55,"author":{"gitId":"talkintomato"},"content":"        default:","lastModifiedDate":"2022-01-29"},{"lineNumber":56,"author":{"gitId":"talkintomato"},"content":"            throw new DukeException(\"I\u0027m not sure what that means :((\");","lastModifiedDate":"2022-01-29"},{"lineNumber":57,"author":{"gitId":"talkintomato"},"content":"        }","lastModifiedDate":"2022-01-29"},{"lineNumber":58,"author":{"gitId":"talkintomato"},"content":"        storage.saveList();","lastModifiedDate":"2022-01-29"},{"lineNumber":59,"author":{"gitId":"talkintomato"},"content":"    }","lastModifiedDate":"2022-01-29"},{"lineNumber":60,"author":{"gitId":"talkintomato"},"content":"","lastModifiedDate":"2022-01-29"},{"lineNumber":61,"author":{"gitId":"talkintomato"},"content":"    public boolean getExitStatus() {","lastModifiedDate":"2022-01-29"},{"lineNumber":62,"author":{"gitId":"talkintomato"},"content":"        return isExiting;","lastModifiedDate":"2022-02-02"},{"lineNumber":63,"author":{"gitId":"talkintomato"},"content":"    }","lastModifiedDate":"2022-01-29"},{"lineNumber":64,"author":{"gitId":"talkintomato"},"content":"","lastModifiedDate":"2022-01-29"},{"lineNumber":65,"author":{"gitId":"talkintomato"},"content":"    /**","lastModifiedDate":"2022-01-30"},{"lineNumber":66,"author":{"gitId":"talkintomato"},"content":"     * Creates a todo and adds it to TaskList","lastModifiedDate":"2022-01-30"},{"lineNumber":67,"author":{"gitId":"talkintomato"},"content":"     * @param cmd The parameters of the todo to be created","lastModifiedDate":"2022-01-30"},{"lineNumber":68,"author":{"gitId":"talkintomato"},"content":"     * @param taskList the TaskList which is active","lastModifiedDate":"2022-01-30"},{"lineNumber":69,"author":{"gitId":"talkintomato"},"content":"     * @throws DukeException","lastModifiedDate":"2022-01-30"},{"lineNumber":70,"author":{"gitId":"talkintomato"},"content":"     */","lastModifiedDate":"2022-01-30"},{"lineNumber":71,"author":{"gitId":"talkintomato"},"content":"    private void createTodo(String[] cmd, TaskList taskList, Ui ui) throws DukeException {","lastModifiedDate":"2022-01-30"},{"lineNumber":72,"author":{"gitId":"talkintomato"},"content":"        if (cmd.length \u003d\u003d 2) {","lastModifiedDate":"2022-01-29"},{"lineNumber":73,"author":{"gitId":"talkintomato"},"content":"            Todo todo \u003d new Todo(cmd[1]);","lastModifiedDate":"2022-01-29"},{"lineNumber":74,"author":{"gitId":"talkintomato"},"content":"            taskList.addTask(todo);","lastModifiedDate":"2022-01-29"},{"lineNumber":75,"author":{"gitId":"talkintomato"},"content":"            ui.showTaskAdded(todo);","lastModifiedDate":"2022-01-30"},{"lineNumber":76,"author":{"gitId":"talkintomato"},"content":"        } else {","lastModifiedDate":"2022-01-29"},{"lineNumber":77,"author":{"gitId":"talkintomato"},"content":"            throw new DukeException(\"The description of a todo cannot be empty.\");","lastModifiedDate":"2022-01-29"},{"lineNumber":78,"author":{"gitId":"talkintomato"},"content":"        }","lastModifiedDate":"2022-01-29"},{"lineNumber":79,"author":{"gitId":"talkintomato"},"content":"    }","lastModifiedDate":"2022-01-29"},{"lineNumber":80,"author":{"gitId":"talkintomato"},"content":"","lastModifiedDate":"2022-01-29"},{"lineNumber":81,"author":{"gitId":"talkintomato"},"content":"    /**","lastModifiedDate":"2022-01-30"},{"lineNumber":82,"author":{"gitId":"talkintomato"},"content":"     * Creates a Deadline and adds it to TaskList","lastModifiedDate":"2022-01-30"},{"lineNumber":83,"author":{"gitId":"talkintomato"},"content":"     * @param cmd The parameters of the deadline to be created","lastModifiedDate":"2022-01-30"},{"lineNumber":84,"author":{"gitId":"talkintomato"},"content":"     * @param taskList the TaskList which is active","lastModifiedDate":"2022-01-30"},{"lineNumber":85,"author":{"gitId":"talkintomato"},"content":"     * @throws DukeException","lastModifiedDate":"2022-01-30"},{"lineNumber":86,"author":{"gitId":"talkintomato"},"content":"     */","lastModifiedDate":"2022-01-30"},{"lineNumber":87,"author":{"gitId":"talkintomato"},"content":"    private void createDeadline(String[] cmd, TaskList taskList, Ui ui) throws DukeException {","lastModifiedDate":"2022-01-30"},{"lineNumber":88,"author":{"gitId":"talkintomato"},"content":"        if (cmd.length \u003d\u003d 2) {","lastModifiedDate":"2022-01-29"},{"lineNumber":89,"author":{"gitId":"talkintomato"},"content":"            String[] deadlineDetails \u003d cmd[1].split(\" /by \", 2);","lastModifiedDate":"2022-01-29"},{"lineNumber":90,"author":{"gitId":"talkintomato"},"content":"            if (deadlineDetails.length \u003d\u003d 2) {","lastModifiedDate":"2022-01-29"},{"lineNumber":91,"author":{"gitId":"talkintomato"},"content":"                try {","lastModifiedDate":"2022-01-29"},{"lineNumber":92,"author":{"gitId":"talkintomato"},"content":"                    Deadline deadline \u003d new Deadline(deadlineDetails[0], deadlineDetails[1]);","lastModifiedDate":"2022-01-29"},{"lineNumber":93,"author":{"gitId":"talkintomato"},"content":"                    taskList.addTask(deadline);","lastModifiedDate":"2022-01-29"},{"lineNumber":94,"author":{"gitId":"talkintomato"},"content":"                    ui.showTaskAdded(deadline);","lastModifiedDate":"2022-01-30"},{"lineNumber":95,"author":{"gitId":"talkintomato"},"content":"                } catch (DateTimeParseException e) {","lastModifiedDate":"2022-01-29"},{"lineNumber":96,"author":{"gitId":"talkintomato"},"content":"                    System.out.println(e.getMessage() + \"\\nPlease input deadline in yyyy-mm-dd\");","lastModifiedDate":"2022-01-29"},{"lineNumber":97,"author":{"gitId":"talkintomato"},"content":"                }","lastModifiedDate":"2022-01-29"},{"lineNumber":98,"author":{"gitId":"talkintomato"},"content":"            } else {","lastModifiedDate":"2022-01-29"},{"lineNumber":99,"author":{"gitId":"talkintomato"},"content":"                throw new DukeException(\"Please indicate a time for the Deadline!\");","lastModifiedDate":"2022-01-29"},{"lineNumber":100,"author":{"gitId":"talkintomato"},"content":"            }","lastModifiedDate":"2022-01-29"},{"lineNumber":101,"author":{"gitId":"talkintomato"},"content":"        } else {","lastModifiedDate":"2022-01-29"},{"lineNumber":102,"author":{"gitId":"talkintomato"},"content":"            throw new DukeException(\"The description of a Deadline date cannot be empty.\");","lastModifiedDate":"2022-01-29"},{"lineNumber":103,"author":{"gitId":"talkintomato"},"content":"        }","lastModifiedDate":"2022-01-29"},{"lineNumber":104,"author":{"gitId":"talkintomato"},"content":"    }","lastModifiedDate":"2022-01-29"},{"lineNumber":105,"author":{"gitId":"talkintomato"},"content":"","lastModifiedDate":"2022-01-29"},{"lineNumber":106,"author":{"gitId":"talkintomato"},"content":"    /**","lastModifiedDate":"2022-01-30"},{"lineNumber":107,"author":{"gitId":"talkintomato"},"content":"     * Creates a event and adds it to TaskList","lastModifiedDate":"2022-01-30"},{"lineNumber":108,"author":{"gitId":"talkintomato"},"content":"     * @param cmd The parameters of the event to be created","lastModifiedDate":"2022-01-30"},{"lineNumber":109,"author":{"gitId":"talkintomato"},"content":"     * @param taskList the TaskList which is active","lastModifiedDate":"2022-01-30"},{"lineNumber":110,"author":{"gitId":"talkintomato"},"content":"     * @throws DukeException","lastModifiedDate":"2022-01-30"},{"lineNumber":111,"author":{"gitId":"talkintomato"},"content":"     */","lastModifiedDate":"2022-01-30"},{"lineNumber":112,"author":{"gitId":"talkintomato"},"content":"    private void createEvent(String[] cmd, TaskList taskList, Ui ui) throws DukeException {","lastModifiedDate":"2022-01-30"},{"lineNumber":113,"author":{"gitId":"talkintomato"},"content":"        if (cmd.length \u003d\u003d 2) {","lastModifiedDate":"2022-01-29"},{"lineNumber":114,"author":{"gitId":"talkintomato"},"content":"            String[] EventDetails \u003d cmd[1].split(\" /at \", 2);","lastModifiedDate":"2022-01-29"},{"lineNumber":115,"author":{"gitId":"talkintomato"},"content":"            if (EventDetails.length \u003d\u003d 2) {","lastModifiedDate":"2022-01-29"},{"lineNumber":116,"author":{"gitId":"talkintomato"},"content":"                try {","lastModifiedDate":"2022-01-29"},{"lineNumber":117,"author":{"gitId":"talkintomato"},"content":"                    Event event \u003d new Event(EventDetails[0], EventDetails[1]);","lastModifiedDate":"2022-01-29"},{"lineNumber":118,"author":{"gitId":"talkintomato"},"content":"                    taskList.addTask(event);","lastModifiedDate":"2022-01-29"},{"lineNumber":119,"author":{"gitId":"talkintomato"},"content":"                    ui.showTaskAdded(event);","lastModifiedDate":"2022-01-30"},{"lineNumber":120,"author":{"gitId":"talkintomato"},"content":"                } catch (DateTimeParseException e) {","lastModifiedDate":"2022-01-29"},{"lineNumber":121,"author":{"gitId":"talkintomato"},"content":"                    System.out.println(e.getMessage() + \"\\nPlease input Event date in yyyy-mm-dd\");","lastModifiedDate":"2022-01-29"},{"lineNumber":122,"author":{"gitId":"talkintomato"},"content":"                }","lastModifiedDate":"2022-01-29"},{"lineNumber":123,"author":{"gitId":"talkintomato"},"content":"            } else {","lastModifiedDate":"2022-01-29"},{"lineNumber":124,"author":{"gitId":"talkintomato"},"content":"                throw new DukeException(\"Please indicate a time for the Event!\");","lastModifiedDate":"2022-01-29"},{"lineNumber":125,"author":{"gitId":"talkintomato"},"content":"            }","lastModifiedDate":"2022-01-29"},{"lineNumber":126,"author":{"gitId":"talkintomato"},"content":"        } else {","lastModifiedDate":"2022-01-29"},{"lineNumber":127,"author":{"gitId":"talkintomato"},"content":"            throw new DukeException(\"The description of a Event cannot be empty.\");","lastModifiedDate":"2022-01-29"},{"lineNumber":128,"author":{"gitId":"talkintomato"},"content":"        }","lastModifiedDate":"2022-01-29"},{"lineNumber":129,"author":{"gitId":"talkintomato"},"content":"    }","lastModifiedDate":"2022-01-29"},{"lineNumber":130,"author":{"gitId":"talkintomato"},"content":"}","lastModifiedDate":"2022-01-29"}],"authorContributionMap":{"talkintomato":130}},{"path":"src/main/java/duke/Duke.java","fileType":"java","lines":[{"lineNumber":1,"author":{"gitId":"talkintomato"},"content":"package duke;","lastModifiedDate":"2022-01-29"},{"lineNumber":2,"author":{"gitId":"talkintomato"},"content":"","lastModifiedDate":"2022-01-29"},{"lineNumber":3,"author":{"gitId":"talkintomato"},"content":"import duke.exception.DukeException;","lastModifiedDate":"2022-01-29"},{"lineNumber":4,"author":{"gitId":"talkintomato"},"content":"","lastModifiedDate":"2022-01-19"},{"lineNumber":5,"author":{"gitId":"-"},"content":"public class Duke {","lastModifiedDate":"2019-07-29"},{"lineNumber":6,"author":{"gitId":"talkintomato"},"content":"","lastModifiedDate":"2022-01-30"},{"lineNumber":7,"author":{"gitId":"talkintomato"},"content":"    private TaskList taskList;","lastModifiedDate":"2022-01-29"},{"lineNumber":8,"author":{"gitId":"talkintomato"},"content":"","lastModifiedDate":"2022-01-30"},{"lineNumber":9,"author":{"gitId":"talkintomato"},"content":"    private Storage storage;","lastModifiedDate":"2022-01-29"},{"lineNumber":10,"author":{"gitId":"talkintomato"},"content":"","lastModifiedDate":"2022-01-30"},{"lineNumber":11,"author":{"gitId":"talkintomato"},"content":"    private Ui ui;","lastModifiedDate":"2022-01-29"},{"lineNumber":12,"author":{"gitId":"talkintomato"},"content":"","lastModifiedDate":"2022-01-19"},{"lineNumber":13,"author":{"gitId":"-"},"content":"    public static void main(String[] args) {","lastModifiedDate":"2019-07-29"},{"lineNumber":14,"author":{"gitId":"talkintomato"},"content":"        new Duke(\"./src/data/duke.txt\").run();","lastModifiedDate":"2022-01-30"},{"lineNumber":15,"author":{"gitId":"talkintomato"},"content":"    }","lastModifiedDate":"2022-01-21"},{"lineNumber":16,"author":{"gitId":"talkintomato"},"content":"","lastModifiedDate":"2022-01-21"},{"lineNumber":17,"author":{"gitId":"talkintomato"},"content":"    /**","lastModifiedDate":"2022-01-30"},{"lineNumber":18,"author":{"gitId":"talkintomato"},"content":"     * Constructor for class","lastModifiedDate":"2022-01-30"},{"lineNumber":19,"author":{"gitId":"talkintomato"},"content":"     * @param filePath The path which to save and load taskList state from","lastModifiedDate":"2022-01-30"},{"lineNumber":20,"author":{"gitId":"talkintomato"},"content":"     */","lastModifiedDate":"2022-01-30"},{"lineNumber":21,"author":{"gitId":"talkintomato"},"content":"    public Duke(String filePath) {","lastModifiedDate":"2022-01-29"},{"lineNumber":22,"author":{"gitId":"talkintomato"},"content":"        ui \u003d new Ui();","lastModifiedDate":"2022-01-29"},{"lineNumber":23,"author":{"gitId":"talkintomato"},"content":"        storage \u003d new Storage(filePath);","lastModifiedDate":"2022-01-29"},{"lineNumber":24,"author":{"gitId":"talkintomato"},"content":"        try {","lastModifiedDate":"2022-01-28"},{"lineNumber":25,"author":{"gitId":"talkintomato"},"content":"            taskList \u003d new TaskList(storage.load());","lastModifiedDate":"2022-01-29"},{"lineNumber":26,"author":{"gitId":"talkintomato"},"content":"        } catch (Exception e) {","lastModifiedDate":"2022-01-29"},{"lineNumber":27,"author":{"gitId":"talkintomato"},"content":"//            ui.showLoadingError();","lastModifiedDate":"2022-01-29"},{"lineNumber":28,"author":{"gitId":"talkintomato"},"content":"            this.taskList \u003d new TaskList();","lastModifiedDate":"2022-01-29"},{"lineNumber":29,"author":{"gitId":"talkintomato"},"content":"        }","lastModifiedDate":"2022-01-21"},{"lineNumber":30,"author":{"gitId":"talkintomato"},"content":"    }","lastModifiedDate":"2022-01-21"},{"lineNumber":31,"author":{"gitId":"talkintomato"},"content":"","lastModifiedDate":"2022-01-21"},{"lineNumber":32,"author":{"gitId":"talkintomato"},"content":"    /**","lastModifiedDate":"2022-01-30"},{"lineNumber":33,"author":{"gitId":"talkintomato"},"content":"     *  Starts running Duke","lastModifiedDate":"2022-01-30"},{"lineNumber":34,"author":{"gitId":"talkintomato"},"content":"     */","lastModifiedDate":"2022-01-30"},{"lineNumber":35,"author":{"gitId":"talkintomato"},"content":"    public void run() {","lastModifiedDate":"2022-01-29"},{"lineNumber":36,"author":{"gitId":"talkintomato"},"content":"        ui.launch();","lastModifiedDate":"2022-01-29"},{"lineNumber":37,"author":{"gitId":"talkintomato"},"content":"        boolean isExit \u003d false;","lastModifiedDate":"2022-01-29"},{"lineNumber":38,"author":{"gitId":"talkintomato"},"content":"        while (!isExit) {","lastModifiedDate":"2022-01-29"},{"lineNumber":39,"author":{"gitId":"talkintomato"},"content":"            try {","lastModifiedDate":"2022-01-28"},{"lineNumber":40,"author":{"gitId":"talkintomato"},"content":"                String fullCommand \u003d ui.readCommand();","lastModifiedDate":"2022-01-29"},{"lineNumber":41,"author":{"gitId":"talkintomato"},"content":"                ui.showLine(); // show the divider line (\"_______\")","lastModifiedDate":"2022-01-29"},{"lineNumber":42,"author":{"gitId":"talkintomato"},"content":"                Command c \u003d Parser.parseCommand(fullCommand);","lastModifiedDate":"2022-01-31"},{"lineNumber":43,"author":{"gitId":"talkintomato"},"content":"                c.execute(taskList, ui, storage);","lastModifiedDate":"2022-01-29"},{"lineNumber":44,"author":{"gitId":"talkintomato"},"content":"                isExit \u003d c.getExitStatus();","lastModifiedDate":"2022-01-29"},{"lineNumber":45,"author":{"gitId":"talkintomato"},"content":"            } catch (DukeException e) {","lastModifiedDate":"2022-01-29"},{"lineNumber":46,"author":{"gitId":"talkintomato"},"content":"                ui.showError(e.getMessage());","lastModifiedDate":"2022-01-29"},{"lineNumber":47,"author":{"gitId":"talkintomato"},"content":"            } finally {","lastModifiedDate":"2022-01-29"},{"lineNumber":48,"author":{"gitId":"talkintomato"},"content":"                ui.showLine();","lastModifiedDate":"2022-01-29"},{"lineNumber":49,"author":{"gitId":"talkintomato"},"content":"            }","lastModifiedDate":"2022-01-29"},{"lineNumber":50,"author":{"gitId":"talkintomato"},"content":"        }","lastModifiedDate":"2022-01-29"},{"lineNumber":51,"author":{"gitId":"talkintomato"},"content":"        ui.showExitMessage();","lastModifiedDate":"2022-01-29"},{"lineNumber":52,"author":{"gitId":"-"},"content":"    }","lastModifiedDate":"2019-07-29"},{"lineNumber":53,"author":{"gitId":"-"},"content":"}","lastModifiedDate":"2019-07-29"}],"authorContributionMap":{"talkintomato":49,"-":4}},{"path":"src/main/java/duke/Parser.java","fileType":"java","lines":[{"lineNumber":1,"author":{"gitId":"talkintomato"},"content":"package duke;","lastModifiedDate":"2022-01-29"},{"lineNumber":2,"author":{"gitId":"talkintomato"},"content":"","lastModifiedDate":"2022-01-29"},{"lineNumber":3,"author":{"gitId":"talkintomato"},"content":"public class Parser {","lastModifiedDate":"2022-01-29"},{"lineNumber":4,"author":{"gitId":"talkintomato"},"content":"","lastModifiedDate":"2022-01-30"},{"lineNumber":5,"author":{"gitId":"talkintomato"},"content":"    public static Command parseCommand(String cmd) {","lastModifiedDate":"2022-01-31"},{"lineNumber":6,"author":{"gitId":"talkintomato"},"content":"        return new Command(cmd.split(\" \", 2));","lastModifiedDate":"2022-01-29"},{"lineNumber":7,"author":{"gitId":"talkintomato"},"content":"    }","lastModifiedDate":"2022-01-29"},{"lineNumber":8,"author":{"gitId":"talkintomato"},"content":"","lastModifiedDate":"2022-01-29"},{"lineNumber":9,"author":{"gitId":"talkintomato"},"content":"    public static String[] parseHashtable(String cmd) {","lastModifiedDate":"2022-01-31"},{"lineNumber":10,"author":{"gitId":"talkintomato"},"content":"        return cmd.split(\" \" );","lastModifiedDate":"2022-01-30"},{"lineNumber":11,"author":{"gitId":"talkintomato"},"content":"    }","lastModifiedDate":"2022-01-30"},{"lineNumber":12,"author":{"gitId":"talkintomato"},"content":"","lastModifiedDate":"2022-01-30"},{"lineNumber":13,"author":{"gitId":"talkintomato"},"content":"}","lastModifiedDate":"2022-01-29"}],"authorContributionMap":{"talkintomato":13}},{"path":"src/main/java/duke/Storage.java","fileType":"java","lines":[{"lineNumber":1,"author":{"gitId":"talkintomato"},"content":"package duke;","lastModifiedDate":"2022-01-29"},{"lineNumber":2,"author":{"gitId":"talkintomato"},"content":"","lastModifiedDate":"2022-01-29"},{"lineNumber":3,"author":{"gitId":"talkintomato"},"content":"import java.io.File;","lastModifiedDate":"2022-01-29"},{"lineNumber":4,"author":{"gitId":"talkintomato"},"content":"import java.io.FileNotFoundException;","lastModifiedDate":"2022-01-29"},{"lineNumber":5,"author":{"gitId":"talkintomato"},"content":"import java.io.FileWriter;","lastModifiedDate":"2022-01-29"},{"lineNumber":6,"author":{"gitId":"talkintomato"},"content":"import java.io.IOException;","lastModifiedDate":"2022-01-29"},{"lineNumber":7,"author":{"gitId":"talkintomato"},"content":"import java.util.ArrayList;","lastModifiedDate":"2022-01-29"},{"lineNumber":8,"author":{"gitId":"talkintomato"},"content":"import java.util.Scanner;","lastModifiedDate":"2022-01-29"},{"lineNumber":9,"author":{"gitId":"talkintomato"},"content":"","lastModifiedDate":"2022-01-29"},{"lineNumber":10,"author":{"gitId":"talkintomato"},"content":"import duke.exception.DukeException;","lastModifiedDate":"2022-01-29"},{"lineNumber":11,"author":{"gitId":"talkintomato"},"content":"import duke.tasks.*;","lastModifiedDate":"2022-01-29"},{"lineNumber":12,"author":{"gitId":"talkintomato"},"content":"","lastModifiedDate":"2022-01-29"},{"lineNumber":13,"author":{"gitId":"talkintomato"},"content":"public class Storage {","lastModifiedDate":"2022-01-29"},{"lineNumber":14,"author":{"gitId":"talkintomato"},"content":"","lastModifiedDate":"2022-01-29"},{"lineNumber":15,"author":{"gitId":"talkintomato"},"content":"    protected ArrayList\u003cTask\u003e todos \u003d new ArrayList\u003c\u003e();","lastModifiedDate":"2022-01-29"},{"lineNumber":16,"author":{"gitId":"talkintomato"},"content":"    private String filePath;","lastModifiedDate":"2022-02-02"},{"lineNumber":17,"author":{"gitId":"talkintomato"},"content":"","lastModifiedDate":"2022-01-29"},{"lineNumber":18,"author":{"gitId":"talkintomato"},"content":"    /**","lastModifiedDate":"2022-01-30"},{"lineNumber":19,"author":{"gitId":"talkintomato"},"content":"     * Constructor for Storage","lastModifiedDate":"2022-01-30"},{"lineNumber":20,"author":{"gitId":"talkintomato"},"content":"     *","lastModifiedDate":"2022-01-30"},{"lineNumber":21,"author":{"gitId":"talkintomato"},"content":"     * @param filepath the path of the file to be written to and loaded from","lastModifiedDate":"2022-01-30"},{"lineNumber":22,"author":{"gitId":"talkintomato"},"content":"     */","lastModifiedDate":"2022-01-30"},{"lineNumber":23,"author":{"gitId":"talkintomato"},"content":"    public Storage(String filepath) {","lastModifiedDate":"2022-01-29"},{"lineNumber":24,"author":{"gitId":"talkintomato"},"content":"        this.filePath \u003d filepath;","lastModifiedDate":"2022-02-02"},{"lineNumber":25,"author":{"gitId":"talkintomato"},"content":"        try {","lastModifiedDate":"2022-01-29"},{"lineNumber":26,"author":{"gitId":"talkintomato"},"content":"            File savedFile \u003d new File(filepath);","lastModifiedDate":"2022-01-29"},{"lineNumber":27,"author":{"gitId":"talkintomato"},"content":"            Scanner scanner \u003d new Scanner(savedFile);","lastModifiedDate":"2022-01-29"},{"lineNumber":28,"author":{"gitId":"talkintomato"},"content":"            while (scanner.hasNextLine()) {","lastModifiedDate":"2022-01-29"},{"lineNumber":29,"author":{"gitId":"talkintomato"},"content":"                String data \u003d scanner.nextLine();","lastModifiedDate":"2022-01-29"},{"lineNumber":30,"author":{"gitId":"talkintomato"},"content":"                String[] taskData \u003d data.split(\" , \");","lastModifiedDate":"2022-01-29"},{"lineNumber":31,"author":{"gitId":"talkintomato"},"content":"                Task task \u003d Task.createTask(taskData);","lastModifiedDate":"2022-01-29"},{"lineNumber":32,"author":{"gitId":"talkintomato"},"content":"                todos.add(task);","lastModifiedDate":"2022-01-29"},{"lineNumber":33,"author":{"gitId":"talkintomato"},"content":"            }","lastModifiedDate":"2022-01-29"},{"lineNumber":34,"author":{"gitId":"talkintomato"},"content":"            scanner.close();","lastModifiedDate":"2022-01-29"},{"lineNumber":35,"author":{"gitId":"talkintomato"},"content":"        } catch (FileNotFoundException e) {","lastModifiedDate":"2022-01-29"},{"lineNumber":36,"author":{"gitId":"talkintomato"},"content":"            System.out.println(\"No previous save state\");","lastModifiedDate":"2022-01-29"},{"lineNumber":37,"author":{"gitId":"talkintomato"},"content":"        } catch (DukeException e) {","lastModifiedDate":"2022-01-29"},{"lineNumber":38,"author":{"gitId":"talkintomato"},"content":"            System.out.println(\"Data corrupted\");","lastModifiedDate":"2022-01-29"},{"lineNumber":39,"author":{"gitId":"talkintomato"},"content":"        }","lastModifiedDate":"2022-01-29"},{"lineNumber":40,"author":{"gitId":"talkintomato"},"content":"    }","lastModifiedDate":"2022-01-29"},{"lineNumber":41,"author":{"gitId":"talkintomato"},"content":"","lastModifiedDate":"2022-01-29"},{"lineNumber":42,"author":{"gitId":"talkintomato"},"content":"    /**","lastModifiedDate":"2022-01-30"},{"lineNumber":43,"author":{"gitId":"talkintomato"},"content":"     * Loaded the Task List from the saved file","lastModifiedDate":"2022-01-30"},{"lineNumber":44,"author":{"gitId":"talkintomato"},"content":"     * @return the Task List from the saved file","lastModifiedDate":"2022-01-30"},{"lineNumber":45,"author":{"gitId":"talkintomato"},"content":"     */","lastModifiedDate":"2022-01-30"},{"lineNumber":46,"author":{"gitId":"talkintomato"},"content":"    public ArrayList\u003cTask\u003e load() {","lastModifiedDate":"2022-01-29"},{"lineNumber":47,"author":{"gitId":"talkintomato"},"content":"        return todos;","lastModifiedDate":"2022-01-29"},{"lineNumber":48,"author":{"gitId":"talkintomato"},"content":"    }","lastModifiedDate":"2022-01-29"},{"lineNumber":49,"author":{"gitId":"talkintomato"},"content":"","lastModifiedDate":"2022-01-29"},{"lineNumber":50,"author":{"gitId":"talkintomato"},"content":"    /**","lastModifiedDate":"2022-01-29"},{"lineNumber":51,"author":{"gitId":"talkintomato"},"content":"     * Save the current List to a file","lastModifiedDate":"2022-01-30"},{"lineNumber":52,"author":{"gitId":"talkintomato"},"content":"     */","lastModifiedDate":"2022-01-29"},{"lineNumber":53,"author":{"gitId":"talkintomato"},"content":"    public void saveList() {","lastModifiedDate":"2022-01-29"},{"lineNumber":54,"author":{"gitId":"talkintomato"},"content":"        try {","lastModifiedDate":"2022-01-29"},{"lineNumber":55,"author":{"gitId":"talkintomato"},"content":"            FileWriter myWriter \u003d new FileWriter(filePath);","lastModifiedDate":"2022-02-02"},{"lineNumber":56,"author":{"gitId":"talkintomato"},"content":"            for (int i \u003d 0; i \u003c todos.size(); i \u003d i + 1) {","lastModifiedDate":"2022-01-29"},{"lineNumber":57,"author":{"gitId":"talkintomato"},"content":"                Task currTask \u003d todos.get(i);","lastModifiedDate":"2022-01-29"},{"lineNumber":58,"author":{"gitId":"talkintomato"},"content":"                if (currTask instanceof Todo) {","lastModifiedDate":"2022-01-29"},{"lineNumber":59,"author":{"gitId":"talkintomato"},"content":"                    Todo currTodo \u003d (Todo) currTask;","lastModifiedDate":"2022-01-29"},{"lineNumber":60,"author":{"gitId":"talkintomato"},"content":"                    myWriter.write(currTodo.getInitial() + \" , \" + currTodo.getIsDone() + \" , \"","lastModifiedDate":"2022-02-02"},{"lineNumber":61,"author":{"gitId":"talkintomato"},"content":"                            + currTodo.getDescription() + \" , \" + currTodo.getTime() +\"\\n\");","lastModifiedDate":"2022-02-02"},{"lineNumber":62,"author":{"gitId":"talkintomato"},"content":"                }","lastModifiedDate":"2022-01-29"},{"lineNumber":63,"author":{"gitId":"talkintomato"},"content":"                else if (currTask instanceof Event) {","lastModifiedDate":"2022-01-29"},{"lineNumber":64,"author":{"gitId":"talkintomato"},"content":"                    Event currEvent \u003d (Event) currTask;","lastModifiedDate":"2022-01-29"},{"lineNumber":65,"author":{"gitId":"talkintomato"},"content":"                    myWriter.write(currEvent.getInitial() + \" , \" + currEvent.getIsDone() + \" , \"","lastModifiedDate":"2022-02-02"},{"lineNumber":66,"author":{"gitId":"talkintomato"},"content":"                            + currEvent.getDescription() + \" , \" + currEvent.getTime() +\"\\n\");","lastModifiedDate":"2022-02-02"},{"lineNumber":67,"author":{"gitId":"talkintomato"},"content":"                }","lastModifiedDate":"2022-01-29"},{"lineNumber":68,"author":{"gitId":"talkintomato"},"content":"                else if (currTask instanceof Deadline) {","lastModifiedDate":"2022-01-29"},{"lineNumber":69,"author":{"gitId":"talkintomato"},"content":"                    Deadline currDeadline \u003d (Deadline) currTask;","lastModifiedDate":"2022-01-29"},{"lineNumber":70,"author":{"gitId":"talkintomato"},"content":"                    myWriter.write(currDeadline.getInitial() + \" , \" + currDeadline.getIsDone() + \" , \"","lastModifiedDate":"2022-02-02"},{"lineNumber":71,"author":{"gitId":"talkintomato"},"content":"                            + currDeadline.getDescription() + \" , \" + currDeadline.getTime() +\"\\n\");","lastModifiedDate":"2022-02-02"},{"lineNumber":72,"author":{"gitId":"talkintomato"},"content":"                }","lastModifiedDate":"2022-01-29"},{"lineNumber":73,"author":{"gitId":"talkintomato"},"content":"                else throw new DukeException(\"Unknown Task\");","lastModifiedDate":"2022-01-29"},{"lineNumber":74,"author":{"gitId":"talkintomato"},"content":"            }","lastModifiedDate":"2022-01-29"},{"lineNumber":75,"author":{"gitId":"talkintomato"},"content":"            myWriter.close();","lastModifiedDate":"2022-01-29"},{"lineNumber":76,"author":{"gitId":"talkintomato"},"content":"        } catch (IOException e) {","lastModifiedDate":"2022-01-29"},{"lineNumber":77,"author":{"gitId":"talkintomato"},"content":"            System.out.println(\"An error occurred.\");","lastModifiedDate":"2022-01-29"},{"lineNumber":78,"author":{"gitId":"talkintomato"},"content":"            e.printStackTrace();","lastModifiedDate":"2022-01-29"},{"lineNumber":79,"author":{"gitId":"talkintomato"},"content":"        } catch (DukeException e) {","lastModifiedDate":"2022-01-29"},{"lineNumber":80,"author":{"gitId":"talkintomato"},"content":"            System.out.println(e);","lastModifiedDate":"2022-01-29"},{"lineNumber":81,"author":{"gitId":"talkintomato"},"content":"        }","lastModifiedDate":"2022-01-29"},{"lineNumber":82,"author":{"gitId":"talkintomato"},"content":"    }","lastModifiedDate":"2022-01-29"},{"lineNumber":83,"author":{"gitId":"talkintomato"},"content":"}","lastModifiedDate":"2022-01-29"}],"authorContributionMap":{"talkintomato":83}},{"path":"src/main/java/duke/TaskList.java","fileType":"java","lines":[{"lineNumber":1,"author":{"gitId":"talkintomato"},"content":"package duke;","lastModifiedDate":"2022-01-29"},{"lineNumber":2,"author":{"gitId":"talkintomato"},"content":"","lastModifiedDate":"2022-01-29"},{"lineNumber":3,"author":{"gitId":"talkintomato"},"content":"import duke.exception.DukeException;","lastModifiedDate":"2022-01-29"},{"lineNumber":4,"author":{"gitId":"talkintomato"},"content":"import duke.tasks.Task;","lastModifiedDate":"2022-01-29"},{"lineNumber":5,"author":{"gitId":"talkintomato"},"content":"","lastModifiedDate":"2022-02-02"},{"lineNumber":6,"author":{"gitId":"talkintomato"},"content":"import java.util.ArrayList;","lastModifiedDate":"2022-01-29"},{"lineNumber":7,"author":{"gitId":"talkintomato"},"content":"import java.util.Hashtable;","lastModifiedDate":"2022-01-30"},{"lineNumber":8,"author":{"gitId":"talkintomato"},"content":"","lastModifiedDate":"2022-01-29"},{"lineNumber":9,"author":{"gitId":"talkintomato"},"content":"","lastModifiedDate":"2022-01-29"},{"lineNumber":10,"author":{"gitId":"talkintomato"},"content":"public class TaskList {","lastModifiedDate":"2022-01-29"},{"lineNumber":11,"author":{"gitId":"talkintomato"},"content":"","lastModifiedDate":"2022-01-30"},{"lineNumber":12,"author":{"gitId":"talkintomato"},"content":"    private ArrayList\u003cTask\u003e tasks \u003d new ArrayList\u003c\u003e();","lastModifiedDate":"2022-01-30"},{"lineNumber":13,"author":{"gitId":"talkintomato"},"content":"    private Hashtable\u003cString, ArrayList\u003cTask\u003e\u003e keywordHt \u003d new Hashtable\u003c\u003e();","lastModifiedDate":"2022-01-30"},{"lineNumber":14,"author":{"gitId":"talkintomato"},"content":"","lastModifiedDate":"2022-01-29"},{"lineNumber":15,"author":{"gitId":"talkintomato"},"content":"    /**","lastModifiedDate":"2022-01-29"},{"lineNumber":16,"author":{"gitId":"talkintomato"},"content":"     * Contructor for TodoList. Loads previous save state.","lastModifiedDate":"2022-01-29"},{"lineNumber":17,"author":{"gitId":"talkintomato"},"content":"     */","lastModifiedDate":"2022-01-29"},{"lineNumber":18,"author":{"gitId":"talkintomato"},"content":"    public TaskList(ArrayList\u003cTask\u003e tasks) {","lastModifiedDate":"2022-01-30"},{"lineNumber":19,"author":{"gitId":"talkintomato"},"content":"        this.tasks \u003d tasks;","lastModifiedDate":"2022-01-30"},{"lineNumber":20,"author":{"gitId":"talkintomato"},"content":"        for (Task task : tasks) {","lastModifiedDate":"2022-01-30"},{"lineNumber":21,"author":{"gitId":"talkintomato"},"content":"            addTaskToHt(task);","lastModifiedDate":"2022-01-30"},{"lineNumber":22,"author":{"gitId":"talkintomato"},"content":"        }","lastModifiedDate":"2022-01-30"},{"lineNumber":23,"author":{"gitId":"talkintomato"},"content":"    }","lastModifiedDate":"2022-01-29"},{"lineNumber":24,"author":{"gitId":"talkintomato"},"content":"","lastModifiedDate":"2022-01-29"},{"lineNumber":25,"author":{"gitId":"talkintomato"},"content":"    public TaskList() {}","lastModifiedDate":"2022-01-29"},{"lineNumber":26,"author":{"gitId":"talkintomato"},"content":"","lastModifiedDate":"2022-01-29"},{"lineNumber":27,"author":{"gitId":"talkintomato"},"content":"    /**","lastModifiedDate":"2022-01-29"},{"lineNumber":28,"author":{"gitId":"talkintomato"},"content":"     * Adds a Task to the List","lastModifiedDate":"2022-01-29"},{"lineNumber":29,"author":{"gitId":"talkintomato"},"content":"     * @param task task that has been created","lastModifiedDate":"2022-01-29"},{"lineNumber":30,"author":{"gitId":"talkintomato"},"content":"     */","lastModifiedDate":"2022-01-29"},{"lineNumber":31,"author":{"gitId":"talkintomato"},"content":"    public void addTask(Task task) {","lastModifiedDate":"2022-01-29"},{"lineNumber":32,"author":{"gitId":"talkintomato"},"content":"        tasks.add(task);","lastModifiedDate":"2022-01-30"},{"lineNumber":33,"author":{"gitId":"talkintomato"},"content":"        addTaskToHt(task);","lastModifiedDate":"2022-01-30"},{"lineNumber":34,"author":{"gitId":"talkintomato"},"content":"    }","lastModifiedDate":"2022-01-30"},{"lineNumber":35,"author":{"gitId":"talkintomato"},"content":"","lastModifiedDate":"2022-01-30"},{"lineNumber":36,"author":{"gitId":"talkintomato"},"content":"    private void addTaskToHt(Task task) {","lastModifiedDate":"2022-01-30"},{"lineNumber":37,"author":{"gitId":"talkintomato"},"content":"        String[] keywords \u003d Parser.parseHashtable(task.getDescription());","lastModifiedDate":"2022-01-31"},{"lineNumber":38,"author":{"gitId":"talkintomato"},"content":"        for (String keyword : keywords) {","lastModifiedDate":"2022-01-30"},{"lineNumber":39,"author":{"gitId":"talkintomato"},"content":"            if (keywordHt.containsKey(keyword)) {","lastModifiedDate":"2022-01-30"},{"lineNumber":40,"author":{"gitId":"talkintomato"},"content":"                ArrayList\u003cTask\u003e valueList \u003d keywordHt.get(keyword);","lastModifiedDate":"2022-01-30"},{"lineNumber":41,"author":{"gitId":"talkintomato"},"content":"                valueList.add(task);","lastModifiedDate":"2022-01-30"},{"lineNumber":42,"author":{"gitId":"talkintomato"},"content":"            } else {","lastModifiedDate":"2022-01-30"},{"lineNumber":43,"author":{"gitId":"talkintomato"},"content":"                ArrayList\u003cTask\u003e valueList \u003d new ArrayList\u003c\u003e();","lastModifiedDate":"2022-01-30"},{"lineNumber":44,"author":{"gitId":"talkintomato"},"content":"                valueList.add(task);","lastModifiedDate":"2022-01-30"},{"lineNumber":45,"author":{"gitId":"talkintomato"},"content":"                keywordHt.put(keyword, valueList);","lastModifiedDate":"2022-01-30"},{"lineNumber":46,"author":{"gitId":"talkintomato"},"content":"            }","lastModifiedDate":"2022-01-30"},{"lineNumber":47,"author":{"gitId":"talkintomato"},"content":"        }","lastModifiedDate":"2022-01-30"},{"lineNumber":48,"author":{"gitId":"talkintomato"},"content":"    }","lastModifiedDate":"2022-01-30"},{"lineNumber":49,"author":{"gitId":"talkintomato"},"content":"","lastModifiedDate":"2022-01-30"},{"lineNumber":50,"author":{"gitId":"talkintomato"},"content":"    private void removeTaskFromHt(Task task) {","lastModifiedDate":"2022-01-30"},{"lineNumber":51,"author":{"gitId":"talkintomato"},"content":"        String[] keywords \u003d Parser.parseHashtable(task.getDescription());","lastModifiedDate":"2022-01-31"},{"lineNumber":52,"author":{"gitId":"talkintomato"},"content":"        for (String keyword : keywords) {","lastModifiedDate":"2022-01-30"},{"lineNumber":53,"author":{"gitId":"talkintomato"},"content":"            ArrayList\u003cTask\u003e valueList \u003d keywordHt.get(keyword);","lastModifiedDate":"2022-01-30"},{"lineNumber":54,"author":{"gitId":"talkintomato"},"content":"            valueList.remove(task);","lastModifiedDate":"2022-01-30"},{"lineNumber":55,"author":{"gitId":"talkintomato"},"content":"        }","lastModifiedDate":"2022-01-30"},{"lineNumber":56,"author":{"gitId":"talkintomato"},"content":"    }","lastModifiedDate":"2022-01-30"},{"lineNumber":57,"author":{"gitId":"talkintomato"},"content":"","lastModifiedDate":"2022-01-30"},{"lineNumber":58,"author":{"gitId":"talkintomato"},"content":"    public ArrayList\u003cTask\u003e searchKeyword(String keyword) throws DukeException {","lastModifiedDate":"2022-01-30"},{"lineNumber":59,"author":{"gitId":"talkintomato"},"content":"        if (keywordHt.containsKey(keyword)) {","lastModifiedDate":"2022-01-30"},{"lineNumber":60,"author":{"gitId":"talkintomato"},"content":"            return keywordHt.get(keyword);","lastModifiedDate":"2022-01-30"},{"lineNumber":61,"author":{"gitId":"talkintomato"},"content":"        } else {","lastModifiedDate":"2022-01-30"},{"lineNumber":62,"author":{"gitId":"talkintomato"},"content":"            throw new DukeException(\"No Search Results found\");","lastModifiedDate":"2022-01-30"},{"lineNumber":63,"author":{"gitId":"talkintomato"},"content":"        }","lastModifiedDate":"2022-01-30"},{"lineNumber":64,"author":{"gitId":"talkintomato"},"content":"    }","lastModifiedDate":"2022-01-29"},{"lineNumber":65,"author":{"gitId":"talkintomato"},"content":"","lastModifiedDate":"2022-01-29"},{"lineNumber":66,"author":{"gitId":"talkintomato"},"content":"","lastModifiedDate":"2022-01-29"},{"lineNumber":67,"author":{"gitId":"talkintomato"},"content":"    /**","lastModifiedDate":"2022-01-29"},{"lineNumber":68,"author":{"gitId":"talkintomato"},"content":"     * Removes an task form the todosList","lastModifiedDate":"2022-01-29"},{"lineNumber":69,"author":{"gitId":"talkintomato"},"content":"     * @param index Index of task in the list","lastModifiedDate":"2022-01-29"},{"lineNumber":70,"author":{"gitId":"talkintomato"},"content":"     * @throws DukeException","lastModifiedDate":"2022-01-29"},{"lineNumber":71,"author":{"gitId":"talkintomato"},"content":"     */","lastModifiedDate":"2022-01-29"},{"lineNumber":72,"author":{"gitId":"talkintomato"},"content":"    public void removeTask(String index) throws DukeException {","lastModifiedDate":"2022-01-29"},{"lineNumber":73,"author":{"gitId":"talkintomato"},"content":"","lastModifiedDate":"2022-01-31"},{"lineNumber":74,"author":{"gitId":"talkintomato"},"content":"        if (Integer.parseInt(index) - 1 \u003c tasks.size()) {","lastModifiedDate":"2022-01-30"},{"lineNumber":75,"author":{"gitId":"talkintomato"},"content":"            Task task \u003d tasks.remove(Integer.parseInt(index) - 1);","lastModifiedDate":"2022-01-30"},{"lineNumber":76,"author":{"gitId":"talkintomato"},"content":"            removeTaskFromHt(task);","lastModifiedDate":"2022-01-30"},{"lineNumber":77,"author":{"gitId":"talkintomato"},"content":"            System.out.println(\"Noted. I\u0027ve removed this task: \\n\" + task + \" you now have \"","lastModifiedDate":"2022-01-31"},{"lineNumber":78,"author":{"gitId":"talkintomato"},"content":"                    + tasks.size() + \" tasks in the list.\");","lastModifiedDate":"2022-01-31"},{"lineNumber":79,"author":{"gitId":"talkintomato"},"content":"        } else {","lastModifiedDate":"2022-01-29"},{"lineNumber":80,"author":{"gitId":"talkintomato"},"content":"            throw new DukeException(\"Index out of range!!\");","lastModifiedDate":"2022-01-29"},{"lineNumber":81,"author":{"gitId":"talkintomato"},"content":"        }","lastModifiedDate":"2022-01-29"},{"lineNumber":82,"author":{"gitId":"talkintomato"},"content":"    }","lastModifiedDate":"2022-01-29"},{"lineNumber":83,"author":{"gitId":"talkintomato"},"content":"","lastModifiedDate":"2022-01-29"},{"lineNumber":84,"author":{"gitId":"talkintomato"},"content":"    /**","lastModifiedDate":"2022-01-29"},{"lineNumber":85,"author":{"gitId":"talkintomato"},"content":"     * gets all tasks in the todosList","lastModifiedDate":"2022-01-30"},{"lineNumber":86,"author":{"gitId":"talkintomato"},"content":"     */","lastModifiedDate":"2022-01-29"},{"lineNumber":87,"author":{"gitId":"talkintomato"},"content":"    public ArrayList\u003cTask\u003e getList() {","lastModifiedDate":"2022-01-30"},{"lineNumber":88,"author":{"gitId":"talkintomato"},"content":"        return tasks;","lastModifiedDate":"2022-01-30"},{"lineNumber":89,"author":{"gitId":"talkintomato"},"content":"    }","lastModifiedDate":"2022-01-29"},{"lineNumber":90,"author":{"gitId":"talkintomato"},"content":"","lastModifiedDate":"2022-01-29"},{"lineNumber":91,"author":{"gitId":"talkintomato"},"content":"    //TODO throw exception for out of index","lastModifiedDate":"2022-01-31"},{"lineNumber":92,"author":{"gitId":"talkintomato"},"content":"    /**","lastModifiedDate":"2022-01-29"},{"lineNumber":93,"author":{"gitId":"talkintomato"},"content":"     * Mark a task on the list as completed","lastModifiedDate":"2022-01-29"},{"lineNumber":94,"author":{"gitId":"talkintomato"},"content":"     * @param index Index of Task to be unmarked as completed","lastModifiedDate":"2022-01-29"},{"lineNumber":95,"author":{"gitId":"talkintomato"},"content":"     */","lastModifiedDate":"2022-01-29"},{"lineNumber":96,"author":{"gitId":"talkintomato"},"content":"    public void mark(String index) {","lastModifiedDate":"2022-01-29"},{"lineNumber":97,"author":{"gitId":"talkintomato"},"content":"        Task task \u003d tasks.get(Integer.parseInt(index) - 1);","lastModifiedDate":"2022-01-31"},{"lineNumber":98,"author":{"gitId":"talkintomato"},"content":"        if (task.getIsDone()) {","lastModifiedDate":"2022-01-29"},{"lineNumber":99,"author":{"gitId":"talkintomato"},"content":"            System.out.println(\"Task already completed!\");","lastModifiedDate":"2022-01-29"},{"lineNumber":100,"author":{"gitId":"talkintomato"},"content":"        } else {","lastModifiedDate":"2022-01-29"},{"lineNumber":101,"author":{"gitId":"talkintomato"},"content":"            task.done();","lastModifiedDate":"2022-01-29"},{"lineNumber":102,"author":{"gitId":"talkintomato"},"content":"            System.out.println(\"Nice! I\u0027ve marked this task as done:\\n\" + task);","lastModifiedDate":"2022-01-29"},{"lineNumber":103,"author":{"gitId":"talkintomato"},"content":"        }","lastModifiedDate":"2022-01-29"},{"lineNumber":104,"author":{"gitId":"talkintomato"},"content":"    }","lastModifiedDate":"2022-01-29"},{"lineNumber":105,"author":{"gitId":"talkintomato"},"content":"","lastModifiedDate":"2022-01-29"},{"lineNumber":106,"author":{"gitId":"talkintomato"},"content":"    //TODO throw exception for out of index","lastModifiedDate":"2022-01-31"},{"lineNumber":107,"author":{"gitId":"talkintomato"},"content":"    /**","lastModifiedDate":"2022-01-29"},{"lineNumber":108,"author":{"gitId":"talkintomato"},"content":"     * unmark a task on the list as completed","lastModifiedDate":"2022-01-29"},{"lineNumber":109,"author":{"gitId":"talkintomato"},"content":"     * @param index Index of Task to be unmarked","lastModifiedDate":"2022-01-29"},{"lineNumber":110,"author":{"gitId":"talkintomato"},"content":"     */","lastModifiedDate":"2022-01-29"},{"lineNumber":111,"author":{"gitId":"talkintomato"},"content":"    public void unmark(String index) {","lastModifiedDate":"2022-01-29"},{"lineNumber":112,"author":{"gitId":"talkintomato"},"content":"        Task task \u003d tasks.get(Integer.parseInt(index) - 1);","lastModifiedDate":"2022-01-31"},{"lineNumber":113,"author":{"gitId":"talkintomato"},"content":"        if (!task.getIsDone()) {","lastModifiedDate":"2022-01-29"},{"lineNumber":114,"author":{"gitId":"talkintomato"},"content":"            System.out.println(\"Task not yet completed!\");","lastModifiedDate":"2022-01-29"},{"lineNumber":115,"author":{"gitId":"talkintomato"},"content":"        } else {","lastModifiedDate":"2022-01-29"},{"lineNumber":116,"author":{"gitId":"talkintomato"},"content":"            task.notDone();","lastModifiedDate":"2022-01-29"},{"lineNumber":117,"author":{"gitId":"talkintomato"},"content":"            System.out.println(\"Oh no! one more thing that needs to be done:\\n\" + task);","lastModifiedDate":"2022-01-29"},{"lineNumber":118,"author":{"gitId":"talkintomato"},"content":"        }","lastModifiedDate":"2022-01-29"},{"lineNumber":119,"author":{"gitId":"talkintomato"},"content":"    }","lastModifiedDate":"2022-01-29"},{"lineNumber":120,"author":{"gitId":"talkintomato"},"content":"","lastModifiedDate":"2022-01-29"},{"lineNumber":121,"author":{"gitId":"talkintomato"},"content":"}","lastModifiedDate":"2022-01-29"}],"authorContributionMap":{"talkintomato":121}},{"path":"src/main/java/duke/Ui.java","fileType":"java","lines":[{"lineNumber":1,"author":{"gitId":"talkintomato"},"content":"package duke;","lastModifiedDate":"2022-01-29"},{"lineNumber":2,"author":{"gitId":"talkintomato"},"content":"import duke.tasks.Task;","lastModifiedDate":"2022-01-30"},{"lineNumber":3,"author":{"gitId":"talkintomato"},"content":"","lastModifiedDate":"2022-01-29"},{"lineNumber":4,"author":{"gitId":"talkintomato"},"content":"import java.util.ArrayList;","lastModifiedDate":"2022-01-30"},{"lineNumber":5,"author":{"gitId":"talkintomato"},"content":"import java.util.Scanner;","lastModifiedDate":"2022-01-29"},{"lineNumber":6,"author":{"gitId":"talkintomato"},"content":"","lastModifiedDate":"2022-01-29"},{"lineNumber":7,"author":{"gitId":"talkintomato"},"content":"public class Ui {","lastModifiedDate":"2022-01-29"},{"lineNumber":8,"author":{"gitId":"talkintomato"},"content":"","lastModifiedDate":"2022-01-30"},{"lineNumber":9,"author":{"gitId":"talkintomato"},"content":"    public void launch() {","lastModifiedDate":"2022-01-29"},{"lineNumber":10,"author":{"gitId":"talkintomato"},"content":"        String logo \u003d \" ____        _        \\n\"","lastModifiedDate":"2022-01-29"},{"lineNumber":11,"author":{"gitId":"talkintomato"},"content":"                + \"|  _ \\\\ _   _| | _____ \\n\"","lastModifiedDate":"2022-01-29"},{"lineNumber":12,"author":{"gitId":"talkintomato"},"content":"                + \"| | | | | | | |/ / _ \\\\\\n\"","lastModifiedDate":"2022-01-29"},{"lineNumber":13,"author":{"gitId":"talkintomato"},"content":"                + \"| |_| | |_| |   \u003c  __/\\n\"","lastModifiedDate":"2022-01-29"},{"lineNumber":14,"author":{"gitId":"talkintomato"},"content":"                + \"|____/ \\\\__,_|_|\\\\_\\\\___|\\n\";","lastModifiedDate":"2022-01-29"},{"lineNumber":15,"author":{"gitId":"talkintomato"},"content":"        System.out.println(\"Hello from\\n\" + logo + \"\\nwhat is your command?\");","lastModifiedDate":"2022-01-29"},{"lineNumber":16,"author":{"gitId":"talkintomato"},"content":"    }","lastModifiedDate":"2022-01-29"},{"lineNumber":17,"author":{"gitId":"talkintomato"},"content":"","lastModifiedDate":"2022-01-29"},{"lineNumber":18,"author":{"gitId":"talkintomato"},"content":"    public String readCommand() {","lastModifiedDate":"2022-01-29"},{"lineNumber":19,"author":{"gitId":"talkintomato"},"content":"        Scanner sc \u003d new Scanner(System.in);","lastModifiedDate":"2022-01-29"},{"lineNumber":20,"author":{"gitId":"talkintomato"},"content":"        String cmd \u003d sc.nextLine();","lastModifiedDate":"2022-01-29"},{"lineNumber":21,"author":{"gitId":"talkintomato"},"content":"","lastModifiedDate":"2022-01-29"},{"lineNumber":22,"author":{"gitId":"talkintomato"},"content":"        return cmd;","lastModifiedDate":"2022-01-29"},{"lineNumber":23,"author":{"gitId":"talkintomato"},"content":"    }","lastModifiedDate":"2022-01-29"},{"lineNumber":24,"author":{"gitId":"talkintomato"},"content":"","lastModifiedDate":"2022-01-29"},{"lineNumber":25,"author":{"gitId":"talkintomato"},"content":"    public void showLine() {","lastModifiedDate":"2022-01-29"},{"lineNumber":26,"author":{"gitId":"talkintomato"},"content":"        System.out.println(\"_______________\");","lastModifiedDate":"2022-01-29"},{"lineNumber":27,"author":{"gitId":"talkintomato"},"content":"    }","lastModifiedDate":"2022-01-29"},{"lineNumber":28,"author":{"gitId":"talkintomato"},"content":"","lastModifiedDate":"2022-01-29"},{"lineNumber":29,"author":{"gitId":"talkintomato"},"content":"    public void showError(String error) {","lastModifiedDate":"2022-01-29"},{"lineNumber":30,"author":{"gitId":"talkintomato"},"content":"        System.out.println(error);","lastModifiedDate":"2022-01-29"},{"lineNumber":31,"author":{"gitId":"talkintomato"},"content":"    }","lastModifiedDate":"2022-01-29"},{"lineNumber":32,"author":{"gitId":"talkintomato"},"content":"","lastModifiedDate":"2022-01-29"},{"lineNumber":33,"author":{"gitId":"talkintomato"},"content":"    public void showExitMessage() {","lastModifiedDate":"2022-01-29"},{"lineNumber":34,"author":{"gitId":"talkintomato"},"content":"        System.out.println(\"Bye. See you later!\");","lastModifiedDate":"2022-01-29"},{"lineNumber":35,"author":{"gitId":"talkintomato"},"content":"    }","lastModifiedDate":"2022-01-29"},{"lineNumber":36,"author":{"gitId":"talkintomato"},"content":"","lastModifiedDate":"2022-01-30"},{"lineNumber":37,"author":{"gitId":"talkintomato"},"content":"    public void showTaskAdded(Task task) {System.out.println(\"Added: \" + task.getDescription());}","lastModifiedDate":"2022-01-30"},{"lineNumber":38,"author":{"gitId":"talkintomato"},"content":"","lastModifiedDate":"2022-01-30"},{"lineNumber":39,"author":{"gitId":"talkintomato"},"content":"    public void showSearchResults(ArrayList\u003cTask\u003e tasks) {","lastModifiedDate":"2022-01-30"},{"lineNumber":40,"author":{"gitId":"talkintomato"},"content":"        for (Task task : tasks) {","lastModifiedDate":"2022-01-30"},{"lineNumber":41,"author":{"gitId":"talkintomato"},"content":"            System.out.println(task);","lastModifiedDate":"2022-01-30"},{"lineNumber":42,"author":{"gitId":"talkintomato"},"content":"        }","lastModifiedDate":"2022-01-30"},{"lineNumber":43,"author":{"gitId":"talkintomato"},"content":"    }","lastModifiedDate":"2022-01-30"},{"lineNumber":44,"author":{"gitId":"talkintomato"},"content":"","lastModifiedDate":"2022-01-30"},{"lineNumber":45,"author":{"gitId":"talkintomato"},"content":"    public void printList(ArrayList\u003cTask\u003e tasks) {","lastModifiedDate":"2022-01-30"},{"lineNumber":46,"author":{"gitId":"talkintomato"},"content":"        if (tasks.size() \u003d\u003d 0) {","lastModifiedDate":"2022-01-30"},{"lineNumber":47,"author":{"gitId":"talkintomato"},"content":"            System.out.println(\"There are no items in your Todo List!\");","lastModifiedDate":"2022-01-30"},{"lineNumber":48,"author":{"gitId":"talkintomato"},"content":"        }","lastModifiedDate":"2022-01-30"},{"lineNumber":49,"author":{"gitId":"talkintomato"},"content":"        for (int i \u003d 0; i \u003c tasks.size(); i \u003d i + 1) {","lastModifiedDate":"2022-01-30"},{"lineNumber":50,"author":{"gitId":"talkintomato"},"content":"            System.out.println(String.valueOf(i + 1)+ \". \" + tasks.get(i));","lastModifiedDate":"2022-01-30"},{"lineNumber":51,"author":{"gitId":"talkintomato"},"content":"        }","lastModifiedDate":"2022-01-30"},{"lineNumber":52,"author":{"gitId":"talkintomato"},"content":"    }","lastModifiedDate":"2022-01-30"},{"lineNumber":53,"author":{"gitId":"talkintomato"},"content":"","lastModifiedDate":"2022-01-30"},{"lineNumber":54,"author":{"gitId":"talkintomato"},"content":"}","lastModifiedDate":"2022-01-29"}],"authorContributionMap":{"talkintomato":54}},{"path":"src/main/java/duke/exception/DukeException.java","fileType":"java","lines":[{"lineNumber":1,"author":{"gitId":"talkintomato"},"content":"package duke.exception;","lastModifiedDate":"2022-01-29"},{"lineNumber":2,"author":{"gitId":"talkintomato"},"content":"","lastModifiedDate":"2022-01-29"},{"lineNumber":3,"author":{"gitId":"talkintomato"},"content":"public class DukeException  extends Exception {","lastModifiedDate":"2022-01-29"},{"lineNumber":4,"author":{"gitId":"talkintomato"},"content":"","lastModifiedDate":"2022-01-29"},{"lineNumber":5,"author":{"gitId":"talkintomato"},"content":"    public DukeException (String str)","lastModifiedDate":"2022-01-20"},{"lineNumber":6,"author":{"gitId":"talkintomato"},"content":"    {","lastModifiedDate":"2022-01-20"},{"lineNumber":7,"author":{"gitId":"talkintomato"},"content":"        // calling the constructor of parent Exception  ","lastModifiedDate":"2022-01-20"},{"lineNumber":8,"author":{"gitId":"talkintomato"},"content":"        super(str);","lastModifiedDate":"2022-01-20"},{"lineNumber":9,"author":{"gitId":"talkintomato"},"content":"    }","lastModifiedDate":"2022-01-20"},{"lineNumber":10,"author":{"gitId":"talkintomato"},"content":"}  ","lastModifiedDate":"2022-01-20"}],"authorContributionMap":{"talkintomato":10}},{"path":"src/main/java/duke/tasks/Deadline.java","fileType":"java","lines":[{"lineNumber":1,"author":{"gitId":"talkintomato"},"content":"package duke.tasks;","lastModifiedDate":"2022-01-29"},{"lineNumber":2,"author":{"gitId":"talkintomato"},"content":"import java.time.LocalDate;","lastModifiedDate":"2022-01-28"},{"lineNumber":3,"author":{"gitId":"talkintomato"},"content":"import java.time.format.DateTimeFormatter;","lastModifiedDate":"2022-01-28"},{"lineNumber":4,"author":{"gitId":"talkintomato"},"content":"import java.time.format.DateTimeParseException;","lastModifiedDate":"2022-01-28"},{"lineNumber":5,"author":{"gitId":"talkintomato"},"content":"","lastModifiedDate":"2022-01-28"},{"lineNumber":6,"author":{"gitId":"talkintomato"},"content":"public class Deadline extends Task {","lastModifiedDate":"2022-01-20"},{"lineNumber":7,"author":{"gitId":"talkintomato"},"content":"","lastModifiedDate":"2022-01-20"},{"lineNumber":8,"author":{"gitId":"talkintomato"},"content":"    private final static String INITIAL \u003d \"D\";","lastModifiedDate":"2022-01-29"},{"lineNumber":9,"author":{"gitId":"talkintomato"},"content":"","lastModifiedDate":"2022-01-30"},{"lineNumber":10,"author":{"gitId":"talkintomato"},"content":"    protected LocalDate time;","lastModifiedDate":"2022-01-28"},{"lineNumber":11,"author":{"gitId":"talkintomato"},"content":"","lastModifiedDate":"2022-01-20"},{"lineNumber":12,"author":{"gitId":"talkintomato"},"content":"    public static String getInitial() {","lastModifiedDate":"2022-01-29"},{"lineNumber":13,"author":{"gitId":"talkintomato"},"content":"        return INITIAL;","lastModifiedDate":"2022-01-29"},{"lineNumber":14,"author":{"gitId":"talkintomato"},"content":"    }","lastModifiedDate":"2022-01-27"},{"lineNumber":15,"author":{"gitId":"talkintomato"},"content":"","lastModifiedDate":"2022-01-27"},{"lineNumber":16,"author":{"gitId":"talkintomato"},"content":"    public String getTime() {return this.time.toString();}","lastModifiedDate":"2022-01-28"},{"lineNumber":17,"author":{"gitId":"talkintomato"},"content":"","lastModifiedDate":"2022-01-27"},{"lineNumber":18,"author":{"gitId":"talkintomato"},"content":"    public String getFormattedTime() {return time.format(DateTimeFormatter.ofPattern(\"MMM d yyyy\"));}","lastModifiedDate":"2022-01-28"},{"lineNumber":19,"author":{"gitId":"talkintomato"},"content":"","lastModifiedDate":"2022-01-27"},{"lineNumber":20,"author":{"gitId":"talkintomato"},"content":"    /**","lastModifiedDate":"2022-01-30"},{"lineNumber":21,"author":{"gitId":"talkintomato"},"content":"     * Constructor for Deadlines when loaded by storage","lastModifiedDate":"2022-01-30"},{"lineNumber":22,"author":{"gitId":"talkintomato"},"content":"     *","lastModifiedDate":"2022-01-30"},{"lineNumber":23,"author":{"gitId":"talkintomato"},"content":"     * @param done determines if deadline should be marked as complete or incomplete","lastModifiedDate":"2022-01-30"},{"lineNumber":24,"author":{"gitId":"talkintomato"},"content":"     * @param description A description of the deadline to be completed","lastModifiedDate":"2022-01-30"},{"lineNumber":25,"author":{"gitId":"talkintomato"},"content":"     * @param time The time the deadline is to be completed by","lastModifiedDate":"2022-01-30"},{"lineNumber":26,"author":{"gitId":"talkintomato"},"content":"     */","lastModifiedDate":"2022-01-30"},{"lineNumber":27,"author":{"gitId":"talkintomato"},"content":"    public Deadline(String done, String description, String time) {","lastModifiedDate":"2022-01-27"},{"lineNumber":28,"author":{"gitId":"talkintomato"},"content":"        super(description);","lastModifiedDate":"2022-01-27"},{"lineNumber":29,"author":{"gitId":"talkintomato"},"content":"        LocalDate date \u003d LocalDate.parse(time);","lastModifiedDate":"2022-01-28"},{"lineNumber":30,"author":{"gitId":"talkintomato"},"content":"        this.time \u003d date;","lastModifiedDate":"2022-01-28"},{"lineNumber":31,"author":{"gitId":"talkintomato"},"content":"        if (done.equals(\"true\")) {","lastModifiedDate":"2022-01-27"},{"lineNumber":32,"author":{"gitId":"talkintomato"},"content":"            this.done();","lastModifiedDate":"2022-01-27"},{"lineNumber":33,"author":{"gitId":"talkintomato"},"content":"        }","lastModifiedDate":"2022-01-27"},{"lineNumber":34,"author":{"gitId":"talkintomato"},"content":"    }","lastModifiedDate":"2022-01-27"},{"lineNumber":35,"author":{"gitId":"talkintomato"},"content":"","lastModifiedDate":"2022-01-20"},{"lineNumber":36,"author":{"gitId":"talkintomato"},"content":"    /**","lastModifiedDate":"2022-01-30"},{"lineNumber":37,"author":{"gitId":"talkintomato"},"content":"     * Constructor for Deadlines when first created by user","lastModifiedDate":"2022-01-30"},{"lineNumber":38,"author":{"gitId":"talkintomato"},"content":"     *","lastModifiedDate":"2022-01-30"},{"lineNumber":39,"author":{"gitId":"talkintomato"},"content":"     * @param description A description of the task to be completed","lastModifiedDate":"2022-01-30"},{"lineNumber":40,"author":{"gitId":"talkintomato"},"content":"     * @param by The time the task is to be completed by","lastModifiedDate":"2022-01-30"},{"lineNumber":41,"author":{"gitId":"talkintomato"},"content":"     * @throws DateTimeParseException","lastModifiedDate":"2022-01-30"},{"lineNumber":42,"author":{"gitId":"talkintomato"},"content":"     */","lastModifiedDate":"2022-01-30"},{"lineNumber":43,"author":{"gitId":"talkintomato"},"content":"    public Deadline(String description, String by) throws DateTimeParseException{","lastModifiedDate":"2022-01-28"},{"lineNumber":44,"author":{"gitId":"talkintomato"},"content":"        super(description);","lastModifiedDate":"2022-01-20"},{"lineNumber":45,"author":{"gitId":"talkintomato"},"content":"        LocalDate date \u003d LocalDate.parse(by);","lastModifiedDate":"2022-01-28"},{"lineNumber":46,"author":{"gitId":"talkintomato"},"content":"        this.time \u003d date;","lastModifiedDate":"2022-01-28"},{"lineNumber":47,"author":{"gitId":"talkintomato"},"content":"    }","lastModifiedDate":"2022-01-20"},{"lineNumber":48,"author":{"gitId":"talkintomato"},"content":"","lastModifiedDate":"2022-01-20"},{"lineNumber":49,"author":{"gitId":"talkintomato"},"content":"    @Override","lastModifiedDate":"2022-01-20"},{"lineNumber":50,"author":{"gitId":"talkintomato"},"content":"    public String toString() {","lastModifiedDate":"2022-01-20"},{"lineNumber":51,"author":{"gitId":"talkintomato"},"content":"        return \"[\" + getInitial() + \"]\" + super.toString() + \" (by: \" + getFormattedTime() + \")\";","lastModifiedDate":"2022-01-29"},{"lineNumber":52,"author":{"gitId":"talkintomato"},"content":"    }","lastModifiedDate":"2022-01-20"},{"lineNumber":53,"author":{"gitId":"talkintomato"},"content":"}","lastModifiedDate":"2022-01-20"}],"authorContributionMap":{"talkintomato":53}},{"path":"src/main/java/duke/tasks/Event.java","fileType":"java","lines":[{"lineNumber":1,"author":{"gitId":"talkintomato"},"content":"package duke.tasks;","lastModifiedDate":"2022-01-29"},{"lineNumber":2,"author":{"gitId":"talkintomato"},"content":"","lastModifiedDate":"2022-01-29"},{"lineNumber":3,"author":{"gitId":"talkintomato"},"content":"import java.time.LocalDate;","lastModifiedDate":"2022-01-28"},{"lineNumber":4,"author":{"gitId":"talkintomato"},"content":"import java.time.format.DateTimeFormatter;","lastModifiedDate":"2022-01-28"},{"lineNumber":5,"author":{"gitId":"talkintomato"},"content":"","lastModifiedDate":"2022-01-28"},{"lineNumber":6,"author":{"gitId":"talkintomato"},"content":"public class Event extends Task{","lastModifiedDate":"2022-01-20"},{"lineNumber":7,"author":{"gitId":"talkintomato"},"content":"","lastModifiedDate":"2022-01-20"},{"lineNumber":8,"author":{"gitId":"talkintomato"},"content":"    private LocalDate time;","lastModifiedDate":"2022-01-28"},{"lineNumber":9,"author":{"gitId":"talkintomato"},"content":"","lastModifiedDate":"2022-01-30"},{"lineNumber":10,"author":{"gitId":"talkintomato"},"content":"    /**","lastModifiedDate":"2022-01-30"},{"lineNumber":11,"author":{"gitId":"talkintomato"},"content":"     * The Initial which represents the Task","lastModifiedDate":"2022-01-30"},{"lineNumber":12,"author":{"gitId":"talkintomato"},"content":"     */","lastModifiedDate":"2022-01-30"},{"lineNumber":13,"author":{"gitId":"talkintomato"},"content":"    private static String INITIAL  \u003d \"E\";","lastModifiedDate":"2022-01-29"},{"lineNumber":14,"author":{"gitId":"talkintomato"},"content":"","lastModifiedDate":"2022-01-27"},{"lineNumber":15,"author":{"gitId":"talkintomato"},"content":"    /**","lastModifiedDate":"2022-01-30"},{"lineNumber":16,"author":{"gitId":"talkintomato"},"content":"     * Constructor for Event when first created by user","lastModifiedDate":"2022-01-30"},{"lineNumber":17,"author":{"gitId":"talkintomato"},"content":"     *","lastModifiedDate":"2022-01-30"},{"lineNumber":18,"author":{"gitId":"talkintomato"},"content":"     * @param description A description of the event","lastModifiedDate":"2022-01-30"},{"lineNumber":19,"author":{"gitId":"talkintomato"},"content":"     * @param time The time the event is to be completed by","lastModifiedDate":"2022-01-30"},{"lineNumber":20,"author":{"gitId":"talkintomato"},"content":"     */","lastModifiedDate":"2022-01-30"},{"lineNumber":21,"author":{"gitId":"talkintomato"},"content":"    public Event(String description, String time) {","lastModifiedDate":"2022-01-27"},{"lineNumber":22,"author":{"gitId":"talkintomato"},"content":"        super(description);","lastModifiedDate":"2022-01-20"},{"lineNumber":23,"author":{"gitId":"talkintomato"},"content":"        LocalDate date \u003d LocalDate.parse(time);","lastModifiedDate":"2022-01-28"},{"lineNumber":24,"author":{"gitId":"talkintomato"},"content":"        this.time \u003d date;","lastModifiedDate":"2022-01-28"},{"lineNumber":25,"author":{"gitId":"talkintomato"},"content":"    }","lastModifiedDate":"2022-01-27"},{"lineNumber":26,"author":{"gitId":"talkintomato"},"content":"","lastModifiedDate":"2022-01-27"},{"lineNumber":27,"author":{"gitId":"talkintomato"},"content":"    public static String getInitial() {","lastModifiedDate":"2022-01-29"},{"lineNumber":28,"author":{"gitId":"talkintomato"},"content":"        return INITIAL;","lastModifiedDate":"2022-01-29"},{"lineNumber":29,"author":{"gitId":"talkintomato"},"content":"    }","lastModifiedDate":"2022-01-27"},{"lineNumber":30,"author":{"gitId":"talkintomato"},"content":"","lastModifiedDate":"2022-01-27"},{"lineNumber":31,"author":{"gitId":"talkintomato"},"content":"    public String getTime() {return this.time.toString();}","lastModifiedDate":"2022-01-28"},{"lineNumber":32,"author":{"gitId":"talkintomato"},"content":"","lastModifiedDate":"2022-01-28"},{"lineNumber":33,"author":{"gitId":"talkintomato"},"content":"    public String getFormattedTime() {return time.format(DateTimeFormatter.ofPattern(\"MMM d yyyy\"));}","lastModifiedDate":"2022-01-28"},{"lineNumber":34,"author":{"gitId":"talkintomato"},"content":"","lastModifiedDate":"2022-01-28"},{"lineNumber":35,"author":{"gitId":"talkintomato"},"content":"    /**","lastModifiedDate":"2022-01-30"},{"lineNumber":36,"author":{"gitId":"talkintomato"},"content":"     * Constructor for Event when loaded by storage","lastModifiedDate":"2022-01-30"},{"lineNumber":37,"author":{"gitId":"talkintomato"},"content":"     *","lastModifiedDate":"2022-01-30"},{"lineNumber":38,"author":{"gitId":"talkintomato"},"content":"     * @param done determines if event should be marked as complete or incomplete","lastModifiedDate":"2022-01-30"},{"lineNumber":39,"author":{"gitId":"talkintomato"},"content":"     * @param description A description of the event","lastModifiedDate":"2022-01-30"},{"lineNumber":40,"author":{"gitId":"talkintomato"},"content":"     * @param time The time the event is to be completed by","lastModifiedDate":"2022-01-30"},{"lineNumber":41,"author":{"gitId":"talkintomato"},"content":"     */","lastModifiedDate":"2022-01-30"},{"lineNumber":42,"author":{"gitId":"talkintomato"},"content":"    public Event(String done, String description, String time) {","lastModifiedDate":"2022-01-27"},{"lineNumber":43,"author":{"gitId":"talkintomato"},"content":"        super(description);","lastModifiedDate":"2022-01-27"},{"lineNumber":44,"author":{"gitId":"talkintomato"},"content":"        LocalDate date \u003d LocalDate.parse(time);","lastModifiedDate":"2022-01-28"},{"lineNumber":45,"author":{"gitId":"talkintomato"},"content":"        this.time \u003d date;","lastModifiedDate":"2022-01-28"},{"lineNumber":46,"author":{"gitId":"talkintomato"},"content":"        if (done.equals(\"true\")) {","lastModifiedDate":"2022-01-27"},{"lineNumber":47,"author":{"gitId":"talkintomato"},"content":"            this.done();","lastModifiedDate":"2022-01-27"},{"lineNumber":48,"author":{"gitId":"talkintomato"},"content":"        }","lastModifiedDate":"2022-01-27"},{"lineNumber":49,"author":{"gitId":"talkintomato"},"content":"    }","lastModifiedDate":"2022-01-20"},{"lineNumber":50,"author":{"gitId":"talkintomato"},"content":"","lastModifiedDate":"2022-01-20"},{"lineNumber":51,"author":{"gitId":"talkintomato"},"content":"    @Override","lastModifiedDate":"2022-01-20"},{"lineNumber":52,"author":{"gitId":"talkintomato"},"content":"    public String toString() {","lastModifiedDate":"2022-01-20"},{"lineNumber":53,"author":{"gitId":"talkintomato"},"content":"        return \"[\" + getInitial() + \"]\" + super.toString() + \" (at: \" + getFormattedTime() + \")\";","lastModifiedDate":"2022-01-29"},{"lineNumber":54,"author":{"gitId":"talkintomato"},"content":"    }","lastModifiedDate":"2022-01-20"},{"lineNumber":55,"author":{"gitId":"talkintomato"},"content":"","lastModifiedDate":"2022-01-28"},{"lineNumber":56,"author":{"gitId":"talkintomato"},"content":"}","lastModifiedDate":"2022-01-20"}],"authorContributionMap":{"talkintomato":56}},{"path":"src/main/java/duke/tasks/Task.java","fileType":"java","lines":[{"lineNumber":1,"author":{"gitId":"talkintomato"},"content":"package duke.tasks;","lastModifiedDate":"2022-01-29"},{"lineNumber":2,"author":{"gitId":"talkintomato"},"content":"","lastModifiedDate":"2022-01-29"},{"lineNumber":3,"author":{"gitId":"talkintomato"},"content":"import duke.exception.DukeException;","lastModifiedDate":"2022-01-29"},{"lineNumber":4,"author":{"gitId":"talkintomato"},"content":"","lastModifiedDate":"2022-01-29"},{"lineNumber":5,"author":{"gitId":"talkintomato"},"content":"public abstract class Task {","lastModifiedDate":"2022-01-29"},{"lineNumber":6,"author":{"gitId":"talkintomato"},"content":"","lastModifiedDate":"2022-01-19"},{"lineNumber":7,"author":{"gitId":"talkintomato"},"content":"    protected String description;","lastModifiedDate":"2022-01-30"},{"lineNumber":8,"author":{"gitId":"talkintomato"},"content":"","lastModifiedDate":"2022-01-27"},{"lineNumber":9,"author":{"gitId":"talkintomato"},"content":"    protected Boolean isDone;","lastModifiedDate":"2022-01-30"},{"lineNumber":10,"author":{"gitId":"talkintomato"},"content":"","lastModifiedDate":"2022-01-29"},{"lineNumber":11,"author":{"gitId":"talkintomato"},"content":"    public Task(String description) {","lastModifiedDate":"2022-01-19"},{"lineNumber":12,"author":{"gitId":"talkintomato"},"content":"        this.description \u003d description;","lastModifiedDate":"2022-01-19"},{"lineNumber":13,"author":{"gitId":"talkintomato"},"content":"        this.isDone \u003d false;","lastModifiedDate":"2022-01-19"},{"lineNumber":14,"author":{"gitId":"talkintomato"},"content":"    }","lastModifiedDate":"2022-01-19"},{"lineNumber":15,"author":{"gitId":"talkintomato"},"content":"","lastModifiedDate":"2022-01-19"},{"lineNumber":16,"author":{"gitId":"talkintomato"},"content":"    @Override","lastModifiedDate":"2022-01-20"},{"lineNumber":17,"author":{"gitId":"talkintomato"},"content":"    public String toString() {","lastModifiedDate":"2022-01-20"},{"lineNumber":18,"author":{"gitId":"talkintomato"},"content":"        return (isDone ? \"[X] \" + this.description : \"[ ] \" + this.description);","lastModifiedDate":"2022-01-20"},{"lineNumber":19,"author":{"gitId":"talkintomato"},"content":"    }","lastModifiedDate":"2022-01-19"},{"lineNumber":20,"author":{"gitId":"talkintomato"},"content":"","lastModifiedDate":"2022-01-19"},{"lineNumber":21,"author":{"gitId":"talkintomato"},"content":"    public void done() {","lastModifiedDate":"2022-01-19"},{"lineNumber":22,"author":{"gitId":"talkintomato"},"content":"        isDone \u003d true;","lastModifiedDate":"2022-01-19"},{"lineNumber":23,"author":{"gitId":"talkintomato"},"content":"    }","lastModifiedDate":"2022-01-19"},{"lineNumber":24,"author":{"gitId":"talkintomato"},"content":"","lastModifiedDate":"2022-01-19"},{"lineNumber":25,"author":{"gitId":"talkintomato"},"content":"    public void notDone() {","lastModifiedDate":"2022-01-19"},{"lineNumber":26,"author":{"gitId":"talkintomato"},"content":"        isDone \u003d false;","lastModifiedDate":"2022-01-19"},{"lineNumber":27,"author":{"gitId":"talkintomato"},"content":"    }","lastModifiedDate":"2022-01-19"},{"lineNumber":28,"author":{"gitId":"talkintomato"},"content":"","lastModifiedDate":"2022-01-20"},{"lineNumber":29,"author":{"gitId":"talkintomato"},"content":"    /**","lastModifiedDate":"2022-01-30"},{"lineNumber":30,"author":{"gitId":"talkintomato"},"content":"     * Determines which kind of task is to created based on the Initial given","lastModifiedDate":"2022-01-30"},{"lineNumber":31,"author":{"gitId":"talkintomato"},"content":"     * @param description The parameters of the task","lastModifiedDate":"2022-01-30"},{"lineNumber":32,"author":{"gitId":"talkintomato"},"content":"     * @return The type of Task to be created","lastModifiedDate":"2022-01-30"},{"lineNumber":33,"author":{"gitId":"talkintomato"},"content":"     * @throws DukeException","lastModifiedDate":"2022-01-30"},{"lineNumber":34,"author":{"gitId":"talkintomato"},"content":"     */","lastModifiedDate":"2022-01-30"},{"lineNumber":35,"author":{"gitId":"talkintomato"},"content":"    public static Task createTask(String[] description) throws DukeException {","lastModifiedDate":"2022-01-27"},{"lineNumber":36,"author":{"gitId":"talkintomato"},"content":"        switch (description[0]) {","lastModifiedDate":"2022-01-27"},{"lineNumber":37,"author":{"gitId":"talkintomato"},"content":"            case \"T\":","lastModifiedDate":"2022-01-27"},{"lineNumber":38,"author":{"gitId":"talkintomato"},"content":"                return new Todo(description[1], description[2]);","lastModifiedDate":"2022-01-27"},{"lineNumber":39,"author":{"gitId":"talkintomato"},"content":"            case \"E\":","lastModifiedDate":"2022-01-27"},{"lineNumber":40,"author":{"gitId":"talkintomato"},"content":"                return new Event(description[1], description[2], description[3]);","lastModifiedDate":"2022-01-27"},{"lineNumber":41,"author":{"gitId":"talkintomato"},"content":"            case \"D\":","lastModifiedDate":"2022-01-27"},{"lineNumber":42,"author":{"gitId":"talkintomato"},"content":"                return new Deadline(description[1], description[2], description[3]);","lastModifiedDate":"2022-01-27"},{"lineNumber":43,"author":{"gitId":"talkintomato"},"content":"            default:","lastModifiedDate":"2022-01-27"},{"lineNumber":44,"author":{"gitId":"talkintomato"},"content":"                throw new DukeException(\"Invalid Task\");","lastModifiedDate":"2022-01-27"},{"lineNumber":45,"author":{"gitId":"talkintomato"},"content":"        }","lastModifiedDate":"2022-01-20"},{"lineNumber":46,"author":{"gitId":"talkintomato"},"content":"    }","lastModifiedDate":"2022-01-20"},{"lineNumber":47,"author":{"gitId":"talkintomato"},"content":"","lastModifiedDate":"2022-01-27"},{"lineNumber":48,"author":{"gitId":"talkintomato"},"content":"    abstract public String getTime();","lastModifiedDate":"2022-01-27"},{"lineNumber":49,"author":{"gitId":"talkintomato"},"content":"","lastModifiedDate":"2022-01-27"},{"lineNumber":50,"author":{"gitId":"talkintomato"},"content":"    public Boolean getIsDone() {return this.isDone;}","lastModifiedDate":"2022-01-27"},{"lineNumber":51,"author":{"gitId":"talkintomato"},"content":"","lastModifiedDate":"2022-01-27"},{"lineNumber":52,"author":{"gitId":"talkintomato"},"content":"    public String getDescription() {return this.description;}","lastModifiedDate":"2022-01-27"},{"lineNumber":53,"author":{"gitId":"talkintomato"},"content":"","lastModifiedDate":"2022-01-27"},{"lineNumber":54,"author":{"gitId":"talkintomato"},"content":"}","lastModifiedDate":"2022-01-19"}],"authorContributionMap":{"talkintomato":54}},{"path":"src/main/java/duke/tasks/Todo.java","fileType":"java","lines":[{"lineNumber":1,"author":{"gitId":"talkintomato"},"content":"package duke.tasks;","lastModifiedDate":"2022-01-29"},{"lineNumber":2,"author":{"gitId":"talkintomato"},"content":"","lastModifiedDate":"2022-01-29"},{"lineNumber":3,"author":{"gitId":"talkintomato"},"content":"public class Todo extends Task {","lastModifiedDate":"2022-01-20"},{"lineNumber":4,"author":{"gitId":"talkintomato"},"content":"","lastModifiedDate":"2022-01-19"},{"lineNumber":5,"author":{"gitId":"talkintomato"},"content":"    /**","lastModifiedDate":"2022-01-30"},{"lineNumber":6,"author":{"gitId":"talkintomato"},"content":"     * The Initial which represents the Task","lastModifiedDate":"2022-01-30"},{"lineNumber":7,"author":{"gitId":"talkintomato"},"content":"     */","lastModifiedDate":"2022-01-30"},{"lineNumber":8,"author":{"gitId":"talkintomato"},"content":"    private final static String INITIAL  \u003d \"T\";","lastModifiedDate":"2022-01-29"},{"lineNumber":9,"author":{"gitId":"talkintomato"},"content":"","lastModifiedDate":"2022-01-27"},{"lineNumber":10,"author":{"gitId":"talkintomato"},"content":"    /**","lastModifiedDate":"2022-01-30"},{"lineNumber":11,"author":{"gitId":"talkintomato"},"content":"     * Class constructor","lastModifiedDate":"2022-01-30"},{"lineNumber":12,"author":{"gitId":"talkintomato"},"content":"     * @param description Description of Todo task","lastModifiedDate":"2022-01-30"},{"lineNumber":13,"author":{"gitId":"talkintomato"},"content":"     */","lastModifiedDate":"2022-01-30"},{"lineNumber":14,"author":{"gitId":"talkintomato"},"content":"    public Todo(String description) {","lastModifiedDate":"2022-01-20"},{"lineNumber":15,"author":{"gitId":"talkintomato"},"content":"        super(description);","lastModifiedDate":"2022-01-20"},{"lineNumber":16,"author":{"gitId":"talkintomato"},"content":"    }","lastModifiedDate":"2022-01-19"},{"lineNumber":17,"author":{"gitId":"talkintomato"},"content":"","lastModifiedDate":"2022-01-19"},{"lineNumber":18,"author":{"gitId":"talkintomato"},"content":"    /**","lastModifiedDate":"2022-01-30"},{"lineNumber":19,"author":{"gitId":"talkintomato"},"content":"     * Class Constrcutor which specifies if the Todo is complete or in complete","lastModifiedDate":"2022-01-30"},{"lineNumber":20,"author":{"gitId":"talkintomato"},"content":"     * @param isDone","lastModifiedDate":"2022-01-30"},{"lineNumber":21,"author":{"gitId":"talkintomato"},"content":"     * @param description","lastModifiedDate":"2022-01-30"},{"lineNumber":22,"author":{"gitId":"talkintomato"},"content":"     */","lastModifiedDate":"2022-01-30"},{"lineNumber":23,"author":{"gitId":"talkintomato"},"content":"    public Todo(String isDone, String description) {","lastModifiedDate":"2022-01-29"},{"lineNumber":24,"author":{"gitId":"talkintomato"},"content":"        super(description);","lastModifiedDate":"2022-01-27"},{"lineNumber":25,"author":{"gitId":"talkintomato"},"content":"        if (isDone.equals(\"true\")) {","lastModifiedDate":"2022-01-29"},{"lineNumber":26,"author":{"gitId":"talkintomato"},"content":"            this.done();","lastModifiedDate":"2022-01-27"},{"lineNumber":27,"author":{"gitId":"talkintomato"},"content":"        }","lastModifiedDate":"2022-01-27"},{"lineNumber":28,"author":{"gitId":"talkintomato"},"content":"    }","lastModifiedDate":"2022-01-27"},{"lineNumber":29,"author":{"gitId":"talkintomato"},"content":"","lastModifiedDate":"2022-01-27"},{"lineNumber":30,"author":{"gitId":"talkintomato"},"content":"    public static String getInitial() {","lastModifiedDate":"2022-01-29"},{"lineNumber":31,"author":{"gitId":"talkintomato"},"content":"        return INITIAL;","lastModifiedDate":"2022-01-29"},{"lineNumber":32,"author":{"gitId":"talkintomato"},"content":"    }","lastModifiedDate":"2022-01-27"},{"lineNumber":33,"author":{"gitId":"talkintomato"},"content":"","lastModifiedDate":"2022-01-27"},{"lineNumber":34,"author":{"gitId":"talkintomato"},"content":"    public String getTime() {return null;}","lastModifiedDate":"2022-01-27"},{"lineNumber":35,"author":{"gitId":"talkintomato"},"content":"","lastModifiedDate":"2022-01-27"},{"lineNumber":36,"author":{"gitId":"talkintomato"},"content":"    public String getStatus() {","lastModifiedDate":"2022-01-20"},{"lineNumber":37,"author":{"gitId":"talkintomato"},"content":"        return (isDone ? \"[X] \" + this.description : \"[ ] \" + this.description); // mark done task with X}","lastModifiedDate":"2022-01-20"},{"lineNumber":38,"author":{"gitId":"talkintomato"},"content":"    }","lastModifiedDate":"2022-01-19"},{"lineNumber":39,"author":{"gitId":"talkintomato"},"content":"","lastModifiedDate":"2022-01-19"},{"lineNumber":40,"author":{"gitId":"talkintomato"},"content":"    @Override","lastModifiedDate":"2022-01-20"},{"lineNumber":41,"author":{"gitId":"talkintomato"},"content":"    public String toString() {","lastModifiedDate":"2022-01-20"},{"lineNumber":42,"author":{"gitId":"talkintomato"},"content":"        return \"[\" + getInitial() + \"]\" + super.toString() ;","lastModifiedDate":"2022-01-29"},{"lineNumber":43,"author":{"gitId":"talkintomato"},"content":"    }","lastModifiedDate":"2022-01-19"},{"lineNumber":44,"author":{"gitId":"talkintomato"},"content":"}","lastModifiedDate":"2022-01-19"}],"authorContributionMap":{"talkintomato":44}},{"path":"src/test/java/duke/TaskList.java","fileType":"java","lines":[{"lineNumber":1,"author":{"gitId":"talkintomato"},"content":"package duke;","lastModifiedDate":"2022-01-29"},{"lineNumber":2,"author":{"gitId":"talkintomato"},"content":"","lastModifiedDate":"2022-01-29"},{"lineNumber":3,"author":{"gitId":"talkintomato"},"content":"import duke.tasks.Todo;","lastModifiedDate":"2022-01-29"},{"lineNumber":4,"author":{"gitId":"talkintomato"},"content":"import org.junit.jupiter.api.Test;","lastModifiedDate":"2022-01-29"},{"lineNumber":5,"author":{"gitId":"talkintomato"},"content":"","lastModifiedDate":"2022-01-29"},{"lineNumber":6,"author":{"gitId":"talkintomato"},"content":"import static org.junit.jupiter.api.Assertions.assertEquals;","lastModifiedDate":"2022-01-29"},{"lineNumber":7,"author":{"gitId":"talkintomato"},"content":"","lastModifiedDate":"2022-01-29"},{"lineNumber":8,"author":{"gitId":"talkintomato"},"content":"","lastModifiedDate":"2022-01-29"},{"lineNumber":9,"author":{"gitId":"talkintomato"},"content":"class TaskListTest {","lastModifiedDate":"2022-01-29"},{"lineNumber":10,"author":{"gitId":"talkintomato"},"content":"","lastModifiedDate":"2022-01-29"},{"lineNumber":11,"author":{"gitId":"talkintomato"},"content":"//    @Test","lastModifiedDate":"2022-01-29"},{"lineNumber":12,"author":{"gitId":"talkintomato"},"content":"//    public void addTaskTest(){","lastModifiedDate":"2022-01-29"},{"lineNumber":13,"author":{"gitId":"talkintomato"},"content":"//        TaskList tasks \u003d new TaskList();","lastModifiedDate":"2022-01-29"},{"lineNumber":14,"author":{"gitId":"talkintomato"},"content":"//        Todo todo \u003d new Todo(\"false\", \"Dummy Description\");","lastModifiedDate":"2022-01-29"},{"lineNumber":15,"author":{"gitId":"talkintomato"},"content":"//        tasks.addTask(todo);","lastModifiedDate":"2022-01-29"},{"lineNumber":16,"author":{"gitId":"talkintomato"},"content":"//        assertEquals(todo.getIsDone(), true);","lastModifiedDate":"2022-01-29"},{"lineNumber":17,"author":{"gitId":"talkintomato"},"content":"//    }","lastModifiedDate":"2022-01-29"},{"lineNumber":18,"author":{"gitId":"talkintomato"},"content":"//","lastModifiedDate":"2022-01-29"},{"lineNumber":19,"author":{"gitId":"talkintomato"},"content":"//    @Test","lastModifiedDate":"2022-01-29"},{"lineNumber":20,"author":{"gitId":"talkintomato"},"content":"//    public void removeListTest(){","lastModifiedDate":"2022-01-29"},{"lineNumber":21,"author":{"gitId":"talkintomato"},"content":"//","lastModifiedDate":"2022-01-29"},{"lineNumber":22,"author":{"gitId":"talkintomato"},"content":"//    }","lastModifiedDate":"2022-01-29"},{"lineNumber":23,"author":{"gitId":"talkintomato"},"content":"","lastModifiedDate":"2022-01-29"},{"lineNumber":24,"author":{"gitId":"talkintomato"},"content":"","lastModifiedDate":"2022-01-29"},{"lineNumber":25,"author":{"gitId":"talkintomato"},"content":"    @Test","lastModifiedDate":"2022-01-29"},{"lineNumber":26,"author":{"gitId":"talkintomato"},"content":"    public void markTest(){","lastModifiedDate":"2022-01-29"},{"lineNumber":27,"author":{"gitId":"talkintomato"},"content":"        TaskList tasks \u003d new TaskList();","lastModifiedDate":"2022-01-29"},{"lineNumber":28,"author":{"gitId":"talkintomato"},"content":"        Todo todo \u003d new Todo(\"false\", \"read book\");","lastModifiedDate":"2022-01-29"},{"lineNumber":29,"author":{"gitId":"talkintomato"},"content":"        tasks.addTask(todo);","lastModifiedDate":"2022-01-29"},{"lineNumber":30,"author":{"gitId":"talkintomato"},"content":"        tasks.mark(\"0\");","lastModifiedDate":"2022-01-29"},{"lineNumber":31,"author":{"gitId":"talkintomato"},"content":"        assertEquals(todo.getIsDone(), true);","lastModifiedDate":"2022-01-29"},{"lineNumber":32,"author":{"gitId":"talkintomato"},"content":"    }","lastModifiedDate":"2022-01-29"},{"lineNumber":33,"author":{"gitId":"talkintomato"},"content":"","lastModifiedDate":"2022-01-29"},{"lineNumber":34,"author":{"gitId":"talkintomato"},"content":"    @Test","lastModifiedDate":"2022-01-29"},{"lineNumber":35,"author":{"gitId":"talkintomato"},"content":"    public void unmarkTest(){","lastModifiedDate":"2022-01-29"},{"lineNumber":36,"author":{"gitId":"talkintomato"},"content":"        TaskList tasks \u003d new TaskList();","lastModifiedDate":"2022-01-29"},{"lineNumber":37,"author":{"gitId":"talkintomato"},"content":"        Todo todo \u003d new Todo(\"true\", \"read book\");","lastModifiedDate":"2022-01-29"},{"lineNumber":38,"author":{"gitId":"talkintomato"},"content":"        tasks.addTask(todo);","lastModifiedDate":"2022-01-29"},{"lineNumber":39,"author":{"gitId":"talkintomato"},"content":"        tasks.unmark(\"0\");","lastModifiedDate":"2022-01-29"},{"lineNumber":40,"author":{"gitId":"talkintomato"},"content":"        assertEquals(todo.getIsDone(), false);","lastModifiedDate":"2022-01-29"},{"lineNumber":41,"author":{"gitId":"talkintomato"},"content":"    }","lastModifiedDate":"2022-01-29"},{"lineNumber":42,"author":{"gitId":"talkintomato"},"content":"","lastModifiedDate":"2022-01-29"},{"lineNumber":43,"author":{"gitId":"talkintomato"},"content":"}","lastModifiedDate":"2022-01-29"}],"authorContributionMap":{"talkintomato":43}},{"path":"src/test/java/duke/tasks/EventTest.java","fileType":"java","lines":[{"lineNumber":1,"author":{"gitId":"talkintomato"},"content":"package duke.tasks;","lastModifiedDate":"2022-01-29"},{"lineNumber":2,"author":{"gitId":"talkintomato"},"content":"","lastModifiedDate":"2022-01-29"},{"lineNumber":3,"author":{"gitId":"talkintomato"},"content":"import org.junit.jupiter.api.Test;","lastModifiedDate":"2022-01-29"},{"lineNumber":4,"author":{"gitId":"talkintomato"},"content":"","lastModifiedDate":"2022-01-29"},{"lineNumber":5,"author":{"gitId":"talkintomato"},"content":"import static org.junit.jupiter.api.Assertions.assertEquals;","lastModifiedDate":"2022-01-29"},{"lineNumber":6,"author":{"gitId":"talkintomato"},"content":"","lastModifiedDate":"2022-01-29"},{"lineNumber":7,"author":{"gitId":"talkintomato"},"content":"public class EventTest {","lastModifiedDate":"2022-01-29"},{"lineNumber":8,"author":{"gitId":"talkintomato"},"content":"","lastModifiedDate":"2022-01-29"},{"lineNumber":9,"author":{"gitId":"talkintomato"},"content":"    @Test","lastModifiedDate":"2022-01-29"},{"lineNumber":10,"author":{"gitId":"talkintomato"},"content":"    public void getInitialTest(){","lastModifiedDate":"2022-01-29"},{"lineNumber":11,"author":{"gitId":"talkintomato"},"content":"        assertEquals(Event.getInitial(), \"E\");","lastModifiedDate":"2022-01-29"},{"lineNumber":12,"author":{"gitId":"talkintomato"},"content":"    }","lastModifiedDate":"2022-01-29"},{"lineNumber":13,"author":{"gitId":"talkintomato"},"content":"","lastModifiedDate":"2022-01-29"},{"lineNumber":14,"author":{"gitId":"talkintomato"},"content":"    @Test","lastModifiedDate":"2022-01-29"},{"lineNumber":15,"author":{"gitId":"talkintomato"},"content":"    public void getTime(){","lastModifiedDate":"2022-01-29"},{"lineNumber":16,"author":{"gitId":"talkintomato"},"content":"        Event TestEvent \u003d new Event(\"Dummy Description\", \"2020-01-18\");","lastModifiedDate":"2022-01-29"},{"lineNumber":17,"author":{"gitId":"talkintomato"},"content":"        assertEquals(TestEvent.getTime(), \"2020-01-18\");","lastModifiedDate":"2022-01-29"},{"lineNumber":18,"author":{"gitId":"talkintomato"},"content":"    }","lastModifiedDate":"2022-01-29"},{"lineNumber":19,"author":{"gitId":"talkintomato"},"content":"","lastModifiedDate":"2022-01-29"},{"lineNumber":20,"author":{"gitId":"talkintomato"},"content":"    @Test","lastModifiedDate":"2022-01-29"},{"lineNumber":21,"author":{"gitId":"talkintomato"},"content":"    public void getFormattedTime(){","lastModifiedDate":"2022-01-29"},{"lineNumber":22,"author":{"gitId":"talkintomato"},"content":"        Event TestEvent \u003d new Event(\"Dummy Description\", \"2020-01-18\");","lastModifiedDate":"2022-01-29"},{"lineNumber":23,"author":{"gitId":"talkintomato"},"content":"        assertEquals(TestEvent.getFormattedTime(), \"Jan 18 2020\");","lastModifiedDate":"2022-01-29"},{"lineNumber":24,"author":{"gitId":"talkintomato"},"content":"    }","lastModifiedDate":"2022-01-29"},{"lineNumber":25,"author":{"gitId":"talkintomato"},"content":"","lastModifiedDate":"2022-01-29"},{"lineNumber":26,"author":{"gitId":"talkintomato"},"content":"    @Test","lastModifiedDate":"2022-01-29"},{"lineNumber":27,"author":{"gitId":"talkintomato"},"content":"    public void getDescriptionTest(){","lastModifiedDate":"2022-01-29"},{"lineNumber":28,"author":{"gitId":"talkintomato"},"content":"        Event TestEvent \u003d new Event(\"Dummy Description\", \"2020-01-18\");","lastModifiedDate":"2022-01-29"},{"lineNumber":29,"author":{"gitId":"talkintomato"},"content":"        assertEquals(TestEvent.getDescription(), \"Dummy Description\");","lastModifiedDate":"2022-01-29"},{"lineNumber":30,"author":{"gitId":"talkintomato"},"content":"    }","lastModifiedDate":"2022-01-29"},{"lineNumber":31,"author":{"gitId":"talkintomato"},"content":"","lastModifiedDate":"2022-01-29"},{"lineNumber":32,"author":{"gitId":"talkintomato"},"content":"}","lastModifiedDate":"2022-01-29"}],"authorContributionMap":{"talkintomato":32}},{"path":"text-ui-test/input.txt","fileType":"txt","lines":[{"lineNumber":1,"author":{"gitId":"talkintomato"},"content":"todo borrow book","lastModifiedDate":"2022-01-25"},{"lineNumber":2,"author":{"gitId":"talkintomato"},"content":"deadline return book /by 2019-10-15","lastModifiedDate":"2022-01-29"},{"lineNumber":3,"author":{"gitId":"talkintomato"},"content":"event project meeting /at 2019-10-20","lastModifiedDate":"2022-01-29"},{"lineNumber":4,"author":{"gitId":"talkintomato"},"content":"list","lastModifiedDate":"2022-01-25"},{"lineNumber":5,"author":{"gitId":"talkintomato"},"content":"mark 1","lastModifiedDate":"2022-01-25"},{"lineNumber":6,"author":{"gitId":"talkintomato"},"content":"unmark 2","lastModifiedDate":"2022-01-25"},{"lineNumber":7,"author":{"gitId":"talkintomato"},"content":"list","lastModifiedDate":"2022-01-25"},{"lineNumber":8,"author":{"gitId":"talkintomato"},"content":"unmark 1","lastModifiedDate":"2022-01-25"},{"lineNumber":9,"author":{"gitId":"talkintomato"},"content":"list","lastModifiedDate":"2022-01-25"},{"lineNumber":10,"author":{"gitId":"talkintomato"},"content":"bye","lastModifiedDate":"2022-01-25"}],"authorContributionMap":{"talkintomato":10}}]
