{"authorDailyContributionsMap":{"jaegarpoon":[{"date":"2022-01-20","commitResults":[{"hash":"cd0131fbdaa675ed2341f910498ea233a6f786f0","messageTitle":"Added Greet, Echo, Exit.","messageBody":"","tags":["Level-1"],"fileTypesAndContributionMap":{"java":{"insertions":18,"deletions":6}}},{"hash":"d184398aa7771fbfb1496965a3ddc493cb610348","messageTitle":"Add, List.","messageBody":"","tags":["Level-2"],"fileTypesAndContributionMap":{"java":{"insertions":12,"deletions":2}}},{"hash":"9d1b3854a718b7489b3e818ca2df539872f08393","messageTitle":"Mark as Done.","messageBody":"","tags":["Level-3"],"fileTypesAndContributionMap":{"java":{"insertions":48,"deletions":5}}},{"hash":"36df7ef2854001d7a22542c2f89ef0d56dfba611","messageTitle":"ToDos, Events, Deadlines","messageBody":"","tags":["Level-4"],"fileTypesAndContributionMap":{"java":{"insertions":54,"deletions":4}}},{"hash":"4b62bc63583a3db0081605d5d3c7c90f144310b7","messageTitle":"Automated Text UI Testing.","messageBody":"","tags":["A-TextUiTesting"],"fileTypesAndContributionMap":{"txt":{"insertions":11,"deletions":0}}},{"hash":"b6468451b0d2db6c3c9bd8d82108b23513671c96","messageTitle":"Handle Errors.","messageBody":"","tags":["Level-5"],"fileTypesAndContributionMap":{"java":{"insertions":101,"deletions":24}}}]},{"date":"2022-01-21","commitResults":[{"hash":"7ee2cbdd0f293d95a5826cbd89e74313024082cf","messageTitle":"Delete.","messageBody":"","tags":["Level-6"],"fileTypesAndContributionMap":{"java":{"insertions":27,"deletions":0}}}]}]},"authorFileTypeContributionMap":{"jaegarpoon":{"java":224,"md":0,"fxml":0,"sh":0,"bat":0,"gradle":0,"txt":11}},"authorContributionVariance":{"jaegarpoon":8723.25},"authorDisplayNameMap":{"jaegarpoon":"JAEG.. YAO"}}
