{"authorDailyContributionsMap":{"jaegarpoon":[{"date":"2022-01-20","commitResults":[{"hash":"cd0131fbdaa675ed2341f910498ea233a6f786f0","messageTitle":"Added Greet, Echo, Exit.","messageBody":"","tags":["Level-1"],"fileTypesAndContributionMap":{"java":{"insertions":18,"deletions":6}}},{"hash":"d184398aa7771fbfb1496965a3ddc493cb610348","messageTitle":"Add, List.","messageBody":"","tags":["Level-2"],"fileTypesAndContributionMap":{"java":{"insertions":12,"deletions":2}}},{"hash":"9d1b3854a718b7489b3e818ca2df539872f08393","messageTitle":"Mark as Done.","messageBody":"","tags":["Level-3"],"fileTypesAndContributionMap":{"java":{"insertions":48,"deletions":5}}},{"hash":"36df7ef2854001d7a22542c2f89ef0d56dfba611","messageTitle":"ToDos, Events, Deadlines","messageBody":"","tags":["Level-4"],"fileTypesAndContributionMap":{"java":{"insertions":54,"deletions":4}}},{"hash":"4b62bc63583a3db0081605d5d3c7c90f144310b7","messageTitle":"Automated Text UI Testing.","messageBody":"","tags":["A-TextUiTesting"],"fileTypesAndContributionMap":{"txt":{"insertions":11,"deletions":0}}},{"hash":"b6468451b0d2db6c3c9bd8d82108b23513671c96","messageTitle":"Handle Errors.","messageBody":"","tags":["Level-5"],"fileTypesAndContributionMap":{"java":{"insertions":101,"deletions":24}}}]},{"date":"2022-01-21","commitResults":[{"hash":"7ee2cbdd0f293d95a5826cbd89e74313024082cf","messageTitle":"Delete.","messageBody":"","tags":["Level-6"],"fileTypesAndContributionMap":{"java":{"insertions":27,"deletions":0}}}]},{"date":"2022-01-27","commitResults":[{"hash":"a7047a1df536e3bbe34394fd2ffb52f40560ce99","messageTitle":"Save.","messageBody":"","tags":["Level-7","A-Jar"],"fileTypesAndContributionMap":{"java":{"insertions":167,"deletions":8}}},{"hash":"35101c7a4df9007210bff804f7793cd6a7ce3fb2","messageTitle":"Dates and Times.","messageBody":"","tags":["Level-8"],"fileTypesAndContributionMap":{"java":{"insertions":44,"deletions":12}}}]},{"date":"2022-01-28","commitResults":[{"hash":"02f7c9f5360a4ab2e08c8cab925682e88530c2fc","messageTitle":"Use More OOP.","messageBody":"","tags":["A-MoreOOP"],"fileTypesAndContributionMap":{"java":{"insertions":281,"deletions":190}}},{"hash":"1e697c1c41ca2d6e4d64627ec2c632fa4517d9c9","messageTitle":"Organize into packages","messageBody":"","tags":["A-Packages"],"fileTypesAndContributionMap":{"java":{"insertions":80,"deletions":8}}},{"hash":"ea7b91782c600b67ec8bb0d34e9a31dcc01929d8","messageTitle":"Add JUnit tests","messageBody":"","tags":["A-JUnit"],"fileTypesAndContributionMap":{"java":{"insertions":35,"deletions":0}}},{"hash":"66151081b35e71a437d67ee33f116f067017ad85","messageTitle":"Add JavaDoc comments","messageBody":"","fileTypesAndContributionMap":{"java":{"insertions":140,"deletions":0}}},{"hash":"5da91d4830f3a75ac7f31994896f8296ec5b8710","messageTitle":"Follow the Coding Standard","messageBody":"","tags":["A-CodingStandard"],"fileTypesAndContributionMap":{"java":{"insertions":4,"deletions":4}}},{"hash":"ebf224a374ae57a19635c5e421ff225d1aabc947","messageTitle":"Revert \"Add JavaDoc comments\"","messageBody":"This reverts commit 66151081b35e71a437d67ee33f116f067017ad85.\n","fileTypesAndContributionMap":{"java":{"insertions":0,"deletions":140}}},{"hash":"b4f7645c2c75ddb79a981f5db96bebf9293b4bc0","messageTitle":"Find","messageBody":"","fileTypesAndContributionMap":{"java":{"insertions":26,"deletions":1}}},{"hash":"473478a8222951ad46e40082a4ea1a01bc6d7b31","messageTitle":"Add JavaDoc comments","messageBody":"","tags":["A-JavaDoc"],"fileTypesAndContributionMap":{"java":{"insertions":118,"deletions":0}}}]},{"date":"2022-01-31","commitResults":[{"hash":"07a5cdd7504aa5bd73e66e701a8c726c8b319e17","messageTitle":"Update gradle support to fix errors","messageBody":"","tags":["A-Gradle"],"fileTypesAndContributionMap":{"gradle":{"insertions":1,"deletions":1},"java":{"insertions":1,"deletions":1}}},{"hash":"7e10ba3a0453b1270dfd0571c7ee5245cda8fb45","messageTitle":"Use checkstyle","messageBody":"","tags":["A-CheckStyle"],"fileTypesAndContributionMap":{"java":{"insertions":65,"deletions":53}}}]},{"date":"2022-02-03","commitResults":[{"hash":"cf3dd0901c3f18a57a1a5e91c25803273cf6edd3","messageTitle":"Add a GUI to Duke","messageBody":"","tags":["Level-10"],"fileTypesAndContributionMap":{"gradle":{"insertions":15,"deletions":1},"fxml":{"insertions":37,"deletions":0},"java":{"insertions":218,"deletions":31}}}]},{"date":"2022-02-07","commitResults":[{"hash":"0dc05d6493794f4e31d2e3ccaab08c023d3b149a","messageTitle":"Include assertions to InputParser class","messageBody":"Assertions to check for non-empty task list on calling for input types\nthat require at least one task present (eg. mark, unmark, find, delete)\n","tags":["A-FullCommitMessage","A-Assertions"],"fileTypesAndContributionMap":{"java":{"insertions":4,"deletions":0}}},{"hash":"f9d13bb609a20e1591451c21894b8352d2dda3ea","messageTitle":"Improve code quality","messageBody":"Following the coding standards provided from the textbook, several\nchanges are made to the code to ensure adherance. Changes made based on\nreviews on GitHub as well.\n","tags":["A-CodeQuality"],"fileTypesAndContributionMap":{"java":{"insertions":40,"deletions":110}}}]},{"date":"2022-02-08","commitResults":[{"hash":"71c5f2c54fa970027a0e0b34d78779b9e31c6d14","messageTitle":"Use streams for selected loops","messageBody":"There are several nested for and if conditions within task list, which\nare replaced by streams for ease of understanding.\n","tags":["A-Streams"],"fileTypesAndContributionMap":{"java":{"insertions":12,"deletions":21}}},{"hash":"ed91c5fbb0746ce7f18e99f0a6b6714cc0554beb","messageTitle":"Modify import statement order","messageBody":"","fileTypesAndContributionMap":{"java":{"insertions":10,"deletions":6}}},{"hash":"904354af50e1648a72924f4bf3d5156ad0f1b081","messageTitle":"Update DukeTest for GitHub CI","messageBody":"","fileTypesAndContributionMap":{"java":{"insertions":1,"deletions":1}}},{"hash":"447b585cb349e60ef3e093de99bb0b5badb2a1fa","messageTitle":"Deal with duplicate items","messageBody":"Adds the ability to recognize and deal with duplicate items.\n","tags":["C-DetectDuplicates"],"fileTypesAndContributionMap":{"java":{"insertions":84,"deletions":0}}}]}]},"authorFileTypeContributionMap":{"jaegarpoon":{"java":971,"md":0,"fxml":37,"sh":0,"bat":0,"gradle":15,"txt":11}},"authorContributionVariance":{"jaegarpoon":43754.164},"authorDisplayNameMap":{"jaegarpoon":"CS2103-F10-2 JAEG.. YAO"}}
