{"authorDailyContributionsMap":{"FestiveCat":[{"date":"2022-01-18","commitResults":[{"hash":"65a75d9907349e3192b688021e257a15fe7b8479","messageTitle":"Customise Duke into Fluffers, add Echo function","messageBody":"","tags":["Level-1"],"fileTypesAndContributionMap":{"java":{"insertions":83,"deletions":10}}},{"hash":"fc9d4dff0453e90dc0d77e3148eac215be81822c","messageTitle":"Add Tasklist, Task, half of lvl2","messageBody":"","fileTypesAndContributionMap":{"java":{"insertions":79,"deletions":8}}},{"hash":"c213c09c42741162b09bdb1a4b2469e13c095a09","messageTitle":"Add Task class, remove generic component of TaskList","messageBody":"","tags":["Level-2"],"fileTypesAndContributionMap":{"java":{"insertions":161,"deletions":32}}},{"hash":"5c85ae2a9cd25dd6af7b38d4deacc9d85c5e79f9","messageTitle":"add exception for out of index mark/unmark","messageBody":"","tags":["Level-3"],"fileTypesAndContributionMap":{"java":{"insertions":61,"deletions":20}}},{"hash":"4aac3f6fcbe6fe60d7cf721ed36a48b7d019bc86","messageTitle":"OOP-ize Fluffers.java with the input commands, add InvalidInputException","messageBody":"","fileTypesAndContributionMap":{"java":{"insertions":320,"deletions":43}}},{"hash":"5c6d8a6509e26582f759e39bd4a88e6b4be3fb26","messageTitle":"finish parseInput for deadline, event, todo","messageBody":"","tags":["Level-4"],"fileTypesAndContributionMap":{"java":{"insertions":26,"deletions":19}}},{"hash":"1b333839dd72c0eb2c6e4b7073946545e4c69c64","messageTitle":"Add simple test case","messageBody":"","tags":["Level-5","A-TextUiTesting"],"fileTypesAndContributionMap":{"txt":{"insertions":15,"deletions":0},"java":{"insertions":5,"deletions":6},"bat":{"insertions":5,"deletions":1}}},{"hash":"bf8cdf7aad75367d09860503db9835893e8a242a","messageTitle":"add delete method, update regression test","messageBody":"","tags":["Level-6"],"fileTypesAndContributionMap":{"txt":{"insertions":35,"deletions":6},"java":{"insertions":64,"deletions":18}}},{"hash":"d3613ff3434d1ad077adf0ad45a2e7dfbb7cc0c3","messageTitle":"change ascii art into enum instead of constant","messageBody":"","tags":["A-Enums"],"fileTypesAndContributionMap":{"java":{"insertions":34,"deletions":26}}}]},{"date":"2022-01-23","commitResults":[{"hash":"f8e29c237aec740ba49c6dcef3694b4f6d1d36b1","messageTitle":"Add basis for Instruction classes","messageBody":"","fileTypesAndContributionMap":{"java":{"insertions":376,"deletions":10},"bat":{"insertions":1,"deletions":1}}},{"hash":"502245dc00983d93bd223e0e725f0b40cf422edf","messageTitle":"finish instructions class","messageBody":"","fileTypesAndContributionMap":{"java":{"insertions":63,"deletions":25}}},{"hash":"82d870b1b89309579fc05d7492ba575e5d6f3323","messageTitle":"finish refactoring with instructions class","messageBody":"","fileTypesAndContributionMap":{"java":{"insertions":573,"deletions":351}}},{"hash":"fdf761d2ec8bcd74f0a7e99e8f2f12c0b788a607","messageTitle":"update regression tests","messageBody":"","fileTypesAndContributionMap":{"txt":{"insertions":7,"deletions":0},"java":{"insertions":17,"deletions":18}}},{"hash":"0510dbd87aa6e1413db6e6acd89c7560b52b7a78","messageTitle":"add save feature","messageBody":"","fileTypesAndContributionMap":{"txt":{"insertions":0,"deletions":0},"java":{"insertions":181,"deletions":18}}},{"hash":"ede5922f2fe8125b5f3932a575a686d7a4a7ae96","messageTitle":"Add date/time support","messageBody":"","fileTypesAndContributionMap":{"java":{"insertions":209,"deletions":48}}},{"hash":"8eb23b5da448d0083cef3e884da1450b86047f64","messageTitle":"add compatibility between date/time and save/load","messageBody":"","fileTypesAndContributionMap":{"java":{"insertions":53,"deletions":24},"bat":{"insertions":1,"deletions":1}}},{"hash":"ff7751b0b9bc88f238e257f7bb170bd55e6c89bf","messageTitle":"add jar","messageBody":"","tags":["A-Jar"],"fileTypesAndContributionMap":{"txt":{"insertions":3,"deletions":0}}},{"hash":"8ea3d319fa8c9fd61bcf76c516be56a8378fd73b","messageTitle":"fix formatting","messageBody":"","fileTypesAndContributionMap":{"java":{"insertions":111,"deletions":122}}}]},{"date":"2022-01-24","commitResults":[{"hash":"3d8417b46b6c224c6d1594af4e8b278c9782174d","messageTitle":"fix javadoc style","messageBody":"","fileTypesAndContributionMap":{"java":{"insertions":39,"deletions":40}}},{"hash":"b53faac0b318736f91a81f951b188e744bbd4f54","messageTitle":"fix coding style","messageBody":"","fileTypesAndContributionMap":{"java":{"insertions":45,"deletions":31}}},{"hash":"d2fa4b234409fa2d606d4fd67d1157dd73da6822","messageTitle":"add find inst","messageBody":"","tags":["Level-9"],"fileTypesAndContributionMap":{"txt":{"insertions":1,"deletions":1},"java":{"insertions":83,"deletions":8}}}]},{"date":"2022-01-29","commitResults":[{"hash":"74f80eded052ec94251341be3e97e046bebb0de3","messageTitle":"make header comments fancy","messageBody":"","fileTypesAndContributionMap":{"java":{"insertions":12,"deletions":6}}}]}]},"authorFileTypeContributionMap":{"FestiveCat":{"java":1722,"md":0,"fxml":0,"sh":0,"bat":5,"gradle":0,"txt":54}},"authorContributionVariance":{"FestiveCat":333050.28},"authorDisplayNameMap":{"FestiveCat":"CS2103T-W12-1 ONG ..YANG"}}
