[{"path":"src/main/java/duke/duke/Deadline.java","fileType":"java","lines":[{"lineNumber":1,"author":{"gitId":"aceszhenwei"},"content":"package duke.duke;","lastModifiedDate":"2022-01-27"},{"lineNumber":2,"author":{"gitId":"aceszhenwei"},"content":"import java.time.LocalDate;","lastModifiedDate":"2022-01-22"},{"lineNumber":3,"author":{"gitId":"aceszhenwei"},"content":"import java.time.format.DateTimeParseException;","lastModifiedDate":"2022-01-22"},{"lineNumber":4,"author":{"gitId":"aceszhenwei"},"content":"import java.time.format.TextStyle;","lastModifiedDate":"2022-01-22"},{"lineNumber":5,"author":{"gitId":"aceszhenwei"},"content":"import java.util.Locale;","lastModifiedDate":"2022-01-22"},{"lineNumber":6,"author":{"gitId":"aceszhenwei"},"content":"","lastModifiedDate":"2022-01-22"},{"lineNumber":7,"author":{"gitId":"aceszhenwei"},"content":"public class Deadline extends Task {","lastModifiedDate":"2022-01-16"},{"lineNumber":8,"author":{"gitId":"aceszhenwei"},"content":"","lastModifiedDate":"2022-01-16"},{"lineNumber":9,"author":{"gitId":"aceszhenwei"},"content":"    protected String dueDate;","lastModifiedDate":"2022-01-22"},{"lineNumber":10,"author":{"gitId":"aceszhenwei"},"content":"","lastModifiedDate":"2022-01-16"},{"lineNumber":11,"author":{"gitId":"aceszhenwei"},"content":"    public Deadline(String name, String dueDate) {","lastModifiedDate":"2022-01-22"},{"lineNumber":12,"author":{"gitId":"aceszhenwei"},"content":"        super(name);","lastModifiedDate":"2022-01-16"},{"lineNumber":13,"author":{"gitId":"aceszhenwei"},"content":"        this.dueDate \u003d dueDate;","lastModifiedDate":"2022-01-22"},{"lineNumber":14,"author":{"gitId":"aceszhenwei"},"content":"    }","lastModifiedDate":"2022-01-22"},{"lineNumber":15,"author":{"gitId":"aceszhenwei"},"content":"","lastModifiedDate":"2022-01-22"},{"lineNumber":16,"author":{"gitId":"aceszhenwei"},"content":"    public String convertDate(String dueDate) {","lastModifiedDate":"2022-01-22"},{"lineNumber":17,"author":{"gitId":"aceszhenwei"},"content":"        try {","lastModifiedDate":"2022-01-22"},{"lineNumber":18,"author":{"gitId":"aceszhenwei"},"content":"            LocalDate date \u003d LocalDate.parse(dueDate);","lastModifiedDate":"2022-01-22"},{"lineNumber":19,"author":{"gitId":"aceszhenwei"},"content":"            String year \u003d String.valueOf(date.getYear());","lastModifiedDate":"2022-01-22"},{"lineNumber":20,"author":{"gitId":"aceszhenwei"},"content":"            String month \u003d date.getMonth().getDisplayName(TextStyle.SHORT, Locale.ENGLISH);","lastModifiedDate":"2022-01-22"},{"lineNumber":21,"author":{"gitId":"aceszhenwei"},"content":"            String day \u003d String.valueOf(date.getDayOfMonth());","lastModifiedDate":"2022-01-22"},{"lineNumber":22,"author":{"gitId":"aceszhenwei"},"content":"            return month + \" \" + day + \" \" + year;","lastModifiedDate":"2022-01-22"},{"lineNumber":23,"author":{"gitId":"aceszhenwei"},"content":"        }","lastModifiedDate":"2022-01-22"},{"lineNumber":24,"author":{"gitId":"aceszhenwei"},"content":"        catch (DateTimeParseException e) {","lastModifiedDate":"2022-01-22"},{"lineNumber":25,"author":{"gitId":"aceszhenwei"},"content":"            return dueDate;","lastModifiedDate":"2022-01-22"},{"lineNumber":26,"author":{"gitId":"aceszhenwei"},"content":"        }","lastModifiedDate":"2022-01-22"},{"lineNumber":27,"author":{"gitId":"aceszhenwei"},"content":"    }","lastModifiedDate":"2022-01-16"},{"lineNumber":28,"author":{"gitId":"aceszhenwei"},"content":"","lastModifiedDate":"2022-01-16"},{"lineNumber":29,"author":{"gitId":"aceszhenwei"},"content":"    @Override","lastModifiedDate":"2022-01-16"},{"lineNumber":30,"author":{"gitId":"aceszhenwei"},"content":"    public String toString() {","lastModifiedDate":"2022-01-16"},{"lineNumber":31,"author":{"gitId":"aceszhenwei"},"content":"        return \"[D]\" + super.toString() + \" (by: \" + convertDate(this.dueDate) + \")\";","lastModifiedDate":"2022-01-22"},{"lineNumber":32,"author":{"gitId":"aceszhenwei"},"content":"    }","lastModifiedDate":"2022-01-16"},{"lineNumber":33,"author":{"gitId":"aceszhenwei"},"content":"}","lastModifiedDate":"2022-01-16"}],"authorContributionMap":{"aceszhenwei":33}},{"path":"src/main/java/duke/duke/Duke.java","fileType":"java","lines":[{"lineNumber":1,"author":{"gitId":"aceszhenwei"},"content":"package duke.duke;","lastModifiedDate":"2022-01-27"},{"lineNumber":2,"author":{"gitId":"aceszhenwei"},"content":"import java.util.ArrayList;","lastModifiedDate":"2022-01-16"},{"lineNumber":3,"author":{"gitId":"aceszhenwei"},"content":"","lastModifiedDate":"2022-01-21"},{"lineNumber":4,"author":{"gitId":"-"},"content":"public class Duke {","lastModifiedDate":"2019-07-29"},{"lineNumber":5,"author":{"gitId":"aceszhenwei"},"content":"    private final Ui ui;","lastModifiedDate":"2022-01-26"},{"lineNumber":6,"author":{"gitId":"aceszhenwei"},"content":"    private TaskList tasks;","lastModifiedDate":"2022-01-23"},{"lineNumber":7,"author":{"gitId":"aceszhenwei"},"content":"    private final Storage storage;","lastModifiedDate":"2022-01-26"},{"lineNumber":8,"author":{"gitId":"aceszhenwei"},"content":"","lastModifiedDate":"2022-01-23"},{"lineNumber":9,"author":{"gitId":"aceszhenwei"},"content":"    public Duke() {","lastModifiedDate":"2022-01-27"},{"lineNumber":10,"author":{"gitId":"aceszhenwei"},"content":"        ui \u003d new Ui(); // Setting up new UI","lastModifiedDate":"2022-01-23"},{"lineNumber":11,"author":{"gitId":"aceszhenwei"},"content":"        String filePath \u003d \"data/duke.ser\";","lastModifiedDate":"2022-01-27"},{"lineNumber":12,"author":{"gitId":"aceszhenwei"},"content":"        storage \u003d new Storage(filePath); // Searching for File","lastModifiedDate":"2022-01-23"},{"lineNumber":13,"author":{"gitId":"aceszhenwei"},"content":"        try {","lastModifiedDate":"2022-01-23"},{"lineNumber":14,"author":{"gitId":"aceszhenwei"},"content":"            tasks \u003d new TaskList(storage.load()); // Loading if Found","lastModifiedDate":"2022-01-23"},{"lineNumber":15,"author":{"gitId":"aceszhenwei"},"content":"        } catch (Exception e) {","lastModifiedDate":"2022-01-26"},{"lineNumber":16,"author":{"gitId":"aceszhenwei"},"content":"            ArrayList\u003cTask\u003e arr \u003d new ArrayList\u003c\u003e();","lastModifiedDate":"2022-01-23"},{"lineNumber":17,"author":{"gitId":"aceszhenwei"},"content":"            tasks \u003d new TaskList(arr); // Creating new file if not","lastModifiedDate":"2022-01-23"},{"lineNumber":18,"author":{"gitId":"aceszhenwei"},"content":"        }","lastModifiedDate":"2022-01-23"},{"lineNumber":19,"author":{"gitId":"aceszhenwei"},"content":"    }","lastModifiedDate":"2022-01-23"},{"lineNumber":20,"author":{"gitId":"aceszhenwei"},"content":"","lastModifiedDate":"2022-01-23"},{"lineNumber":21,"author":{"gitId":"aceszhenwei"},"content":"    public void run() {","lastModifiedDate":"2022-01-23"},{"lineNumber":22,"author":{"gitId":"aceszhenwei"},"content":"        ui.showWelcome(); // Welcome Page","lastModifiedDate":"2022-01-23"},{"lineNumber":23,"author":{"gitId":"aceszhenwei"},"content":"        Parser reader \u003d new Parser();","lastModifiedDate":"2022-01-26"},{"lineNumber":24,"author":{"gitId":"aceszhenwei"},"content":"        while (true) {","lastModifiedDate":"2022-01-23"},{"lineNumber":25,"author":{"gitId":"aceszhenwei"},"content":"            // Let\u0027s Go!","lastModifiedDate":"2022-01-23"},{"lineNumber":26,"author":{"gitId":"aceszhenwei"},"content":"            String fullCommand \u003d ui.readCommand();","lastModifiedDate":"2022-01-23"},{"lineNumber":27,"author":{"gitId":"aceszhenwei"},"content":"            reader.parse(fullCommand, tasks, storage);","lastModifiedDate":"2022-01-26"},{"lineNumber":28,"author":{"gitId":"aceszhenwei"},"content":"            ui.showLine();","lastModifiedDate":"2022-01-23"},{"lineNumber":29,"author":{"gitId":"aceszhenwei"},"content":"            if (fullCommand.equals(\"bye\")) {","lastModifiedDate":"2022-01-26"},{"lineNumber":30,"author":{"gitId":"aceszhenwei"},"content":"                break;","lastModifiedDate":"2022-01-26"},{"lineNumber":31,"author":{"gitId":"aceszhenwei"},"content":"            }","lastModifiedDate":"2022-01-21"},{"lineNumber":32,"author":{"gitId":"aceszhenwei"},"content":"        }","lastModifiedDate":"2022-01-21"},{"lineNumber":33,"author":{"gitId":"aceszhenwei"},"content":"    }","lastModifiedDate":"2022-01-21"},{"lineNumber":34,"author":{"gitId":"aceszhenwei"},"content":"","lastModifiedDate":"2022-01-21"},{"lineNumber":35,"author":{"gitId":"aceszhenwei"},"content":"    public static void main(String[] args) {","lastModifiedDate":"2022-01-21"},{"lineNumber":36,"author":{"gitId":"aceszhenwei"},"content":"        new Duke().run();","lastModifiedDate":"2022-01-27"},{"lineNumber":37,"author":{"gitId":"aceszhenwei"},"content":"    }","lastModifiedDate":"2022-01-15"},{"lineNumber":38,"author":{"gitId":"aceszhenwei"},"content":"}","lastModifiedDate":"2022-01-15"},{"lineNumber":39,"author":{"gitId":"aceszhenwei"},"content":"","lastModifiedDate":"2022-01-15"},{"lineNumber":40,"author":{"gitId":"aceszhenwei"},"content":"","lastModifiedDate":"2022-01-15"}],"authorContributionMap":{"aceszhenwei":39,"-":1}},{"path":"src/main/java/duke/duke/Event.java","fileType":"java","lines":[{"lineNumber":1,"author":{"gitId":"aceszhenwei"},"content":"package duke.duke;","lastModifiedDate":"2022-01-27"},{"lineNumber":2,"author":{"gitId":"aceszhenwei"},"content":"import java.time.LocalDate;","lastModifiedDate":"2022-01-22"},{"lineNumber":3,"author":{"gitId":"aceszhenwei"},"content":"import java.time.format.DateTimeParseException;","lastModifiedDate":"2022-01-22"},{"lineNumber":4,"author":{"gitId":"aceszhenwei"},"content":"import java.time.format.TextStyle;","lastModifiedDate":"2022-01-22"},{"lineNumber":5,"author":{"gitId":"aceszhenwei"},"content":"import java.util.Locale;","lastModifiedDate":"2022-01-22"},{"lineNumber":6,"author":{"gitId":"aceszhenwei"},"content":"","lastModifiedDate":"2022-01-22"},{"lineNumber":7,"author":{"gitId":"aceszhenwei"},"content":"public class Event extends Task{","lastModifiedDate":"2022-01-16"},{"lineNumber":8,"author":{"gitId":"aceszhenwei"},"content":"","lastModifiedDate":"2022-01-16"},{"lineNumber":9,"author":{"gitId":"aceszhenwei"},"content":"    protected String time;","lastModifiedDate":"2022-01-16"},{"lineNumber":10,"author":{"gitId":"aceszhenwei"},"content":"","lastModifiedDate":"2022-01-16"},{"lineNumber":11,"author":{"gitId":"aceszhenwei"},"content":"    public Event(String name, String time) {","lastModifiedDate":"2022-01-16"},{"lineNumber":12,"author":{"gitId":"aceszhenwei"},"content":"        super(name);","lastModifiedDate":"2022-01-16"},{"lineNumber":13,"author":{"gitId":"aceszhenwei"},"content":"        this.time \u003d time;","lastModifiedDate":"2022-01-16"},{"lineNumber":14,"author":{"gitId":"aceszhenwei"},"content":"    }","lastModifiedDate":"2022-01-16"},{"lineNumber":15,"author":{"gitId":"aceszhenwei"},"content":"","lastModifiedDate":"2022-01-16"},{"lineNumber":16,"author":{"gitId":"aceszhenwei"},"content":"    public String convertDate(String dueDate) {","lastModifiedDate":"2022-01-22"},{"lineNumber":17,"author":{"gitId":"aceszhenwei"},"content":"        try {","lastModifiedDate":"2022-01-22"},{"lineNumber":18,"author":{"gitId":"aceszhenwei"},"content":"            LocalDate date \u003d LocalDate.parse(dueDate);","lastModifiedDate":"2022-01-22"},{"lineNumber":19,"author":{"gitId":"aceszhenwei"},"content":"            String year \u003d String.valueOf(date.getYear());","lastModifiedDate":"2022-01-22"},{"lineNumber":20,"author":{"gitId":"aceszhenwei"},"content":"            String month \u003d date.getMonth().getDisplayName(TextStyle.SHORT, Locale.ENGLISH);","lastModifiedDate":"2022-01-22"},{"lineNumber":21,"author":{"gitId":"aceszhenwei"},"content":"            String day \u003d String.valueOf(date.getDayOfMonth());","lastModifiedDate":"2022-01-22"},{"lineNumber":22,"author":{"gitId":"aceszhenwei"},"content":"            return month + \" \" + day + \" \" + year;","lastModifiedDate":"2022-01-22"},{"lineNumber":23,"author":{"gitId":"aceszhenwei"},"content":"        }","lastModifiedDate":"2022-01-22"},{"lineNumber":24,"author":{"gitId":"aceszhenwei"},"content":"        catch (DateTimeParseException e) {","lastModifiedDate":"2022-01-22"},{"lineNumber":25,"author":{"gitId":"aceszhenwei"},"content":"            return dueDate;","lastModifiedDate":"2022-01-22"},{"lineNumber":26,"author":{"gitId":"aceszhenwei"},"content":"        }","lastModifiedDate":"2022-01-22"},{"lineNumber":27,"author":{"gitId":"aceszhenwei"},"content":"    }","lastModifiedDate":"2022-01-22"},{"lineNumber":28,"author":{"gitId":"aceszhenwei"},"content":"","lastModifiedDate":"2022-01-22"},{"lineNumber":29,"author":{"gitId":"aceszhenwei"},"content":"    @Override","lastModifiedDate":"2022-01-16"},{"lineNumber":30,"author":{"gitId":"aceszhenwei"},"content":"    public String toString() {","lastModifiedDate":"2022-01-16"},{"lineNumber":31,"author":{"gitId":"aceszhenwei"},"content":"        return \"[E]\" + super.toString() + \" (at: \" + convertDate(this.time) + \")\";","lastModifiedDate":"2022-01-22"},{"lineNumber":32,"author":{"gitId":"aceszhenwei"},"content":"    }","lastModifiedDate":"2022-01-16"},{"lineNumber":33,"author":{"gitId":"aceszhenwei"},"content":"}","lastModifiedDate":"2022-01-16"}],"authorContributionMap":{"aceszhenwei":33}},{"path":"src/main/java/duke/duke/Parser.java","fileType":"java","lines":[{"lineNumber":1,"author":{"gitId":"aceszhenwei"},"content":"package duke.duke;","lastModifiedDate":"2022-01-27"},{"lineNumber":2,"author":{"gitId":"aceszhenwei"},"content":"public class Parser {","lastModifiedDate":"2022-01-23"},{"lineNumber":3,"author":{"gitId":"aceszhenwei"},"content":"","lastModifiedDate":"2022-01-23"},{"lineNumber":4,"author":{"gitId":"aceszhenwei"},"content":"    public Parser() {","lastModifiedDate":"2022-01-26"},{"lineNumber":5,"author":{"gitId":"aceszhenwei"},"content":"    }","lastModifiedDate":"2022-01-23"},{"lineNumber":6,"author":{"gitId":"aceszhenwei"},"content":"","lastModifiedDate":"2022-01-23"},{"lineNumber":7,"author":{"gitId":"aceszhenwei"},"content":"    public void parse(String commandString, TaskList tasks, Storage storage) {","lastModifiedDate":"2022-01-26"},{"lineNumber":8,"author":{"gitId":"aceszhenwei"},"content":"        if (commandString.equals(\"bye\")) {","lastModifiedDate":"2022-01-26"},{"lineNumber":9,"author":{"gitId":"aceszhenwei"},"content":"            storage.exit(tasks.arr);","lastModifiedDate":"2022-01-26"},{"lineNumber":10,"author":{"gitId":"aceszhenwei"},"content":"        }","lastModifiedDate":"2022-01-26"},{"lineNumber":11,"author":{"gitId":"aceszhenwei"},"content":"        // List Feature","lastModifiedDate":"2022-01-26"},{"lineNumber":12,"author":{"gitId":"aceszhenwei"},"content":"        else if (commandString.equals(\"list\")) {","lastModifiedDate":"2022-01-26"},{"lineNumber":13,"author":{"gitId":"aceszhenwei"},"content":"            tasks.list(tasks.arr);","lastModifiedDate":"2022-01-26"},{"lineNumber":14,"author":{"gitId":"aceszhenwei"},"content":"        }","lastModifiedDate":"2022-01-26"},{"lineNumber":15,"author":{"gitId":"aceszhenwei"},"content":"        // Mark \u0026 Unmark Feature","lastModifiedDate":"2022-01-26"},{"lineNumber":16,"author":{"gitId":"aceszhenwei"},"content":"        else if (commandString.contains(\"mark\")) {","lastModifiedDate":"2022-01-26"},{"lineNumber":17,"author":{"gitId":"aceszhenwei"},"content":"            tasks.mark(commandString, tasks.arr);","lastModifiedDate":"2022-01-26"},{"lineNumber":18,"author":{"gitId":"aceszhenwei"},"content":"        }","lastModifiedDate":"2022-01-26"},{"lineNumber":19,"author":{"gitId":"aceszhenwei"},"content":"        // Delete Feature","lastModifiedDate":"2022-01-26"},{"lineNumber":20,"author":{"gitId":"aceszhenwei"},"content":"        else if (commandString.contains(\"delete\")) {","lastModifiedDate":"2022-01-26"},{"lineNumber":21,"author":{"gitId":"aceszhenwei"},"content":"            tasks.delete(commandString, tasks.arr);","lastModifiedDate":"2022-01-26"},{"lineNumber":22,"author":{"gitId":"aceszhenwei"},"content":"        }","lastModifiedDate":"2022-01-26"},{"lineNumber":23,"author":{"gitId":"aceszhenwei"},"content":"        // Deadline Feature","lastModifiedDate":"2022-01-26"},{"lineNumber":24,"author":{"gitId":"aceszhenwei"},"content":"        else if (commandString.contains(\"deadline\")) {","lastModifiedDate":"2022-01-26"},{"lineNumber":25,"author":{"gitId":"aceszhenwei"},"content":"            tasks.deadline(commandString, tasks.arr);","lastModifiedDate":"2022-01-26"},{"lineNumber":26,"author":{"gitId":"aceszhenwei"},"content":"        }","lastModifiedDate":"2022-01-26"},{"lineNumber":27,"author":{"gitId":"aceszhenwei"},"content":"        // Event Feature","lastModifiedDate":"2022-01-26"},{"lineNumber":28,"author":{"gitId":"aceszhenwei"},"content":"        else if (commandString.contains(\"event\")) {","lastModifiedDate":"2022-01-26"},{"lineNumber":29,"author":{"gitId":"aceszhenwei"},"content":"            tasks.event(commandString, tasks.arr);","lastModifiedDate":"2022-01-26"},{"lineNumber":30,"author":{"gitId":"aceszhenwei"},"content":"        }","lastModifiedDate":"2022-01-26"},{"lineNumber":31,"author":{"gitId":"aceszhenwei"},"content":"        // To Do Feature","lastModifiedDate":"2022-01-26"},{"lineNumber":32,"author":{"gitId":"aceszhenwei"},"content":"        else if (commandString.contains(\"todo\")) {","lastModifiedDate":"2022-01-26"},{"lineNumber":33,"author":{"gitId":"aceszhenwei"},"content":"            tasks.todo(commandString, tasks.arr);","lastModifiedDate":"2022-01-26"},{"lineNumber":34,"author":{"gitId":"aceszhenwei"},"content":"        }","lastModifiedDate":"2022-01-26"},{"lineNumber":35,"author":{"gitId":"aceszhenwei"},"content":"        // Edge Case","lastModifiedDate":"2022-01-26"},{"lineNumber":36,"author":{"gitId":"aceszhenwei"},"content":"        else {","lastModifiedDate":"2022-01-26"},{"lineNumber":37,"author":{"gitId":"aceszhenwei"},"content":"            System.out.println(commandString + \" is not a valid command. Please try again.\");","lastModifiedDate":"2022-01-26"},{"lineNumber":38,"author":{"gitId":"aceszhenwei"},"content":"        }","lastModifiedDate":"2022-01-26"},{"lineNumber":39,"author":{"gitId":"aceszhenwei"},"content":"    }","lastModifiedDate":"2022-01-23"},{"lineNumber":40,"author":{"gitId":"aceszhenwei"},"content":"}","lastModifiedDate":"2022-01-23"}],"authorContributionMap":{"aceszhenwei":40}},{"path":"src/main/java/duke/duke/Storage.java","fileType":"java","lines":[{"lineNumber":1,"author":{"gitId":"aceszhenwei"},"content":"package duke.duke;","lastModifiedDate":"2022-01-27"},{"lineNumber":2,"author":{"gitId":"aceszhenwei"},"content":"import java.io.File;","lastModifiedDate":"2022-01-27"},{"lineNumber":3,"author":{"gitId":"aceszhenwei"},"content":"import java.io.FileInputStream;","lastModifiedDate":"2022-01-27"},{"lineNumber":4,"author":{"gitId":"aceszhenwei"},"content":"import java.io.FileOutputStream;","lastModifiedDate":"2022-01-27"},{"lineNumber":5,"author":{"gitId":"aceszhenwei"},"content":"import java.io.IOException;","lastModifiedDate":"2022-01-27"},{"lineNumber":6,"author":{"gitId":"aceszhenwei"},"content":"import java.io.ObjectInputStream;","lastModifiedDate":"2022-01-27"},{"lineNumber":7,"author":{"gitId":"aceszhenwei"},"content":"import java.io.ObjectOutputStream;","lastModifiedDate":"2022-01-27"},{"lineNumber":8,"author":{"gitId":"aceszhenwei"},"content":"import java.util.ArrayList;","lastModifiedDate":"2022-01-23"},{"lineNumber":9,"author":{"gitId":"aceszhenwei"},"content":"","lastModifiedDate":"2022-01-23"},{"lineNumber":10,"author":{"gitId":"aceszhenwei"},"content":"","lastModifiedDate":"2022-01-27"},{"lineNumber":11,"author":{"gitId":"aceszhenwei"},"content":"public class Storage {","lastModifiedDate":"2022-01-23"},{"lineNumber":12,"author":{"gitId":"aceszhenwei"},"content":"","lastModifiedDate":"2022-01-23"},{"lineNumber":13,"author":{"gitId":"aceszhenwei"},"content":"    protected String filePath;","lastModifiedDate":"2022-01-23"},{"lineNumber":14,"author":{"gitId":"aceszhenwei"},"content":"","lastModifiedDate":"2022-01-23"},{"lineNumber":15,"author":{"gitId":"aceszhenwei"},"content":"    public Storage(String filePath) {","lastModifiedDate":"2022-01-23"},{"lineNumber":16,"author":{"gitId":"aceszhenwei"},"content":"        this.filePath \u003d filePath;","lastModifiedDate":"2022-01-23"},{"lineNumber":17,"author":{"gitId":"aceszhenwei"},"content":"    }","lastModifiedDate":"2022-01-23"},{"lineNumber":18,"author":{"gitId":"aceszhenwei"},"content":"","lastModifiedDate":"2022-01-23"},{"lineNumber":19,"author":{"gitId":"aceszhenwei"},"content":"    public ArrayList\u003cTask\u003e load() throws IOException, ClassNotFoundException {","lastModifiedDate":"2022-01-23"},{"lineNumber":20,"author":{"gitId":"aceszhenwei"},"content":"        FileInputStream readData \u003d new FileInputStream(\"data/duke.ser\");","lastModifiedDate":"2022-01-23"},{"lineNumber":21,"author":{"gitId":"aceszhenwei"},"content":"        ObjectInputStream readStream \u003d new ObjectInputStream(readData);","lastModifiedDate":"2022-01-23"},{"lineNumber":22,"author":{"gitId":"aceszhenwei"},"content":"","lastModifiedDate":"2022-01-23"},{"lineNumber":23,"author":{"gitId":"aceszhenwei"},"content":"        ArrayList\u003cTask\u003e arr \u003d (ArrayList\u003cTask\u003e) readStream.readObject();","lastModifiedDate":"2022-01-23"},{"lineNumber":24,"author":{"gitId":"aceszhenwei"},"content":"        readStream.close();","lastModifiedDate":"2022-01-23"},{"lineNumber":25,"author":{"gitId":"aceszhenwei"},"content":"        return arr;","lastModifiedDate":"2022-01-23"},{"lineNumber":26,"author":{"gitId":"aceszhenwei"},"content":"    }","lastModifiedDate":"2022-01-23"},{"lineNumber":27,"author":{"gitId":"aceszhenwei"},"content":"","lastModifiedDate":"2022-01-23"},{"lineNumber":28,"author":{"gitId":"aceszhenwei"},"content":"    public void save(ArrayList\u003cTask\u003e arr) {","lastModifiedDate":"2022-01-26"},{"lineNumber":29,"author":{"gitId":"aceszhenwei"},"content":"        File directory \u003d new File(\"data\");","lastModifiedDate":"2022-01-23"},{"lineNumber":30,"author":{"gitId":"aceszhenwei"},"content":"        if (!directory.exists()) {","lastModifiedDate":"2022-01-23"},{"lineNumber":31,"author":{"gitId":"aceszhenwei"},"content":"            directory.mkdirs();","lastModifiedDate":"2022-01-23"},{"lineNumber":32,"author":{"gitId":"aceszhenwei"},"content":"        }","lastModifiedDate":"2022-01-23"},{"lineNumber":33,"author":{"gitId":"aceszhenwei"},"content":"        try {","lastModifiedDate":"2022-01-26"},{"lineNumber":34,"author":{"gitId":"aceszhenwei"},"content":"            FileOutputStream writeData \u003d new FileOutputStream(\"data/duke.ser\");","lastModifiedDate":"2022-01-23"},{"lineNumber":35,"author":{"gitId":"aceszhenwei"},"content":"            ObjectOutputStream writeStream \u003d new ObjectOutputStream(writeData);","lastModifiedDate":"2022-01-23"},{"lineNumber":36,"author":{"gitId":"aceszhenwei"},"content":"","lastModifiedDate":"2022-01-23"},{"lineNumber":37,"author":{"gitId":"aceszhenwei"},"content":"            writeStream.writeObject(arr);","lastModifiedDate":"2022-01-23"},{"lineNumber":38,"author":{"gitId":"aceszhenwei"},"content":"            writeStream.flush();","lastModifiedDate":"2022-01-23"},{"lineNumber":39,"author":{"gitId":"aceszhenwei"},"content":"            writeStream.close();","lastModifiedDate":"2022-01-23"},{"lineNumber":40,"author":{"gitId":"aceszhenwei"},"content":"        }","lastModifiedDate":"2022-01-23"},{"lineNumber":41,"author":{"gitId":"aceszhenwei"},"content":"        catch (IOException e) {","lastModifiedDate":"2022-01-26"},{"lineNumber":42,"author":{"gitId":"aceszhenwei"},"content":"            System.out.println(\"Something went wrong. I think I may be corrupted.\");","lastModifiedDate":"2022-01-26"},{"lineNumber":43,"author":{"gitId":"aceszhenwei"},"content":"        }","lastModifiedDate":"2022-01-26"},{"lineNumber":44,"author":{"gitId":"aceszhenwei"},"content":"    }","lastModifiedDate":"2022-01-26"},{"lineNumber":45,"author":{"gitId":"aceszhenwei"},"content":"","lastModifiedDate":"2022-01-26"},{"lineNumber":46,"author":{"gitId":"aceszhenwei"},"content":"    public void exit(ArrayList\u003cTask\u003e arr) {","lastModifiedDate":"2022-01-26"},{"lineNumber":47,"author":{"gitId":"aceszhenwei"},"content":"        save(arr);","lastModifiedDate":"2022-01-26"},{"lineNumber":48,"author":{"gitId":"aceszhenwei"},"content":"        System.out.println(\"Goodbye! I\u0027ll be here if you need anything else.\");","lastModifiedDate":"2022-01-26"},{"lineNumber":49,"author":{"gitId":"aceszhenwei"},"content":"    }","lastModifiedDate":"2022-01-26"},{"lineNumber":50,"author":{"gitId":"aceszhenwei"},"content":"}","lastModifiedDate":"2022-01-23"}],"authorContributionMap":{"aceszhenwei":50}},{"path":"src/main/java/duke/duke/Task.java","fileType":"java","lines":[{"lineNumber":1,"author":{"gitId":"aceszhenwei"},"content":"package duke.duke;","lastModifiedDate":"2022-01-27"},{"lineNumber":2,"author":{"gitId":"aceszhenwei"},"content":"import java.io.Serializable;","lastModifiedDate":"2022-01-21"},{"lineNumber":3,"author":{"gitId":"aceszhenwei"},"content":"","lastModifiedDate":"2022-01-21"},{"lineNumber":4,"author":{"gitId":"aceszhenwei"},"content":"public class Task implements Serializable {","lastModifiedDate":"2022-01-21"},{"lineNumber":5,"author":{"gitId":"aceszhenwei"},"content":"    protected String name;","lastModifiedDate":"2022-01-16"},{"lineNumber":6,"author":{"gitId":"aceszhenwei"},"content":"    protected boolean done;","lastModifiedDate":"2022-01-16"},{"lineNumber":7,"author":{"gitId":"aceszhenwei"},"content":"    protected final String mark \u003d \"[X]\";","lastModifiedDate":"2022-01-16"},{"lineNumber":8,"author":{"gitId":"aceszhenwei"},"content":"    protected final String unmarked \u003d \"[ ]\";","lastModifiedDate":"2022-01-16"},{"lineNumber":9,"author":{"gitId":"aceszhenwei"},"content":"","lastModifiedDate":"2022-01-16"},{"lineNumber":10,"author":{"gitId":"aceszhenwei"},"content":"    public Task(String name) {","lastModifiedDate":"2022-01-16"},{"lineNumber":11,"author":{"gitId":"aceszhenwei"},"content":"        this.name \u003d name;","lastModifiedDate":"2022-01-16"},{"lineNumber":12,"author":{"gitId":"aceszhenwei"},"content":"        this.done \u003d false;","lastModifiedDate":"2022-01-16"},{"lineNumber":13,"author":{"gitId":"aceszhenwei"},"content":"    }","lastModifiedDate":"2022-01-16"},{"lineNumber":14,"author":{"gitId":"aceszhenwei"},"content":"","lastModifiedDate":"2022-01-16"},{"lineNumber":15,"author":{"gitId":"aceszhenwei"},"content":"    public String getName() {","lastModifiedDate":"2022-01-16"},{"lineNumber":16,"author":{"gitId":"aceszhenwei"},"content":"        return this.name;","lastModifiedDate":"2022-01-16"},{"lineNumber":17,"author":{"gitId":"aceszhenwei"},"content":"    }","lastModifiedDate":"2022-01-16"},{"lineNumber":18,"author":{"gitId":"aceszhenwei"},"content":"","lastModifiedDate":"2022-01-16"},{"lineNumber":19,"author":{"gitId":"aceszhenwei"},"content":"    public void setMarked() {","lastModifiedDate":"2022-01-16"},{"lineNumber":20,"author":{"gitId":"aceszhenwei"},"content":"        this.done \u003d true;","lastModifiedDate":"2022-01-16"},{"lineNumber":21,"author":{"gitId":"aceszhenwei"},"content":"    }","lastModifiedDate":"2022-01-16"},{"lineNumber":22,"author":{"gitId":"aceszhenwei"},"content":"","lastModifiedDate":"2022-01-16"},{"lineNumber":23,"author":{"gitId":"aceszhenwei"},"content":"    public void setUnmarked() {","lastModifiedDate":"2022-01-16"},{"lineNumber":24,"author":{"gitId":"aceszhenwei"},"content":"        this.done \u003d false;","lastModifiedDate":"2022-01-16"},{"lineNumber":25,"author":{"gitId":"aceszhenwei"},"content":"    }","lastModifiedDate":"2022-01-16"},{"lineNumber":26,"author":{"gitId":"aceszhenwei"},"content":"","lastModifiedDate":"2022-01-16"},{"lineNumber":27,"author":{"gitId":"aceszhenwei"},"content":"    public String isDone() {","lastModifiedDate":"2022-01-16"},{"lineNumber":28,"author":{"gitId":"aceszhenwei"},"content":"        if (this.done) {","lastModifiedDate":"2022-01-16"},{"lineNumber":29,"author":{"gitId":"aceszhenwei"},"content":"            return mark;","lastModifiedDate":"2022-01-16"},{"lineNumber":30,"author":{"gitId":"aceszhenwei"},"content":"        }","lastModifiedDate":"2022-01-16"},{"lineNumber":31,"author":{"gitId":"aceszhenwei"},"content":"        else {","lastModifiedDate":"2022-01-16"},{"lineNumber":32,"author":{"gitId":"aceszhenwei"},"content":"            return unmarked;","lastModifiedDate":"2022-01-16"},{"lineNumber":33,"author":{"gitId":"aceszhenwei"},"content":"        }","lastModifiedDate":"2022-01-16"},{"lineNumber":34,"author":{"gitId":"aceszhenwei"},"content":"    }","lastModifiedDate":"2022-01-16"},{"lineNumber":35,"author":{"gitId":"aceszhenwei"},"content":"","lastModifiedDate":"2022-01-16"},{"lineNumber":36,"author":{"gitId":"aceszhenwei"},"content":"    @Override","lastModifiedDate":"2022-01-16"},{"lineNumber":37,"author":{"gitId":"aceszhenwei"},"content":"    public String toString() {","lastModifiedDate":"2022-01-16"},{"lineNumber":38,"author":{"gitId":"aceszhenwei"},"content":"        return isDone() + \" \" + getName();","lastModifiedDate":"2022-01-16"},{"lineNumber":39,"author":{"gitId":"aceszhenwei"},"content":"    }","lastModifiedDate":"2022-01-16"},{"lineNumber":40,"author":{"gitId":"aceszhenwei"},"content":"}","lastModifiedDate":"2022-01-16"}],"authorContributionMap":{"aceszhenwei":40}},{"path":"src/main/java/duke/duke/TaskList.java","fileType":"java","lines":[{"lineNumber":1,"author":{"gitId":"aceszhenwei"},"content":"package duke.duke;","lastModifiedDate":"2022-01-27"},{"lineNumber":2,"author":{"gitId":"aceszhenwei"},"content":"import java.util.ArrayList;","lastModifiedDate":"2022-01-23"},{"lineNumber":3,"author":{"gitId":"aceszhenwei"},"content":"","lastModifiedDate":"2022-01-23"},{"lineNumber":4,"author":{"gitId":"aceszhenwei"},"content":"public class TaskList {","lastModifiedDate":"2022-01-23"},{"lineNumber":5,"author":{"gitId":"aceszhenwei"},"content":"","lastModifiedDate":"2022-01-23"},{"lineNumber":6,"author":{"gitId":"aceszhenwei"},"content":"    protected ArrayList\u003cTask\u003e arr;","lastModifiedDate":"2022-01-23"},{"lineNumber":7,"author":{"gitId":"aceszhenwei"},"content":"","lastModifiedDate":"2022-01-23"},{"lineNumber":8,"author":{"gitId":"aceszhenwei"},"content":"    public TaskList(ArrayList\u003cTask\u003e arr) {","lastModifiedDate":"2022-01-27"},{"lineNumber":9,"author":{"gitId":"aceszhenwei"},"content":"        this.arr \u003d arr;","lastModifiedDate":"2022-01-23"},{"lineNumber":10,"author":{"gitId":"aceszhenwei"},"content":"    }","lastModifiedDate":"2022-01-23"},{"lineNumber":11,"author":{"gitId":"aceszhenwei"},"content":"","lastModifiedDate":"2022-01-23"},{"lineNumber":12,"author":{"gitId":"aceszhenwei"},"content":"    public void list(ArrayList\u003cTask\u003e arr) {","lastModifiedDate":"2022-01-26"},{"lineNumber":13,"author":{"gitId":"aceszhenwei"},"content":"        for (int i \u003d 0; i \u003c arr.size(); i++) {","lastModifiedDate":"2022-01-26"},{"lineNumber":14,"author":{"gitId":"aceszhenwei"},"content":"            System.out.println(i + 1 + \".\" + arr.get(i).toString());","lastModifiedDate":"2022-01-26"},{"lineNumber":15,"author":{"gitId":"aceszhenwei"},"content":"        }","lastModifiedDate":"2022-01-26"},{"lineNumber":16,"author":{"gitId":"aceszhenwei"},"content":"    }","lastModifiedDate":"2022-01-26"},{"lineNumber":17,"author":{"gitId":"aceszhenwei"},"content":"","lastModifiedDate":"2022-01-26"},{"lineNumber":18,"author":{"gitId":"aceszhenwei"},"content":"    public void mark(String input, ArrayList\u003cTask\u003e arr) {","lastModifiedDate":"2022-01-26"},{"lineNumber":19,"author":{"gitId":"aceszhenwei"},"content":"        try {","lastModifiedDate":"2022-01-26"},{"lineNumber":20,"author":{"gitId":"aceszhenwei"},"content":"            String s \u003d input.replaceAll(\"\\\\D+\", \"\");","lastModifiedDate":"2022-01-26"},{"lineNumber":21,"author":{"gitId":"aceszhenwei"},"content":"            int clean \u003d Integer.parseInt(s) - 1;  // Parse to find what number in list to toggle","lastModifiedDate":"2022-01-26"},{"lineNumber":22,"author":{"gitId":"aceszhenwei"},"content":"            // Edge Case","lastModifiedDate":"2022-01-26"},{"lineNumber":23,"author":{"gitId":"aceszhenwei"},"content":"            if (clean \u003e arr.size()) {","lastModifiedDate":"2022-01-26"},{"lineNumber":24,"author":{"gitId":"aceszhenwei"},"content":"                System.out.println(\"Error! No tasked added\");","lastModifiedDate":"2022-01-26"},{"lineNumber":25,"author":{"gitId":"aceszhenwei"},"content":"            }","lastModifiedDate":"2022-01-26"},{"lineNumber":26,"author":{"gitId":"aceszhenwei"},"content":"            // Mark","lastModifiedDate":"2022-01-26"},{"lineNumber":27,"author":{"gitId":"aceszhenwei"},"content":"            else if (input.toCharArray()[0] !\u003d \u0027u\u0027) {","lastModifiedDate":"2022-01-26"},{"lineNumber":28,"author":{"gitId":"aceszhenwei"},"content":"                arr.get(clean).setMarked();","lastModifiedDate":"2022-01-26"},{"lineNumber":29,"author":{"gitId":"aceszhenwei"},"content":"                System.out.println(\"Nice! I\u0027ve marked this task as done:\\n \" +","lastModifiedDate":"2022-01-26"},{"lineNumber":30,"author":{"gitId":"aceszhenwei"},"content":"                        \"   \" + arr.get(clean).toString());","lastModifiedDate":"2022-01-26"},{"lineNumber":31,"author":{"gitId":"aceszhenwei"},"content":"            }","lastModifiedDate":"2022-01-26"},{"lineNumber":32,"author":{"gitId":"aceszhenwei"},"content":"            // Unmark","lastModifiedDate":"2022-01-26"},{"lineNumber":33,"author":{"gitId":"aceszhenwei"},"content":"            else {","lastModifiedDate":"2022-01-26"},{"lineNumber":34,"author":{"gitId":"aceszhenwei"},"content":"                arr.get(clean).setUnmarked();","lastModifiedDate":"2022-01-26"},{"lineNumber":35,"author":{"gitId":"aceszhenwei"},"content":"                System.out.println(\"OK, I\u0027ve marked this task as not done yet:\\n \" +","lastModifiedDate":"2022-01-26"},{"lineNumber":36,"author":{"gitId":"aceszhenwei"},"content":"                        \"   \" + arr.get(clean).toString());","lastModifiedDate":"2022-01-26"},{"lineNumber":37,"author":{"gitId":"aceszhenwei"},"content":"            }","lastModifiedDate":"2022-01-26"},{"lineNumber":38,"author":{"gitId":"aceszhenwei"},"content":"        } catch (NumberFormatException e) {","lastModifiedDate":"2022-01-26"},{"lineNumber":39,"author":{"gitId":"aceszhenwei"},"content":"            System.out.println(\"Don\u0027t be cheeky. Please write something that makes sense.\");","lastModifiedDate":"2022-01-26"},{"lineNumber":40,"author":{"gitId":"aceszhenwei"},"content":"        }","lastModifiedDate":"2022-01-26"},{"lineNumber":41,"author":{"gitId":"aceszhenwei"},"content":"    }","lastModifiedDate":"2022-01-26"},{"lineNumber":42,"author":{"gitId":"aceszhenwei"},"content":"","lastModifiedDate":"2022-01-26"},{"lineNumber":43,"author":{"gitId":"aceszhenwei"},"content":"    public void delete(String input, ArrayList\u003cTask\u003e arr) {","lastModifiedDate":"2022-01-26"},{"lineNumber":44,"author":{"gitId":"aceszhenwei"},"content":"        try {","lastModifiedDate":"2022-01-26"},{"lineNumber":45,"author":{"gitId":"aceszhenwei"},"content":"            String s \u003d input.replaceAll(\"\\\\D+\", \"\");","lastModifiedDate":"2022-01-26"},{"lineNumber":46,"author":{"gitId":"aceszhenwei"},"content":"            int delete \u003d Integer.parseInt(s) - 1;  // Parse to find what number in list to delete","lastModifiedDate":"2022-01-26"},{"lineNumber":47,"author":{"gitId":"aceszhenwei"},"content":"            // Edge Case","lastModifiedDate":"2022-01-26"},{"lineNumber":48,"author":{"gitId":"aceszhenwei"},"content":"            if (delete \u003e arr.size()) {","lastModifiedDate":"2022-01-26"},{"lineNumber":49,"author":{"gitId":"aceszhenwei"},"content":"                System.out.println(\"Error! Nothing to delete!\");","lastModifiedDate":"2022-01-26"},{"lineNumber":50,"author":{"gitId":"aceszhenwei"},"content":"            } else {","lastModifiedDate":"2022-01-26"},{"lineNumber":51,"author":{"gitId":"aceszhenwei"},"content":"                System.out.println(\"Noted. I\u0027ve removed this task: \\n   \" +","lastModifiedDate":"2022-01-26"},{"lineNumber":52,"author":{"gitId":"aceszhenwei"},"content":"                        arr.get(delete).toString());","lastModifiedDate":"2022-01-26"},{"lineNumber":53,"author":{"gitId":"aceszhenwei"},"content":"                arr.remove(delete);","lastModifiedDate":"2022-01-26"},{"lineNumber":54,"author":{"gitId":"aceszhenwei"},"content":"                System.out.println(\"Now you have \" + arr.size() + \" tasks in the list.\");","lastModifiedDate":"2022-01-26"},{"lineNumber":55,"author":{"gitId":"aceszhenwei"},"content":"            }","lastModifiedDate":"2022-01-26"},{"lineNumber":56,"author":{"gitId":"aceszhenwei"},"content":"        } catch (NumberFormatException e) {","lastModifiedDate":"2022-01-26"},{"lineNumber":57,"author":{"gitId":"aceszhenwei"},"content":"            System.out.println(\"Error! Nothing to delete!\");","lastModifiedDate":"2022-01-26"},{"lineNumber":58,"author":{"gitId":"aceszhenwei"},"content":"        }","lastModifiedDate":"2022-01-26"},{"lineNumber":59,"author":{"gitId":"aceszhenwei"},"content":"    }","lastModifiedDate":"2022-01-26"},{"lineNumber":60,"author":{"gitId":"aceszhenwei"},"content":"","lastModifiedDate":"2022-01-26"},{"lineNumber":61,"author":{"gitId":"aceszhenwei"},"content":"    public void deadline(String input, ArrayList\u003cTask\u003e arr) {","lastModifiedDate":"2022-01-26"},{"lineNumber":62,"author":{"gitId":"aceszhenwei"},"content":"        try {","lastModifiedDate":"2022-01-26"},{"lineNumber":63,"author":{"gitId":"aceszhenwei"},"content":"            String nondead \u003d input.split(\"deadline \", 2)[1]; // Remove instruction","lastModifiedDate":"2022-01-26"},{"lineNumber":64,"author":{"gitId":"aceszhenwei"},"content":"            String task \u003d nondead.split(\" /by \", 2)[0]; // Split to task","lastModifiedDate":"2022-01-26"},{"lineNumber":65,"author":{"gitId":"aceszhenwei"},"content":"            String date \u003d nondead.split(\" /by \", 2)[1]; // Split to date","lastModifiedDate":"2022-01-26"},{"lineNumber":66,"author":{"gitId":"aceszhenwei"},"content":"            Deadline newDeadline \u003d new Deadline(task, date);","lastModifiedDate":"2022-01-26"},{"lineNumber":67,"author":{"gitId":"aceszhenwei"},"content":"            arr.add(newDeadline);","lastModifiedDate":"2022-01-26"},{"lineNumber":68,"author":{"gitId":"aceszhenwei"},"content":"            System.out.println(\"Got it! I\u0027ve added this task: \\n    \" +","lastModifiedDate":"2022-01-26"},{"lineNumber":69,"author":{"gitId":"aceszhenwei"},"content":"                    newDeadline.toString() + \"\\n\" +","lastModifiedDate":"2022-01-26"},{"lineNumber":70,"author":{"gitId":"aceszhenwei"},"content":"                    \"Now you have \" + arr.size() + \" tasks in the list.\");","lastModifiedDate":"2022-01-26"},{"lineNumber":71,"author":{"gitId":"aceszhenwei"},"content":"        } catch (IndexOutOfBoundsException e) {","lastModifiedDate":"2022-01-26"},{"lineNumber":72,"author":{"gitId":"aceszhenwei"},"content":"            System.out.println(\"Don\u0027t be cheeky. Give me a deadline to stress you over.\");","lastModifiedDate":"2022-01-26"},{"lineNumber":73,"author":{"gitId":"aceszhenwei"},"content":"        }","lastModifiedDate":"2022-01-26"},{"lineNumber":74,"author":{"gitId":"aceszhenwei"},"content":"    }","lastModifiedDate":"2022-01-26"},{"lineNumber":75,"author":{"gitId":"aceszhenwei"},"content":"","lastModifiedDate":"2022-01-23"},{"lineNumber":76,"author":{"gitId":"aceszhenwei"},"content":"    public void event(String input, ArrayList\u003cTask\u003e arr) {","lastModifiedDate":"2022-01-26"},{"lineNumber":77,"author":{"gitId":"aceszhenwei"},"content":"        try {","lastModifiedDate":"2022-01-26"},{"lineNumber":78,"author":{"gitId":"aceszhenwei"},"content":"            String nonevent \u003d input.split(\"event \", 2)[1]; // Remove instruction","lastModifiedDate":"2022-01-26"},{"lineNumber":79,"author":{"gitId":"aceszhenwei"},"content":"            String task \u003d nonevent.split(\" /at \", 2)[0]; // Split to task","lastModifiedDate":"2022-01-26"},{"lineNumber":80,"author":{"gitId":"aceszhenwei"},"content":"            String date \u003d nonevent.split(\" /at \", 2)[1]; // Split to date","lastModifiedDate":"2022-01-26"},{"lineNumber":81,"author":{"gitId":"aceszhenwei"},"content":"            Event newEvent \u003d new Event(task, date);","lastModifiedDate":"2022-01-26"},{"lineNumber":82,"author":{"gitId":"aceszhenwei"},"content":"            arr.add(newEvent);","lastModifiedDate":"2022-01-26"},{"lineNumber":83,"author":{"gitId":"aceszhenwei"},"content":"            System.out.println(\"Got it! I\u0027ve added this task: \\n    \" +","lastModifiedDate":"2022-01-26"},{"lineNumber":84,"author":{"gitId":"aceszhenwei"},"content":"                    newEvent.toString() + \"\\n\" +","lastModifiedDate":"2022-01-26"},{"lineNumber":85,"author":{"gitId":"aceszhenwei"},"content":"                    \"Now you have \" + arr.size() + \" tasks in the list.\");","lastModifiedDate":"2022-01-26"},{"lineNumber":86,"author":{"gitId":"aceszhenwei"},"content":"        } catch (IndexOutOfBoundsException e) {","lastModifiedDate":"2022-01-26"},{"lineNumber":87,"author":{"gitId":"aceszhenwei"},"content":"            System.out.println(\"Don\u0027t be cheeky. Give me an event to record.\");","lastModifiedDate":"2022-01-26"},{"lineNumber":88,"author":{"gitId":"aceszhenwei"},"content":"        }","lastModifiedDate":"2022-01-26"},{"lineNumber":89,"author":{"gitId":"aceszhenwei"},"content":"    }","lastModifiedDate":"2022-01-26"},{"lineNumber":90,"author":{"gitId":"aceszhenwei"},"content":"","lastModifiedDate":"2022-01-26"},{"lineNumber":91,"author":{"gitId":"aceszhenwei"},"content":"    public void todo(String input, ArrayList\u003cTask\u003e arr) {","lastModifiedDate":"2022-01-26"},{"lineNumber":92,"author":{"gitId":"aceszhenwei"},"content":"        try {","lastModifiedDate":"2022-01-26"},{"lineNumber":93,"author":{"gitId":"aceszhenwei"},"content":"            String word \u003d input.split(\" \", 2)[1]; // Remove instruction","lastModifiedDate":"2022-01-26"},{"lineNumber":94,"author":{"gitId":"aceszhenwei"},"content":"            ToDo newToDo \u003d new ToDo(word);","lastModifiedDate":"2022-01-26"},{"lineNumber":95,"author":{"gitId":"aceszhenwei"},"content":"            arr.add(newToDo);","lastModifiedDate":"2022-01-26"},{"lineNumber":96,"author":{"gitId":"aceszhenwei"},"content":"            System.out.println(\"Got it! I\u0027ve added this task: \\n    \" +","lastModifiedDate":"2022-01-26"},{"lineNumber":97,"author":{"gitId":"aceszhenwei"},"content":"                    newToDo.toString() + \"\\n\" +","lastModifiedDate":"2022-01-26"},{"lineNumber":98,"author":{"gitId":"aceszhenwei"},"content":"                    \"Now you have \" + arr.size() + \" tasks in the list.\");","lastModifiedDate":"2022-01-26"},{"lineNumber":99,"author":{"gitId":"aceszhenwei"},"content":"        } catch (IndexOutOfBoundsException e) {","lastModifiedDate":"2022-01-26"},{"lineNumber":100,"author":{"gitId":"aceszhenwei"},"content":"            System.out.println(\"Don\u0027t be cheeky. Give me something to do.\");","lastModifiedDate":"2022-01-26"},{"lineNumber":101,"author":{"gitId":"aceszhenwei"},"content":"        }","lastModifiedDate":"2022-01-26"},{"lineNumber":102,"author":{"gitId":"aceszhenwei"},"content":"    }","lastModifiedDate":"2022-01-26"},{"lineNumber":103,"author":{"gitId":"aceszhenwei"},"content":"}","lastModifiedDate":"2022-01-23"}],"authorContributionMap":{"aceszhenwei":103}},{"path":"src/main/java/duke/duke/ToDo.java","fileType":"java","lines":[{"lineNumber":1,"author":{"gitId":"aceszhenwei"},"content":"package duke.duke;","lastModifiedDate":"2022-01-27"},{"lineNumber":2,"author":{"gitId":"aceszhenwei"},"content":"public class ToDo extends Task {","lastModifiedDate":"2022-01-16"},{"lineNumber":3,"author":{"gitId":"aceszhenwei"},"content":"    public ToDo(String name) {","lastModifiedDate":"2022-01-16"},{"lineNumber":4,"author":{"gitId":"aceszhenwei"},"content":"        super(name);","lastModifiedDate":"2022-01-16"},{"lineNumber":5,"author":{"gitId":"aceszhenwei"},"content":"    }","lastModifiedDate":"2022-01-16"},{"lineNumber":6,"author":{"gitId":"aceszhenwei"},"content":"","lastModifiedDate":"2022-01-16"},{"lineNumber":7,"author":{"gitId":"aceszhenwei"},"content":"    @Override","lastModifiedDate":"2022-01-16"},{"lineNumber":8,"author":{"gitId":"aceszhenwei"},"content":"    public String toString() {","lastModifiedDate":"2022-01-16"},{"lineNumber":9,"author":{"gitId":"aceszhenwei"},"content":"        return \"[T]\" + super.toString();","lastModifiedDate":"2022-01-16"},{"lineNumber":10,"author":{"gitId":"aceszhenwei"},"content":"    }","lastModifiedDate":"2022-01-16"},{"lineNumber":11,"author":{"gitId":"aceszhenwei"},"content":"}","lastModifiedDate":"2022-01-16"}],"authorContributionMap":{"aceszhenwei":11}},{"path":"src/main/java/duke/duke/Ui.java","fileType":"java","lines":[{"lineNumber":1,"author":{"gitId":"aceszhenwei"},"content":"package duke.duke;","lastModifiedDate":"2022-01-27"},{"lineNumber":2,"author":{"gitId":"aceszhenwei"},"content":"import java.util.Scanner;","lastModifiedDate":"2022-01-23"},{"lineNumber":3,"author":{"gitId":"aceszhenwei"},"content":"","lastModifiedDate":"2022-01-23"},{"lineNumber":4,"author":{"gitId":"aceszhenwei"},"content":"public class Ui {","lastModifiedDate":"2022-01-23"},{"lineNumber":5,"author":{"gitId":"aceszhenwei"},"content":"","lastModifiedDate":"2022-01-23"},{"lineNumber":6,"author":{"gitId":"aceszhenwei"},"content":"    String line \u003d \"------------------------------------\";","lastModifiedDate":"2022-01-23"},{"lineNumber":7,"author":{"gitId":"aceszhenwei"},"content":"","lastModifiedDate":"2022-01-23"},{"lineNumber":8,"author":{"gitId":"aceszhenwei"},"content":"    public Ui() {","lastModifiedDate":"2022-01-23"},{"lineNumber":9,"author":{"gitId":"aceszhenwei"},"content":"        this.line \u003d line;","lastModifiedDate":"2022-01-23"},{"lineNumber":10,"author":{"gitId":"aceszhenwei"},"content":"    }","lastModifiedDate":"2022-01-23"},{"lineNumber":11,"author":{"gitId":"aceszhenwei"},"content":"","lastModifiedDate":"2022-01-23"},{"lineNumber":12,"author":{"gitId":"aceszhenwei"},"content":"    public void showWelcome() {","lastModifiedDate":"2022-01-23"},{"lineNumber":13,"author":{"gitId":"aceszhenwei"},"content":"        String logo \u003d \" ____        _        \\n\"","lastModifiedDate":"2022-01-23"},{"lineNumber":14,"author":{"gitId":"aceszhenwei"},"content":"                + \"|  _ \\\\ _   _| | _____ \\n\"","lastModifiedDate":"2022-01-23"},{"lineNumber":15,"author":{"gitId":"aceszhenwei"},"content":"                + \"| | | | | | | |/ / _ \\\\\\n\"","lastModifiedDate":"2022-01-23"},{"lineNumber":16,"author":{"gitId":"aceszhenwei"},"content":"                + \"| |_| | |_| |   \u003c  __/\\n\"","lastModifiedDate":"2022-01-23"},{"lineNumber":17,"author":{"gitId":"aceszhenwei"},"content":"                + \"|____/ \\\\__,_|_|\\\\_\\\\___|\\n\";","lastModifiedDate":"2022-01-23"},{"lineNumber":18,"author":{"gitId":"aceszhenwei"},"content":"        System.out.println(\"Hello from\\n\" + logo);","lastModifiedDate":"2022-01-23"},{"lineNumber":19,"author":{"gitId":"aceszhenwei"},"content":"        System.out.println(\"How may I help you today?\");","lastModifiedDate":"2022-01-23"},{"lineNumber":20,"author":{"gitId":"aceszhenwei"},"content":"        System.out.println(line);","lastModifiedDate":"2022-01-23"},{"lineNumber":21,"author":{"gitId":"aceszhenwei"},"content":"    }","lastModifiedDate":"2022-01-23"},{"lineNumber":22,"author":{"gitId":"aceszhenwei"},"content":"","lastModifiedDate":"2022-01-23"},{"lineNumber":23,"author":{"gitId":"aceszhenwei"},"content":"    public void showLine() {","lastModifiedDate":"2022-01-26"},{"lineNumber":24,"author":{"gitId":"aceszhenwei"},"content":"        System.out.println(line);","lastModifiedDate":"2022-01-26"},{"lineNumber":25,"author":{"gitId":"aceszhenwei"},"content":"    }","lastModifiedDate":"2022-01-23"},{"lineNumber":26,"author":{"gitId":"aceszhenwei"},"content":"","lastModifiedDate":"2022-01-23"},{"lineNumber":27,"author":{"gitId":"aceszhenwei"},"content":"    public String readCommand() {","lastModifiedDate":"2022-01-23"},{"lineNumber":28,"author":{"gitId":"aceszhenwei"},"content":"        Scanner scanner \u003d new Scanner(System.in);","lastModifiedDate":"2022-01-23"},{"lineNumber":29,"author":{"gitId":"aceszhenwei"},"content":"        return scanner.nextLine();","lastModifiedDate":"2022-01-23"},{"lineNumber":30,"author":{"gitId":"aceszhenwei"},"content":"    }","lastModifiedDate":"2022-01-23"},{"lineNumber":31,"author":{"gitId":"aceszhenwei"},"content":"}","lastModifiedDate":"2022-01-23"}],"authorContributionMap":{"aceszhenwei":31}},{"path":"src/test/java/DukeTest.java","fileType":"java","lines":[{"lineNumber":1,"author":{"gitId":"aceszhenwei"},"content":"import duke.duke.Event;","lastModifiedDate":"2022-01-27"},{"lineNumber":2,"author":{"gitId":"aceszhenwei"},"content":"import duke.duke.Task;","lastModifiedDate":"2022-01-27"},{"lineNumber":3,"author":{"gitId":"aceszhenwei"},"content":"import duke.duke.Ui;","lastModifiedDate":"2022-01-27"},{"lineNumber":4,"author":{"gitId":"aceszhenwei"},"content":"import org.junit.jupiter.api.Test;","lastModifiedDate":"2022-01-27"},{"lineNumber":5,"author":{"gitId":"aceszhenwei"},"content":"","lastModifiedDate":"2022-01-27"},{"lineNumber":6,"author":{"gitId":"aceszhenwei"},"content":"import java.io.ByteArrayOutputStream;","lastModifiedDate":"2022-01-27"},{"lineNumber":7,"author":{"gitId":"aceszhenwei"},"content":"import java.io.PrintStream;","lastModifiedDate":"2022-01-27"},{"lineNumber":8,"author":{"gitId":"aceszhenwei"},"content":"","lastModifiedDate":"2022-01-27"},{"lineNumber":9,"author":{"gitId":"aceszhenwei"},"content":"import static org.junit.jupiter.api.Assertions.assertEquals;","lastModifiedDate":"2022-01-27"},{"lineNumber":10,"author":{"gitId":"aceszhenwei"},"content":"","lastModifiedDate":"2022-01-27"},{"lineNumber":11,"author":{"gitId":"aceszhenwei"},"content":"public class DukeTest {","lastModifiedDate":"2022-01-27"},{"lineNumber":12,"author":{"gitId":"aceszhenwei"},"content":"","lastModifiedDate":"2022-01-27"},{"lineNumber":13,"author":{"gitId":"aceszhenwei"},"content":"    @Test","lastModifiedDate":"2022-01-27"},{"lineNumber":14,"author":{"gitId":"aceszhenwei"},"content":"    public void lineTest() {","lastModifiedDate":"2022-01-27"},{"lineNumber":15,"author":{"gitId":"aceszhenwei"},"content":"        // Set Up","lastModifiedDate":"2022-01-27"},{"lineNumber":16,"author":{"gitId":"aceszhenwei"},"content":"        Ui ui \u003d new Ui();","lastModifiedDate":"2022-01-27"},{"lineNumber":17,"author":{"gitId":"aceszhenwei"},"content":"        String expected \u003d \"------------------------------------\";","lastModifiedDate":"2022-01-27"},{"lineNumber":18,"author":{"gitId":"aceszhenwei"},"content":"        // Create Output Stream","lastModifiedDate":"2022-01-27"},{"lineNumber":19,"author":{"gitId":"aceszhenwei"},"content":"        ByteArrayOutputStream baos \u003d new ByteArrayOutputStream();","lastModifiedDate":"2022-01-27"},{"lineNumber":20,"author":{"gitId":"aceszhenwei"},"content":"        PrintStream printStream \u003d new PrintStream(baos);","lastModifiedDate":"2022-01-27"},{"lineNumber":21,"author":{"gitId":"aceszhenwei"},"content":"        System.setOut(printStream);","lastModifiedDate":"2022-01-27"},{"lineNumber":22,"author":{"gitId":"aceszhenwei"},"content":"        // Call Method","lastModifiedDate":"2022-01-27"},{"lineNumber":23,"author":{"gitId":"aceszhenwei"},"content":"        ui.showWelcome();","lastModifiedDate":"2022-01-27"},{"lineNumber":24,"author":{"gitId":"aceszhenwei"},"content":"        String[] lines \u003d baos.toString().split(System.lineSeparator());","lastModifiedDate":"2022-01-27"},{"lineNumber":25,"author":{"gitId":"aceszhenwei"},"content":"        String actual \u003d lines[lines.length-1];","lastModifiedDate":"2022-01-27"},{"lineNumber":26,"author":{"gitId":"aceszhenwei"},"content":"        // Compare","lastModifiedDate":"2022-01-27"},{"lineNumber":27,"author":{"gitId":"aceszhenwei"},"content":"        assertEquals(expected,actual);","lastModifiedDate":"2022-01-27"},{"lineNumber":28,"author":{"gitId":"aceszhenwei"},"content":"    }","lastModifiedDate":"2022-01-27"},{"lineNumber":29,"author":{"gitId":"aceszhenwei"},"content":"","lastModifiedDate":"2022-01-27"},{"lineNumber":30,"author":{"gitId":"aceszhenwei"},"content":"    @Test","lastModifiedDate":"2022-01-27"},{"lineNumber":31,"author":{"gitId":"aceszhenwei"},"content":"    public void taskNameTest() {","lastModifiedDate":"2022-01-27"},{"lineNumber":32,"author":{"gitId":"aceszhenwei"},"content":"        // Set Up","lastModifiedDate":"2022-01-27"},{"lineNumber":33,"author":{"gitId":"aceszhenwei"},"content":"        Task task \u003d new Task(\"Hello\");","lastModifiedDate":"2022-01-27"},{"lineNumber":34,"author":{"gitId":"aceszhenwei"},"content":"        String expected \u003d \"Hello\";","lastModifiedDate":"2022-01-27"},{"lineNumber":35,"author":{"gitId":"aceszhenwei"},"content":"        // Compare","lastModifiedDate":"2022-01-27"},{"lineNumber":36,"author":{"gitId":"aceszhenwei"},"content":"        assertEquals(expected,task.getName());","lastModifiedDate":"2022-01-27"},{"lineNumber":37,"author":{"gitId":"aceszhenwei"},"content":"    }","lastModifiedDate":"2022-01-27"},{"lineNumber":38,"author":{"gitId":"aceszhenwei"},"content":"","lastModifiedDate":"2022-01-27"},{"lineNumber":39,"author":{"gitId":"aceszhenwei"},"content":"    @Test","lastModifiedDate":"2022-01-27"},{"lineNumber":40,"author":{"gitId":"aceszhenwei"},"content":"    public void eventStringTest() {","lastModifiedDate":"2022-01-27"},{"lineNumber":41,"author":{"gitId":"aceszhenwei"},"content":"        // Set Up","lastModifiedDate":"2022-01-27"},{"lineNumber":42,"author":{"gitId":"aceszhenwei"},"content":"        Event event \u003d new Event(\"Hello\", \"1111-11-11\");","lastModifiedDate":"2022-01-27"},{"lineNumber":43,"author":{"gitId":"aceszhenwei"},"content":"        String expected \u003d \"[E][ ] Hello (at: Nov 11 1111)\";","lastModifiedDate":"2022-01-27"},{"lineNumber":44,"author":{"gitId":"aceszhenwei"},"content":"        // Compare","lastModifiedDate":"2022-01-27"},{"lineNumber":45,"author":{"gitId":"aceszhenwei"},"content":"        assertEquals(expected,event.toString());","lastModifiedDate":"2022-01-27"},{"lineNumber":46,"author":{"gitId":"aceszhenwei"},"content":"    }","lastModifiedDate":"2022-01-27"},{"lineNumber":47,"author":{"gitId":"aceszhenwei"},"content":"}","lastModifiedDate":"2022-01-27"}],"authorContributionMap":{"aceszhenwei":47}},{"path":"text-ui-test/input.txt","fileType":"txt","lines":[{"lineNumber":1,"author":{"gitId":"aceszhenwei"},"content":"todo eat ice cream","lastModifiedDate":"2022-01-16"},{"lineNumber":2,"author":{"gitId":"aceszhenwei"},"content":"todo cry","lastModifiedDate":"2022-01-16"},{"lineNumber":3,"author":{"gitId":"aceszhenwei"},"content":"todo sleep","lastModifiedDate":"2022-01-16"},{"lineNumber":4,"author":{"gitId":"aceszhenwei"},"content":"list","lastModifiedDate":"2022-01-16"},{"lineNumber":5,"author":{"gitId":"aceszhenwei"},"content":"deadline homework /by tomorrow","lastModifiedDate":"2022-01-16"},{"lineNumber":6,"author":{"gitId":"aceszhenwei"},"content":"event birthday /at next year","lastModifiedDate":"2022-01-16"},{"lineNumber":7,"author":{"gitId":"aceszhenwei"},"content":"list","lastModifiedDate":"2022-01-16"},{"lineNumber":8,"author":{"gitId":"aceszhenwei"},"content":"delete 2","lastModifiedDate":"2022-01-20"},{"lineNumber":9,"author":{"gitId":"aceszhenwei"},"content":"list","lastModifiedDate":"2022-01-20"}],"authorContributionMap":{"aceszhenwei":9}}]
