[{"path":"src/main/java/Duke.java","fileType":"java","lines":[{"lineNumber":1,"author":{"gitId":"MontyPython28"},"content":"import command.Command;","lastModifiedDate":"2022-01-23"},{"lineNumber":2,"author":{"gitId":"MontyPython28"},"content":"import exception.DukeException;","lastModifiedDate":"2022-01-23"},{"lineNumber":3,"author":{"gitId":"MontyPython28"},"content":"import storage.Storage;","lastModifiedDate":"2022-01-22"},{"lineNumber":4,"author":{"gitId":"MontyPython28"},"content":"import task.TaskList;","lastModifiedDate":"2022-01-22"},{"lineNumber":5,"author":{"gitId":"MontyPython28"},"content":"import ui.Ui;","lastModifiedDate":"2022-01-22"},{"lineNumber":6,"author":{"gitId":"MontyPython28"},"content":"","lastModifiedDate":"2022-01-21"},{"lineNumber":7,"author":{"gitId":"-"},"content":"public class Duke {","lastModifiedDate":"2019-07-29"},{"lineNumber":8,"author":{"gitId":"MontyPython28"},"content":"    private final Ui ui;","lastModifiedDate":"2022-01-22"},{"lineNumber":9,"author":{"gitId":"MontyPython28"},"content":"    private final Storage storage;","lastModifiedDate":"2022-01-22"},{"lineNumber":10,"author":{"gitId":"MontyPython28"},"content":"    private final TaskList taskList;","lastModifiedDate":"2022-01-22"},{"lineNumber":11,"author":{"gitId":"MontyPython28"},"content":"","lastModifiedDate":"2022-01-21"},{"lineNumber":12,"author":{"gitId":"MontyPython28"},"content":"    public Duke() {","lastModifiedDate":"2022-01-22"},{"lineNumber":13,"author":{"gitId":"MontyPython28"},"content":"        ui \u003d new Ui();","lastModifiedDate":"2022-01-22"},{"lineNumber":14,"author":{"gitId":"MontyPython28"},"content":"        storage \u003d new Storage();","lastModifiedDate":"2022-01-22"},{"lineNumber":15,"author":{"gitId":"MontyPython28"},"content":"        taskList \u003d new TaskList();","lastModifiedDate":"2022-01-22"},{"lineNumber":16,"author":{"gitId":"MontyPython28"},"content":"    }","lastModifiedDate":"2022-01-21"},{"lineNumber":17,"author":{"gitId":"MontyPython28"},"content":"","lastModifiedDate":"2022-01-20"},{"lineNumber":18,"author":{"gitId":"-"},"content":"    public static void main(String[] args) {","lastModifiedDate":"2019-07-29"},{"lineNumber":19,"author":{"gitId":"MontyPython28"},"content":"        Duke dk \u003d new Duke();","lastModifiedDate":"2022-01-21"},{"lineNumber":20,"author":{"gitId":"MontyPython28"},"content":"        Ui ui \u003d dk.ui;","lastModifiedDate":"2022-01-22"},{"lineNumber":21,"author":{"gitId":"MontyPython28"},"content":"        Storage storage \u003d dk.storage;","lastModifiedDate":"2022-01-22"},{"lineNumber":22,"author":{"gitId":"MontyPython28"},"content":"        TaskList taskList \u003d dk.taskList;","lastModifiedDate":"2022-01-22"},{"lineNumber":23,"author":{"gitId":"MontyPython28"},"content":"","lastModifiedDate":"2022-01-22"},{"lineNumber":24,"author":{"gitId":"-"},"content":"        String logo \u003d \" ____        _        \\n\"","lastModifiedDate":"2019-07-29"},{"lineNumber":25,"author":{"gitId":"-"},"content":"                + \"|  _ \\\\ _   _| | _____ \\n\"","lastModifiedDate":"2019-07-29"},{"lineNumber":26,"author":{"gitId":"-"},"content":"                + \"| | | | | | | |/ / _ \\\\\\n\"","lastModifiedDate":"2019-07-29"},{"lineNumber":27,"author":{"gitId":"-"},"content":"                + \"| |_| | |_| |   \u003c  __/\\n\"","lastModifiedDate":"2019-07-29"},{"lineNumber":28,"author":{"gitId":"-"},"content":"                + \"|____/ \\\\__,_|_|\\\\_\\\\___|\\n\";","lastModifiedDate":"2019-07-29"},{"lineNumber":29,"author":{"gitId":"MontyPython28"},"content":"","lastModifiedDate":"2022-01-20"},{"lineNumber":30,"author":{"gitId":"MontyPython28"},"content":"        ui.sayHello();","lastModifiedDate":"2022-01-22"},{"lineNumber":31,"author":{"gitId":"MontyPython28"},"content":"","lastModifiedDate":"2022-01-21"},{"lineNumber":32,"author":{"gitId":"MontyPython28"},"content":"        String input \u003d ui.getCommand();","lastModifiedDate":"2022-01-22"},{"lineNumber":33,"author":{"gitId":"MontyPython28"},"content":"        while (!input.equals(\"bye\")) {","lastModifiedDate":"2022-01-20"},{"lineNumber":34,"author":{"gitId":"MontyPython28"},"content":"            try {","lastModifiedDate":"2022-01-23"},{"lineNumber":35,"author":{"gitId":"MontyPython28"},"content":"                Command c \u003d Parser.parse(input);","lastModifiedDate":"2022-01-22"},{"lineNumber":36,"author":{"gitId":"MontyPython28"},"content":"                c.execute(ui, storage, taskList);","lastModifiedDate":"2022-01-22"},{"lineNumber":37,"author":{"gitId":"MontyPython28"},"content":"            } catch (DukeException e) {","lastModifiedDate":"2022-01-23"},{"lineNumber":38,"author":{"gitId":"MontyPython28"},"content":"                ui.showError(e);","lastModifiedDate":"2022-01-23"},{"lineNumber":39,"author":{"gitId":"MontyPython28"},"content":"            } finally {","lastModifiedDate":"2022-01-23"},{"lineNumber":40,"author":{"gitId":"MontyPython28"},"content":"                input \u003d ui.getCommand();","lastModifiedDate":"2022-01-22"},{"lineNumber":41,"author":{"gitId":"MontyPython28"},"content":"            }","lastModifiedDate":"2022-01-20"},{"lineNumber":42,"author":{"gitId":"MontyPython28"},"content":"        }","lastModifiedDate":"2022-01-23"},{"lineNumber":43,"author":{"gitId":"MontyPython28"},"content":"","lastModifiedDate":"2022-01-22"},{"lineNumber":44,"author":{"gitId":"MontyPython28"},"content":"        ui.exit();","lastModifiedDate":"2022-01-22"},{"lineNumber":45,"author":{"gitId":"MontyPython28"},"content":"","lastModifiedDate":"2022-01-22"},{"lineNumber":46,"author":{"gitId":"-"},"content":"    }","lastModifiedDate":"2019-07-29"},{"lineNumber":47,"author":{"gitId":"-"},"content":"}","lastModifiedDate":"2019-07-29"}],"authorContributionMap":{"MontyPython28":38,"-":9}},{"path":"src/main/java/Parser.java","fileType":"java","lines":[{"lineNumber":1,"author":{"gitId":"MontyPython28"},"content":"import command.Command;","lastModifiedDate":"2022-01-23"},{"lineNumber":2,"author":{"gitId":"MontyPython28"},"content":"import command.DeadlineCommand;","lastModifiedDate":"2022-01-23"},{"lineNumber":3,"author":{"gitId":"MontyPython28"},"content":"import command.DeleteCommand;","lastModifiedDate":"2022-01-23"},{"lineNumber":4,"author":{"gitId":"MontyPython28"},"content":"import command.EventCommand;","lastModifiedDate":"2022-01-23"},{"lineNumber":5,"author":{"gitId":"MontyPython28"},"content":"import command.ListCommand;","lastModifiedDate":"2022-01-23"},{"lineNumber":6,"author":{"gitId":"MontyPython28"},"content":"import command.MarkCommand;","lastModifiedDate":"2022-01-23"},{"lineNumber":7,"author":{"gitId":"MontyPython28"},"content":"import command.TodoCommand;","lastModifiedDate":"2022-01-23"},{"lineNumber":8,"author":{"gitId":"MontyPython28"},"content":"import command.UnmarkCommand;","lastModifiedDate":"2022-01-23"},{"lineNumber":9,"author":{"gitId":"MontyPython28"},"content":"import exception.DukeException;","lastModifiedDate":"2022-01-23"},{"lineNumber":10,"author":{"gitId":"MontyPython28"},"content":"","lastModifiedDate":"2022-01-22"},{"lineNumber":11,"author":{"gitId":"MontyPython28"},"content":"public class Parser {","lastModifiedDate":"2022-01-22"},{"lineNumber":12,"author":{"gitId":"MontyPython28"},"content":"    public static Command parse(String input) throws DukeException {","lastModifiedDate":"2022-01-23"},{"lineNumber":13,"author":{"gitId":"MontyPython28"},"content":"        String[] commandSeperated \u003d input.split(\" \", 2);","lastModifiedDate":"2022-01-22"},{"lineNumber":14,"author":{"gitId":"MontyPython28"},"content":"        if (input.strip().equals(\"list\")) {","lastModifiedDate":"2022-01-22"},{"lineNumber":15,"author":{"gitId":"MontyPython28"},"content":"            return new ListCommand();","lastModifiedDate":"2022-01-22"},{"lineNumber":16,"author":{"gitId":"MontyPython28"},"content":"        }","lastModifiedDate":"2022-01-22"},{"lineNumber":17,"author":{"gitId":"MontyPython28"},"content":"        switch (commandSeperated[0]) {","lastModifiedDate":"2022-01-22"},{"lineNumber":18,"author":{"gitId":"MontyPython28"},"content":"            case \"todo\":","lastModifiedDate":"2022-01-22"},{"lineNumber":19,"author":{"gitId":"MontyPython28"},"content":"                if (commandSeperated.length \u003d\u003d 1 || commandSeperated[1].isBlank()) {","lastModifiedDate":"2022-01-23"},{"lineNumber":20,"author":{"gitId":"MontyPython28"},"content":"                    throw new DukeException(\"Can\u0027t find any info after your command! Have you typed it correctly?\");","lastModifiedDate":"2022-01-23"},{"lineNumber":21,"author":{"gitId":"MontyPython28"},"content":"                }","lastModifiedDate":"2022-01-23"},{"lineNumber":22,"author":{"gitId":"MontyPython28"},"content":"                return new TodoCommand(commandSeperated[1].trim());","lastModifiedDate":"2022-01-23"},{"lineNumber":23,"author":{"gitId":"MontyPython28"},"content":"            case \"event\":","lastModifiedDate":"2022-01-22"},{"lineNumber":24,"author":{"gitId":"MontyPython28"},"content":"                if (commandSeperated.length \u003d\u003d 1 || commandSeperated[0].isBlank() || commandSeperated[1].isBlank()) {","lastModifiedDate":"2022-01-23"},{"lineNumber":25,"author":{"gitId":"MontyPython28"},"content":"                    throw new DukeException(\"Can\u0027t find any info after your command! Have you typed it correctly?\");","lastModifiedDate":"2022-01-23"},{"lineNumber":26,"author":{"gitId":"MontyPython28"},"content":"                }","lastModifiedDate":"2022-01-23"},{"lineNumber":27,"author":{"gitId":"MontyPython28"},"content":"                String[] messageSeperated \u003d commandSeperated[1].split(\"/at \", 2);","lastModifiedDate":"2022-01-22"},{"lineNumber":28,"author":{"gitId":"MontyPython28"},"content":"                if (messageSeperated.length \u003d\u003d 1 || messageSeperated[1].isBlank()) {","lastModifiedDate":"2022-01-23"},{"lineNumber":29,"author":{"gitId":"MontyPython28"},"content":"                    throw new DukeException(\"Can\u0027t find the time! Have you typed it correctly?\");","lastModifiedDate":"2022-01-23"},{"lineNumber":30,"author":{"gitId":"MontyPython28"},"content":"                }","lastModifiedDate":"2022-01-23"},{"lineNumber":31,"author":{"gitId":"MontyPython28"},"content":"                return new EventCommand(messageSeperated[0].trim(), messageSeperated[1].trim());","lastModifiedDate":"2022-01-23"},{"lineNumber":32,"author":{"gitId":"MontyPython28"},"content":"            case \"deadline\":","lastModifiedDate":"2022-01-22"},{"lineNumber":33,"author":{"gitId":"MontyPython28"},"content":"                if (commandSeperated.length \u003d\u003d 1 || commandSeperated[0].isBlank() || commandSeperated[1].isBlank()) {","lastModifiedDate":"2022-01-23"},{"lineNumber":34,"author":{"gitId":"MontyPython28"},"content":"                    throw new DukeException(\"Can\u0027t find any info after your command! Have you typed it correctly?\");","lastModifiedDate":"2022-01-23"},{"lineNumber":35,"author":{"gitId":"MontyPython28"},"content":"                }","lastModifiedDate":"2022-01-23"},{"lineNumber":36,"author":{"gitId":"MontyPython28"},"content":"                messageSeperated \u003d commandSeperated[1].split(\"/by \", 2);","lastModifiedDate":"2022-01-22"},{"lineNumber":37,"author":{"gitId":"MontyPython28"},"content":"                if (messageSeperated.length \u003d\u003d 1 || messageSeperated[1].isBlank()) {","lastModifiedDate":"2022-01-23"},{"lineNumber":38,"author":{"gitId":"MontyPython28"},"content":"                    throw new DukeException(\"Can\u0027t find the time! Have you typed it correctly?\");","lastModifiedDate":"2022-01-23"},{"lineNumber":39,"author":{"gitId":"MontyPython28"},"content":"                }","lastModifiedDate":"2022-01-23"},{"lineNumber":40,"author":{"gitId":"MontyPython28"},"content":"                return new DeadlineCommand(messageSeperated[0].trim(), messageSeperated[1].trim());","lastModifiedDate":"2022-01-23"},{"lineNumber":41,"author":{"gitId":"MontyPython28"},"content":"            case \"mark\":","lastModifiedDate":"2022-01-23"},{"lineNumber":42,"author":{"gitId":"MontyPython28"},"content":"                if (commandSeperated.length \u003d\u003d 1 || commandSeperated[1].isBlank()) {","lastModifiedDate":"2022-01-23"},{"lineNumber":43,"author":{"gitId":"MontyPython28"},"content":"                    throw new DukeException(\"Can\u0027t find any info after your command! Have you typed it correctly?\");","lastModifiedDate":"2022-01-23"},{"lineNumber":44,"author":{"gitId":"MontyPython28"},"content":"                }","lastModifiedDate":"2022-01-23"},{"lineNumber":45,"author":{"gitId":"MontyPython28"},"content":"                try {","lastModifiedDate":"2022-01-23"},{"lineNumber":46,"author":{"gitId":"MontyPython28"},"content":"                    int serialNumber \u003d Integer.parseInt(commandSeperated[1].trim());","lastModifiedDate":"2022-01-23"},{"lineNumber":47,"author":{"gitId":"MontyPython28"},"content":"                    return new MarkCommand(serialNumber);","lastModifiedDate":"2022-01-22"},{"lineNumber":48,"author":{"gitId":"MontyPython28"},"content":"                } catch (NumberFormatException e) {","lastModifiedDate":"2022-01-23"},{"lineNumber":49,"author":{"gitId":"MontyPython28"},"content":"                    throw new DukeException(\"Have you typed in your number correctly in numerals?\");","lastModifiedDate":"2022-01-23"},{"lineNumber":50,"author":{"gitId":"MontyPython28"},"content":"                }","lastModifiedDate":"2022-01-23"},{"lineNumber":51,"author":{"gitId":"MontyPython28"},"content":"            case \"unmark\":","lastModifiedDate":"2022-01-23"},{"lineNumber":52,"author":{"gitId":"MontyPython28"},"content":"                if (commandSeperated.length \u003d\u003d 1 || commandSeperated[1].isBlank()) {","lastModifiedDate":"2022-01-23"},{"lineNumber":53,"author":{"gitId":"MontyPython28"},"content":"                    throw new DukeException(\"Can\u0027t find any info after your command! Have you typed it correctly?\");","lastModifiedDate":"2022-01-23"},{"lineNumber":54,"author":{"gitId":"MontyPython28"},"content":"                }","lastModifiedDate":"2022-01-23"},{"lineNumber":55,"author":{"gitId":"MontyPython28"},"content":"                try {","lastModifiedDate":"2022-01-23"},{"lineNumber":56,"author":{"gitId":"MontyPython28"},"content":"                    int serialNumber \u003d Integer.parseInt(commandSeperated[1].trim());","lastModifiedDate":"2022-01-23"},{"lineNumber":57,"author":{"gitId":"MontyPython28"},"content":"                    return new UnmarkCommand(serialNumber);","lastModifiedDate":"2022-01-22"},{"lineNumber":58,"author":{"gitId":"MontyPython28"},"content":"                } catch (NumberFormatException e) {","lastModifiedDate":"2022-01-23"},{"lineNumber":59,"author":{"gitId":"MontyPython28"},"content":"                    throw new DukeException(\"Have you typed in your number correctly in numerals?\");","lastModifiedDate":"2022-01-23"},{"lineNumber":60,"author":{"gitId":"MontyPython28"},"content":"                }","lastModifiedDate":"2022-01-23"},{"lineNumber":61,"author":{"gitId":"MontyPython28"},"content":"            case \"delete\":","lastModifiedDate":"2022-01-22"},{"lineNumber":62,"author":{"gitId":"MontyPython28"},"content":"                if (commandSeperated.length \u003d\u003d 1 || commandSeperated[1].isBlank()) {","lastModifiedDate":"2022-01-23"},{"lineNumber":63,"author":{"gitId":"MontyPython28"},"content":"                    throw new DukeException(\"Can\u0027t find any info after your command! Have you typed it correctly?\");","lastModifiedDate":"2022-01-23"},{"lineNumber":64,"author":{"gitId":"MontyPython28"},"content":"                }","lastModifiedDate":"2022-01-23"},{"lineNumber":65,"author":{"gitId":"MontyPython28"},"content":"                try {","lastModifiedDate":"2022-01-23"},{"lineNumber":66,"author":{"gitId":"MontyPython28"},"content":"                    int serialNumber \u003d Integer.parseInt(commandSeperated[1].trim());","lastModifiedDate":"2022-01-23"},{"lineNumber":67,"author":{"gitId":"MontyPython28"},"content":"                    return new DeleteCommand(serialNumber);","lastModifiedDate":"2022-01-22"},{"lineNumber":68,"author":{"gitId":"MontyPython28"},"content":"                } catch (NumberFormatException e) {","lastModifiedDate":"2022-01-23"},{"lineNumber":69,"author":{"gitId":"MontyPython28"},"content":"                    throw new DukeException(\"Have you typed in your number correctly in numerals?\");","lastModifiedDate":"2022-01-23"},{"lineNumber":70,"author":{"gitId":"MontyPython28"},"content":"                }","lastModifiedDate":"2022-01-23"},{"lineNumber":71,"author":{"gitId":"MontyPython28"},"content":"            default:","lastModifiedDate":"2022-01-22"},{"lineNumber":72,"author":{"gitId":"MontyPython28"},"content":"                throw new DukeException(\"Sorry, but I don\u0027t know what that means :-(\");","lastModifiedDate":"2022-01-23"},{"lineNumber":73,"author":{"gitId":"MontyPython28"},"content":"        }","lastModifiedDate":"2022-01-22"},{"lineNumber":74,"author":{"gitId":"MontyPython28"},"content":"    }","lastModifiedDate":"2022-01-22"},{"lineNumber":75,"author":{"gitId":"MontyPython28"},"content":"}","lastModifiedDate":"2022-01-22"}],"authorContributionMap":{"MontyPython28":75}},{"path":"src/main/java/command/Command.java","fileType":"java","lines":[{"lineNumber":1,"author":{"gitId":"MontyPython28"},"content":"package command;","lastModifiedDate":"2022-01-22"},{"lineNumber":2,"author":{"gitId":"MontyPython28"},"content":"import exception.DukeException;","lastModifiedDate":"2022-01-23"},{"lineNumber":3,"author":{"gitId":"MontyPython28"},"content":"import storage.Storage;","lastModifiedDate":"2022-01-22"},{"lineNumber":4,"author":{"gitId":"MontyPython28"},"content":"import task.TaskList;","lastModifiedDate":"2022-01-22"},{"lineNumber":5,"author":{"gitId":"MontyPython28"},"content":"import ui.Ui;","lastModifiedDate":"2022-01-22"},{"lineNumber":6,"author":{"gitId":"MontyPython28"},"content":"","lastModifiedDate":"2022-01-22"},{"lineNumber":7,"author":{"gitId":"MontyPython28"},"content":"public abstract class Command {","lastModifiedDate":"2022-01-22"},{"lineNumber":8,"author":{"gitId":"MontyPython28"},"content":"    public abstract void execute(Ui ui, Storage storage, TaskList taskList) throws DukeException;","lastModifiedDate":"2022-01-23"},{"lineNumber":9,"author":{"gitId":"MontyPython28"},"content":"}","lastModifiedDate":"2022-01-22"},{"lineNumber":10,"author":{"gitId":"MontyPython28"},"content":"//delete, list","lastModifiedDate":"2022-01-22"}],"authorContributionMap":{"MontyPython28":10}},{"path":"src/main/java/command/DeadlineCommand.java","fileType":"java","lines":[{"lineNumber":1,"author":{"gitId":"MontyPython28"},"content":"package command;","lastModifiedDate":"2022-01-22"},{"lineNumber":2,"author":{"gitId":"MontyPython28"},"content":"","lastModifiedDate":"2022-01-22"},{"lineNumber":3,"author":{"gitId":"MontyPython28"},"content":"import exception.DukeException;","lastModifiedDate":"2022-01-23"},{"lineNumber":4,"author":{"gitId":"MontyPython28"},"content":"import storage.Storage;","lastModifiedDate":"2022-01-22"},{"lineNumber":5,"author":{"gitId":"MontyPython28"},"content":"import task.Deadline;","lastModifiedDate":"2022-01-22"},{"lineNumber":6,"author":{"gitId":"MontyPython28"},"content":"import task.TaskList;","lastModifiedDate":"2022-01-22"},{"lineNumber":7,"author":{"gitId":"MontyPython28"},"content":"import ui.Ui;","lastModifiedDate":"2022-01-22"},{"lineNumber":8,"author":{"gitId":"MontyPython28"},"content":"","lastModifiedDate":"2022-01-22"},{"lineNumber":9,"author":{"gitId":"MontyPython28"},"content":"import java.time.LocalDate;","lastModifiedDate":"2022-01-22"},{"lineNumber":10,"author":{"gitId":"MontyPython28"},"content":"import java.time.format.DateTimeParseException;","lastModifiedDate":"2022-01-23"},{"lineNumber":11,"author":{"gitId":"MontyPython28"},"content":"","lastModifiedDate":"2022-01-22"},{"lineNumber":12,"author":{"gitId":"MontyPython28"},"content":"public class DeadlineCommand extends Command {","lastModifiedDate":"2022-01-22"},{"lineNumber":13,"author":{"gitId":"MontyPython28"},"content":"    String message;","lastModifiedDate":"2022-01-22"},{"lineNumber":14,"author":{"gitId":"MontyPython28"},"content":"    String time;","lastModifiedDate":"2022-01-22"},{"lineNumber":15,"author":{"gitId":"MontyPython28"},"content":"","lastModifiedDate":"2022-01-22"},{"lineNumber":16,"author":{"gitId":"MontyPython28"},"content":"    public DeadlineCommand(String message, String time) {","lastModifiedDate":"2022-01-22"},{"lineNumber":17,"author":{"gitId":"MontyPython28"},"content":"        this.message \u003d message;","lastModifiedDate":"2022-01-22"},{"lineNumber":18,"author":{"gitId":"MontyPython28"},"content":"        this.time \u003d time;","lastModifiedDate":"2022-01-22"},{"lineNumber":19,"author":{"gitId":"MontyPython28"},"content":"    }","lastModifiedDate":"2022-01-22"},{"lineNumber":20,"author":{"gitId":"MontyPython28"},"content":"","lastModifiedDate":"2022-01-22"},{"lineNumber":21,"author":{"gitId":"MontyPython28"},"content":"    @Override","lastModifiedDate":"2022-01-22"},{"lineNumber":22,"author":{"gitId":"MontyPython28"},"content":"    public void execute(Ui ui, Storage storage, TaskList taskList) throws DukeException { //throw exception if necessary","lastModifiedDate":"2022-01-23"},{"lineNumber":23,"author":{"gitId":"MontyPython28"},"content":"        try {","lastModifiedDate":"2022-01-23"},{"lineNumber":24,"author":{"gitId":"MontyPython28"},"content":"            taskList.add(new Deadline(this.message, false, LocalDate.parse(this.time)));","lastModifiedDate":"2022-01-22"},{"lineNumber":25,"author":{"gitId":"MontyPython28"},"content":"        } catch (DateTimeParseException e) {","lastModifiedDate":"2022-01-23"},{"lineNumber":26,"author":{"gitId":"MontyPython28"},"content":"            throw new DukeException(\"Have you entered the date in yyyy-mm-dd format?\");","lastModifiedDate":"2022-01-23"},{"lineNumber":27,"author":{"gitId":"MontyPython28"},"content":"        }","lastModifiedDate":"2022-01-23"},{"lineNumber":28,"author":{"gitId":"MontyPython28"},"content":"        storage.writeToFile(taskList);","lastModifiedDate":"2022-01-22"},{"lineNumber":29,"author":{"gitId":"MontyPython28"},"content":"        ui.outputMessage(\"Got it. I\u0027ve added this task: \\n\" +","lastModifiedDate":"2022-01-22"},{"lineNumber":30,"author":{"gitId":"MontyPython28"},"content":"                taskList.get(taskList.size() -1) +","lastModifiedDate":"2022-01-22"},{"lineNumber":31,"author":{"gitId":"MontyPython28"},"content":"                \"\\nNow you have \" + taskList.size() + \" tasks in the list.\");","lastModifiedDate":"2022-01-22"},{"lineNumber":32,"author":{"gitId":"MontyPython28"},"content":"    }","lastModifiedDate":"2022-01-22"},{"lineNumber":33,"author":{"gitId":"MontyPython28"},"content":"}","lastModifiedDate":"2022-01-22"}],"authorContributionMap":{"MontyPython28":33}},{"path":"src/main/java/command/DeleteCommand.java","fileType":"java","lines":[{"lineNumber":1,"author":{"gitId":"MontyPython28"},"content":"package command;","lastModifiedDate":"2022-01-22"},{"lineNumber":2,"author":{"gitId":"MontyPython28"},"content":"","lastModifiedDate":"2022-01-22"},{"lineNumber":3,"author":{"gitId":"MontyPython28"},"content":"import exception.DukeException;","lastModifiedDate":"2022-01-23"},{"lineNumber":4,"author":{"gitId":"MontyPython28"},"content":"import storage.Storage;","lastModifiedDate":"2022-01-22"},{"lineNumber":5,"author":{"gitId":"MontyPython28"},"content":"import task.TaskList;","lastModifiedDate":"2022-01-22"},{"lineNumber":6,"author":{"gitId":"MontyPython28"},"content":"import ui.Ui;","lastModifiedDate":"2022-01-22"},{"lineNumber":7,"author":{"gitId":"MontyPython28"},"content":"","lastModifiedDate":"2022-01-22"},{"lineNumber":8,"author":{"gitId":"MontyPython28"},"content":"public class DeleteCommand extends Command {","lastModifiedDate":"2022-01-22"},{"lineNumber":9,"author":{"gitId":"MontyPython28"},"content":"    int serialNumber;","lastModifiedDate":"2022-01-23"},{"lineNumber":10,"author":{"gitId":"MontyPython28"},"content":"","lastModifiedDate":"2022-01-22"},{"lineNumber":11,"author":{"gitId":"MontyPython28"},"content":"    public DeleteCommand(int serialNumber) {","lastModifiedDate":"2022-01-22"},{"lineNumber":12,"author":{"gitId":"MontyPython28"},"content":"        this.serialNumber \u003d serialNumber;","lastModifiedDate":"2022-01-23"},{"lineNumber":13,"author":{"gitId":"MontyPython28"},"content":"    }","lastModifiedDate":"2022-01-22"},{"lineNumber":14,"author":{"gitId":"MontyPython28"},"content":"","lastModifiedDate":"2022-01-22"},{"lineNumber":15,"author":{"gitId":"MontyPython28"},"content":"    @Override","lastModifiedDate":"2022-01-22"},{"lineNumber":16,"author":{"gitId":"MontyPython28"},"content":"    public void execute(Ui ui, Storage storage, TaskList taskList) throws DukeException {","lastModifiedDate":"2022-01-23"},{"lineNumber":17,"author":{"gitId":"MontyPython28"},"content":"        if (this.serialNumber \u003c 1 || this.serialNumber \u003e taskList.size()) {","lastModifiedDate":"2022-01-23"},{"lineNumber":18,"author":{"gitId":"MontyPython28"},"content":"            throw new DukeException(\"Have you entered the correct number?\");","lastModifiedDate":"2022-01-23"},{"lineNumber":19,"author":{"gitId":"MontyPython28"},"content":"        }","lastModifiedDate":"2022-01-23"},{"lineNumber":20,"author":{"gitId":"MontyPython28"},"content":"        String taskDescription \u003d taskList.get(this.serialNumber - 1).description;","lastModifiedDate":"2022-01-23"},{"lineNumber":21,"author":{"gitId":"MontyPython28"},"content":"        taskList.delete(this.serialNumber);","lastModifiedDate":"2022-01-23"},{"lineNumber":22,"author":{"gitId":"MontyPython28"},"content":"        storage.writeToFile(taskList);","lastModifiedDate":"2022-01-22"},{"lineNumber":23,"author":{"gitId":"MontyPython28"},"content":"        ui.outputMessage(\"Noted. I\u0027ve removed this task:\\n\" +","lastModifiedDate":"2022-01-22"},{"lineNumber":24,"author":{"gitId":"MontyPython28"},"content":"                taskDescription +","lastModifiedDate":"2022-01-22"},{"lineNumber":25,"author":{"gitId":"MontyPython28"},"content":"                \"\\nNow you have \" + taskList.size() + \" tasks in the list.\");","lastModifiedDate":"2022-01-22"},{"lineNumber":26,"author":{"gitId":"MontyPython28"},"content":"    }","lastModifiedDate":"2022-01-22"},{"lineNumber":27,"author":{"gitId":"MontyPython28"},"content":"}","lastModifiedDate":"2022-01-22"}],"authorContributionMap":{"MontyPython28":27}},{"path":"src/main/java/command/EventCommand.java","fileType":"java","lines":[{"lineNumber":1,"author":{"gitId":"MontyPython28"},"content":"package command;","lastModifiedDate":"2022-01-22"},{"lineNumber":2,"author":{"gitId":"MontyPython28"},"content":"","lastModifiedDate":"2022-01-22"},{"lineNumber":3,"author":{"gitId":"MontyPython28"},"content":"import exception.DukeException;","lastModifiedDate":"2022-01-23"},{"lineNumber":4,"author":{"gitId":"MontyPython28"},"content":"import storage.Storage;","lastModifiedDate":"2022-01-22"},{"lineNumber":5,"author":{"gitId":"MontyPython28"},"content":"import task.Event;","lastModifiedDate":"2022-01-22"},{"lineNumber":6,"author":{"gitId":"MontyPython28"},"content":"import task.TaskList;","lastModifiedDate":"2022-01-22"},{"lineNumber":7,"author":{"gitId":"MontyPython28"},"content":"import ui.Ui;","lastModifiedDate":"2022-01-22"},{"lineNumber":8,"author":{"gitId":"MontyPython28"},"content":"","lastModifiedDate":"2022-01-22"},{"lineNumber":9,"author":{"gitId":"MontyPython28"},"content":"import java.time.LocalDate;","lastModifiedDate":"2022-01-22"},{"lineNumber":10,"author":{"gitId":"MontyPython28"},"content":"import java.time.format.DateTimeParseException;","lastModifiedDate":"2022-01-23"},{"lineNumber":11,"author":{"gitId":"MontyPython28"},"content":"","lastModifiedDate":"2022-01-22"},{"lineNumber":12,"author":{"gitId":"MontyPython28"},"content":"public class EventCommand extends Command {","lastModifiedDate":"2022-01-22"},{"lineNumber":13,"author":{"gitId":"MontyPython28"},"content":"    String message;","lastModifiedDate":"2022-01-22"},{"lineNumber":14,"author":{"gitId":"MontyPython28"},"content":"    String time;","lastModifiedDate":"2022-01-22"},{"lineNumber":15,"author":{"gitId":"MontyPython28"},"content":"","lastModifiedDate":"2022-01-22"},{"lineNumber":16,"author":{"gitId":"MontyPython28"},"content":"    public EventCommand(String message, String time) {","lastModifiedDate":"2022-01-22"},{"lineNumber":17,"author":{"gitId":"MontyPython28"},"content":"        this.message \u003d message;","lastModifiedDate":"2022-01-22"},{"lineNumber":18,"author":{"gitId":"MontyPython28"},"content":"        this.time \u003d time;","lastModifiedDate":"2022-01-22"},{"lineNumber":19,"author":{"gitId":"MontyPython28"},"content":"    }","lastModifiedDate":"2022-01-22"},{"lineNumber":20,"author":{"gitId":"MontyPython28"},"content":"","lastModifiedDate":"2022-01-22"},{"lineNumber":21,"author":{"gitId":"MontyPython28"},"content":"    @Override","lastModifiedDate":"2022-01-22"},{"lineNumber":22,"author":{"gitId":"MontyPython28"},"content":"    public void execute(Ui ui, Storage storage, TaskList taskList) throws DukeException {","lastModifiedDate":"2022-01-23"},{"lineNumber":23,"author":{"gitId":"MontyPython28"},"content":"        try {","lastModifiedDate":"2022-01-23"},{"lineNumber":24,"author":{"gitId":"MontyPython28"},"content":"            taskList.add(new Event(this.message, false, LocalDate.parse(this.time)));","lastModifiedDate":"2022-01-22"},{"lineNumber":25,"author":{"gitId":"MontyPython28"},"content":"        } catch (DateTimeParseException e) {","lastModifiedDate":"2022-01-23"},{"lineNumber":26,"author":{"gitId":"MontyPython28"},"content":"            throw new DukeException(\"Have you entered the date in yyyy-mm-dd format?\");","lastModifiedDate":"2022-01-23"},{"lineNumber":27,"author":{"gitId":"MontyPython28"},"content":"        }","lastModifiedDate":"2022-01-23"},{"lineNumber":28,"author":{"gitId":"MontyPython28"},"content":"        storage.writeToFile(taskList);","lastModifiedDate":"2022-01-22"},{"lineNumber":29,"author":{"gitId":"MontyPython28"},"content":"        ui.outputMessage(\"Got it. I\u0027ve added this task: \\n\" +","lastModifiedDate":"2022-01-22"},{"lineNumber":30,"author":{"gitId":"MontyPython28"},"content":"                taskList.get(taskList.size() -1) +","lastModifiedDate":"2022-01-22"},{"lineNumber":31,"author":{"gitId":"MontyPython28"},"content":"                \"\\nNow you have \" + taskList.size() + \" tasks in the list.\");","lastModifiedDate":"2022-01-22"},{"lineNumber":32,"author":{"gitId":"MontyPython28"},"content":"    }","lastModifiedDate":"2022-01-22"},{"lineNumber":33,"author":{"gitId":"MontyPython28"},"content":"}","lastModifiedDate":"2022-01-22"}],"authorContributionMap":{"MontyPython28":33}},{"path":"src/main/java/command/ListCommand.java","fileType":"java","lines":[{"lineNumber":1,"author":{"gitId":"MontyPython28"},"content":"package command;","lastModifiedDate":"2022-01-22"},{"lineNumber":2,"author":{"gitId":"MontyPython28"},"content":"","lastModifiedDate":"2022-01-22"},{"lineNumber":3,"author":{"gitId":"MontyPython28"},"content":"import storage.Storage;","lastModifiedDate":"2022-01-22"},{"lineNumber":4,"author":{"gitId":"MontyPython28"},"content":"import task.TaskList;","lastModifiedDate":"2022-01-22"},{"lineNumber":5,"author":{"gitId":"MontyPython28"},"content":"import ui.Ui;","lastModifiedDate":"2022-01-22"},{"lineNumber":6,"author":{"gitId":"MontyPython28"},"content":"","lastModifiedDate":"2022-01-22"},{"lineNumber":7,"author":{"gitId":"MontyPython28"},"content":"public class ListCommand extends Command {","lastModifiedDate":"2022-01-22"},{"lineNumber":8,"author":{"gitId":"MontyPython28"},"content":"","lastModifiedDate":"2022-01-22"},{"lineNumber":9,"author":{"gitId":"MontyPython28"},"content":"    @Override","lastModifiedDate":"2022-01-22"},{"lineNumber":10,"author":{"gitId":"MontyPython28"},"content":"    public void execute(Ui ui, Storage storage, TaskList taskList) {","lastModifiedDate":"2022-01-22"},{"lineNumber":11,"author":{"gitId":"MontyPython28"},"content":"        ui.outputMessage(\"Here are the tasks in your list:\\n\" + taskList);","lastModifiedDate":"2022-01-22"},{"lineNumber":12,"author":{"gitId":"MontyPython28"},"content":"    }","lastModifiedDate":"2022-01-22"},{"lineNumber":13,"author":{"gitId":"MontyPython28"},"content":"}","lastModifiedDate":"2022-01-22"}],"authorContributionMap":{"MontyPython28":13}},{"path":"src/main/java/command/MarkCommand.java","fileType":"java","lines":[{"lineNumber":1,"author":{"gitId":"MontyPython28"},"content":"package command;","lastModifiedDate":"2022-01-22"},{"lineNumber":2,"author":{"gitId":"MontyPython28"},"content":"","lastModifiedDate":"2022-01-22"},{"lineNumber":3,"author":{"gitId":"MontyPython28"},"content":"import exception.DukeException;","lastModifiedDate":"2022-01-23"},{"lineNumber":4,"author":{"gitId":"MontyPython28"},"content":"import storage.Storage;","lastModifiedDate":"2022-01-22"},{"lineNumber":5,"author":{"gitId":"MontyPython28"},"content":"import task.TaskList;","lastModifiedDate":"2022-01-22"},{"lineNumber":6,"author":{"gitId":"MontyPython28"},"content":"import ui.Ui;","lastModifiedDate":"2022-01-22"},{"lineNumber":7,"author":{"gitId":"MontyPython28"},"content":"","lastModifiedDate":"2022-01-22"},{"lineNumber":8,"author":{"gitId":"MontyPython28"},"content":"public class MarkCommand extends Command {","lastModifiedDate":"2022-01-22"},{"lineNumber":9,"author":{"gitId":"MontyPython28"},"content":"    int index;","lastModifiedDate":"2022-01-22"},{"lineNumber":10,"author":{"gitId":"MontyPython28"},"content":"","lastModifiedDate":"2022-01-22"},{"lineNumber":11,"author":{"gitId":"MontyPython28"},"content":"    public MarkCommand(int serialNumber) {","lastModifiedDate":"2022-01-22"},{"lineNumber":12,"author":{"gitId":"MontyPython28"},"content":"        this.index \u003d serialNumber -1;","lastModifiedDate":"2022-01-22"},{"lineNumber":13,"author":{"gitId":"MontyPython28"},"content":"    }","lastModifiedDate":"2022-01-22"},{"lineNumber":14,"author":{"gitId":"MontyPython28"},"content":"","lastModifiedDate":"2022-01-22"},{"lineNumber":15,"author":{"gitId":"MontyPython28"},"content":"    @Override","lastModifiedDate":"2022-01-22"},{"lineNumber":16,"author":{"gitId":"MontyPython28"},"content":"    public void execute(Ui ui, Storage storage, TaskList taskList) throws DukeException {","lastModifiedDate":"2022-01-23"},{"lineNumber":17,"author":{"gitId":"MontyPython28"},"content":"        if (this.index \u003c 0 || this.index \u003e\u003d taskList.size()) {","lastModifiedDate":"2022-01-23"},{"lineNumber":18,"author":{"gitId":"MontyPython28"},"content":"            throw new DukeException(\"Have you entered the correct number?\");","lastModifiedDate":"2022-01-23"},{"lineNumber":19,"author":{"gitId":"MontyPython28"},"content":"        }","lastModifiedDate":"2022-01-23"},{"lineNumber":20,"author":{"gitId":"MontyPython28"},"content":"        taskList.get(this.index).done \u003d true;","lastModifiedDate":"2022-01-22"},{"lineNumber":21,"author":{"gitId":"MontyPython28"},"content":"        storage.writeToFile(taskList);","lastModifiedDate":"2022-01-22"},{"lineNumber":22,"author":{"gitId":"MontyPython28"},"content":"        ui.outputMessage(\"Nice! I\u0027ve marked this task as done: \\n\" +","lastModifiedDate":"2022-01-22"},{"lineNumber":23,"author":{"gitId":"MontyPython28"},"content":"                taskList.get(this.index));","lastModifiedDate":"2022-01-22"},{"lineNumber":24,"author":{"gitId":"MontyPython28"},"content":"    }","lastModifiedDate":"2022-01-22"},{"lineNumber":25,"author":{"gitId":"MontyPython28"},"content":"}","lastModifiedDate":"2022-01-22"}],"authorContributionMap":{"MontyPython28":25}},{"path":"src/main/java/command/TodoCommand.java","fileType":"java","lines":[{"lineNumber":1,"author":{"gitId":"MontyPython28"},"content":"package command;","lastModifiedDate":"2022-01-22"},{"lineNumber":2,"author":{"gitId":"MontyPython28"},"content":"","lastModifiedDate":"2022-01-22"},{"lineNumber":3,"author":{"gitId":"MontyPython28"},"content":"import exception.DukeException;","lastModifiedDate":"2022-01-23"},{"lineNumber":4,"author":{"gitId":"MontyPython28"},"content":"import storage.Storage;","lastModifiedDate":"2022-01-22"},{"lineNumber":5,"author":{"gitId":"MontyPython28"},"content":"import task.Deadline;","lastModifiedDate":"2022-01-22"},{"lineNumber":6,"author":{"gitId":"MontyPython28"},"content":"import task.TaskList;","lastModifiedDate":"2022-01-22"},{"lineNumber":7,"author":{"gitId":"MontyPython28"},"content":"import task.Todo;","lastModifiedDate":"2022-01-22"},{"lineNumber":8,"author":{"gitId":"MontyPython28"},"content":"import ui.Ui;","lastModifiedDate":"2022-01-22"},{"lineNumber":9,"author":{"gitId":"MontyPython28"},"content":"","lastModifiedDate":"2022-01-22"},{"lineNumber":10,"author":{"gitId":"MontyPython28"},"content":"import java.time.LocalDate;","lastModifiedDate":"2022-01-22"},{"lineNumber":11,"author":{"gitId":"MontyPython28"},"content":"import java.time.format.DateTimeParseException;","lastModifiedDate":"2022-01-23"},{"lineNumber":12,"author":{"gitId":"MontyPython28"},"content":"","lastModifiedDate":"2022-01-22"},{"lineNumber":13,"author":{"gitId":"MontyPython28"},"content":"public class TodoCommand extends Command {","lastModifiedDate":"2022-01-22"},{"lineNumber":14,"author":{"gitId":"MontyPython28"},"content":"    String message;","lastModifiedDate":"2022-01-22"},{"lineNumber":15,"author":{"gitId":"MontyPython28"},"content":"","lastModifiedDate":"2022-01-22"},{"lineNumber":16,"author":{"gitId":"MontyPython28"},"content":"    public TodoCommand(String message) {","lastModifiedDate":"2022-01-22"},{"lineNumber":17,"author":{"gitId":"MontyPython28"},"content":"        this.message \u003d message;","lastModifiedDate":"2022-01-22"},{"lineNumber":18,"author":{"gitId":"MontyPython28"},"content":"    }","lastModifiedDate":"2022-01-22"},{"lineNumber":19,"author":{"gitId":"MontyPython28"},"content":"","lastModifiedDate":"2022-01-22"},{"lineNumber":20,"author":{"gitId":"MontyPython28"},"content":"    @Override","lastModifiedDate":"2022-01-22"},{"lineNumber":21,"author":{"gitId":"MontyPython28"},"content":"    public void execute(Ui ui, Storage storage, TaskList taskList) throws DukeException {","lastModifiedDate":"2022-01-23"},{"lineNumber":22,"author":{"gitId":"MontyPython28"},"content":"        try {","lastModifiedDate":"2022-01-23"},{"lineNumber":23,"author":{"gitId":"MontyPython28"},"content":"            taskList.add(new Todo(this.message, false));","lastModifiedDate":"2022-01-22"},{"lineNumber":24,"author":{"gitId":"MontyPython28"},"content":"        } catch (DateTimeParseException e) {","lastModifiedDate":"2022-01-23"},{"lineNumber":25,"author":{"gitId":"MontyPython28"},"content":"            throw new DukeException(\"Have you entered the date in yyyy-mm-dd format?\");","lastModifiedDate":"2022-01-23"},{"lineNumber":26,"author":{"gitId":"MontyPython28"},"content":"        }","lastModifiedDate":"2022-01-23"},{"lineNumber":27,"author":{"gitId":"MontyPython28"},"content":"        storage.writeToFile(taskList);","lastModifiedDate":"2022-01-22"},{"lineNumber":28,"author":{"gitId":"MontyPython28"},"content":"        ui.outputMessage(\"Got it. I\u0027ve added this task: \\n\" +","lastModifiedDate":"2022-01-22"},{"lineNumber":29,"author":{"gitId":"MontyPython28"},"content":"                taskList.get(taskList.size() -1) +","lastModifiedDate":"2022-01-22"},{"lineNumber":30,"author":{"gitId":"MontyPython28"},"content":"                \"\\nNow you have \" + taskList.size() + \" tasks in the list.\");","lastModifiedDate":"2022-01-22"},{"lineNumber":31,"author":{"gitId":"MontyPython28"},"content":"    }","lastModifiedDate":"2022-01-22"},{"lineNumber":32,"author":{"gitId":"MontyPython28"},"content":"}","lastModifiedDate":"2022-01-22"}],"authorContributionMap":{"MontyPython28":32}},{"path":"src/main/java/command/UnmarkCommand.java","fileType":"java","lines":[{"lineNumber":1,"author":{"gitId":"MontyPython28"},"content":"package command;","lastModifiedDate":"2022-01-22"},{"lineNumber":2,"author":{"gitId":"MontyPython28"},"content":"","lastModifiedDate":"2022-01-22"},{"lineNumber":3,"author":{"gitId":"MontyPython28"},"content":"import exception.DukeException;","lastModifiedDate":"2022-01-23"},{"lineNumber":4,"author":{"gitId":"MontyPython28"},"content":"import storage.Storage;","lastModifiedDate":"2022-01-22"},{"lineNumber":5,"author":{"gitId":"MontyPython28"},"content":"import task.TaskList;","lastModifiedDate":"2022-01-22"},{"lineNumber":6,"author":{"gitId":"MontyPython28"},"content":"import ui.Ui;","lastModifiedDate":"2022-01-22"},{"lineNumber":7,"author":{"gitId":"MontyPython28"},"content":"","lastModifiedDate":"2022-01-22"},{"lineNumber":8,"author":{"gitId":"MontyPython28"},"content":"public class UnmarkCommand extends Command {","lastModifiedDate":"2022-01-22"},{"lineNumber":9,"author":{"gitId":"MontyPython28"},"content":"    int index;","lastModifiedDate":"2022-01-22"},{"lineNumber":10,"author":{"gitId":"MontyPython28"},"content":"","lastModifiedDate":"2022-01-22"},{"lineNumber":11,"author":{"gitId":"MontyPython28"},"content":"    public UnmarkCommand(int serialNumber) {","lastModifiedDate":"2022-01-22"},{"lineNumber":12,"author":{"gitId":"MontyPython28"},"content":"        this.index \u003d serialNumber -1;","lastModifiedDate":"2022-01-22"},{"lineNumber":13,"author":{"gitId":"MontyPython28"},"content":"    }","lastModifiedDate":"2022-01-22"},{"lineNumber":14,"author":{"gitId":"MontyPython28"},"content":"","lastModifiedDate":"2022-01-22"},{"lineNumber":15,"author":{"gitId":"MontyPython28"},"content":"    @Override","lastModifiedDate":"2022-01-22"},{"lineNumber":16,"author":{"gitId":"MontyPython28"},"content":"    public void execute(Ui ui, Storage storage, TaskList taskList) throws DukeException {","lastModifiedDate":"2022-01-23"},{"lineNumber":17,"author":{"gitId":"MontyPython28"},"content":"        if (this.index \u003c 0 || this.index \u003e\u003d taskList.size()) {","lastModifiedDate":"2022-01-23"},{"lineNumber":18,"author":{"gitId":"MontyPython28"},"content":"            throw new DukeException(\"Have you entered the correct number?\");","lastModifiedDate":"2022-01-23"},{"lineNumber":19,"author":{"gitId":"MontyPython28"},"content":"        }","lastModifiedDate":"2022-01-23"},{"lineNumber":20,"author":{"gitId":"MontyPython28"},"content":"        taskList.get(this.index).done \u003d false;","lastModifiedDate":"2022-01-22"},{"lineNumber":21,"author":{"gitId":"MontyPython28"},"content":"        storage.writeToFile(taskList);","lastModifiedDate":"2022-01-22"},{"lineNumber":22,"author":{"gitId":"MontyPython28"},"content":"        ui.outputMessage(\"Nice! I\u0027ve marked this task as done: \\n\" +","lastModifiedDate":"2022-01-22"},{"lineNumber":23,"author":{"gitId":"MontyPython28"},"content":"                taskList.get(this.index));","lastModifiedDate":"2022-01-22"},{"lineNumber":24,"author":{"gitId":"MontyPython28"},"content":"    }","lastModifiedDate":"2022-01-22"},{"lineNumber":25,"author":{"gitId":"MontyPython28"},"content":"}","lastModifiedDate":"2022-01-22"}],"authorContributionMap":{"MontyPython28":25}},{"path":"src/main/java/exception/DukeException.java","fileType":"java","lines":[{"lineNumber":1,"author":{"gitId":"MontyPython28"},"content":"package exception;","lastModifiedDate":"2022-01-23"},{"lineNumber":2,"author":{"gitId":"MontyPython28"},"content":"","lastModifiedDate":"2022-01-23"},{"lineNumber":3,"author":{"gitId":"MontyPython28"},"content":"public class DukeException extends Exception {","lastModifiedDate":"2022-01-21"},{"lineNumber":4,"author":{"gitId":"MontyPython28"},"content":"    public DukeException(String errorMessage) {","lastModifiedDate":"2022-01-21"},{"lineNumber":5,"author":{"gitId":"MontyPython28"},"content":"        super(\"____________________________________________________________\\n\" +","lastModifiedDate":"2022-01-21"},{"lineNumber":6,"author":{"gitId":"MontyPython28"},"content":"                \"☹ OOPS!!! \" + errorMessage +","lastModifiedDate":"2022-01-21"},{"lineNumber":7,"author":{"gitId":"MontyPython28"},"content":"                \"\\n____________________________________________________________\");","lastModifiedDate":"2022-01-21"},{"lineNumber":8,"author":{"gitId":"MontyPython28"},"content":"    }","lastModifiedDate":"2022-01-21"},{"lineNumber":9,"author":{"gitId":"MontyPython28"},"content":"}","lastModifiedDate":"2022-01-21"}],"authorContributionMap":{"MontyPython28":9}},{"path":"src/main/java/storage/Storage.java","fileType":"java","lines":[{"lineNumber":1,"author":{"gitId":"MontyPython28"},"content":"package storage;","lastModifiedDate":"2022-01-22"},{"lineNumber":2,"author":{"gitId":"MontyPython28"},"content":"","lastModifiedDate":"2022-01-22"},{"lineNumber":3,"author":{"gitId":"MontyPython28"},"content":"import exception.DukeException;","lastModifiedDate":"2022-01-23"},{"lineNumber":4,"author":{"gitId":"MontyPython28"},"content":"import task.TaskList;","lastModifiedDate":"2022-01-22"},{"lineNumber":5,"author":{"gitId":"MontyPython28"},"content":"import ui.Ui;","lastModifiedDate":"2022-01-22"},{"lineNumber":6,"author":{"gitId":"MontyPython28"},"content":"","lastModifiedDate":"2022-01-22"},{"lineNumber":7,"author":{"gitId":"MontyPython28"},"content":"import java.io.File;","lastModifiedDate":"2022-01-22"},{"lineNumber":8,"author":{"gitId":"MontyPython28"},"content":"import java.io.FileWriter;","lastModifiedDate":"2022-01-22"},{"lineNumber":9,"author":{"gitId":"MontyPython28"},"content":"import java.io.IOException;","lastModifiedDate":"2022-01-22"},{"lineNumber":10,"author":{"gitId":"MontyPython28"},"content":"","lastModifiedDate":"2022-01-22"},{"lineNumber":11,"author":{"gitId":"MontyPython28"},"content":"public class Storage {","lastModifiedDate":"2022-01-22"},{"lineNumber":12,"author":{"gitId":"MontyPython28"},"content":"    static String PATH \u003d \"data\";","lastModifiedDate":"2022-01-22"},{"lineNumber":13,"author":{"gitId":"MontyPython28"},"content":"    static String FILENAME \u003d \"todolist.txt\";","lastModifiedDate":"2022-01-22"},{"lineNumber":14,"author":{"gitId":"MontyPython28"},"content":"    File file;","lastModifiedDate":"2022-01-22"},{"lineNumber":15,"author":{"gitId":"MontyPython28"},"content":"","lastModifiedDate":"2022-01-22"},{"lineNumber":16,"author":{"gitId":"MontyPython28"},"content":"    public Storage() {","lastModifiedDate":"2022-01-22"},{"lineNumber":17,"author":{"gitId":"MontyPython28"},"content":"        File directory \u003d new File(PATH + \"/\");","lastModifiedDate":"2022-01-22"},{"lineNumber":18,"author":{"gitId":"MontyPython28"},"content":"        if (! directory.exists()){","lastModifiedDate":"2022-01-22"},{"lineNumber":19,"author":{"gitId":"MontyPython28"},"content":"            boolean created \u003d directory.mkdir();","lastModifiedDate":"2022-01-22"},{"lineNumber":20,"author":{"gitId":"MontyPython28"},"content":"        }","lastModifiedDate":"2022-01-22"},{"lineNumber":21,"author":{"gitId":"MontyPython28"},"content":"","lastModifiedDate":"2022-01-22"},{"lineNumber":22,"author":{"gitId":"MontyPython28"},"content":"        this.file \u003d new File(PATH, FILENAME);","lastModifiedDate":"2022-01-22"},{"lineNumber":23,"author":{"gitId":"MontyPython28"},"content":"        try {","lastModifiedDate":"2022-01-22"},{"lineNumber":24,"author":{"gitId":"MontyPython28"},"content":"            boolean isNotMadeYet \u003d file.createNewFile();","lastModifiedDate":"2022-01-22"},{"lineNumber":25,"author":{"gitId":"MontyPython28"},"content":"        } catch (IOException e) {","lastModifiedDate":"2022-01-22"},{"lineNumber":26,"author":{"gitId":"MontyPython28"},"content":"            Ui.outputError(\"Sorry, storage file could not be created.\");","lastModifiedDate":"2022-01-22"},{"lineNumber":27,"author":{"gitId":"MontyPython28"},"content":"        }","lastModifiedDate":"2022-01-22"},{"lineNumber":28,"author":{"gitId":"MontyPython28"},"content":"","lastModifiedDate":"2022-01-22"},{"lineNumber":29,"author":{"gitId":"MontyPython28"},"content":"    }","lastModifiedDate":"2022-01-22"},{"lineNumber":30,"author":{"gitId":"MontyPython28"},"content":"","lastModifiedDate":"2022-01-22"},{"lineNumber":31,"author":{"gitId":"MontyPython28"},"content":"    public void writeToFile(TaskList taskList) throws DukeException {","lastModifiedDate":"2022-01-23"},{"lineNumber":32,"author":{"gitId":"MontyPython28"},"content":"        try {","lastModifiedDate":"2022-01-22"},{"lineNumber":33,"author":{"gitId":"MontyPython28"},"content":"            FileWriter fileWriter \u003d new FileWriter(this.file, false);","lastModifiedDate":"2022-01-22"},{"lineNumber":34,"author":{"gitId":"MontyPython28"},"content":"            for (int i\u003d0; i \u003c taskList.size(); i++) {","lastModifiedDate":"2022-01-22"},{"lineNumber":35,"author":{"gitId":"MontyPython28"},"content":"                fileWriter.write(taskList.get(i).fileFormat() + \"\\n\");","lastModifiedDate":"2022-01-22"},{"lineNumber":36,"author":{"gitId":"MontyPython28"},"content":"            }","lastModifiedDate":"2022-01-22"},{"lineNumber":37,"author":{"gitId":"MontyPython28"},"content":"            fileWriter.close();","lastModifiedDate":"2022-01-22"},{"lineNumber":38,"author":{"gitId":"MontyPython28"},"content":"        } catch (IOException e) {","lastModifiedDate":"2022-01-22"},{"lineNumber":39,"author":{"gitId":"MontyPython28"},"content":"            throw new DukeException(\"Sorry, couldn\u0027t write to the file this time!\");","lastModifiedDate":"2022-01-23"},{"lineNumber":40,"author":{"gitId":"MontyPython28"},"content":"        }","lastModifiedDate":"2022-01-22"},{"lineNumber":41,"author":{"gitId":"MontyPython28"},"content":"    }","lastModifiedDate":"2022-01-22"},{"lineNumber":42,"author":{"gitId":"MontyPython28"},"content":"}","lastModifiedDate":"2022-01-22"}],"authorContributionMap":{"MontyPython28":42}},{"path":"src/main/java/task/Deadline.java","fileType":"java","lines":[{"lineNumber":1,"author":{"gitId":"MontyPython28"},"content":"package task;","lastModifiedDate":"2022-01-22"},{"lineNumber":2,"author":{"gitId":"MontyPython28"},"content":"","lastModifiedDate":"2022-01-22"},{"lineNumber":3,"author":{"gitId":"MontyPython28"},"content":"import task.Task;","lastModifiedDate":"2022-01-22"},{"lineNumber":4,"author":{"gitId":"MontyPython28"},"content":"","lastModifiedDate":"2022-01-22"},{"lineNumber":5,"author":{"gitId":"MontyPython28"},"content":"import java.time.LocalDate;","lastModifiedDate":"2022-01-21"},{"lineNumber":6,"author":{"gitId":"MontyPython28"},"content":"import java.time.format.DateTimeFormatter;","lastModifiedDate":"2022-01-21"},{"lineNumber":7,"author":{"gitId":"MontyPython28"},"content":"","lastModifiedDate":"2022-01-21"},{"lineNumber":8,"author":{"gitId":"MontyPython28"},"content":"public class Deadline extends Task {","lastModifiedDate":"2022-01-21"},{"lineNumber":9,"author":{"gitId":"MontyPython28"},"content":"    LocalDate time;","lastModifiedDate":"2022-01-21"},{"lineNumber":10,"author":{"gitId":"MontyPython28"},"content":"","lastModifiedDate":"2022-01-21"},{"lineNumber":11,"author":{"gitId":"MontyPython28"},"content":"    public Deadline (String description, boolean done, LocalDate time) {","lastModifiedDate":"2022-01-22"},{"lineNumber":12,"author":{"gitId":"MontyPython28"},"content":"        super(description, done);","lastModifiedDate":"2022-01-22"},{"lineNumber":13,"author":{"gitId":"MontyPython28"},"content":"        this.time \u003d time;","lastModifiedDate":"2022-01-21"},{"lineNumber":14,"author":{"gitId":"MontyPython28"},"content":"    }","lastModifiedDate":"2022-01-21"},{"lineNumber":15,"author":{"gitId":"MontyPython28"},"content":"","lastModifiedDate":"2022-01-21"},{"lineNumber":16,"author":{"gitId":"MontyPython28"},"content":"    public String fileFormat() {","lastModifiedDate":"2022-01-21"},{"lineNumber":17,"author":{"gitId":"MontyPython28"},"content":"        return String.format(\"D | %s | %s | %s\", this.done ? \"X\" : \" \", this.description, this.time);","lastModifiedDate":"2022-01-22"},{"lineNumber":18,"author":{"gitId":"MontyPython28"},"content":"    }","lastModifiedDate":"2022-01-21"},{"lineNumber":19,"author":{"gitId":"MontyPython28"},"content":"","lastModifiedDate":"2022-01-21"},{"lineNumber":20,"author":{"gitId":"MontyPython28"},"content":"    public String toString() {","lastModifiedDate":"2022-01-21"},{"lineNumber":21,"author":{"gitId":"MontyPython28"},"content":"        return String.format(\"[D][%s] %s (by %s)\", this.done ? \"X\" : \" \", this.description, this.time.format(DateTimeFormatter.ofPattern(\"MMM d yyyy\")));","lastModifiedDate":"2022-01-22"},{"lineNumber":22,"author":{"gitId":"MontyPython28"},"content":"    }","lastModifiedDate":"2022-01-21"},{"lineNumber":23,"author":{"gitId":"MontyPython28"},"content":"}","lastModifiedDate":"2022-01-21"}],"authorContributionMap":{"MontyPython28":23}},{"path":"src/main/java/task/Event.java","fileType":"java","lines":[{"lineNumber":1,"author":{"gitId":"MontyPython28"},"content":"package task;","lastModifiedDate":"2022-01-22"},{"lineNumber":2,"author":{"gitId":"MontyPython28"},"content":"","lastModifiedDate":"2022-01-22"},{"lineNumber":3,"author":{"gitId":"MontyPython28"},"content":"import task.Task;","lastModifiedDate":"2022-01-22"},{"lineNumber":4,"author":{"gitId":"MontyPython28"},"content":"","lastModifiedDate":"2022-01-22"},{"lineNumber":5,"author":{"gitId":"MontyPython28"},"content":"import java.time.LocalDate;","lastModifiedDate":"2022-01-21"},{"lineNumber":6,"author":{"gitId":"MontyPython28"},"content":"import java.time.format.DateTimeFormatter;","lastModifiedDate":"2022-01-21"},{"lineNumber":7,"author":{"gitId":"MontyPython28"},"content":"","lastModifiedDate":"2022-01-21"},{"lineNumber":8,"author":{"gitId":"MontyPython28"},"content":"public class Event extends Task {","lastModifiedDate":"2022-01-21"},{"lineNumber":9,"author":{"gitId":"MontyPython28"},"content":"    LocalDate time;","lastModifiedDate":"2022-01-21"},{"lineNumber":10,"author":{"gitId":"MontyPython28"},"content":"","lastModifiedDate":"2022-01-21"},{"lineNumber":11,"author":{"gitId":"MontyPython28"},"content":"    public Event (String description, boolean done, LocalDate time) {","lastModifiedDate":"2022-01-22"},{"lineNumber":12,"author":{"gitId":"MontyPython28"},"content":"        super(description, done);","lastModifiedDate":"2022-01-22"},{"lineNumber":13,"author":{"gitId":"MontyPython28"},"content":"        this.time \u003d time;","lastModifiedDate":"2022-01-21"},{"lineNumber":14,"author":{"gitId":"MontyPython28"},"content":"    }","lastModifiedDate":"2022-01-21"},{"lineNumber":15,"author":{"gitId":"MontyPython28"},"content":"","lastModifiedDate":"2022-01-21"},{"lineNumber":16,"author":{"gitId":"MontyPython28"},"content":"    public String fileFormat() {","lastModifiedDate":"2022-01-21"},{"lineNumber":17,"author":{"gitId":"MontyPython28"},"content":"        return String.format(\"E | %s | %s | %s\", this.done ? \"X\" : \" \", this.description, this.time);","lastModifiedDate":"2022-01-22"},{"lineNumber":18,"author":{"gitId":"MontyPython28"},"content":"    }","lastModifiedDate":"2022-01-21"},{"lineNumber":19,"author":{"gitId":"MontyPython28"},"content":"","lastModifiedDate":"2022-01-21"},{"lineNumber":20,"author":{"gitId":"MontyPython28"},"content":"    public String toString() {","lastModifiedDate":"2022-01-21"},{"lineNumber":21,"author":{"gitId":"MontyPython28"},"content":"        return String.format(\"[E][%s] %s (at %s)\", this.done ? \"X\" : \" \", this.description, this.time.format(DateTimeFormatter.ofPattern(\"MMM d yyyy\")));","lastModifiedDate":"2022-01-22"},{"lineNumber":22,"author":{"gitId":"MontyPython28"},"content":"    }","lastModifiedDate":"2022-01-21"},{"lineNumber":23,"author":{"gitId":"MontyPython28"},"content":"}","lastModifiedDate":"2022-01-21"}],"authorContributionMap":{"MontyPython28":23}},{"path":"src/main/java/task/Task.java","fileType":"java","lines":[{"lineNumber":1,"author":{"gitId":"MontyPython28"},"content":"package task;","lastModifiedDate":"2022-01-22"},{"lineNumber":2,"author":{"gitId":"MontyPython28"},"content":"","lastModifiedDate":"2022-01-22"},{"lineNumber":3,"author":{"gitId":"MontyPython28"},"content":"public abstract class Task {","lastModifiedDate":"2022-01-22"},{"lineNumber":4,"author":{"gitId":"MontyPython28"},"content":"    public String description;","lastModifiedDate":"2022-01-22"},{"lineNumber":5,"author":{"gitId":"MontyPython28"},"content":"    public boolean done;","lastModifiedDate":"2022-01-22"},{"lineNumber":6,"author":{"gitId":"MontyPython28"},"content":"","lastModifiedDate":"2022-01-22"},{"lineNumber":7,"author":{"gitId":"MontyPython28"},"content":"    public Task (String task, boolean done) {","lastModifiedDate":"2022-01-22"},{"lineNumber":8,"author":{"gitId":"MontyPython28"},"content":"        this.description \u003d task;","lastModifiedDate":"2022-01-22"},{"lineNumber":9,"author":{"gitId":"MontyPython28"},"content":"        this.done \u003d done;","lastModifiedDate":"2022-01-22"},{"lineNumber":10,"author":{"gitId":"MontyPython28"},"content":"    }","lastModifiedDate":"2022-01-22"},{"lineNumber":11,"author":{"gitId":"MontyPython28"},"content":"","lastModifiedDate":"2022-01-22"},{"lineNumber":12,"author":{"gitId":"MontyPython28"},"content":"    public abstract String fileFormat();","lastModifiedDate":"2022-01-22"},{"lineNumber":13,"author":{"gitId":"MontyPython28"},"content":"}","lastModifiedDate":"2022-01-22"}],"authorContributionMap":{"MontyPython28":13}},{"path":"src/main/java/task/TaskList.java","fileType":"java","lines":[{"lineNumber":1,"author":{"gitId":"MontyPython28"},"content":"package task;","lastModifiedDate":"2022-01-22"},{"lineNumber":2,"author":{"gitId":"MontyPython28"},"content":"","lastModifiedDate":"2022-01-22"},{"lineNumber":3,"author":{"gitId":"MontyPython28"},"content":"import java.util.ArrayList;","lastModifiedDate":"2022-01-22"},{"lineNumber":4,"author":{"gitId":"MontyPython28"},"content":"","lastModifiedDate":"2022-01-22"},{"lineNumber":5,"author":{"gitId":"MontyPython28"},"content":"public class TaskList { //figure out how to process existing taskList from storage","lastModifiedDate":"2022-01-22"},{"lineNumber":6,"author":{"gitId":"MontyPython28"},"content":"    ArrayList\u003cTask\u003e taskList;","lastModifiedDate":"2022-01-22"},{"lineNumber":7,"author":{"gitId":"MontyPython28"},"content":"","lastModifiedDate":"2022-01-22"},{"lineNumber":8,"author":{"gitId":"MontyPython28"},"content":"    public TaskList() {","lastModifiedDate":"2022-01-22"},{"lineNumber":9,"author":{"gitId":"MontyPython28"},"content":"        taskList \u003d new ArrayList\u003c\u003e();","lastModifiedDate":"2022-01-22"},{"lineNumber":10,"author":{"gitId":"MontyPython28"},"content":"    }","lastModifiedDate":"2022-01-22"},{"lineNumber":11,"author":{"gitId":"MontyPython28"},"content":"    public int size() {","lastModifiedDate":"2022-01-22"},{"lineNumber":12,"author":{"gitId":"MontyPython28"},"content":"        return taskList.size();","lastModifiedDate":"2022-01-22"},{"lineNumber":13,"author":{"gitId":"MontyPython28"},"content":"    }","lastModifiedDate":"2022-01-22"},{"lineNumber":14,"author":{"gitId":"MontyPython28"},"content":"","lastModifiedDate":"2022-01-22"},{"lineNumber":15,"author":{"gitId":"MontyPython28"},"content":"    public void add(Task task) {","lastModifiedDate":"2022-01-22"},{"lineNumber":16,"author":{"gitId":"MontyPython28"},"content":"        taskList.add(task);","lastModifiedDate":"2022-01-22"},{"lineNumber":17,"author":{"gitId":"MontyPython28"},"content":"    }","lastModifiedDate":"2022-01-22"},{"lineNumber":18,"author":{"gitId":"MontyPython28"},"content":"","lastModifiedDate":"2022-01-22"},{"lineNumber":19,"author":{"gitId":"MontyPython28"},"content":"    public Task get(int index) {","lastModifiedDate":"2022-01-22"},{"lineNumber":20,"author":{"gitId":"MontyPython28"},"content":"        return taskList.get(index);","lastModifiedDate":"2022-01-22"},{"lineNumber":21,"author":{"gitId":"MontyPython28"},"content":"    }","lastModifiedDate":"2022-01-22"},{"lineNumber":22,"author":{"gitId":"MontyPython28"},"content":"","lastModifiedDate":"2022-01-22"},{"lineNumber":23,"author":{"gitId":"MontyPython28"},"content":"    public void delete(int serialNumber) {","lastModifiedDate":"2022-01-22"},{"lineNumber":24,"author":{"gitId":"MontyPython28"},"content":"        taskList.remove(serialNumber -1);","lastModifiedDate":"2022-01-22"},{"lineNumber":25,"author":{"gitId":"MontyPython28"},"content":"    }","lastModifiedDate":"2022-01-22"},{"lineNumber":26,"author":{"gitId":"MontyPython28"},"content":"","lastModifiedDate":"2022-01-22"},{"lineNumber":27,"author":{"gitId":"MontyPython28"},"content":"    public String toString() {","lastModifiedDate":"2022-01-22"},{"lineNumber":28,"author":{"gitId":"MontyPython28"},"content":"        String s \u003d \"\";","lastModifiedDate":"2022-01-22"},{"lineNumber":29,"author":{"gitId":"MontyPython28"},"content":"        for (int i \u003d 0; i \u003c taskList.size(); i++) {","lastModifiedDate":"2022-01-22"},{"lineNumber":30,"author":{"gitId":"MontyPython28"},"content":"            s +\u003d (i + 1 + \". \" + taskList.get(i) + \"\\n\");","lastModifiedDate":"2022-01-22"},{"lineNumber":31,"author":{"gitId":"MontyPython28"},"content":"        }","lastModifiedDate":"2022-01-22"},{"lineNumber":32,"author":{"gitId":"MontyPython28"},"content":"        return s.trim();","lastModifiedDate":"2022-01-22"},{"lineNumber":33,"author":{"gitId":"MontyPython28"},"content":"    }","lastModifiedDate":"2022-01-22"},{"lineNumber":34,"author":{"gitId":"MontyPython28"},"content":"","lastModifiedDate":"2022-01-22"},{"lineNumber":35,"author":{"gitId":"MontyPython28"},"content":"}","lastModifiedDate":"2022-01-22"}],"authorContributionMap":{"MontyPython28":35}},{"path":"src/main/java/task/Todo.java","fileType":"java","lines":[{"lineNumber":1,"author":{"gitId":"MontyPython28"},"content":"package task;","lastModifiedDate":"2022-01-22"},{"lineNumber":2,"author":{"gitId":"MontyPython28"},"content":"","lastModifiedDate":"2022-01-22"},{"lineNumber":3,"author":{"gitId":"MontyPython28"},"content":"public class Todo extends Task {","lastModifiedDate":"2022-01-21"},{"lineNumber":4,"author":{"gitId":"MontyPython28"},"content":"    public Todo (String description, boolean done) {","lastModifiedDate":"2022-01-22"},{"lineNumber":5,"author":{"gitId":"MontyPython28"},"content":"        super(description, done);","lastModifiedDate":"2022-01-22"},{"lineNumber":6,"author":{"gitId":"MontyPython28"},"content":"    }","lastModifiedDate":"2022-01-21"},{"lineNumber":7,"author":{"gitId":"MontyPython28"},"content":"    public String fileFormat() {","lastModifiedDate":"2022-01-21"},{"lineNumber":8,"author":{"gitId":"MontyPython28"},"content":"        return String.format(\"T | %s | %s\", this.done ? \"X\" : \" \", this.description);","lastModifiedDate":"2022-01-22"},{"lineNumber":9,"author":{"gitId":"MontyPython28"},"content":"    }","lastModifiedDate":"2022-01-21"},{"lineNumber":10,"author":{"gitId":"MontyPython28"},"content":"    public String toString() {","lastModifiedDate":"2022-01-21"},{"lineNumber":11,"author":{"gitId":"MontyPython28"},"content":"        return String.format(\"[T][%s] %s\", this.done ? \"X\" : \" \", this.description);","lastModifiedDate":"2022-01-22"},{"lineNumber":12,"author":{"gitId":"MontyPython28"},"content":"    }","lastModifiedDate":"2022-01-21"},{"lineNumber":13,"author":{"gitId":"MontyPython28"},"content":"}","lastModifiedDate":"2022-01-21"}],"authorContributionMap":{"MontyPython28":13}},{"path":"src/main/java/ui/Ui.java","fileType":"java","lines":[{"lineNumber":1,"author":{"gitId":"MontyPython28"},"content":"package ui;","lastModifiedDate":"2022-01-22"},{"lineNumber":2,"author":{"gitId":"MontyPython28"},"content":"","lastModifiedDate":"2022-01-22"},{"lineNumber":3,"author":{"gitId":"MontyPython28"},"content":"import exception.DukeException;","lastModifiedDate":"2022-01-23"},{"lineNumber":4,"author":{"gitId":"MontyPython28"},"content":"","lastModifiedDate":"2022-01-23"},{"lineNumber":5,"author":{"gitId":"MontyPython28"},"content":"import java.util.Scanner;","lastModifiedDate":"2022-01-22"},{"lineNumber":6,"author":{"gitId":"MontyPython28"},"content":"","lastModifiedDate":"2022-01-22"},{"lineNumber":7,"author":{"gitId":"MontyPython28"},"content":"public class Ui {","lastModifiedDate":"2022-01-22"},{"lineNumber":8,"author":{"gitId":"MontyPython28"},"content":"    Scanner sc;","lastModifiedDate":"2022-01-22"},{"lineNumber":9,"author":{"gitId":"MontyPython28"},"content":"","lastModifiedDate":"2022-01-22"},{"lineNumber":10,"author":{"gitId":"MontyPython28"},"content":"    public Ui() {","lastModifiedDate":"2022-01-22"},{"lineNumber":11,"author":{"gitId":"MontyPython28"},"content":"        sc \u003d new Scanner(System.in);","lastModifiedDate":"2022-01-22"},{"lineNumber":12,"author":{"gitId":"MontyPython28"},"content":"    }","lastModifiedDate":"2022-01-22"},{"lineNumber":13,"author":{"gitId":"MontyPython28"},"content":"","lastModifiedDate":"2022-01-22"},{"lineNumber":14,"author":{"gitId":"MontyPython28"},"content":"    public void outputMessage(String message) {","lastModifiedDate":"2022-01-22"},{"lineNumber":15,"author":{"gitId":"MontyPython28"},"content":"        System.out.println(\"____________________________________________________________\\n\"","lastModifiedDate":"2022-01-22"},{"lineNumber":16,"author":{"gitId":"MontyPython28"},"content":"                + message + \"\\n____________________________________________________________\");","lastModifiedDate":"2022-01-22"},{"lineNumber":17,"author":{"gitId":"MontyPython28"},"content":"    }","lastModifiedDate":"2022-01-22"},{"lineNumber":18,"author":{"gitId":"MontyPython28"},"content":"","lastModifiedDate":"2022-01-22"},{"lineNumber":19,"author":{"gitId":"MontyPython28"},"content":"    public static void outputError(String errorMessage) {","lastModifiedDate":"2022-01-22"},{"lineNumber":20,"author":{"gitId":"MontyPython28"},"content":"        System.out.println(\"____________________________________________________________\\n\"","lastModifiedDate":"2022-01-22"},{"lineNumber":21,"author":{"gitId":"MontyPython28"},"content":"                + \"ERROR!!! \" + errorMessage + \"\\n____________________________________________________________\");","lastModifiedDate":"2022-01-22"},{"lineNumber":22,"author":{"gitId":"MontyPython28"},"content":"    }","lastModifiedDate":"2022-01-22"},{"lineNumber":23,"author":{"gitId":"MontyPython28"},"content":"","lastModifiedDate":"2022-01-22"},{"lineNumber":24,"author":{"gitId":"MontyPython28"},"content":"    public void sayHello() {","lastModifiedDate":"2022-01-22"},{"lineNumber":25,"author":{"gitId":"MontyPython28"},"content":"        outputMessage(\"Hello! I\u0027m Duke\\nWhat can I do for you?\");","lastModifiedDate":"2022-01-22"},{"lineNumber":26,"author":{"gitId":"MontyPython28"},"content":"    }","lastModifiedDate":"2022-01-22"},{"lineNumber":27,"author":{"gitId":"MontyPython28"},"content":"","lastModifiedDate":"2022-01-22"},{"lineNumber":28,"author":{"gitId":"MontyPython28"},"content":"    public String getCommand() {","lastModifiedDate":"2022-01-22"},{"lineNumber":29,"author":{"gitId":"MontyPython28"},"content":"        return sc.nextLine(); //figure out how to return split version","lastModifiedDate":"2022-01-22"},{"lineNumber":30,"author":{"gitId":"MontyPython28"},"content":"        // make a Command interface/class too later!","lastModifiedDate":"2022-01-22"},{"lineNumber":31,"author":{"gitId":"MontyPython28"},"content":"    }","lastModifiedDate":"2022-01-22"},{"lineNumber":32,"author":{"gitId":"MontyPython28"},"content":"","lastModifiedDate":"2022-01-22"},{"lineNumber":33,"author":{"gitId":"MontyPython28"},"content":"    public void showError(DukeException e) {","lastModifiedDate":"2022-01-23"},{"lineNumber":34,"author":{"gitId":"MontyPython28"},"content":"        System.out.println(e.getMessage());","lastModifiedDate":"2022-01-23"},{"lineNumber":35,"author":{"gitId":"MontyPython28"},"content":"    }","lastModifiedDate":"2022-01-23"},{"lineNumber":36,"author":{"gitId":"MontyPython28"},"content":"","lastModifiedDate":"2022-01-23"},{"lineNumber":37,"author":{"gitId":"MontyPython28"},"content":"    public void exit() {","lastModifiedDate":"2022-01-22"},{"lineNumber":38,"author":{"gitId":"MontyPython28"},"content":"        outputMessage(\"Bye. Hope to see you again soon!\");","lastModifiedDate":"2022-01-22"},{"lineNumber":39,"author":{"gitId":"MontyPython28"},"content":"        sc.close();","lastModifiedDate":"2022-01-22"},{"lineNumber":40,"author":{"gitId":"MontyPython28"},"content":"    }","lastModifiedDate":"2022-01-22"},{"lineNumber":41,"author":{"gitId":"MontyPython28"},"content":"}","lastModifiedDate":"2022-01-22"}],"authorContributionMap":{"MontyPython28":41}},{"path":"src/test/java/ParserTest.java","fileType":"java","lines":[{"lineNumber":1,"author":{"gitId":"MontyPython28"},"content":"import command.Command;","lastModifiedDate":"2022-01-23"},{"lineNumber":2,"author":{"gitId":"MontyPython28"},"content":"import org.junit.jupiter.api.Test;","lastModifiedDate":"2022-01-23"},{"lineNumber":3,"author":{"gitId":"MontyPython28"},"content":"","lastModifiedDate":"2022-01-23"},{"lineNumber":4,"author":{"gitId":"MontyPython28"},"content":"import static org.junit.jupiter.api.Assertions.assertEquals;","lastModifiedDate":"2022-01-23"},{"lineNumber":5,"author":{"gitId":"MontyPython28"},"content":"import static org.junit.jupiter.api.Assertions.fail;","lastModifiedDate":"2022-01-23"},{"lineNumber":6,"author":{"gitId":"MontyPython28"},"content":"","lastModifiedDate":"2022-01-23"},{"lineNumber":7,"author":{"gitId":"MontyPython28"},"content":"public class ParserTest {","lastModifiedDate":"2022-01-23"},{"lineNumber":8,"author":{"gitId":"MontyPython28"},"content":"","lastModifiedDate":"2022-01-23"},{"lineNumber":9,"author":{"gitId":"MontyPython28"},"content":"    @Test","lastModifiedDate":"2022-01-23"},{"lineNumber":10,"author":{"gitId":"MontyPython28"},"content":"    public void todoBlank_dukeException(){","lastModifiedDate":"2022-01-23"},{"lineNumber":11,"author":{"gitId":"MontyPython28"},"content":"        try {","lastModifiedDate":"2022-01-23"},{"lineNumber":12,"author":{"gitId":"MontyPython28"},"content":"            Command c \u003d Parser.parse(\"todo         \");","lastModifiedDate":"2022-01-23"},{"lineNumber":13,"author":{"gitId":"MontyPython28"},"content":"            fail(); // the test should not reach this line","lastModifiedDate":"2022-01-23"},{"lineNumber":14,"author":{"gitId":"MontyPython28"},"content":"        } catch (Exception e) {","lastModifiedDate":"2022-01-23"},{"lineNumber":15,"author":{"gitId":"MontyPython28"},"content":"            String errorMessage \u003d \"____________________________________________________________\\n\" +","lastModifiedDate":"2022-01-23"},{"lineNumber":16,"author":{"gitId":"MontyPython28"},"content":"                    \"☹ OOPS!!! Can\u0027t find any info after your command! Have you typed it correctly?\" +","lastModifiedDate":"2022-01-23"},{"lineNumber":17,"author":{"gitId":"MontyPython28"},"content":"                    \"\\n____________________________________________________________\";","lastModifiedDate":"2022-01-23"},{"lineNumber":18,"author":{"gitId":"MontyPython28"},"content":"            assertEquals(errorMessage, e.getMessage());","lastModifiedDate":"2022-01-23"},{"lineNumber":19,"author":{"gitId":"MontyPython28"},"content":"        }","lastModifiedDate":"2022-01-23"},{"lineNumber":20,"author":{"gitId":"MontyPython28"},"content":"    }","lastModifiedDate":"2022-01-23"},{"lineNumber":21,"author":{"gitId":"MontyPython28"},"content":"","lastModifiedDate":"2022-01-23"},{"lineNumber":22,"author":{"gitId":"MontyPython28"},"content":"}","lastModifiedDate":"2022-01-23"}],"authorContributionMap":{"MontyPython28":22}},{"path":"src/test/java/TaskListTest.java","fileType":"java","lines":[{"lineNumber":1,"author":{"gitId":"MontyPython28"},"content":"import org.junit.jupiter.api.Test;","lastModifiedDate":"2022-01-23"},{"lineNumber":2,"author":{"gitId":"MontyPython28"},"content":"","lastModifiedDate":"2022-01-23"},{"lineNumber":3,"author":{"gitId":"MontyPython28"},"content":"import task.Deadline;","lastModifiedDate":"2022-01-23"},{"lineNumber":4,"author":{"gitId":"MontyPython28"},"content":"import task.Event;","lastModifiedDate":"2022-01-23"},{"lineNumber":5,"author":{"gitId":"MontyPython28"},"content":"import task.TaskList;","lastModifiedDate":"2022-01-23"},{"lineNumber":6,"author":{"gitId":"MontyPython28"},"content":"import task.Todo;","lastModifiedDate":"2022-01-23"},{"lineNumber":7,"author":{"gitId":"MontyPython28"},"content":"","lastModifiedDate":"2022-01-23"},{"lineNumber":8,"author":{"gitId":"MontyPython28"},"content":"import java.time.LocalDate;","lastModifiedDate":"2022-01-23"},{"lineNumber":9,"author":{"gitId":"MontyPython28"},"content":"","lastModifiedDate":"2022-01-23"},{"lineNumber":10,"author":{"gitId":"MontyPython28"},"content":"import static org.junit.jupiter.api.Assertions.assertEquals;","lastModifiedDate":"2022-01-23"},{"lineNumber":11,"author":{"gitId":"MontyPython28"},"content":"import static org.junit.jupiter.api.Assertions.fail;","lastModifiedDate":"2022-01-23"},{"lineNumber":12,"author":{"gitId":"MontyPython28"},"content":"","lastModifiedDate":"2022-01-23"},{"lineNumber":13,"author":{"gitId":"MontyPython28"},"content":"public class TaskListTest {","lastModifiedDate":"2022-01-23"},{"lineNumber":14,"author":{"gitId":"MontyPython28"},"content":"","lastModifiedDate":"2022-01-23"},{"lineNumber":15,"author":{"gitId":"MontyPython28"},"content":"    @Test","lastModifiedDate":"2022-01-23"},{"lineNumber":16,"author":{"gitId":"MontyPython28"},"content":"    public void taskListSize(){","lastModifiedDate":"2022-01-23"},{"lineNumber":17,"author":{"gitId":"MontyPython28"},"content":"        TaskList taskList \u003d new TaskList();","lastModifiedDate":"2022-01-23"},{"lineNumber":18,"author":{"gitId":"MontyPython28"},"content":"        taskList.add(new Deadline(\"one\", false, LocalDate.parse(\"2020-02-02\")));","lastModifiedDate":"2022-01-23"},{"lineNumber":19,"author":{"gitId":"MontyPython28"},"content":"        taskList.add(new Event(\"two\", true, LocalDate.parse(\"2021-01-02\")));","lastModifiedDate":"2022-01-23"},{"lineNumber":20,"author":{"gitId":"MontyPython28"},"content":"        taskList.add(new Todo(\"three\", true));","lastModifiedDate":"2022-01-23"},{"lineNumber":21,"author":{"gitId":"MontyPython28"},"content":"","lastModifiedDate":"2022-01-23"},{"lineNumber":22,"author":{"gitId":"MontyPython28"},"content":"        assertEquals(taskList.size(), 3);","lastModifiedDate":"2022-01-23"},{"lineNumber":23,"author":{"gitId":"MontyPython28"},"content":"    }","lastModifiedDate":"2022-01-23"},{"lineNumber":24,"author":{"gitId":"MontyPython28"},"content":"","lastModifiedDate":"2022-01-23"},{"lineNumber":25,"author":{"gitId":"MontyPython28"},"content":"    @Test","lastModifiedDate":"2022-01-23"},{"lineNumber":26,"author":{"gitId":"MontyPython28"},"content":"    public void taskListDelete(){","lastModifiedDate":"2022-01-23"},{"lineNumber":27,"author":{"gitId":"MontyPython28"},"content":"        TaskList taskList \u003d new TaskList();","lastModifiedDate":"2022-01-23"},{"lineNumber":28,"author":{"gitId":"MontyPython28"},"content":"        taskList.add(new Deadline(\"one\", false, LocalDate.parse(\"2020-02-02\")));","lastModifiedDate":"2022-01-23"},{"lineNumber":29,"author":{"gitId":"MontyPython28"},"content":"        taskList.add(new Event(\"two\", true, LocalDate.parse(\"2021-01-02\")));","lastModifiedDate":"2022-01-23"},{"lineNumber":30,"author":{"gitId":"MontyPython28"},"content":"        taskList.add(new Todo(\"three\", true));","lastModifiedDate":"2022-01-23"},{"lineNumber":31,"author":{"gitId":"MontyPython28"},"content":"","lastModifiedDate":"2022-01-23"},{"lineNumber":32,"author":{"gitId":"MontyPython28"},"content":"        taskList.delete(3);","lastModifiedDate":"2022-01-23"},{"lineNumber":33,"author":{"gitId":"MontyPython28"},"content":"        assertEquals(taskList.size(), 2);","lastModifiedDate":"2022-01-23"},{"lineNumber":34,"author":{"gitId":"MontyPython28"},"content":"","lastModifiedDate":"2022-01-23"},{"lineNumber":35,"author":{"gitId":"MontyPython28"},"content":"    }","lastModifiedDate":"2022-01-23"},{"lineNumber":36,"author":{"gitId":"MontyPython28"},"content":"}","lastModifiedDate":"2022-01-23"}],"authorContributionMap":{"MontyPython28":36}},{"path":"text-ui-test/input.txt","fileType":"txt","lines":[{"lineNumber":1,"author":{"gitId":"MontyPython28"},"content":"todo borrow book","lastModifiedDate":"2022-01-21"},{"lineNumber":2,"author":{"gitId":"MontyPython28"},"content":"deadline return book /by 2002-02-02","lastModifiedDate":"2022-01-22"},{"lineNumber":3,"author":{"gitId":"MontyPython28"},"content":"mark 2","lastModifiedDate":"2022-01-21"},{"lineNumber":4,"author":{"gitId":"MontyPython28"},"content":"mark 1","lastModifiedDate":"2022-01-21"},{"lineNumber":5,"author":{"gitId":"MontyPython28"},"content":"event attend birthday party /at 2005-05-05","lastModifiedDate":"2022-01-22"},{"lineNumber":6,"author":{"gitId":"MontyPython28"},"content":"list","lastModifiedDate":"2022-01-21"},{"lineNumber":7,"author":{"gitId":"MontyPython28"},"content":"unmark 2","lastModifiedDate":"2022-01-21"},{"lineNumber":8,"author":{"gitId":"MontyPython28"},"content":"delete 3","lastModifiedDate":"2022-01-22"},{"lineNumber":9,"author":{"gitId":"MontyPython28"},"content":"list","lastModifiedDate":"2022-01-21"},{"lineNumber":10,"author":{"gitId":"MontyPython28"},"content":"bye","lastModifiedDate":"2022-01-21"}],"authorContributionMap":{"MontyPython28":10}}]
