{"authorDailyContributionsMap":{"MontyPython28":[{"date":"2022-01-20","commitResults":[{"hash":"afa31e6fe0e53b829f80f68b22a25ea846126200","messageTitle":"Level-1: Greet, Echo, Exit","messageBody":"","tags":["Level-2"],"fileTypesAndContributionMap":{"java":{"insertions":16,"deletions":0}}},{"hash":"f6510e2307dcf3b7a357f0b24f7b99b1b5914536","messageTitle":"Level-2: Add, List","messageBody":"","tags":["Level-3"],"fileTypesAndContributionMap":{"java":{"insertions":16,"deletions":5}}},{"hash":"4a1b372eb5a3821b06e7741d9229e520bb72a4f3","messageTitle":"Level-3: Mark as Done","messageBody":"","fileTypesAndContributionMap":{"java":{"insertions":32,"deletions":5}}},{"hash":"1e3d8347f7930b669face98943c0d0a8dd3f1830","messageTitle":"Level-4: ToDos, Events, Deadlines","messageBody":"","tags":["Level-4","A-TextUiTesting"],"fileTypesAndContributionMap":{"java":{"insertions":36,"deletions":7}}},{"hash":"69acb6aaeb3f43819dbf9034dc8a09925bb7a755","messageTitle":"Level-5: Handle Errors","messageBody":"","tags":["Level-5"],"fileTypesAndContributionMap":{"java":{"insertions":14,"deletions":10}}},{"hash":"fcd6652f2fcb6e348fc1a1ac77420ebb8dec502b","messageTitle":"Level-6: Delete","messageBody":"","tags":["Level-6"],"fileTypesAndContributionMap":{"java":{"insertions":29,"deletions":16}}}]},{"date":"2022-01-21","commitResults":[{"hash":"aa15eed44dd846afac524f355cdb6e43f39a9867","messageTitle":"Created classes for Inheritance; added toString() methods; fixed problems with deadline and event","messageBody":"","fileTypesAndContributionMap":{"java":{"insertions":53,"deletions":32}}},{"hash":"59727c69e2daa30689b4acfa553a58edf3bebbc4","messageTitle":"Made Task abstract; made DukeException class; fixed and updated files for A-TextUiTesting.","messageBody":"","tags":["Level-8","Level-7"],"fileTypesAndContributionMap":{"txt":{"insertions":9,"deletions":0},"java":{"insertions":9,"deletions":1}}},{"hash":"e19e3617b9c3399950bfc3795f9af6b4f6a23a4b","messageTitle":"Level-7: Save","messageBody":"","fileTypesAndContributionMap":{"java":{"insertions":61,"deletions":1}}},{"hash":"ab79aaf95f22f33d8a18cc31ec89b5bdc4462a47","messageTitle":"Level-8: Dates and Times","messageBody":"","fileTypesAndContributionMap":{"java":{"insertions":19,"deletions":10}}}]},{"date":"2022-01-22","commitResults":[{"hash":"09fe098fb7739224495dfb100000c1a5e2ab8060","messageTitle":"Intermediate state of converting to more OOP state","messageBody":"","tags":["A-MoreOOP"],"fileTypesAndContributionMap":{"txt":{"insertions":3,"deletions":2},"java":{"insertions":394,"deletions":129}}},{"hash":"adbd4f13a07b1155443d2c3c6866da779d29a8a8","messageTitle":"A-MoreOOP","messageBody":"","fileTypesAndContributionMap":{"java":{"insertions":3,"deletions":37}}}]}]},"authorFileTypeContributionMap":{"MontyPython28":{"java":430,"md":0,"fxml":0,"sh":0,"bat":0,"gradle":0,"txt":10}},"authorContributionVariance":{"MontyPython28":32797.58},"authorDisplayNameMap":{"MontyPython28":"SAMY..AMAN"}}
