{"authorDailyContributionsMap":{"jamesyeap":[{"date":"2022-01-14","commitResults":[{"hash":"848f6b3f24dc800b1b4b6f04118390868c8e350f","messageTitle":"Rename Duke to Spark.","messageBody":"","fileTypesAndContributionMap":{"java":{"insertions":6,"deletions":10}}},{"hash":"8fb5cd7ae3463c070af825698160ff25b2e335f5","messageTitle":"Add function to echo user commands and to exit when user\u0027s command is \"bye\".","messageBody":"","tags":["Level-1"],"fileTypesAndContributionMap":{"java":{"insertions":24,"deletions":2}}},{"hash":"442caab9997cf2e065195500826d3c58c992f577","messageTitle":"Add functions to add task and list all tasks. User\u0027s commands will also no longer be echoed.","messageBody":"","tags":["Level-2"],"fileTypesAndContributionMap":{"java":{"insertions":68,"deletions":13}}}]},{"date":"2022-01-16","commitResults":[{"hash":"fb969f7579fc9adb2e8dcdadf1bdd3de35cf9ac6","messageTitle":"Change Task toString() method to reflect its completion status and added setter-functions to mark Task as Done or Not-Done.","messageBody":"","fileTypesAndContributionMap":{"java":{"insertions":24,"deletions":1}}},{"hash":"0107589ea9d3adfe0fb39179f1b55b457e92ab8f","messageTitle":"Add taskId attribute to Task","messageBody":"","fileTypesAndContributionMap":{"java":{"insertions":7,"deletions":5}}},{"hash":"4309cc0c70b8f25beeb8df83f8116dcfb4ad7fc2","messageTitle":"Add feature to mark and unmark tasks using taskId","messageBody":"","tags":["Level-3"],"fileTypesAndContributionMap":{"java":{"insertions":42,"deletions":12}}},{"hash":"92ad7721d57be088f6a6775a54ca4aad89e57b0e","messageTitle":"Update README.md","messageBody":"","fileTypesAndContributionMap":{"md":{"insertions":3,"deletions":23}}},{"hash":"be3c08feb541edcd7dc0f7ba5939900e47dd8102","messageTitle":"Add 3 new sub-classes of Task: Todo, Deadline and Event","messageBody":"","fileTypesAndContributionMap":{"java":{"insertions":36,"deletions":0}}},{"hash":"28801497dad941016a5398755fd81711b7387643","messageTitle":"Add feature to add 3 different types of Tasks: ToDo, Deadline and Event","messageBody":"","fileTypesAndContributionMap":{"java":{"insertions":95,"deletions":11}}},{"hash":"896ce04fe85a6250662551338c796557b0f97bbb","messageTitle":"Add feature to reject invalid commands with an error-message.","messageBody":"","fileTypesAndContributionMap":{"java":{"insertions":4,"deletions":3}}},{"hash":"acd78ca684fa1944db27ad61ab5adc4f84e3b6e0","messageTitle":"Minor formatting change.","messageBody":"","tags":["Level-4"],"fileTypesAndContributionMap":{"java":{"insertions":1,"deletions":1}}},{"hash":"b3ae0aa3e469cf591a48f93803e24ddda5f38be2","messageTitle":"Add feature to show number of tasks in the list after adding a task.","messageBody":"","tags":["Level-5"],"fileTypesAndContributionMap":{"java":{"insertions":10,"deletions":0}}}]},{"date":"2022-01-17","commitResults":[{"hash":"2c9bc09078ce2aa7d9c5463d09c1611d79c0c864","messageTitle":"Add 3 new Exceptions specific to Spark.","messageBody":"","fileTypesAndContributionMap":{"txt":{"insertions":4,"deletions":0},"java":{"insertions":28,"deletions":5},"sh":{"insertions":2,"deletions":2}}},{"hash":"1ae9ebd512bfe1da42da673e81e3d2f2acd1a3d7","messageTitle":"Add function to reject adding a Task with empty field(s).","messageBody":"","fileTypesAndContributionMap":{"txt":{"insertions":7,"deletions":1},"java":{"insertions":60,"deletions":32}}},{"hash":"cd5854dc9c53cd52d632eedb154f4054c05f95fa","messageTitle":"Create a base Exception class SparkException.","messageBody":"","fileTypesAndContributionMap":{"java":{"insertions":7,"deletions":0}}},{"hash":"fea9a7e5bdd1314f427aa4f9209b5a0ab018c1ca","messageTitle":"Create an Exception class that represents all Exceptions arising from errors in formatting in user-inputs; ie missing Title when creating a new Todo.","messageBody":"","fileTypesAndContributionMap":{"java":{"insertions":9,"deletions":0}}},{"hash":"98d57c3a52ebfd6cad21b02f3d39b494de0ed00e","messageTitle":"Create Exceptions that are thrown when user adds an invalid Task.","messageBody":"","fileTypesAndContributionMap":{"java":{"insertions":8,"deletions":4}}},{"hash":"6bfed6ce0f356a53f8b1ca8797b069f06ca0b1a4","messageTitle":"Create Exception that is thrown when user enters an invalid command.","messageBody":"","fileTypesAndContributionMap":{"java":{"insertions":3,"deletions":1}}},{"hash":"9e5def34481bcdc6a0eeb1dc5e2b4e8f1d539cf7","messageTitle":"Move TaskList, Task and its sub-classes into a package.","messageBody":"","fileTypesAndContributionMap":{"java":{"insertions":10,"deletions":0}}},{"hash":"eed2d05a5c3cca6dd05d594c10cf62d9f75124a6","messageTitle":"Add error-messages for invalid user inputs.","messageBody":"","fileTypesAndContributionMap":{"java":{"insertions":4,"deletions":1}}},{"hash":"df1d6d557dc88651498a010505d2b6590e50808e","messageTitle":"Change implementation of code to check if a required field is empty.","messageBody":"","fileTypesAndContributionMap":{"java":{"insertions":21,"deletions":19}}},{"hash":"f278f1b5d3fa1089226be2cfb1a981130d0811dd","messageTitle":"Add function to delete a Task by a given TaskId.","messageBody":"","tags":["Level-6"],"fileTypesAndContributionMap":{"txt":{"insertions":2,"deletions":0},"java":{"insertions":62,"deletions":18}}},{"hash":"caad949651fc2e64379a2f5e413cf46207a43f62","messageTitle":"Remove TaskId attribute from Task.","messageBody":"","fileTypesAndContributionMap":{"txt":{"insertions":17,"deletions":9},"java":{"insertions":44,"deletions":61}}}]},{"date":"2022-01-18","commitResults":[{"hash":"65f298e986101e6fa961c854d5d2ba7c990f2837","messageTitle":"Add Exception that is thrown when user enters a non-integer for taskId when marking, unmarking or deleting a Task.","messageBody":"","fileTypesAndContributionMap":{"txt":{"insertions":1,"deletions":0},"java":{"insertions":15,"deletions":9}}},{"hash":"518967968a8368593168082c8c9300e932f1cce3","messageTitle":"Add an additional test-case.","messageBody":"","fileTypesAndContributionMap":{"txt":{"insertions":1,"deletions":0}}}]},{"date":"2022-01-19","commitResults":[{"hash":"362e0b4a7c8a49ead5bcebcaa91e73c02a57cacb","messageTitle":"Add Exceptions that are thrown when user marks a Task that is already marked or unmarks a Task that is already unmarked.","messageBody":"","tags":["A-TextUiTesting"],"fileTypesAndContributionMap":{"txt":{"insertions":4,"deletions":0},"java":{"insertions":40,"deletions":3}}}]},{"date":"2022-01-20","commitResults":[{"hash":"dd1bc00fa635e4b452ab7af5ab988cf1f68753f9","messageTitle":"Add Command enums to enable Spark to recognise command keywords that are not completely-lowercase but otherwise valid; e.g. tOdO will now be recognised as a valid keyword to add a new todo task","messageBody":"","tags":["A-Enums"],"fileTypesAndContributionMap":{"java":{"insertions":188,"deletions":162}}}]},{"date":"2022-01-23","commitResults":[{"hash":"478ea3b40a7c4546c066e168bb14aa48c046501e","messageTitle":"Add function for Tasks added to be saved on user\u0027s hard-disk.","messageBody":"","fileTypesAndContributionMap":{"txt":{"insertions":4,"deletions":0},"java":{"insertions":362,"deletions":64}}},{"hash":"06e7642ce1fce980aff747dfd664915f09435eaf","messageTitle":"Add function for deleted Tasks to be removed from save-file in hard-disk.","messageBody":"","tags":["Level-7"],"fileTypesAndContributionMap":{"java":{"insertions":28,"deletions":28}}},{"hash":"d8cd9fca4352d7aadaca2f7bf8a7fa867fdf5247","messageTitle":"Change storage format of date and time in Event","messageBody":"","fileTypesAndContributionMap":{"txt":{"insertions":3,"deletions":6},"java":{"insertions":10,"deletions":5}}},{"hash":"1904e45a553095b40ddd56aa768120242e93bc28","messageTitle":"Change storage format of date and time in Deadline","messageBody":"","tags":["Level-8"],"fileTypesAndContributionMap":{"java":{"insertions":15,"deletions":6}}},{"hash":"55b9ded7ed4a490d37010f7ad2271c3bdd776c2b","messageTitle":"Update input testcases","messageBody":"","fileTypesAndContributionMap":{"txt":{"insertions":0,"deletions":1}}}]},{"date":"2022-01-24","commitResults":[{"hash":"694da67e454c99625c411fe8671831606b1f2a6a","messageTitle":"Extract user-interface related functions into a class","messageBody":"","fileTypesAndContributionMap":{"txt":{"insertions":3,"deletions":0},"java":{"insertions":118,"deletions":49}}},{"hash":"5eb75d5d8d0141105dc1dfddbeb4f3e9d4eb3526","messageTitle":"Extract parsing of user commands into a class","messageBody":"","tags":["A-Packages","A-MoreOOP"],"fileTypesAndContributionMap":{"txt":{"insertions":1,"deletions":2},"java":{"insertions":391,"deletions":148},"md":{"insertions":2,"deletions":2}}},{"hash":"51e30eccebdd1bbe5b3d7ffd425a1b3f009ef7f7","messageTitle":"Add function to find Tasks with titles that contain specified keywords","messageBody":"","fileTypesAndContributionMap":{"txt":{"insertions":1,"deletions":0},"java":{"insertions":84,"deletions":6},"sh":{"insertions":1,"deletions":1}}},{"hash":"e684e2f46fdd73d68adc6f1d44412add28fcd14f","messageTitle":"Add JavaDocs for public methods in class TaskList","messageBody":"","fileTypesAndContributionMap":{"java":{"insertions":58,"deletions":0}}},{"hash":"3b6542a1c153afe79d415132a8d4c7775d9bc3ad","messageTitle":"Indent long lines that exceed character-limit (\u003e120 characters)","messageBody":"","fileTypesAndContributionMap":{"java":{"insertions":10,"deletions":5}}},{"hash":"f3a349ff9c37b4cb979dd8bb8883403d092d1880","messageTitle":"Update README.md","messageBody":"","fileTypesAndContributionMap":{"md":{"insertions":3,"deletions":3}}},{"hash":"c1ac62af7a49e6e3d43849b8ca68c5c770f0268e","messageTitle":"Fix welcome message","messageBody":"","fileTypesAndContributionMap":{"java":{"insertions":1,"deletions":1}}}]},{"date":"2022-01-25","commitResults":[{"hash":"8b960952b52978667776e0a08918a9425f527dc9","messageTitle":"Add two unit-test cases for Spark","messageBody":"","tags":["A-JUnit"],"fileTypesAndContributionMap":{"txt":{"insertions":1,"deletions":2},"java":{"insertions":178,"deletions":73}}},{"hash":"d4c27225cae4b2bb7dfef475d32f347cc30701aa","messageTitle":"Remove an unnecessary method: Spark#exit()","messageBody":"","fileTypesAndContributionMap":{"java":{"insertions":0,"deletions":4}}}]},{"date":"2022-01-27","commitResults":[{"hash":"55e944a790539683d6d314b7fc5578f02329063e","messageTitle":"Implement function to check validity of params","messageBody":"","fileTypesAndContributionMap":{"txt":{"insertions":2,"deletions":1},"java":{"insertions":485,"deletions":334}}}]},{"date":"2022-01-28","commitResults":[{"hash":"32cc2475ee009e57f1e3687b1d3cb5c38fc743e0","messageTitle":"Add JavaFX dependencies to Gradle","messageBody":"","tags":["A-Gradle"],"fileTypesAndContributionMap":{"gradle":{"insertions":14,"deletions":0}}}]},{"date":"2022-01-30","commitResults":[{"hash":"c4e8b19baf7b536c9256dd1a4425ec4c417ecbe7","messageTitle":"Add checkstyle config file","messageBody":"","tags":["A-CheckStyle"],"fileTypesAndContributionMap":{"gradle":{"insertions":13,"deletions":5},"java":{"insertions":2,"deletions":3}}},{"hash":"4990e77904e646567cfa88b86c2ee5fe5d380a9e","messageTitle":"Add non-functional UI for Spark","messageBody":"","fileTypesAndContributionMap":{"gradle":{"insertions":1,"deletions":1},"java":{"insertions":44,"deletions":1}}},{"hash":"ee260f3693bf06b433c6646d078e58d26bc2ee55","messageTitle":"Add some styles to the UI for Spark","messageBody":"","fileTypesAndContributionMap":{"java":{"insertions":21,"deletions":0}}},{"hash":"c9c02f063ce3c88e8381ed0e90bdbf010a6a8453","messageTitle":"Add placeholder response-message in UI","messageBody":"","fileTypesAndContributionMap":{"fxml":{"insertions":40,"deletions":0},"java":{"insertions":154,"deletions":57}}},{"hash":"0ef9da8bddf021c65fc21a7aa720793a6660109d","messageTitle":"Change UI layout to suit Spark","messageBody":"","fileTypesAndContributionMap":{"fxml":{"insertions":11,"deletions":8},"java":{"insertions":10,"deletions":2}}},{"hash":"ff0a10273bac278ffc45b8a7d003fd4c618b14d3","messageTitle":"Add exception to catch invalid date input","messageBody":"","fileTypesAndContributionMap":{"txt":{"insertions":2,"deletions":2},"java":{"insertions":162,"deletions":63}}},{"hash":"9d0b09e96bcd851637eb459698321b787d9f6969","messageTitle":"Change exception message for modifying non-existent Task","messageBody":"","fileTypesAndContributionMap":{"java":{"insertions":1,"deletions":1}}},{"hash":"3fbbbe25e06ca131ec5843082cb3d96b0df38ffe","messageTitle":"Remove unnecessary lines in Parser","messageBody":"","fileTypesAndContributionMap":{"java":{"insertions":3,"deletions":6}}}]},{"date":"2022-01-31","commitResults":[{"hash":"bf17a7b10591a72dcf9b42aacd148e9aaaa61d51","messageTitle":"Add additional JavaDocs","messageBody":"","fileTypesAndContributionMap":{"java":{"insertions":191,"deletions":18}}},{"hash":"6e11c239b8e1bbecf2c07be5bd1ebe1b3557cadf","messageTitle":"Add additional JavaDocs","messageBody":"","fileTypesAndContributionMap":{"java":{"insertions":129,"deletions":66}}},{"hash":"962ec0b71889d20a2503286b28d53e99d34f5327","messageTitle":"Fix order of import statements in TaskList","messageBody":"","fileTypesAndContributionMap":{"java":{"insertions":2,"deletions":6}}},{"hash":"bc87572f9765baaab200b635b3bfad31ec39c398","messageTitle":"Change naming of AddToDoCommand to AddTodoCommand","messageBody":"","fileTypesAndContributionMap":{"java":{"insertions":11,"deletions":11}}},{"hash":"70ac6a81ee05194708f7801318e7d7e51c532ee4","messageTitle":"Add minor changes to Javadocs comments","messageBody":"","fileTypesAndContributionMap":{"java":{"insertions":2,"deletions":2}}},{"hash":"0b1a3ac617832c3ef26209053cd2c0889179214f","messageTitle":"Change layout of Spark\u0027s UI back to original layout","messageBody":"","fileTypesAndContributionMap":{"txt":{"insertions":0,"deletions":3},"fxml":{"insertions":6,"deletions":11},"java":{"insertions":1,"deletions":11}}},{"hash":"3d7770a7672d414f58c2ffd1d2f709f78596f023","messageTitle":"Fix bug where input-bot exceeded window width","messageBody":"","fileTypesAndContributionMap":{"fxml":{"insertions":1,"deletions":1}}},{"hash":"2e7f91718505c635dff2df19e982e8909bb186c5","messageTitle":"Add a semi-working GUI for Spark","messageBody":"","fileTypesAndContributionMap":{"java":{"insertions":107,"deletions":40}}}]},{"date":"2022-02-01","commitResults":[{"hash":"a092c0a6c1f94baa607077d04474eae5d28ed74e","messageTitle":"Change avatars for user and spark","messageBody":"","fileTypesAndContributionMap":{"txt":{"insertions":1,"deletions":0},"java":{"insertions":3,"deletions":2}}}]},{"date":"2022-02-02","commitResults":[{"hash":"2a2eee61f30bc344f1f8b8c7d2062a701b17e735","messageTitle":"Change background color for dialog boxes","messageBody":"","tags":["Level-10"],"fileTypesAndContributionMap":{"txt":{"insertions":1,"deletions":0},"fxml":{"insertions":1,"deletions":1},"java":{"insertions":14,"deletions":2}}}]},{"date":"2022-02-03","commitResults":[{"hash":"4e722ab948aa3c464f48da3cac1df1e737789448","messageTitle":"Change font family and size for all text","messageBody":"","fileTypesAndContributionMap":{"txt":{"insertions":2,"deletions":0},"fxml":{"insertions":43,"deletions":16},"java":{"insertions":73,"deletions":20}}}]},{"date":"2022-02-05","commitResults":[{"hash":"17a09c4404bb40bd85aded7763eba9c0974a1adf","messageTitle":"DialogBox constructors: add assert statements","messageBody":"Constructor in DialogBox does not check that the input parameters are not null.\n\nWhen null values are passed into DialogBox constructors, an unintelligible error message is printed to the console, making it difficult for developers to debug.\n\nThis situation may occur when the image to be included in the dialog box fails to be loaded by the program. This violates the basic assumption that all the required assets will be successfully loaded by the program.\n\nTo help make such an error easier to spot, let\u0027s add an explicit assertion to check that the image object is non-null.\n","tags":["A-FullCommitMessage","A-CodeQuality","A-Assertions"],"fileTypesAndContributionMap":{"txt":{"insertions":1,"deletions":0},"java":{"insertions":19,"deletions":34}}}]},{"date":"2022-02-06","commitResults":[{"hash":"ea80de4ad939b155f755cb8c32ad6c7efa036b5c","messageTitle":"Command response messages: encapsulate response messages inside a parent class CommandResponse","messageBody":"When a Command is executed by Spark, only a String object containing the response message is generated. This restricts metadata that can be specified about the response of the executed Command; such as whether it was produced as a result of a successful execution of the given Command, or if it was produced because of an exception produced when the Command was run.\n\nWithout this metadata, the user-interface cannot tailor the color of the chat box produced; ie it would not be possible to produce a red-colored chat box to indicate to the user that the input command could not be executed successfully.\n\nTo allow such additional information to be added, let\u0027s encapsulate the result of a Command into a class that not only contains the message to be shown to the user, and also other attributes of the result of the command\u0027s execution like whether it is an error, or if it is a warning that indicates some possibly undesirable impact resulting from its execution.\n\nDoing so would provide additional visual feedback to the user about the result of the command\u0027s execution.\n","fileTypesAndContributionMap":{"txt":{"insertions":2,"deletions":1},"fxml":{"insertions":10,"deletions":15},"java":{"insertions":458,"deletions":211}}},{"hash":"af788c501cbe79f2c5a74b2244607bc8dc626662","messageTitle":"Edit Javadocs for DialogBox classes","messageBody":"","fileTypesAndContributionMap":{"java":{"insertions":2,"deletions":6}}},{"hash":"4a0755ea0fdc432ca4ff13d6036033f6a7650b69","messageTitle":"Add feature to alert user if a duplicate Task is added","messageBody":"","tags":["C-DetectDuplicates","BCD-Extension"],"fileTypesAndContributionMap":{"txt":{"insertions":1,"deletions":4},"java":{"insertions":52,"deletions":17}}}]}]},"authorFileTypeContributionMap":{"jamesyeap":{"java":2363,"md":3,"fxml":60,"sh":3,"bat":0,"gradle":26,"txt":28}},"authorContributionVariance":{"jamesyeap":87921.695},"authorDisplayNameMap":{"jamesyeap":"CS2103T-W11-3 YEAP..AMES"}}
