{"authorDailyContributionsMap":{"chriswengqi":[{"date":"2022-01-18","commitResults":[{"hash":"b5d6cdfb70e094eec8cc8e2079e07f6f0ac6c616","messageTitle":"Level-1","messageBody":"","fileTypesAndContributionMap":{"java":{"insertions":32,"deletions":0}}},{"hash":"7a04307832b4470f27036e3c4cdb21c277b8c993","messageTitle":"Level-2","messageBody":"","fileTypesAndContributionMap":{"java":{"insertions":24,"deletions":9}}},{"hash":"2d989f17e99d88cbc109950f656366197fac48f6","messageTitle":"Level-3","messageBody":"","fileTypesAndContributionMap":{"java":{"insertions":50,"deletions":9}}},{"hash":"a3d5d0fc3191dee201e6f7ac686a169d95624de7","messageTitle":"Level-4","messageBody":"","fileTypesAndContributionMap":{"java":{"insertions":121,"deletions":4}}},{"hash":"14968d431639c377bfaa38acbc36fc575feb8182","messageTitle":"Level-5","messageBody":"","fileTypesAndContributionMap":{"java":{"insertions":38,"deletions":52},"bat":{"insertions":3,"deletions":3},"sh":{"insertions":1,"deletions":1}}},{"hash":"9055c9beffe55b97eb6ded28ad96c6b572954605","messageTitle":"Level-6","messageBody":"","tags":["Level-6","Level-5","Level-4","Level-3","Level-2","Level-1"],"fileTypesAndContributionMap":{"java":{"insertions":35,"deletions":21},"bat":{"insertions":0,"deletions":21}}}]},{"date":"2022-01-19","commitResults":[{"hash":"fa273fe6d50c4b0350175e1d1f227a6cd56683e0","messageTitle":"Level-6 corrected","messageBody":"","fileTypesAndContributionMap":{"java":{"insertions":12,"deletions":12}}}]},{"date":"2022-01-20","commitResults":[{"hash":"afa3923faaf300b7db6f14247ad77c7278c2953d","messageTitle":"A-TextUiTesting","messageBody":"","tags":["A-TextUiTesting"],"fileTypesAndContributionMap":{"txt":{"insertions":13,"deletions":0},"java":{"insertions":0,"deletions":2},"bat":{"insertions":21,"deletions":0},"sh":{"insertions":1,"deletions":1}}}]},{"date":"2022-01-26","commitResults":[{"hash":"c9cc120547d0e048e076c3843fe4f49fcaccf9d9","messageTitle":"Complete Level 7","messageBody":"","fileTypesAndContributionMap":{"txt":{"insertions":3,"deletions":0},"java":{"insertions":116,"deletions":15}}},{"hash":"f6841e8b73c8df9304a9b5003116e2b512fcd227","messageTitle":"Completed Level 8","messageBody":"","fileTypesAndContributionMap":{"java":{"insertions":28,"deletions":6}}},{"hash":"7b860857ed5d7f651c565d7c7c5ca920fb48154d","messageTitle":"Add Ui class","messageBody":"","fileTypesAndContributionMap":{"java":{"insertions":0,"deletions":0}}},{"hash":"ffc474cf314eb9cd42513dcedb411348a79d6329","messageTitle":"Add Storage class","messageBody":"","fileTypesAndContributionMap":{"java":{"insertions":0,"deletions":0}}}]},{"date":"2022-01-27","commitResults":[{"hash":"ff192bd1749a9214fbaa407502063846113ff176","messageTitle":"Add Parser class","messageBody":"","fileTypesAndContributionMap":{"java":{"insertions":0,"deletions":0}}},{"hash":"cbaf4f35f27be066bd475aa9dbc1992db293ebf2","messageTitle":"Add TaskList and minor bug fixes","messageBody":"","tags":["A-MoreOOP"],"fileTypesAndContributionMap":{"java":{"insertions":0,"deletions":0}}},{"hash":"b132c6ddd8deac8228d49815401e5fc7747ffa9a","messageTitle":"Add more classes and minor bug fixes","messageBody":"","fileTypesAndContributionMap":{"txt":{"insertions":1,"deletions":2},"java":{"insertions":202,"deletions":117}}},{"hash":"a89490fd40cc7cb656862846b9d103a98dd28909","messageTitle":"Create packages","messageBody":"","tags":["A-Packages"],"fileTypesAndContributionMap":{"java":{"insertions":1,"deletions":0}}},{"hash":"1401b5adf01933bea167585c61c189ab8cdbbb72","messageTitle":"Create packages","messageBody":"","fileTypesAndContributionMap":{"txt":{"insertions":4,"deletions":2},"java":{"insertions":40,"deletions":10}}},{"hash":"ce5df96a49be0dbd2ef52deebfca353c9df40b80","messageTitle":"Add J-Unit testcases","messageBody":"","tags":["A-JUnit"],"fileTypesAndContributionMap":{"txt":{"insertions":1,"deletions":4},"java":{"insertions":74,"deletions":45}}}]}]},"authorFileTypeContributionMap":{"chriswengqi":{"java":478,"md":0,"fxml":0,"sh":0,"bat":1,"gradle":0,"txt":14}},"authorContributionVariance":{"chriswengqi":26243.66},"authorDisplayNameMap":{"chriswengqi":"CS2103-W16-2 ONG ..G QI"}}
