{"authorDailyContributionsMap":{"chriswengqi":[{"date":"2022-01-18","commitResults":[{"hash":"b5d6cdfb70e094eec8cc8e2079e07f6f0ac6c616","messageTitle":"Level-1","messageBody":"","fileTypesAndContributionMap":{"java":{"insertions":32,"deletions":0}}},{"hash":"7a04307832b4470f27036e3c4cdb21c277b8c993","messageTitle":"Level-2","messageBody":"","fileTypesAndContributionMap":{"java":{"insertions":24,"deletions":9}}},{"hash":"2d989f17e99d88cbc109950f656366197fac48f6","messageTitle":"Level-3","messageBody":"","fileTypesAndContributionMap":{"java":{"insertions":50,"deletions":9}}},{"hash":"a3d5d0fc3191dee201e6f7ac686a169d95624de7","messageTitle":"Level-4","messageBody":"","fileTypesAndContributionMap":{"java":{"insertions":121,"deletions":4}}},{"hash":"14968d431639c377bfaa38acbc36fc575feb8182","messageTitle":"Level-5","messageBody":"","fileTypesAndContributionMap":{"java":{"insertions":38,"deletions":52},"bat":{"insertions":3,"deletions":3},"sh":{"insertions":1,"deletions":1}}},{"hash":"9055c9beffe55b97eb6ded28ad96c6b572954605","messageTitle":"Level-6","messageBody":"","tags":["Level-6","Level-5","Level-4","Level-3","Level-2","Level-1"],"fileTypesAndContributionMap":{"java":{"insertions":35,"deletions":21},"bat":{"insertions":0,"deletions":21}}}]},{"date":"2022-01-19","commitResults":[{"hash":"fa273fe6d50c4b0350175e1d1f227a6cd56683e0","messageTitle":"Level-6 corrected","messageBody":"","fileTypesAndContributionMap":{"java":{"insertions":12,"deletions":12}}}]},{"date":"2022-01-20","commitResults":[{"hash":"afa3923faaf300b7db6f14247ad77c7278c2953d","messageTitle":"A-TextUiTesting","messageBody":"","tags":["A-TextUiTesting"],"fileTypesAndContributionMap":{"txt":{"insertions":13,"deletions":0},"java":{"insertions":0,"deletions":2},"bat":{"insertions":21,"deletions":0},"sh":{"insertions":1,"deletions":1}}}]},{"date":"2022-01-26","commitResults":[{"hash":"c9cc120547d0e048e076c3843fe4f49fcaccf9d9","messageTitle":"Complete Level 7","messageBody":"","fileTypesAndContributionMap":{"txt":{"insertions":3,"deletions":0},"java":{"insertions":116,"deletions":15}}},{"hash":"f6841e8b73c8df9304a9b5003116e2b512fcd227","messageTitle":"Completed Level 8","messageBody":"","fileTypesAndContributionMap":{"java":{"insertions":28,"deletions":6}}},{"hash":"7b860857ed5d7f651c565d7c7c5ca920fb48154d","messageTitle":"Add Ui class","messageBody":"","fileTypesAndContributionMap":{"java":{"insertions":0,"deletions":0}}},{"hash":"ffc474cf314eb9cd42513dcedb411348a79d6329","messageTitle":"Add Storage class","messageBody":"","fileTypesAndContributionMap":{"java":{"insertions":0,"deletions":0}}}]},{"date":"2022-01-27","commitResults":[{"hash":"ff192bd1749a9214fbaa407502063846113ff176","messageTitle":"Add Parser class","messageBody":"","fileTypesAndContributionMap":{"java":{"insertions":0,"deletions":0}}},{"hash":"cbaf4f35f27be066bd475aa9dbc1992db293ebf2","messageTitle":"Add TaskList and minor bug fixes","messageBody":"","tags":["A-MoreOOP"],"fileTypesAndContributionMap":{"java":{"insertions":0,"deletions":0}}},{"hash":"b132c6ddd8deac8228d49815401e5fc7747ffa9a","messageTitle":"Add more classes and minor bug fixes","messageBody":"","fileTypesAndContributionMap":{"txt":{"insertions":1,"deletions":2},"java":{"insertions":202,"deletions":117}}},{"hash":"a89490fd40cc7cb656862846b9d103a98dd28909","messageTitle":"Create packages","messageBody":"","tags":["A-Packages"],"fileTypesAndContributionMap":{"java":{"insertions":1,"deletions":0}}},{"hash":"1401b5adf01933bea167585c61c189ab8cdbbb72","messageTitle":"Create packages","messageBody":"","fileTypesAndContributionMap":{"txt":{"insertions":4,"deletions":2},"java":{"insertions":40,"deletions":10}}},{"hash":"ce5df96a49be0dbd2ef52deebfca353c9df40b80","messageTitle":"Add J-Unit testcases","messageBody":"","tags":["A-JUnit"],"fileTypesAndContributionMap":{"txt":{"insertions":1,"deletions":4},"java":{"insertions":74,"deletions":45}}}]},{"date":"2022-01-28","commitResults":[{"hash":"ce09240552e193424f7c7e278df5d6775506b443","messageTitle":"Create JAR file and make more OOP changes","messageBody":"","tags":["A-Jar"],"fileTypesAndContributionMap":{"txt":{"insertions":1,"deletions":0},"java":{"insertions":40,"deletions":28}}},{"hash":"609ae3a8f00fec0e9a258e4951d431486b74818c","messageTitle":"Add JavaDocs comments","messageBody":"","tags":["A-JavaDoc"],"fileTypesAndContributionMap":{"java":{"insertions":93,"deletions":12}}},{"hash":"1df9ba51240e3c3bbd63d7f52d961187f75775a5","messageTitle":"Fix coding standards","messageBody":"","tags":["A-Coding-Standard"],"fileTypesAndContributionMap":{"java":{"insertions":19,"deletions":10}}},{"hash":"3e50ac32e07adebabd0c8767a445621162745b1e","messageTitle":"Complete Level-9","messageBody":"","fileTypesAndContributionMap":{"txt":{"insertions":1,"deletions":0},"java":{"insertions":27,"deletions":0}}}]},{"date":"2022-02-04","commitResults":[{"hash":"8b6f56ade26ee728528fab16680b812f25962f1a","messageTitle":"Fix checkstyle errors","messageBody":"","tags":["A-CheckStyle"],"fileTypesAndContributionMap":{"gradle":{"insertions":5,"deletions":2},"txt":{"insertions":1,"deletions":1},"java":{"insertions":62,"deletions":37}}}]},{"date":"2022-02-09","commitResults":[{"hash":"623a5705d502b8eb47fed014462c1e9d2e645658","messageTitle":"Add Level 10","messageBody":"","tags":["Level-10"],"fileTypesAndContributionMap":{"gradle":{"insertions":14,"deletions":0},"txt":{"insertions":2,"deletions":1},"fxml":{"insertions":35,"deletions":0},"java":{"insertions":421,"deletions":132}}},{"hash":"91e2d75386d0a1b83710bd35ca88850587c9c86e","messageTitle":"Fix checkstyle and bugs","messageBody":"","fileTypesAndContributionMap":{"txt":{"insertions":1,"deletions":1},"java":{"insertions":262,"deletions":259}}}]},{"date":"2022-02-10","commitResults":[{"hash":"bb2bc9400d30db60ad2e0bd3d0ac276955f36f11","messageTitle":"There is a lack of assetion statements","messageBody":"Assertion statements are essential to detect potential bugs\n\nAdd more assertion statements\n\nTo check whether exceptions are handled correctly during runtime.\n","tags":["A-FullCommitMessage","A-Assertions"],"fileTypesAndContributionMap":{"gradle":{"insertions":3,"deletions":2},"txt":{"insertions":1,"deletions":1},"java":{"insertions":18,"deletions":11}}}]},{"date":"2022-02-11","commitResults":[{"hash":"8378be9e4cfc843ee830ad038d93f0fccfc1d924","messageTitle":"Code consist of methods that are too long and not abstracted well","messageBody":"Change to improve code quality\n\nChange methods that are too long and change method names for easier readability of user\n\nFor better ccode readability\n","tags":["A-CodeQuality"],"fileTypesAndContributionMap":{"txt":{"insertions":2,"deletions":1},"java":{"insertions":173,"deletions":163}}}]},{"date":"2022-02-13","commitResults":[{"hash":"380ac2d7fe51a139201f2aec7daed57d1eb3bf19","messageTitle":"Add extension to suuport managing contacts","messageBody":"","tags":["BCD-Extension"],"fileTypesAndContributionMap":{"txt":{"insertions":1,"deletions":0},"java":{"insertions":254,"deletions":15}}}]}]},"authorFileTypeContributionMap":{"chriswengqi":{"java":1182,"md":0,"fxml":35,"sh":0,"bat":1,"gradle":21,"txt":19}},"authorContributionVariance":{"chriswengqi":53059.145},"authorDisplayNameMap":{"chriswengqi":"CS2103-W16-2 ONG ..G QI"}}
