[{"path":"src/main/java/seedu/duke/Duke.java","fileType":"java","lines":[{"lineNumber":1,"author":{"gitId":"-"},"content":"package seedu.duke;","lastModifiedDate":"2020-05-24"},{"lineNumber":2,"author":{"gitId":"-"},"content":"","lastModifiedDate":"2020-05-24"},{"lineNumber":3,"author":{"gitId":"-"},"content":"import java.util.Scanner;","lastModifiedDate":"2020-05-24"},{"lineNumber":4,"author":{"gitId":"-"},"content":"","lastModifiedDate":"2020-05-24"},{"lineNumber":5,"author":{"gitId":"isabelteo"},"content":"/**","lastModifiedDate":"2022-01-17"},{"lineNumber":6,"author":{"gitId":"isabelteo"},"content":" * Functions as the chatbot by taking in inputs and giving out specificed outputs.","lastModifiedDate":"2022-01-17"},{"lineNumber":7,"author":{"gitId":"isabelteo"},"content":" */","lastModifiedDate":"2022-01-17"},{"lineNumber":8,"author":{"gitId":"isabelteo"},"content":"class Duke {","lastModifiedDate":"2022-01-17"},{"lineNumber":9,"author":{"gitId":"-"},"content":"    /**","lastModifiedDate":"2020-05-24"},{"lineNumber":10,"author":{"gitId":"-"},"content":"     * Main entry-point for the java.duke.Duke application.","lastModifiedDate":"2020-05-24"},{"lineNumber":11,"author":{"gitId":"-"},"content":"     */","lastModifiedDate":"2020-05-24"},{"lineNumber":12,"author":{"gitId":"-"},"content":"    public static void main(String[] args) {","lastModifiedDate":"2019-07-29"},{"lineNumber":13,"author":{"gitId":"-"},"content":"        String logo \u003d \" ____        _        \\n\"","lastModifiedDate":"2019-07-29"},{"lineNumber":14,"author":{"gitId":"-"},"content":"                + \"|  _ \\\\ _   _| | _____ \\n\"","lastModifiedDate":"2019-07-29"},{"lineNumber":15,"author":{"gitId":"-"},"content":"                + \"| | | | | | | |/ / _ \\\\\\n\"","lastModifiedDate":"2019-07-29"},{"lineNumber":16,"author":{"gitId":"-"},"content":"                + \"| |_| | |_| |   \u003c  __/\\n\"","lastModifiedDate":"2019-07-29"},{"lineNumber":17,"author":{"gitId":"-"},"content":"                + \"|____/ \\\\__,_|_|\\\\_\\\\___|\\n\";","lastModifiedDate":"2019-07-29"},{"lineNumber":18,"author":{"gitId":"-"},"content":"        System.out.println(\"Hello from\\n\" + logo);","lastModifiedDate":"2019-07-29"},{"lineNumber":19,"author":{"gitId":"-"},"content":"        System.out.println(\"What is your name?\");","lastModifiedDate":"2020-05-24"},{"lineNumber":20,"author":{"gitId":"-"},"content":"","lastModifiedDate":"2020-05-24"},{"lineNumber":21,"author":{"gitId":"-"},"content":"        Scanner in \u003d new Scanner(System.in);","lastModifiedDate":"2020-05-24"},{"lineNumber":22,"author":{"gitId":"isabelteo"},"content":"        String name \u003d in.nextLine();","lastModifiedDate":"2022-01-16"},{"lineNumber":23,"author":{"gitId":"isabelteo"},"content":"        System.out.println(\"Hello \" + name);","lastModifiedDate":"2022-01-16"},{"lineNumber":24,"author":{"gitId":"isabelteo"},"content":"","lastModifiedDate":"2022-01-16"},{"lineNumber":25,"author":{"gitId":"isabelteo"},"content":"        TaskList taskList \u003d new TaskList();","lastModifiedDate":"2022-01-16"},{"lineNumber":26,"author":{"gitId":"isabelteo"},"content":"        String command \u003d in.nextLine();","lastModifiedDate":"2022-01-16"},{"lineNumber":27,"author":{"gitId":"isabelteo"},"content":"","lastModifiedDate":"2022-01-16"},{"lineNumber":28,"author":{"gitId":"isabelteo"},"content":"        while (!command.equals(\"bye\")) {","lastModifiedDate":"2022-01-16"},{"lineNumber":29,"author":{"gitId":"isabelteo"},"content":"            if (command.startsWith(\"list\")) {","lastModifiedDate":"2022-01-17"},{"lineNumber":30,"author":{"gitId":"isabelteo"},"content":"                //if equal list, print all in commandTracker","lastModifiedDate":"2022-01-17"},{"lineNumber":31,"author":{"gitId":"isabelteo"},"content":"                taskList.printTasks();","lastModifiedDate":"2022-01-16"},{"lineNumber":32,"author":{"gitId":"isabelteo"},"content":"            } else if (command.startsWith(\"mark\")) {","lastModifiedDate":"2022-01-17"},{"lineNumber":33,"author":{"gitId":"isabelteo"},"content":"                //if command mark is used,then we mark the specified task as done","lastModifiedDate":"2022-01-17"},{"lineNumber":34,"author":{"gitId":"isabelteo"},"content":"                int indexAfterCommand \u003d 5;","lastModifiedDate":"2022-01-17"},{"lineNumber":35,"author":{"gitId":"isabelteo"},"content":"                taskList \u003d taskList","lastModifiedDate":"2022-01-17"},{"lineNumber":36,"author":{"gitId":"isabelteo"},"content":"                        .mark(Integer","lastModifiedDate":"2022-01-17"},{"lineNumber":37,"author":{"gitId":"isabelteo"},"content":"                                .parseInt(command.substring(indexAfterCommand)) - 1);","lastModifiedDate":"2022-01-17"},{"lineNumber":38,"author":{"gitId":"isabelteo"},"content":"                //command.substring(6) cuts out the command \"mark \"","lastModifiedDate":"2022-01-16"},{"lineNumber":39,"author":{"gitId":"isabelteo"},"content":"            } else if (command.startsWith(\"unmark\")) {","lastModifiedDate":"2022-01-17"},{"lineNumber":40,"author":{"gitId":"isabelteo"},"content":"                //if command unmark is used,// then we mark the specified task as undone","lastModifiedDate":"2022-01-17"},{"lineNumber":41,"author":{"gitId":"isabelteo"},"content":"                int indexAfterCommand \u003d 7;","lastModifiedDate":"2022-01-17"},{"lineNumber":42,"author":{"gitId":"isabelteo"},"content":"                taskList \u003d taskList.unmark(Integer.parseInt(command.substring(indexAfterCommand)) - 1);","lastModifiedDate":"2022-01-17"},{"lineNumber":43,"author":{"gitId":"isabelteo"},"content":"                //command.substring(6) cuts out the command \"unmark \"","lastModifiedDate":"2022-01-16"},{"lineNumber":44,"author":{"gitId":"isabelteo"},"content":"            } else if (command.startsWith(\"todo\")) { //if not, just add task to taskList","lastModifiedDate":"2022-01-17"},{"lineNumber":45,"author":{"gitId":"isabelteo"},"content":"                int indexTaskName \u003d 5;","lastModifiedDate":"2022-01-17"},{"lineNumber":46,"author":{"gitId":"isabelteo"},"content":"                String taskName \u003d command.substring(indexTaskName);","lastModifiedDate":"2022-01-17"},{"lineNumber":47,"author":{"gitId":"isabelteo"},"content":"                Task newTask \u003d new Task(taskName);","lastModifiedDate":"2022-01-16"},{"lineNumber":48,"author":{"gitId":"isabelteo"},"content":"","lastModifiedDate":"2022-01-17"},{"lineNumber":49,"author":{"gitId":"isabelteo"},"content":"                //command.substring(5) cuts out the command","lastModifiedDate":"2022-01-16"},{"lineNumber":50,"author":{"gitId":"isabelteo"},"content":"                taskList \u003d taskList.add(newTask);","lastModifiedDate":"2022-01-17"},{"lineNumber":51,"author":{"gitId":"isabelteo"},"content":"                System.out.println(String.format(\"added: %s\", taskName));","lastModifiedDate":"2022-01-16"},{"lineNumber":52,"author":{"gitId":"isabelteo"},"content":"            } else {","lastModifiedDate":"2022-01-17"},{"lineNumber":53,"author":{"gitId":"isabelteo"},"content":"                System.out.println(\"Sorry I don\u0027t understand! :(\");","lastModifiedDate":"2022-01-16"},{"lineNumber":54,"author":{"gitId":"isabelteo"},"content":"            }","lastModifiedDate":"2022-01-16"},{"lineNumber":55,"author":{"gitId":"isabelteo"},"content":"            command \u003d in.nextLine();","lastModifiedDate":"2022-01-16"},{"lineNumber":56,"author":{"gitId":"isabelteo"},"content":"        }","lastModifiedDate":"2022-01-16"},{"lineNumber":57,"author":{"gitId":"isabelteo"},"content":"        System.out.println(String.format(\"Bye %s. See you again soon!\", name));","lastModifiedDate":"2022-01-16"},{"lineNumber":58,"author":{"gitId":"-"},"content":"    }","lastModifiedDate":"2019-07-29"},{"lineNumber":59,"author":{"gitId":"-"},"content":"}","lastModifiedDate":"2019-07-29"}],"authorContributionMap":{"-":19,"isabelteo":40}},{"path":"src/main/java/seedu/duke/Task.java","fileType":"java","lines":[{"lineNumber":1,"author":{"gitId":"isabelteo"},"content":"package seedu.duke;","lastModifiedDate":"2022-01-16"},{"lineNumber":2,"author":{"gitId":"isabelteo"},"content":"","lastModifiedDate":"2022-01-16"},{"lineNumber":3,"author":{"gitId":"isabelteo"},"content":"","lastModifiedDate":"2022-01-16"},{"lineNumber":4,"author":{"gitId":"isabelteo"},"content":"public class Task {","lastModifiedDate":"2022-01-16"},{"lineNumber":5,"author":{"gitId":"isabelteo"},"content":"    /**","lastModifiedDate":"2022-01-17"},{"lineNumber":6,"author":{"gitId":"isabelteo"},"content":"     * taskName refers to the name of the task.","lastModifiedDate":"2022-01-17"},{"lineNumber":7,"author":{"gitId":"isabelteo"},"content":"     */","lastModifiedDate":"2022-01-17"},{"lineNumber":8,"author":{"gitId":"isabelteo"},"content":"    private final String taskName;","lastModifiedDate":"2022-01-16"},{"lineNumber":9,"author":{"gitId":"isabelteo"},"content":"    /**","lastModifiedDate":"2022-01-17"},{"lineNumber":10,"author":{"gitId":"isabelteo"},"content":"     * done records if a task has been marked as complete.","lastModifiedDate":"2022-01-17"},{"lineNumber":11,"author":{"gitId":"isabelteo"},"content":"     */","lastModifiedDate":"2022-01-17"},{"lineNumber":12,"author":{"gitId":"isabelteo"},"content":"    private final boolean done;","lastModifiedDate":"2022-01-16"},{"lineNumber":13,"author":{"gitId":"isabelteo"},"content":"","lastModifiedDate":"2022-01-16"},{"lineNumber":14,"author":{"gitId":"isabelteo"},"content":"    /**","lastModifiedDate":"2022-01-16"},{"lineNumber":15,"author":{"gitId":"isabelteo"},"content":"     * Constructor for a task.","lastModifiedDate":"2022-01-17"},{"lineNumber":16,"author":{"gitId":"isabelteo"},"content":"     * @param name refers to the task name","lastModifiedDate":"2022-01-16"},{"lineNumber":17,"author":{"gitId":"isabelteo"},"content":"     */","lastModifiedDate":"2022-01-16"},{"lineNumber":18,"author":{"gitId":"isabelteo"},"content":"    Task(String name) {","lastModifiedDate":"2022-01-16"},{"lineNumber":19,"author":{"gitId":"isabelteo"},"content":"        this.taskName \u003d name;","lastModifiedDate":"2022-01-16"},{"lineNumber":20,"author":{"gitId":"isabelteo"},"content":"        this.done \u003d false;","lastModifiedDate":"2022-01-16"},{"lineNumber":21,"author":{"gitId":"isabelteo"},"content":"    }","lastModifiedDate":"2022-01-16"},{"lineNumber":22,"author":{"gitId":"isabelteo"},"content":"","lastModifiedDate":"2022-01-16"},{"lineNumber":23,"author":{"gitId":"isabelteo"},"content":"    /**","lastModifiedDate":"2022-01-16"},{"lineNumber":24,"author":{"gitId":"isabelteo"},"content":"     * Constructor for a task that consists of task name and boolean done for task status.","lastModifiedDate":"2022-01-17"},{"lineNumber":25,"author":{"gitId":"isabelteo"},"content":"     * @param name refers to the task name","lastModifiedDate":"2022-01-16"},{"lineNumber":26,"author":{"gitId":"isabelteo"},"content":"     * @param doneStatus refers to the boolean that tracks if a task is complete","lastModifiedDate":"2022-01-17"},{"lineNumber":27,"author":{"gitId":"isabelteo"},"content":"     */","lastModifiedDate":"2022-01-16"},{"lineNumber":28,"author":{"gitId":"isabelteo"},"content":"    Task(String name, boolean doneStatus) {","lastModifiedDate":"2022-01-17"},{"lineNumber":29,"author":{"gitId":"isabelteo"},"content":"        this.taskName \u003d name;","lastModifiedDate":"2022-01-16"},{"lineNumber":30,"author":{"gitId":"isabelteo"},"content":"        this.done \u003d doneStatus;","lastModifiedDate":"2022-01-17"},{"lineNumber":31,"author":{"gitId":"isabelteo"},"content":"    }","lastModifiedDate":"2022-01-16"},{"lineNumber":32,"author":{"gitId":"isabelteo"},"content":"","lastModifiedDate":"2022-01-16"},{"lineNumber":33,"author":{"gitId":"isabelteo"},"content":"    /**","lastModifiedDate":"2022-01-16"},{"lineNumber":34,"author":{"gitId":"isabelteo"},"content":"     * Checks whether the task has been completed.","lastModifiedDate":"2022-01-17"},{"lineNumber":35,"author":{"gitId":"isabelteo"},"content":"     * @return boolean of this done.","lastModifiedDate":"2022-01-17"},{"lineNumber":36,"author":{"gitId":"isabelteo"},"content":"     */","lastModifiedDate":"2022-01-16"},{"lineNumber":37,"author":{"gitId":"isabelteo"},"content":"    public boolean isDone() {","lastModifiedDate":"2022-01-16"},{"lineNumber":38,"author":{"gitId":"isabelteo"},"content":"        return done;","lastModifiedDate":"2022-01-16"},{"lineNumber":39,"author":{"gitId":"isabelteo"},"content":"    }","lastModifiedDate":"2022-01-16"},{"lineNumber":40,"author":{"gitId":"isabelteo"},"content":"","lastModifiedDate":"2022-01-16"},{"lineNumber":41,"author":{"gitId":"isabelteo"},"content":"    /**","lastModifiedDate":"2022-01-16"},{"lineNumber":42,"author":{"gitId":"isabelteo"},"content":"     * Marks task as done.","lastModifiedDate":"2022-01-17"},{"lineNumber":43,"author":{"gitId":"isabelteo"},"content":"     * @return new Task with boolean attribute \u0027done\u0027 being marked as true","lastModifiedDate":"2022-01-16"},{"lineNumber":44,"author":{"gitId":"isabelteo"},"content":"     */","lastModifiedDate":"2022-01-16"},{"lineNumber":45,"author":{"gitId":"isabelteo"},"content":"    Task completeTask() {","lastModifiedDate":"2022-01-16"},{"lineNumber":46,"author":{"gitId":"isabelteo"},"content":"        return new Task(this.taskName, true);","lastModifiedDate":"2022-01-16"},{"lineNumber":47,"author":{"gitId":"isabelteo"},"content":"    }","lastModifiedDate":"2022-01-16"},{"lineNumber":48,"author":{"gitId":"isabelteo"},"content":"","lastModifiedDate":"2022-01-16"},{"lineNumber":49,"author":{"gitId":"isabelteo"},"content":"    /**","lastModifiedDate":"2022-01-16"},{"lineNumber":50,"author":{"gitId":"isabelteo"},"content":"     * Marks task as undone.","lastModifiedDate":"2022-01-17"},{"lineNumber":51,"author":{"gitId":"isabelteo"},"content":"     * @return new Task with boolean attribute \u0027done\u0027 being marked as false","lastModifiedDate":"2022-01-16"},{"lineNumber":52,"author":{"gitId":"isabelteo"},"content":"     */","lastModifiedDate":"2022-01-16"},{"lineNumber":53,"author":{"gitId":"isabelteo"},"content":"    Task uncompleteTask() {","lastModifiedDate":"2022-01-16"},{"lineNumber":54,"author":{"gitId":"isabelteo"},"content":"        return new Task(this.taskName, false);","lastModifiedDate":"2022-01-16"},{"lineNumber":55,"author":{"gitId":"isabelteo"},"content":"    }","lastModifiedDate":"2022-01-16"},{"lineNumber":56,"author":{"gitId":"isabelteo"},"content":"","lastModifiedDate":"2022-01-16"},{"lineNumber":57,"author":{"gitId":"isabelteo"},"content":"    /**","lastModifiedDate":"2022-01-17"},{"lineNumber":58,"author":{"gitId":"isabelteo"},"content":"     * prints task.","lastModifiedDate":"2022-01-17"},{"lineNumber":59,"author":{"gitId":"isabelteo"},"content":"     * @return String with task type, status and name","lastModifiedDate":"2022-01-17"},{"lineNumber":60,"author":{"gitId":"isabelteo"},"content":"     */","lastModifiedDate":"2022-01-17"},{"lineNumber":61,"author":{"gitId":"isabelteo"},"content":"    @Override","lastModifiedDate":"2022-01-16"},{"lineNumber":62,"author":{"gitId":"isabelteo"},"content":"    public String toString() {","lastModifiedDate":"2022-01-16"},{"lineNumber":63,"author":{"gitId":"isabelteo"},"content":"        String marked \u003d this.isDone() ? \"X\" : \" \";","lastModifiedDate":"2022-01-16"},{"lineNumber":64,"author":{"gitId":"isabelteo"},"content":"        return String.format(\"[%s] %s\", marked, this.taskName);","lastModifiedDate":"2022-01-16"},{"lineNumber":65,"author":{"gitId":"isabelteo"},"content":"    }","lastModifiedDate":"2022-01-16"},{"lineNumber":66,"author":{"gitId":"isabelteo"},"content":"}","lastModifiedDate":"2022-01-16"}],"authorContributionMap":{"isabelteo":66}},{"path":"src/main/java/seedu/duke/TaskList.java","fileType":"java","lines":[{"lineNumber":1,"author":{"gitId":"isabelteo"},"content":"package seedu.duke;","lastModifiedDate":"2022-01-16"},{"lineNumber":2,"author":{"gitId":"isabelteo"},"content":"","lastModifiedDate":"2022-01-16"},{"lineNumber":3,"author":{"gitId":"isabelteo"},"content":"import java.util.Arrays;","lastModifiedDate":"2022-01-17"},{"lineNumber":4,"author":{"gitId":"isabelteo"},"content":"","lastModifiedDate":"2022-01-17"},{"lineNumber":5,"author":{"gitId":"isabelteo"},"content":"/**","lastModifiedDate":"2022-01-17"},{"lineNumber":6,"author":{"gitId":"isabelteo"},"content":" * TaskList is used to track all tasks taken in by Duke.","lastModifiedDate":"2022-01-17"},{"lineNumber":7,"author":{"gitId":"isabelteo"},"content":" */","lastModifiedDate":"2022-01-17"},{"lineNumber":8,"author":{"gitId":"isabelteo"},"content":"public class TaskList {","lastModifiedDate":"2022-01-16"},{"lineNumber":9,"author":{"gitId":"isabelteo"},"content":"    /**","lastModifiedDate":"2022-01-17"},{"lineNumber":10,"author":{"gitId":"isabelteo"},"content":"     * An array that contains all tasks that will be added.","lastModifiedDate":"2022-01-17"},{"lineNumber":11,"author":{"gitId":"isabelteo"},"content":"     */","lastModifiedDate":"2022-01-17"},{"lineNumber":12,"author":{"gitId":"isabelteo"},"content":"    private final Task[] tasks;","lastModifiedDate":"2022-01-16"},{"lineNumber":13,"author":{"gitId":"isabelteo"},"content":"    /**","lastModifiedDate":"2022-01-17"},{"lineNumber":14,"author":{"gitId":"isabelteo"},"content":"     * Keeps track of the next index in the task array to add to.","lastModifiedDate":"2022-01-17"},{"lineNumber":15,"author":{"gitId":"isabelteo"},"content":"     */","lastModifiedDate":"2022-01-17"},{"lineNumber":16,"author":{"gitId":"isabelteo"},"content":"    private final int nextIndexToAddTo;","lastModifiedDate":"2022-01-16"},{"lineNumber":17,"author":{"gitId":"isabelteo"},"content":"","lastModifiedDate":"2022-01-16"},{"lineNumber":18,"author":{"gitId":"isabelteo"},"content":"    /**","lastModifiedDate":"2022-01-17"},{"lineNumber":19,"author":{"gitId":"isabelteo"},"content":"     * Constructor for TaskList, with Task[] of size 1 to save space.","lastModifiedDate":"2022-01-17"},{"lineNumber":20,"author":{"gitId":"isabelteo"},"content":"     * Task[] size will expand with add().","lastModifiedDate":"2022-01-17"},{"lineNumber":21,"author":{"gitId":"isabelteo"},"content":"     */","lastModifiedDate":"2022-01-17"},{"lineNumber":22,"author":{"gitId":"isabelteo"},"content":"    TaskList() {","lastModifiedDate":"2022-01-16"},{"lineNumber":23,"author":{"gitId":"isabelteo"},"content":"        this.tasks \u003d new Task[1];","lastModifiedDate":"2022-01-17"},{"lineNumber":24,"author":{"gitId":"isabelteo"},"content":"        //create a task list of size 1 first and then expand as we add","lastModifiedDate":"2022-01-17"},{"lineNumber":25,"author":{"gitId":"isabelteo"},"content":"        this.nextIndexToAddTo \u003d 0;","lastModifiedDate":"2022-01-16"},{"lineNumber":26,"author":{"gitId":"isabelteo"},"content":"    }","lastModifiedDate":"2022-01-16"},{"lineNumber":27,"author":{"gitId":"isabelteo"},"content":"","lastModifiedDate":"2022-01-16"},{"lineNumber":28,"author":{"gitId":"isabelteo"},"content":"    /**","lastModifiedDate":"2022-01-17"},{"lineNumber":29,"author":{"gitId":"isabelteo"},"content":"     * Overloaded constructor.","lastModifiedDate":"2022-01-17"},{"lineNumber":30,"author":{"gitId":"isabelteo"},"content":"     * @param tasks is a Task[] with tasks","lastModifiedDate":"2022-01-17"},{"lineNumber":31,"author":{"gitId":"isabelteo"},"content":"     * @param nextIndex specifies where the next task will be added in Task[]","lastModifiedDate":"2022-01-17"},{"lineNumber":32,"author":{"gitId":"isabelteo"},"content":"     */","lastModifiedDate":"2022-01-17"},{"lineNumber":33,"author":{"gitId":"isabelteo"},"content":"    TaskList(Task[] tasks, int nextIndex) {","lastModifiedDate":"2022-01-17"},{"lineNumber":34,"author":{"gitId":"isabelteo"},"content":"        this.tasks \u003d tasks;","lastModifiedDate":"2022-01-16"},{"lineNumber":35,"author":{"gitId":"isabelteo"},"content":"        this.nextIndexToAddTo \u003d nextIndex;","lastModifiedDate":"2022-01-17"},{"lineNumber":36,"author":{"gitId":"isabelteo"},"content":"    }","lastModifiedDate":"2022-01-16"},{"lineNumber":37,"author":{"gitId":"isabelteo"},"content":"","lastModifiedDate":"2022-01-16"},{"lineNumber":38,"author":{"gitId":"isabelteo"},"content":"    /**","lastModifiedDate":"2022-01-17"},{"lineNumber":39,"author":{"gitId":"isabelteo"},"content":"     * Used to print all tasks in Task[] when command \"list\" is called in Duke.","lastModifiedDate":"2022-01-17"},{"lineNumber":40,"author":{"gitId":"isabelteo"},"content":"     */","lastModifiedDate":"2022-01-17"},{"lineNumber":41,"author":{"gitId":"isabelteo"},"content":"    void printTasks() {","lastModifiedDate":"2022-01-16"},{"lineNumber":42,"author":{"gitId":"isabelteo"},"content":"        for (int i \u003d 0; i \u003c nextIndexToAddTo; i++) {","lastModifiedDate":"2022-01-16"},{"lineNumber":43,"author":{"gitId":"isabelteo"},"content":"            System.out.println(String","lastModifiedDate":"2022-01-17"},{"lineNumber":44,"author":{"gitId":"isabelteo"},"content":"                    .format(\"%d . %s\", i + 1, this.tasks[i].toString()));","lastModifiedDate":"2022-01-17"},{"lineNumber":45,"author":{"gitId":"isabelteo"},"content":"        }","lastModifiedDate":"2022-01-16"},{"lineNumber":46,"author":{"gitId":"isabelteo"},"content":"    }","lastModifiedDate":"2022-01-16"},{"lineNumber":47,"author":{"gitId":"isabelteo"},"content":"","lastModifiedDate":"2022-01-16"},{"lineNumber":48,"author":{"gitId":"isabelteo"},"content":"    /**","lastModifiedDate":"2022-01-17"},{"lineNumber":49,"author":{"gitId":"isabelteo"},"content":"     * Used to preserve immutability.","lastModifiedDate":"2022-01-17"},{"lineNumber":50,"author":{"gitId":"isabelteo"},"content":"     * @param size for size of array","lastModifiedDate":"2022-01-17"},{"lineNumber":51,"author":{"gitId":"isabelteo"},"content":"     * @return Task[] of a specific size with this.tasks copied over","lastModifiedDate":"2022-01-17"},{"lineNumber":52,"author":{"gitId":"isabelteo"},"content":"     */","lastModifiedDate":"2022-01-17"},{"lineNumber":53,"author":{"gitId":"isabelteo"},"content":"    Task[] copyTaskList(int size) {","lastModifiedDate":"2022-01-17"},{"lineNumber":54,"author":{"gitId":"isabelteo"},"content":"        return Arrays.copyOf(this.tasks, size);","lastModifiedDate":"2022-01-17"},{"lineNumber":55,"author":{"gitId":"isabelteo"},"content":"    }","lastModifiedDate":"2022-01-17"},{"lineNumber":56,"author":{"gitId":"isabelteo"},"content":"","lastModifiedDate":"2022-01-17"},{"lineNumber":57,"author":{"gitId":"isabelteo"},"content":"    /**","lastModifiedDate":"2022-01-17"},{"lineNumber":58,"author":{"gitId":"isabelteo"},"content":"     * Marks a task as done.","lastModifiedDate":"2022-01-17"},{"lineNumber":59,"author":{"gitId":"isabelteo"},"content":"     * @param index where task to be marked is at in TaskList","lastModifiedDate":"2022-01-17"},{"lineNumber":60,"author":{"gitId":"isabelteo"},"content":"     * @return TaskList with updated Task[]","lastModifiedDate":"2022-01-17"},{"lineNumber":61,"author":{"gitId":"isabelteo"},"content":"     */","lastModifiedDate":"2022-01-17"},{"lineNumber":62,"author":{"gitId":"isabelteo"},"content":"    TaskList mark(int index) {","lastModifiedDate":"2022-01-17"},{"lineNumber":63,"author":{"gitId":"isabelteo"},"content":"        if (index \u003e this.nextIndexToAddTo - 1 || index \u003c 0) {","lastModifiedDate":"2022-01-16"},{"lineNumber":64,"author":{"gitId":"isabelteo"},"content":"            System.out","lastModifiedDate":"2022-01-17"},{"lineNumber":65,"author":{"gitId":"isabelteo"},"content":"                    .println(\"Not so fast! I don\u0027t think that task exists! See for yourself\");","lastModifiedDate":"2022-01-17"},{"lineNumber":66,"author":{"gitId":"isabelteo"},"content":"            this.printTasks();","lastModifiedDate":"2022-01-16"},{"lineNumber":67,"author":{"gitId":"isabelteo"},"content":"            return this;","lastModifiedDate":"2022-01-17"},{"lineNumber":68,"author":{"gitId":"isabelteo"},"content":"        } else {","lastModifiedDate":"2022-01-16"},{"lineNumber":69,"author":{"gitId":"isabelteo"},"content":"            Task taskToUpdate \u003d this.tasks[index];","lastModifiedDate":"2022-01-16"},{"lineNumber":70,"author":{"gitId":"isabelteo"},"content":"            if (taskToUpdate.isDone()) {","lastModifiedDate":"2022-01-17"},{"lineNumber":71,"author":{"gitId":"isabelteo"},"content":"                System.out","lastModifiedDate":"2022-01-17"},{"lineNumber":72,"author":{"gitId":"isabelteo"},"content":"                        .println(\"Oh hmm...you finished it already though...what a trooper!\");","lastModifiedDate":"2022-01-17"},{"lineNumber":73,"author":{"gitId":"isabelteo"},"content":"                return this;","lastModifiedDate":"2022-01-17"},{"lineNumber":74,"author":{"gitId":"isabelteo"},"content":"            }","lastModifiedDate":"2022-01-17"},{"lineNumber":75,"author":{"gitId":"isabelteo"},"content":"            Task newTask \u003d taskToUpdate.completeTask();","lastModifiedDate":"2022-01-16"},{"lineNumber":76,"author":{"gitId":"isabelteo"},"content":"","lastModifiedDate":"2022-01-17"},{"lineNumber":77,"author":{"gitId":"isabelteo"},"content":"            //create same size array since we are just adjusting values in the same array","lastModifiedDate":"2022-01-17"},{"lineNumber":78,"author":{"gitId":"isabelteo"},"content":"            Task[] newTasks \u003d this.copyTaskList(this.tasks.length);","lastModifiedDate":"2022-01-17"},{"lineNumber":79,"author":{"gitId":"isabelteo"},"content":"            newTasks[index] \u003d newTask;","lastModifiedDate":"2022-01-17"},{"lineNumber":80,"author":{"gitId":"isabelteo"},"content":"","lastModifiedDate":"2022-01-17"},{"lineNumber":81,"author":{"gitId":"isabelteo"},"content":"            System.out.println(String","lastModifiedDate":"2022-01-17"},{"lineNumber":82,"author":{"gitId":"isabelteo"},"content":"                    .format(\"Nice! I\u0027ve marked this task as done:\\n %s\", newTask.toString()));","lastModifiedDate":"2022-01-17"},{"lineNumber":83,"author":{"gitId":"isabelteo"},"content":"","lastModifiedDate":"2022-01-17"},{"lineNumber":84,"author":{"gitId":"isabelteo"},"content":"            return new TaskList(newTasks, this.nextIndexToAddTo);","lastModifiedDate":"2022-01-17"},{"lineNumber":85,"author":{"gitId":"isabelteo"},"content":"","lastModifiedDate":"2022-01-17"},{"lineNumber":86,"author":{"gitId":"isabelteo"},"content":"        }","lastModifiedDate":"2022-01-16"},{"lineNumber":87,"author":{"gitId":"isabelteo"},"content":"    }","lastModifiedDate":"2022-01-16"},{"lineNumber":88,"author":{"gitId":"isabelteo"},"content":"","lastModifiedDate":"2022-01-16"},{"lineNumber":89,"author":{"gitId":"isabelteo"},"content":"    /**","lastModifiedDate":"2022-01-17"},{"lineNumber":90,"author":{"gitId":"isabelteo"},"content":"     * Marks a task as undone.","lastModifiedDate":"2022-01-17"},{"lineNumber":91,"author":{"gitId":"isabelteo"},"content":"     * @param index where the task to be unmarked is at in TaskList","lastModifiedDate":"2022-01-17"},{"lineNumber":92,"author":{"gitId":"isabelteo"},"content":"     * @return TaskList with updated Task[]","lastModifiedDate":"2022-01-17"},{"lineNumber":93,"author":{"gitId":"isabelteo"},"content":"     */","lastModifiedDate":"2022-01-17"},{"lineNumber":94,"author":{"gitId":"isabelteo"},"content":"    TaskList unmark(int index) {","lastModifiedDate":"2022-01-17"},{"lineNumber":95,"author":{"gitId":"isabelteo"},"content":"        if (index \u003e this.nextIndexToAddTo - 1 || index \u003c 0) {","lastModifiedDate":"2022-01-16"},{"lineNumber":96,"author":{"gitId":"isabelteo"},"content":"            System.out.println(\"Not so fast! I don\u0027t think that task exists! See for yourself\");","lastModifiedDate":"2022-01-16"},{"lineNumber":97,"author":{"gitId":"isabelteo"},"content":"            this.printTasks();","lastModifiedDate":"2022-01-16"},{"lineNumber":98,"author":{"gitId":"isabelteo"},"content":"            return this;","lastModifiedDate":"2022-01-17"},{"lineNumber":99,"author":{"gitId":"isabelteo"},"content":"        } else {","lastModifiedDate":"2022-01-16"},{"lineNumber":100,"author":{"gitId":"isabelteo"},"content":"            Task taskToUpdate \u003d this.tasks[index];","lastModifiedDate":"2022-01-16"},{"lineNumber":101,"author":{"gitId":"isabelteo"},"content":"            if (!taskToUpdate.isDone()) { //if task is already unmarked","lastModifiedDate":"2022-01-17"},{"lineNumber":102,"author":{"gitId":"isabelteo"},"content":"                System.out","lastModifiedDate":"2022-01-17"},{"lineNumber":103,"author":{"gitId":"isabelteo"},"content":"                        .println(\"It seems like you haven\u0027t marked it as done yet...\");","lastModifiedDate":"2022-01-17"},{"lineNumber":104,"author":{"gitId":"isabelteo"},"content":"                return this;","lastModifiedDate":"2022-01-17"},{"lineNumber":105,"author":{"gitId":"isabelteo"},"content":"            }","lastModifiedDate":"2022-01-17"},{"lineNumber":106,"author":{"gitId":"isabelteo"},"content":"            Task newTask \u003d taskToUpdate.uncompleteTask();","lastModifiedDate":"2022-01-16"},{"lineNumber":107,"author":{"gitId":"isabelteo"},"content":"            Task[] newTasks \u003d this.copyTaskList(this.tasks.length);","lastModifiedDate":"2022-01-17"},{"lineNumber":108,"author":{"gitId":"isabelteo"},"content":"            newTasks[index] \u003d newTask;","lastModifiedDate":"2022-01-17"},{"lineNumber":109,"author":{"gitId":"isabelteo"},"content":"","lastModifiedDate":"2022-01-17"},{"lineNumber":110,"author":{"gitId":"isabelteo"},"content":"            System.out.println(String","lastModifiedDate":"2022-01-17"},{"lineNumber":111,"author":{"gitId":"isabelteo"},"content":"                    .format(\"OK, I\u0027ve marked this task as not done yet:\\n %s\", newTask.toString()));","lastModifiedDate":"2022-01-17"},{"lineNumber":112,"author":{"gitId":"isabelteo"},"content":"","lastModifiedDate":"2022-01-17"},{"lineNumber":113,"author":{"gitId":"isabelteo"},"content":"            return new TaskList(newTasks, this.nextIndexToAddTo);","lastModifiedDate":"2022-01-17"},{"lineNumber":114,"author":{"gitId":"isabelteo"},"content":"        }","lastModifiedDate":"2022-01-16"},{"lineNumber":115,"author":{"gitId":"isabelteo"},"content":"    }","lastModifiedDate":"2022-01-16"},{"lineNumber":116,"author":{"gitId":"isabelteo"},"content":"","lastModifiedDate":"2022-01-16"},{"lineNumber":117,"author":{"gitId":"isabelteo"},"content":"    /**","lastModifiedDate":"2022-01-17"},{"lineNumber":118,"author":{"gitId":"isabelteo"},"content":"     * Adds tasks to TaskList.","lastModifiedDate":"2022-01-17"},{"lineNumber":119,"author":{"gitId":"isabelteo"},"content":"     * @param task to be added to TaskList","lastModifiedDate":"2022-01-17"},{"lineNumber":120,"author":{"gitId":"isabelteo"},"content":"     * @return new TaskList with increased size to accomodate newTask","lastModifiedDate":"2022-01-17"},{"lineNumber":121,"author":{"gitId":"isabelteo"},"content":"     */","lastModifiedDate":"2022-01-17"},{"lineNumber":122,"author":{"gitId":"isabelteo"},"content":"    TaskList add(Task task) {","lastModifiedDate":"2022-01-17"},{"lineNumber":123,"author":{"gitId":"isabelteo"},"content":"        //increase size of taskList by 1","lastModifiedDate":"2022-01-17"},{"lineNumber":124,"author":{"gitId":"isabelteo"},"content":"        Task[] newTasks \u003d this.copyTaskList(this.tasks.length + 1);","lastModifiedDate":"2022-01-17"},{"lineNumber":125,"author":{"gitId":"isabelteo"},"content":"        newTasks[nextIndexToAddTo] \u003d task;","lastModifiedDate":"2022-01-17"},{"lineNumber":126,"author":{"gitId":"isabelteo"},"content":"        return new TaskList(newTasks, this.nextIndexToAddTo + 1);","lastModifiedDate":"2022-01-17"},{"lineNumber":127,"author":{"gitId":"isabelteo"},"content":"    }","lastModifiedDate":"2022-01-16"},{"lineNumber":128,"author":{"gitId":"isabelteo"},"content":"","lastModifiedDate":"2022-01-16"},{"lineNumber":129,"author":{"gitId":"isabelteo"},"content":"}","lastModifiedDate":"2022-01-16"}],"authorContributionMap":{"isabelteo":129}}]
