{"authorDailyContributionsMap":{"Oddcorner":[{"date":"2022-01-19","commitResults":[{"hash":"2b8b5fd344f2ecf226f9eefde680a75eed13fbd1","messageTitle":"Update Duke.java","messageBody":"","tags":["Level-1"],"fileTypesAndContributionMap":{"java":{"insertions":23,"deletions":6}}},{"hash":"4837d84efc6d09f374bee683f96bb902ae41e997","messageTitle":"Add list feature","messageBody":"","tags":["Level-2"],"fileTypesAndContributionMap":{"java":{"insertions":24,"deletions":2}}},{"hash":"40c624dd88136f70ee1ebceaf681c6c766edff93","messageTitle":"Add Task.java","messageBody":"","fileTypesAndContributionMap":{"java":{"insertions":21,"deletions":0}}},{"hash":"72ef2129eca29267cb8ba92e8f80eda0d91d7fd7","messageTitle":"Add \"Mark as done\" feature","messageBody":"","tags":["Level-3"],"fileTypesAndContributionMap":{"java":{"insertions":59,"deletions":7}}}]},{"date":"2022-01-20","commitResults":[{"hash":"53053e71e22a441c9a8a2c86aad9370f502b71cf","messageTitle":"Add Deadline.java, Event.java, Todo.java","messageBody":"","fileTypesAndContributionMap":{"java":{"insertions":35,"deletions":0}}},{"hash":"82538ad1b14489721035cc2fed3f47c152b31375","messageTitle":"Update Duke.java to handle new Tasks Types","messageBody":"","tags":["Level-4"],"fileTypesAndContributionMap":{"java":{"insertions":24,"deletions":3}}},{"hash":"71488194fa0a3f3b3cdfa68979bb6b2dc6629b9d","messageTitle":"Change line break design","messageBody":"","fileTypesAndContributionMap":{"java":{"insertions":1,"deletions":1}}},{"hash":"2d5c0f01700e4bd09f14d4f41e5b98865b752cd2","messageTitle":"Add ui-test files","messageBody":"","tags":["A-TextUiTesting"],"fileTypesAndContributionMap":{"txt":{"insertions":10,"deletions":0}}},{"hash":"68e4ca94ac8c5209fb7779f40ded01e6c7624eae","messageTitle":"Add exception handling of user inputs","messageBody":"","tags":["Level-5"],"fileTypesAndContributionMap":{"java":{"insertions":27,"deletions":20}}},{"hash":"9a6abb8ff634f7fc178546c41ecf698b48ea6ff7","messageTitle":"Add delete function","messageBody":"","tags":["Level-6"],"fileTypesAndContributionMap":{"java":{"insertions":22,"deletions":0}}}]}]},"authorFileTypeContributionMap":{"Oddcorner":{"java":202,"md":0,"fxml":0,"sh":0,"bat":0,"gradle":0,"txt":10}},"authorContributionVariance":{"Oddcorner":4144.204},"authorDisplayNameMap":{"Oddcorner":"NG G..OBIN"}}
