{"authorDailyContributionsMap":{"Oddcorner":[{"date":"2022-01-19","commitResults":[{"hash":"2b8b5fd344f2ecf226f9eefde680a75eed13fbd1","messageTitle":"Update Duke.java","messageBody":"","tags":["Level-1"],"fileTypesAndContributionMap":{"java":{"insertions":23,"deletions":6}}},{"hash":"4837d84efc6d09f374bee683f96bb902ae41e997","messageTitle":"Add list feature","messageBody":"","tags":["Level-2"],"fileTypesAndContributionMap":{"java":{"insertions":24,"deletions":2}}},{"hash":"40c624dd88136f70ee1ebceaf681c6c766edff93","messageTitle":"Add Task.java","messageBody":"","fileTypesAndContributionMap":{"java":{"insertions":21,"deletions":0}}},{"hash":"72ef2129eca29267cb8ba92e8f80eda0d91d7fd7","messageTitle":"Add \"Mark as done\" feature","messageBody":"","tags":["Level-3"],"fileTypesAndContributionMap":{"java":{"insertions":59,"deletions":7}}}]},{"date":"2022-01-20","commitResults":[{"hash":"53053e71e22a441c9a8a2c86aad9370f502b71cf","messageTitle":"Add Deadline.java, Event.java, Todo.java","messageBody":"","fileTypesAndContributionMap":{"java":{"insertions":35,"deletions":0}}},{"hash":"82538ad1b14489721035cc2fed3f47c152b31375","messageTitle":"Update Duke.java to handle new Tasks Types","messageBody":"","tags":["Level-4"],"fileTypesAndContributionMap":{"java":{"insertions":24,"deletions":3}}},{"hash":"71488194fa0a3f3b3cdfa68979bb6b2dc6629b9d","messageTitle":"Change line break design","messageBody":"","fileTypesAndContributionMap":{"java":{"insertions":1,"deletions":1}}},{"hash":"2d5c0f01700e4bd09f14d4f41e5b98865b752cd2","messageTitle":"Add ui-test files","messageBody":"","tags":["A-TextUiTesting"],"fileTypesAndContributionMap":{"txt":{"insertions":10,"deletions":0}}},{"hash":"68e4ca94ac8c5209fb7779f40ded01e6c7624eae","messageTitle":"Add exception handling of user inputs","messageBody":"","tags":["Level-5"],"fileTypesAndContributionMap":{"java":{"insertions":27,"deletions":20}}},{"hash":"9a6abb8ff634f7fc178546c41ecf698b48ea6ff7","messageTitle":"Add delete function","messageBody":"","tags":["Level-6"],"fileTypesAndContributionMap":{"java":{"insertions":22,"deletions":0}}},{"hash":"5663ff82d058b3178f2d7a584f4a6d11a4469395","messageTitle":"Refactor Duke.java","messageBody":"","fileTypesAndContributionMap":{"java":{"insertions":110,"deletions":102}}}]},{"date":"2022-01-23","commitResults":[{"hash":"4166b28a6b35916992e010afbafdca2ad65831e2","messageTitle":"Add \"Save/Load\" of list data","messageBody":"Currently the Arraylist of Tasks in Duke.java is lost after the program exits.\n\nThis makes the program vulnerable to power loss and accidental exits.\n\nTherefore this commit updates Duke.java to save the Arraylist data to \"data/data.bin\" and load from it if the file exists on start.\nIt also updates Task.java to make the class implement Serailizable for this purpose.\n","fileTypesAndContributionMap":{"java":{"insertions":41,"deletions":1}}},{"hash":"a18141b8dbc86c4281d475ffc6edbb6aa237c0ce","messageTitle":"Fix \"directory not found\"","messageBody":"","fileTypesAndContributionMap":{"java":{"insertions":1,"deletions":0}}},{"hash":"e902b74ac3173c4270f9acdc11136e0cae3e191e","messageTitle":"Update Deadline.java to store dates as LocalDate","messageBody":"Currently deadline task stores dates as a String type.\n\nThis allows for undesirable inputs as format is not enforced.\n\nThis commit changes this String field to a LocalDate type, allowing for more functionality in the future\n","fileTypesAndContributionMap":{"java":{"insertions":15,"deletions":5}}}]},{"date":"2022-01-28","commitResults":[{"hash":"63fd3bb41f524db2398288ff6f0810cb167323bf","messageTitle":"Add Command class and its subclasses","messageBody":"Currently all the functionality of the program is handled internally in\nDuke.java\n\nThis  increases the difficultly in adding and editing commands while\nmaintaining code correctness.\n\nTherefore, this commit will add a new Command class as well as sub\nclasses for the various commands to make the project more\nObject oriented.\n","fileTypesAndContributionMap":{"java":{"insertions":143,"deletions":0}}},{"hash":"74d160030ca3ac4f789fb4be8178cd24ba3b862f","messageTitle":"Add Parser.java","messageBody":"This is a new class that handles parsing String input from users and\nreturns the appropriate Command object.\n","fileTypesAndContributionMap":{"java":{"insertions":57,"deletions":0}}},{"hash":"db79cc692b27eb44d231a90dd547014b65f20e58","messageTitle":"Add Storage.java","messageBody":"This class contains the functions to handle the storage and retrieval of\nthe task list.\n","fileTypesAndContributionMap":{"java":{"insertions":50,"deletions":0}}},{"hash":"35e4ff9859555d0e70a813cc08e60319ddb952b0","messageTitle":"Add TaskList.java","messageBody":"","fileTypesAndContributionMap":{"java":{"insertions":48,"deletions":0}}},{"hash":"7b9a86f8ef7b4405e9a6ab20e78b2a5ce6079ea4","messageTitle":"Add Ui.java","messageBody":"Class that defines and prints messages to the screen.\n","fileTypesAndContributionMap":{"java":{"insertions":61,"deletions":0}}},{"hash":"e01d0bec95a3a5591e0430347bef3eb7634399fb","messageTitle":"Refactor Duke.java","messageBody":"Duke class handles all the logic in the program from parsing, storage,\nprinting, and managing an internal list of Tasks.\n\nAdding new features will prove challenging as the project grows.\n\nLet\u0027s separate the functionality of Duke into individual classes\nfollowing a more OOP design.\n","tags":["A-MoreOOP"],"fileTypesAndContributionMap":{"txt":{"insertions":7,"deletions":1},"java":{"insertions":36,"deletions":192}}},{"hash":"350538d34b5072d0ef6df70b162270178cb39567","messageTitle":"Move classes into suitable java packages","messageBody":"","tags":["A-Packages"],"fileTypesAndContributionMap":{"java":{"insertions":94,"deletions":2}}}]},{"date":"2022-01-29","commitResults":[{"hash":"4325ab05290356afaa7c9ab7002a56a6eb8a69bc","messageTitle":"Add JUnit tests","messageBody":"","tags":["A-Jar","A-JUnit"],"fileTypesAndContributionMap":{"java":{"insertions":104,"deletions":0}}},{"hash":"33e24ddecc3daeb312821836bd311c9031c83c86","messageTitle":"Add JavaDoc comments","messageBody":"","fileTypesAndContributionMap":{"java":{"insertions":175,"deletions":0}}},{"hash":"24bdf4a7861340ea7b2299f05fca0cfcaac02640","messageTitle":"Tweak code to comply with coding standard","messageBody":"","fileTypesAndContributionMap":{"java":{"insertions":80,"deletions":68}}},{"hash":"e4b8ab1c616ebd7ef750dc3d11342e3c11c4ea97","messageTitle":"Add FindCommand.java","messageBody":"Task list can get arbitrarily long as users add more tasks.\n\nThis makes locating the index of a desired task challenging.\n\nLet\u0027s,\n* add a new command class called FindCommand that allows users\nto search for tasks that is in the task list.\n* update Ui.java to support new messages generated by this command.\n* update Parser.java to parse user input \"find\" to the new command.\n","fileTypesAndContributionMap":{"java":{"insertions":49,"deletions":0}}}]},{"date":"2022-02-01","commitResults":[{"hash":"29a401197f59294dce58a03c0731641956e69659","messageTitle":"Add Gradle support","messageBody":"","fileTypesAndContributionMap":{"gradle":{"insertions":1,"deletions":1},"java":{"insertions":7,"deletions":5}}}]},{"date":"2022-02-04","commitResults":[{"hash":"76e343131ed208406105eade7b3393e1174c58be","messageTitle":"Add GUI for Duke","messageBody":"Duke only supports a text based UI.\n\nThis makes the program unappealing and dull to use as it is hard\nto convey character through text alone.\n\nA GUI helps make the program more appealing to use and allows for\ncreative design choices in the future.\n\nLet\u0027s do the following to add a GUI for Duke using JavaFX,\n* Modify the Command classes to allow them to modify StringBuilder\nobjects.\n* Move Duke.java into the duke package.\n* Change the return type of Ui methods from void to String to pass\nto the new GUI classes to display.\n* Modify UiTest.java to reflect the changes made in Ui.java.\n* Add new GUI classes: Main, Launcher, DialogBox, MainWindow.\n","fileTypesAndContributionMap":{"gradle":{"insertions":15,"deletions":6},"fxml":{"insertions":47,"deletions":0},"java":{"insertions":297,"deletions":122}}}]},{"date":"2022-02-09","commitResults":[{"hash":"3def419bf1248f892dfea9dca139241b328b5a1e","messageTitle":"Add java assertions","messageBody":"","fileTypesAndContributionMap":{"gradle":{"insertions":1,"deletions":0},"java":{"insertions":13,"deletions":0}}},{"hash":"818cb2a32061351f16bee7176698c81b712e42ea","messageTitle":"Refactor Command classes","messageBody":"Several command classes do not follow code quality guidelines\nhindering the readability of the code.\n\nBy refactoring these command classes following some good code\nquality principles, we can improve the readability and\nmaintainability of the code.\n\nLet\u0027s,\n* Extract the method for checking out of bounds index in:\n  * DeleteCommand.java\n  * MarkCommand.java\n  * UnmarkCommand.java\n* Extract the method for getting search results in FindCommand.java\nto follow SLAP\n","tags":["A-FullCommitMessage"],"fileTypesAndContributionMap":{"java":{"insertions":41,"deletions":21}}},{"hash":"b2400d46002107edd7f7463aaefc0f63fd7032c3","messageTitle":"Refactor DialogBox.java","messageBody":"","fileTypesAndContributionMap":{"java":{"insertions":6,"deletions":3}}}]},{"date":"2022-02-14","commitResults":[{"hash":"dde15dc9a33e91b39fc2c6424c10e397d6652dbe","messageTitle":"Add help command","messageBody":"","fileTypesAndContributionMap":{"java":{"insertions":100,"deletions":0}}}]},{"date":"2022-02-16","commitResults":[{"hash":"96cb533c5ba92eee2af3f6e646d37d75ecb104a6","messageTitle":"Refactor: Change name from Duke to Taskie","messageBody":"","fileTypesAndContributionMap":{"gradle":{"insertions":1,"deletions":1},"fxml":{"insertions":1,"deletions":1},"java":{"insertions":106,"deletions":111}}},{"hash":"bd9e8c43241541dc143ad98353a921fdbc3795a6","messageTitle":"Update README.md","messageBody":"","tags":["A-UserGuide"],"fileTypesAndContributionMap":{"md":{"insertions":162,"deletions":8}}}]}]},"authorFileTypeContributionMap":{"Oddcorner":{"java":1206,"md":162,"fxml":47,"sh":0,"bat":0,"gradle":17,"txt":24}},"authorContributionVariance":{"Oddcorner":30307.004},"authorDisplayNameMap":{"Oddcorner":"CS2103T-T17-2 NG G..OBIN"}}
