[{"path":"src/main/java/Bobby.java","fileType":"java","lines":[{"lineNumber":1,"author":{"gitId":"YiFei2"},"content":"import java.io.FileNotFoundException;","lastModifiedDate":"2022-01-29"},{"lineNumber":2,"author":{"gitId":"YiFei2"},"content":"import java.io.IOException;","lastModifiedDate":"2022-01-28"},{"lineNumber":3,"author":{"gitId":"YiFei2"},"content":"import java.util.Locale;","lastModifiedDate":"2022-01-28"},{"lineNumber":4,"author":{"gitId":"YiFei2"},"content":"import java.util.Scanner;","lastModifiedDate":"2022-01-18"},{"lineNumber":5,"author":{"gitId":"YiFei2"},"content":"import java.util.ArrayList;","lastModifiedDate":"2022-01-18"},{"lineNumber":6,"author":{"gitId":"YiFei2"},"content":"import java.io.IOException;","lastModifiedDate":"2022-01-28"},{"lineNumber":7,"author":{"gitId":"YiFei2"},"content":"import java.io.FileNotFoundException;","lastModifiedDate":"2022-01-29"},{"lineNumber":8,"author":{"gitId":"YiFei2"},"content":"import java.io.FileWriter;","lastModifiedDate":"2022-01-28"},{"lineNumber":9,"author":{"gitId":"YiFei2"},"content":"import java.io.File;","lastModifiedDate":"2022-01-28"},{"lineNumber":10,"author":{"gitId":"YiFei2"},"content":"import java.time.LocalDate;","lastModifiedDate":"2022-01-29"},{"lineNumber":11,"author":{"gitId":"YiFei2"},"content":"import java.time.format.DateTimeFormatter;","lastModifiedDate":"2022-01-29"},{"lineNumber":12,"author":{"gitId":"YiFei2"},"content":"","lastModifiedDate":"2022-01-18"},{"lineNumber":13,"author":{"gitId":"YiFei2"},"content":"public class Bobby {","lastModifiedDate":"2022-01-18"},{"lineNumber":14,"author":{"gitId":"YiFei2"},"content":"    private static ArrayList\u003cTask\u003e taskArray \u003d new ArrayList\u003cTask\u003e();","lastModifiedDate":"2022-01-29"},{"lineNumber":15,"author":{"gitId":"YiFei2"},"content":"","lastModifiedDate":"2022-01-19"},{"lineNumber":16,"author":{"gitId":"YiFei2"},"content":"    private static void updateFile() throws IOException {","lastModifiedDate":"2022-01-29"},{"lineNumber":17,"author":{"gitId":"YiFei2"},"content":"        FileWriter fw \u003d new FileWriter(\"bobby.txt\");","lastModifiedDate":"2022-01-29"},{"lineNumber":18,"author":{"gitId":"YiFei2"},"content":"        for (int i \u003d 0; i \u003c taskArray.size(); i++) {","lastModifiedDate":"2022-01-29"},{"lineNumber":19,"author":{"gitId":"YiFei2"},"content":"            Task t \u003d taskArray.get(i);","lastModifiedDate":"2022-01-29"},{"lineNumber":20,"author":{"gitId":"YiFei2"},"content":"            t.writeToFile(fw);","lastModifiedDate":"2022-01-29"},{"lineNumber":21,"author":{"gitId":"YiFei2"},"content":"        }","lastModifiedDate":"2022-01-29"},{"lineNumber":22,"author":{"gitId":"YiFei2"},"content":"        fw.close();","lastModifiedDate":"2022-01-29"},{"lineNumber":23,"author":{"gitId":"YiFei2"},"content":"    }","lastModifiedDate":"2022-01-29"},{"lineNumber":24,"author":{"gitId":"YiFei2"},"content":"","lastModifiedDate":"2022-01-29"},{"lineNumber":25,"author":{"gitId":"YiFei2"},"content":"    private static void loadFile(File file) throws FileNotFoundException {","lastModifiedDate":"2022-01-29"},{"lineNumber":26,"author":{"gitId":"YiFei2"},"content":"        Scanner s \u003d new Scanner(file);","lastModifiedDate":"2022-01-29"},{"lineNumber":27,"author":{"gitId":"YiFei2"},"content":"        while (s.hasNext()) {","lastModifiedDate":"2022-01-29"},{"lineNumber":28,"author":{"gitId":"YiFei2"},"content":"            //System.out.println(s.nextLine());","lastModifiedDate":"2022-01-29"},{"lineNumber":29,"author":{"gitId":"YiFei2"},"content":"            String line \u003d s.nextLine();","lastModifiedDate":"2022-01-29"},{"lineNumber":30,"author":{"gitId":"YiFei2"},"content":"            String[] inputs \u003d line.split(\" ; \");","lastModifiedDate":"2022-01-29"},{"lineNumber":31,"author":{"gitId":"YiFei2"},"content":"            switch (inputs[0]) {","lastModifiedDate":"2022-01-29"},{"lineNumber":32,"author":{"gitId":"YiFei2"},"content":"            case \"T\":","lastModifiedDate":"2022-01-29"},{"lineNumber":33,"author":{"gitId":"YiFei2"},"content":"                Todo newToDo \u003d new Todo(inputs[2]);","lastModifiedDate":"2022-01-29"},{"lineNumber":34,"author":{"gitId":"YiFei2"},"content":"                if (inputs[1].equals(\"true\")) {","lastModifiedDate":"2022-01-29"},{"lineNumber":35,"author":{"gitId":"YiFei2"},"content":"                    newToDo.markAsDone();","lastModifiedDate":"2022-01-29"},{"lineNumber":36,"author":{"gitId":"YiFei2"},"content":"                }","lastModifiedDate":"2022-01-29"},{"lineNumber":37,"author":{"gitId":"YiFei2"},"content":"                taskArray.add(newToDo);","lastModifiedDate":"2022-01-29"},{"lineNumber":38,"author":{"gitId":"YiFei2"},"content":"                break;","lastModifiedDate":"2022-01-29"},{"lineNumber":39,"author":{"gitId":"YiFei2"},"content":"            case \"D\":","lastModifiedDate":"2022-01-29"},{"lineNumber":40,"author":{"gitId":"YiFei2"},"content":"                Deadline newDeadline \u003d new Deadline(inputs[2], LocalDate.parse(inputs[3]));","lastModifiedDate":"2022-01-29"},{"lineNumber":41,"author":{"gitId":"YiFei2"},"content":"                if (inputs[1].equals(\"true\")) {","lastModifiedDate":"2022-01-29"},{"lineNumber":42,"author":{"gitId":"YiFei2"},"content":"                    newDeadline.markAsDone();","lastModifiedDate":"2022-01-29"},{"lineNumber":43,"author":{"gitId":"YiFei2"},"content":"                }","lastModifiedDate":"2022-01-29"},{"lineNumber":44,"author":{"gitId":"YiFei2"},"content":"                taskArray.add(newDeadline);","lastModifiedDate":"2022-01-29"},{"lineNumber":45,"author":{"gitId":"YiFei2"},"content":"                break;","lastModifiedDate":"2022-01-29"},{"lineNumber":46,"author":{"gitId":"YiFei2"},"content":"            case \"E\":","lastModifiedDate":"2022-01-29"},{"lineNumber":47,"author":{"gitId":"YiFei2"},"content":"                Event newEvent \u003d new Event(inputs[2], inputs[3]);","lastModifiedDate":"2022-01-29"},{"lineNumber":48,"author":{"gitId":"YiFei2"},"content":"                if (inputs[1].equals(\"true\")) {","lastModifiedDate":"2022-01-29"},{"lineNumber":49,"author":{"gitId":"YiFei2"},"content":"                    newEvent.markAsDone();","lastModifiedDate":"2022-01-29"},{"lineNumber":50,"author":{"gitId":"YiFei2"},"content":"                }","lastModifiedDate":"2022-01-29"},{"lineNumber":51,"author":{"gitId":"YiFei2"},"content":"                taskArray.add(newEvent);","lastModifiedDate":"2022-01-29"},{"lineNumber":52,"author":{"gitId":"YiFei2"},"content":"                break;","lastModifiedDate":"2022-01-29"},{"lineNumber":53,"author":{"gitId":"YiFei2"},"content":"            }","lastModifiedDate":"2022-01-29"},{"lineNumber":54,"author":{"gitId":"YiFei2"},"content":"        }","lastModifiedDate":"2022-01-29"},{"lineNumber":55,"author":{"gitId":"YiFei2"},"content":"    }","lastModifiedDate":"2022-01-29"},{"lineNumber":56,"author":{"gitId":"YiFei2"},"content":"","lastModifiedDate":"2022-01-29"},{"lineNumber":57,"author":{"gitId":"YiFei2"},"content":"    private static void addToDo(String task) throws BobbyException, IOException {","lastModifiedDate":"2022-01-29"},{"lineNumber":58,"author":{"gitId":"YiFei2"},"content":"        String[] inputs \u003d task.split(\" \", 2);","lastModifiedDate":"2022-01-19"},{"lineNumber":59,"author":{"gitId":"YiFei2"},"content":"        if (inputs.length \u003e 1) {","lastModifiedDate":"2022-01-19"},{"lineNumber":60,"author":{"gitId":"YiFei2"},"content":"            Todo newTodo \u003d new Todo(inputs[1]);","lastModifiedDate":"2022-01-19"},{"lineNumber":61,"author":{"gitId":"YiFei2"},"content":"            System.out.println(\"Bobby heard: \" + newTodo);","lastModifiedDate":"2022-01-19"},{"lineNumber":62,"author":{"gitId":"YiFei2"},"content":"            taskArray.add(newTodo);","lastModifiedDate":"2022-01-19"},{"lineNumber":63,"author":{"gitId":"YiFei2"},"content":"            updateFile();","lastModifiedDate":"2022-01-29"},{"lineNumber":64,"author":{"gitId":"YiFei2"},"content":"            System.out.println(\"Bobby remembers \" + taskArray.size() + \" task(s).\");","lastModifiedDate":"2022-01-19"},{"lineNumber":65,"author":{"gitId":"YiFei2"},"content":"        } else {","lastModifiedDate":"2022-01-19"},{"lineNumber":66,"author":{"gitId":"YiFei2"},"content":"            throw new BobbyException(\"Description cannot be empty\");","lastModifiedDate":"2022-01-19"},{"lineNumber":67,"author":{"gitId":"YiFei2"},"content":"        }","lastModifiedDate":"2022-01-19"},{"lineNumber":68,"author":{"gitId":"YiFei2"},"content":"    }","lastModifiedDate":"2022-01-19"},{"lineNumber":69,"author":{"gitId":"YiFei2"},"content":"    private static void addDeadline(String task) throws BobbyException, IOException {","lastModifiedDate":"2022-01-29"},{"lineNumber":70,"author":{"gitId":"YiFei2"},"content":"        String[] inputs \u003d task.split(\" \", 2);","lastModifiedDate":"2022-01-19"},{"lineNumber":71,"author":{"gitId":"YiFei2"},"content":"        if (inputs.length \u003e 1) {","lastModifiedDate":"2022-01-19"},{"lineNumber":72,"author":{"gitId":"YiFei2"},"content":"            String[] splitInputs \u003d inputs[1].split(\" /by \", 2);","lastModifiedDate":"2022-01-19"},{"lineNumber":73,"author":{"gitId":"YiFei2"},"content":"            if (splitInputs.length \u003e 1) {","lastModifiedDate":"2022-01-19"},{"lineNumber":74,"author":{"gitId":"YiFei2"},"content":"                String description \u003d splitInputs[0];","lastModifiedDate":"2022-01-19"},{"lineNumber":75,"author":{"gitId":"YiFei2"},"content":"                LocalDate by \u003d LocalDate.parse(splitInputs[1]);","lastModifiedDate":"2022-01-29"},{"lineNumber":76,"author":{"gitId":"YiFei2"},"content":"                Deadline newDeadline \u003d new Deadline(description, by);","lastModifiedDate":"2022-01-19"},{"lineNumber":77,"author":{"gitId":"YiFei2"},"content":"                System.out.println(\"Bobby heard: \" + newDeadline);","lastModifiedDate":"2022-01-19"},{"lineNumber":78,"author":{"gitId":"YiFei2"},"content":"                taskArray.add(newDeadline);","lastModifiedDate":"2022-01-19"},{"lineNumber":79,"author":{"gitId":"YiFei2"},"content":"                updateFile();","lastModifiedDate":"2022-01-29"},{"lineNumber":80,"author":{"gitId":"YiFei2"},"content":"                System.out.println(\"Bobby remembers \" + taskArray.size() + \" task(s).\");","lastModifiedDate":"2022-01-19"},{"lineNumber":81,"author":{"gitId":"YiFei2"},"content":"            } else {","lastModifiedDate":"2022-01-19"},{"lineNumber":82,"author":{"gitId":"YiFei2"},"content":"                throw new BobbyException(\"Date/Time format of Deadline is incorrect or empty\");","lastModifiedDate":"2022-01-19"},{"lineNumber":83,"author":{"gitId":"YiFei2"},"content":"            }","lastModifiedDate":"2022-01-19"},{"lineNumber":84,"author":{"gitId":"YiFei2"},"content":"        } else {","lastModifiedDate":"2022-01-19"},{"lineNumber":85,"author":{"gitId":"YiFei2"},"content":"            throw new BobbyException(\"Description cannot be empty\");","lastModifiedDate":"2022-01-19"},{"lineNumber":86,"author":{"gitId":"YiFei2"},"content":"        }","lastModifiedDate":"2022-01-19"},{"lineNumber":87,"author":{"gitId":"YiFei2"},"content":"","lastModifiedDate":"2022-01-19"},{"lineNumber":88,"author":{"gitId":"YiFei2"},"content":"    }","lastModifiedDate":"2022-01-19"},{"lineNumber":89,"author":{"gitId":"YiFei2"},"content":"    private static void addEvent(String task) throws BobbyException, IOException {","lastModifiedDate":"2022-01-29"},{"lineNumber":90,"author":{"gitId":"YiFei2"},"content":"        String[] inputs \u003d task.split(\" \", 2);","lastModifiedDate":"2022-01-19"},{"lineNumber":91,"author":{"gitId":"YiFei2"},"content":"        if (inputs.length \u003e 1) {","lastModifiedDate":"2022-01-19"},{"lineNumber":92,"author":{"gitId":"YiFei2"},"content":"            String[] splitInputs \u003d inputs[1].split(\" /at \", 2);","lastModifiedDate":"2022-01-19"},{"lineNumber":93,"author":{"gitId":"YiFei2"},"content":"            if (splitInputs.length \u003e 1) {","lastModifiedDate":"2022-01-19"},{"lineNumber":94,"author":{"gitId":"YiFei2"},"content":"                String description \u003d splitInputs[0];","lastModifiedDate":"2022-01-19"},{"lineNumber":95,"author":{"gitId":"YiFei2"},"content":"                String at \u003d splitInputs[1];","lastModifiedDate":"2022-01-19"},{"lineNumber":96,"author":{"gitId":"YiFei2"},"content":"                Event newEvent \u003d new Event(description, at);","lastModifiedDate":"2022-01-19"},{"lineNumber":97,"author":{"gitId":"YiFei2"},"content":"                System.out.println(\"Bobby heard: \" + newEvent);","lastModifiedDate":"2022-01-19"},{"lineNumber":98,"author":{"gitId":"YiFei2"},"content":"                taskArray.add(newEvent);","lastModifiedDate":"2022-01-19"},{"lineNumber":99,"author":{"gitId":"YiFei2"},"content":"                updateFile();","lastModifiedDate":"2022-01-29"},{"lineNumber":100,"author":{"gitId":"YiFei2"},"content":"                System.out.println(\"Bobby remembers \" + taskArray.size() + \" task(s).\");","lastModifiedDate":"2022-01-19"},{"lineNumber":101,"author":{"gitId":"YiFei2"},"content":"            } else {","lastModifiedDate":"2022-01-19"},{"lineNumber":102,"author":{"gitId":"YiFei2"},"content":"                throw new BobbyException(\"Date/Time format of Event is incorrect or empty\");","lastModifiedDate":"2022-01-19"},{"lineNumber":103,"author":{"gitId":"YiFei2"},"content":"            }","lastModifiedDate":"2022-01-19"},{"lineNumber":104,"author":{"gitId":"YiFei2"},"content":"        } else {","lastModifiedDate":"2022-01-19"},{"lineNumber":105,"author":{"gitId":"YiFei2"},"content":"            throw new BobbyException(\"Description cannot be empty\");","lastModifiedDate":"2022-01-19"},{"lineNumber":106,"author":{"gitId":"YiFei2"},"content":"        }","lastModifiedDate":"2022-01-19"},{"lineNumber":107,"author":{"gitId":"YiFei2"},"content":"    }","lastModifiedDate":"2022-01-19"},{"lineNumber":108,"author":{"gitId":"YiFei2"},"content":"    private static void delete(String task) throws BobbyException, IOException {","lastModifiedDate":"2022-01-29"},{"lineNumber":109,"author":{"gitId":"YiFei2"},"content":"        String[] inputs \u003d task.split(\" \", 2);","lastModifiedDate":"2022-01-19"},{"lineNumber":110,"author":{"gitId":"YiFei2"},"content":"        if (inputs.length \u003e 1) {","lastModifiedDate":"2022-01-19"},{"lineNumber":111,"author":{"gitId":"YiFei2"},"content":"            int i \u003d Integer.parseInt(inputs[1]) - 1;","lastModifiedDate":"2022-01-19"},{"lineNumber":112,"author":{"gitId":"YiFei2"},"content":"            System.out.println(\"Bobby has forgotten this task:\\n\" + taskArray.get(i));","lastModifiedDate":"2022-01-19"},{"lineNumber":113,"author":{"gitId":"YiFei2"},"content":"            taskArray.remove(i);","lastModifiedDate":"2022-01-19"},{"lineNumber":114,"author":{"gitId":"YiFei2"},"content":"            updateFile();","lastModifiedDate":"2022-01-29"},{"lineNumber":115,"author":{"gitId":"YiFei2"},"content":"            System.out.println(\"Bobby remembers \" + taskArray.size() + \" task(s).\");","lastModifiedDate":"2022-01-19"},{"lineNumber":116,"author":{"gitId":"YiFei2"},"content":"        } else {","lastModifiedDate":"2022-01-19"},{"lineNumber":117,"author":{"gitId":"YiFei2"},"content":"            throw new BobbyException(\"Indicate which task should be deleted.\");","lastModifiedDate":"2022-01-19"},{"lineNumber":118,"author":{"gitId":"YiFei2"},"content":"        }","lastModifiedDate":"2022-01-19"},{"lineNumber":119,"author":{"gitId":"YiFei2"},"content":"    }","lastModifiedDate":"2022-01-19"},{"lineNumber":120,"author":{"gitId":"YiFei2"},"content":"","lastModifiedDate":"2022-01-19"},{"lineNumber":121,"author":{"gitId":"YiFei2"},"content":"    public static void main(String[] args) throws IOException {","lastModifiedDate":"2022-01-29"},{"lineNumber":122,"author":{"gitId":"YiFei2"},"content":"        System.out.println(\"Bobby greets you. Bobby is here to help.\");","lastModifiedDate":"2022-01-18"},{"lineNumber":123,"author":{"gitId":"YiFei2"},"content":"        try {","lastModifiedDate":"2022-01-28"},{"lineNumber":124,"author":{"gitId":"YiFei2"},"content":"            File file \u003d new File(\"bobby.txt\");","lastModifiedDate":"2022-01-28"},{"lineNumber":125,"author":{"gitId":"YiFei2"},"content":"            if (file.exists()) {","lastModifiedDate":"2022-01-29"},{"lineNumber":126,"author":{"gitId":"YiFei2"},"content":"                loadFile(file);","lastModifiedDate":"2022-01-29"},{"lineNumber":127,"author":{"gitId":"YiFei2"},"content":"                System.out.println(\"Bobby remembers previous tasks.\");","lastModifiedDate":"2022-01-29"},{"lineNumber":128,"author":{"gitId":"YiFei2"},"content":"            } else {","lastModifiedDate":"2022-01-29"},{"lineNumber":129,"author":{"gitId":"YiFei2"},"content":"                file.createNewFile();","lastModifiedDate":"2022-01-28"},{"lineNumber":130,"author":{"gitId":"YiFei2"},"content":"            }","lastModifiedDate":"2022-01-29"},{"lineNumber":131,"author":{"gitId":"YiFei2"},"content":"        } catch (IOException e) {","lastModifiedDate":"2022-01-28"},{"lineNumber":132,"author":{"gitId":"YiFei2"},"content":"            System.out.println(\"An error has occurred.\");","lastModifiedDate":"2022-01-28"},{"lineNumber":133,"author":{"gitId":"YiFei2"},"content":"        }","lastModifiedDate":"2022-01-28"},{"lineNumber":134,"author":{"gitId":"YiFei2"},"content":"        Scanner scannerObj \u003d new Scanner(System.in);","lastModifiedDate":"2022-01-18"},{"lineNumber":135,"author":{"gitId":"YiFei2"},"content":"","lastModifiedDate":"2022-01-18"},{"lineNumber":136,"author":{"gitId":"YiFei2"},"content":"        scanner: while (scannerObj.hasNextLine()) {","lastModifiedDate":"2022-01-29"},{"lineNumber":137,"author":{"gitId":"YiFei2"},"content":"            String userInput \u003d scannerObj.nextLine();","lastModifiedDate":"2022-01-18"},{"lineNumber":138,"author":{"gitId":"YiFei2"},"content":"            String[] inputs \u003d userInput.split(\" \", 2);","lastModifiedDate":"2022-01-18"},{"lineNumber":139,"author":{"gitId":"YiFei2"},"content":"            String command \u003d inputs[0];","lastModifiedDate":"2022-01-18"},{"lineNumber":140,"author":{"gitId":"YiFei2"},"content":"","lastModifiedDate":"2022-01-18"},{"lineNumber":141,"author":{"gitId":"YiFei2"},"content":"            switch (Commands.valueOf(command.toUpperCase())) {","lastModifiedDate":"2022-01-28"},{"lineNumber":142,"author":{"gitId":"YiFei2"},"content":"            case BYE:","lastModifiedDate":"2022-01-28"},{"lineNumber":143,"author":{"gitId":"YiFei2"},"content":"                System.out.println(\"Bobby bids you farewell.\");","lastModifiedDate":"2022-01-18"},{"lineNumber":144,"author":{"gitId":"YiFei2"},"content":"                break scanner;","lastModifiedDate":"2022-01-29"},{"lineNumber":145,"author":{"gitId":"YiFei2"},"content":"            case LIST:","lastModifiedDate":"2022-01-28"},{"lineNumber":146,"author":{"gitId":"YiFei2"},"content":"                System.out.println(\"Here is what you told Bobby:\");","lastModifiedDate":"2022-01-18"},{"lineNumber":147,"author":{"gitId":"YiFei2"},"content":"                for (int i \u003d 0; i \u003c taskArray.size(); i++) {","lastModifiedDate":"2022-01-18"},{"lineNumber":148,"author":{"gitId":"YiFei2"},"content":"                    Task t \u003d taskArray.get(i);","lastModifiedDate":"2022-01-18"},{"lineNumber":149,"author":{"gitId":"YiFei2"},"content":"                    int count \u003d i + 1;","lastModifiedDate":"2022-01-18"},{"lineNumber":150,"author":{"gitId":"YiFei2"},"content":"                    System.out.println(count + \".\" + t);","lastModifiedDate":"2022-01-18"},{"lineNumber":151,"author":{"gitId":"YiFei2"},"content":"                }","lastModifiedDate":"2022-01-18"},{"lineNumber":152,"author":{"gitId":"YiFei2"},"content":"                break;","lastModifiedDate":"2022-01-28"},{"lineNumber":153,"author":{"gitId":"YiFei2"},"content":"            case MARK:","lastModifiedDate":"2022-01-28"},{"lineNumber":154,"author":{"gitId":"YiFei2"},"content":"                Task t \u003d taskArray.get(Integer.parseInt(inputs[1]) - 1);","lastModifiedDate":"2022-01-18"},{"lineNumber":155,"author":{"gitId":"YiFei2"},"content":"                t.markAsDone();","lastModifiedDate":"2022-01-18"},{"lineNumber":156,"author":{"gitId":"YiFei2"},"content":"                updateFile();","lastModifiedDate":"2022-01-29"},{"lineNumber":157,"author":{"gitId":"YiFei2"},"content":"                System.out.println(\"Bobby applauds you. This task is done:\\n\" + t);","lastModifiedDate":"2022-01-18"},{"lineNumber":158,"author":{"gitId":"YiFei2"},"content":"                break;","lastModifiedDate":"2022-01-28"},{"lineNumber":159,"author":{"gitId":"YiFei2"},"content":"            case UNMARK:","lastModifiedDate":"2022-01-28"},{"lineNumber":160,"author":{"gitId":"YiFei2"},"content":"                Task i \u003d taskArray.get(Integer.parseInt(inputs[1]) - 1);","lastModifiedDate":"2022-01-28"},{"lineNumber":161,"author":{"gitId":"YiFei2"},"content":"                i.unmarkAsDone();","lastModifiedDate":"2022-01-28"},{"lineNumber":162,"author":{"gitId":"YiFei2"},"content":"                updateFile();","lastModifiedDate":"2022-01-29"},{"lineNumber":163,"author":{"gitId":"YiFei2"},"content":"                System.out.println(\"Bobby will remember that this task is not yet done:\\n\" + i);","lastModifiedDate":"2022-01-28"},{"lineNumber":164,"author":{"gitId":"YiFei2"},"content":"                break;","lastModifiedDate":"2022-01-28"},{"lineNumber":165,"author":{"gitId":"YiFei2"},"content":"            case TODO:","lastModifiedDate":"2022-01-28"},{"lineNumber":166,"author":{"gitId":"YiFei2"},"content":"                try {","lastModifiedDate":"2022-01-19"},{"lineNumber":167,"author":{"gitId":"YiFei2"},"content":"                    addToDo(userInput);","lastModifiedDate":"2022-01-19"},{"lineNumber":168,"author":{"gitId":"YiFei2"},"content":"                } catch (BobbyException e) {","lastModifiedDate":"2022-01-19"},{"lineNumber":169,"author":{"gitId":"YiFei2"},"content":"                    System.err.println(e);","lastModifiedDate":"2022-01-19"},{"lineNumber":170,"author":{"gitId":"YiFei2"},"content":"                }","lastModifiedDate":"2022-01-19"},{"lineNumber":171,"author":{"gitId":"YiFei2"},"content":"                break;","lastModifiedDate":"2022-01-28"},{"lineNumber":172,"author":{"gitId":"YiFei2"},"content":"            case DEADLINE:","lastModifiedDate":"2022-01-28"},{"lineNumber":173,"author":{"gitId":"YiFei2"},"content":"                try {","lastModifiedDate":"2022-01-19"},{"lineNumber":174,"author":{"gitId":"YiFei2"},"content":"                    addDeadline(userInput);","lastModifiedDate":"2022-01-19"},{"lineNumber":175,"author":{"gitId":"YiFei2"},"content":"                } catch (BobbyException e) {","lastModifiedDate":"2022-01-19"},{"lineNumber":176,"author":{"gitId":"YiFei2"},"content":"                    System.err.println(e);","lastModifiedDate":"2022-01-19"},{"lineNumber":177,"author":{"gitId":"YiFei2"},"content":"                }","lastModifiedDate":"2022-01-19"},{"lineNumber":178,"author":{"gitId":"YiFei2"},"content":"                break;","lastModifiedDate":"2022-01-28"},{"lineNumber":179,"author":{"gitId":"YiFei2"},"content":"            case EVENT:","lastModifiedDate":"2022-01-28"},{"lineNumber":180,"author":{"gitId":"YiFei2"},"content":"                try {","lastModifiedDate":"2022-01-19"},{"lineNumber":181,"author":{"gitId":"YiFei2"},"content":"                    addEvent(userInput);","lastModifiedDate":"2022-01-19"},{"lineNumber":182,"author":{"gitId":"YiFei2"},"content":"                } catch (BobbyException e) {","lastModifiedDate":"2022-01-19"},{"lineNumber":183,"author":{"gitId":"YiFei2"},"content":"                    System.err.println(e);","lastModifiedDate":"2022-01-19"},{"lineNumber":184,"author":{"gitId":"YiFei2"},"content":"                }","lastModifiedDate":"2022-01-19"},{"lineNumber":185,"author":{"gitId":"YiFei2"},"content":"                break;","lastModifiedDate":"2022-01-28"},{"lineNumber":186,"author":{"gitId":"YiFei2"},"content":"            case DELETE:","lastModifiedDate":"2022-01-28"},{"lineNumber":187,"author":{"gitId":"YiFei2"},"content":"                try {","lastModifiedDate":"2022-01-19"},{"lineNumber":188,"author":{"gitId":"YiFei2"},"content":"                    delete(userInput);","lastModifiedDate":"2022-01-19"},{"lineNumber":189,"author":{"gitId":"YiFei2"},"content":"                } catch (BobbyException e) {","lastModifiedDate":"2022-01-19"},{"lineNumber":190,"author":{"gitId":"YiFei2"},"content":"                    System.err.println(e);","lastModifiedDate":"2022-01-19"},{"lineNumber":191,"author":{"gitId":"YiFei2"},"content":"                }","lastModifiedDate":"2022-01-19"},{"lineNumber":192,"author":{"gitId":"YiFei2"},"content":"                break;","lastModifiedDate":"2022-01-28"},{"lineNumber":193,"author":{"gitId":"YiFei2"},"content":"            default:","lastModifiedDate":"2022-01-28"},{"lineNumber":194,"author":{"gitId":"YiFei2"},"content":"                try {","lastModifiedDate":"2022-01-19"},{"lineNumber":195,"author":{"gitId":"YiFei2"},"content":"                    throw new BobbyException(\"Bobby does not understand you. Please use valid inputs.\");","lastModifiedDate":"2022-01-19"},{"lineNumber":196,"author":{"gitId":"YiFei2"},"content":"                } catch (BobbyException e) {","lastModifiedDate":"2022-01-19"},{"lineNumber":197,"author":{"gitId":"YiFei2"},"content":"                    System.err.println(e);","lastModifiedDate":"2022-01-19"},{"lineNumber":198,"author":{"gitId":"YiFei2"},"content":"                }","lastModifiedDate":"2022-01-19"},{"lineNumber":199,"author":{"gitId":"YiFei2"},"content":"            }","lastModifiedDate":"2022-01-18"},{"lineNumber":200,"author":{"gitId":"YiFei2"},"content":"        }","lastModifiedDate":"2022-01-18"},{"lineNumber":201,"author":{"gitId":"YiFei2"},"content":"    }","lastModifiedDate":"2022-01-18"},{"lineNumber":202,"author":{"gitId":"YiFei2"},"content":"}","lastModifiedDate":"2022-01-18"}],"authorContributionMap":{"YiFei2":202}},{"path":"src/main/java/BobbyException.java","fileType":"java","lines":[{"lineNumber":1,"author":{"gitId":"YiFei2"},"content":"public class BobbyException extends Exception {","lastModifiedDate":"2022-01-19"},{"lineNumber":2,"author":{"gitId":"YiFei2"},"content":"    public BobbyException(String errorMessage) {","lastModifiedDate":"2022-01-19"},{"lineNumber":3,"author":{"gitId":"YiFei2"},"content":"        super(errorMessage);","lastModifiedDate":"2022-01-19"},{"lineNumber":4,"author":{"gitId":"YiFei2"},"content":"    }","lastModifiedDate":"2022-01-19"},{"lineNumber":5,"author":{"gitId":"YiFei2"},"content":"","lastModifiedDate":"2022-01-19"},{"lineNumber":6,"author":{"gitId":"YiFei2"},"content":"}","lastModifiedDate":"2022-01-19"}],"authorContributionMap":{"YiFei2":6}},{"path":"src/main/java/Commands.java","fileType":"java","lines":[{"lineNumber":1,"author":{"gitId":"YiFei2"},"content":"public enum Commands {","lastModifiedDate":"2022-01-28"},{"lineNumber":2,"author":{"gitId":"YiFei2"},"content":"    BYE, LIST, MARK, UNMARK, TODO, DEADLINE, EVENT, DELETE","lastModifiedDate":"2022-01-28"},{"lineNumber":3,"author":{"gitId":"YiFei2"},"content":"}","lastModifiedDate":"2022-01-28"}],"authorContributionMap":{"YiFei2":3}},{"path":"src/main/java/Deadline.java","fileType":"java","lines":[{"lineNumber":1,"author":{"gitId":"YiFei2"},"content":"import java.io.FileWriter;","lastModifiedDate":"2022-01-29"},{"lineNumber":2,"author":{"gitId":"YiFei2"},"content":"import java.io.IOException;","lastModifiedDate":"2022-01-29"},{"lineNumber":3,"author":{"gitId":"YiFei2"},"content":"import java.time.LocalDate;","lastModifiedDate":"2022-01-29"},{"lineNumber":4,"author":{"gitId":"YiFei2"},"content":"import java.time.format.DateTimeFormatter;","lastModifiedDate":"2022-01-29"},{"lineNumber":5,"author":{"gitId":"YiFei2"},"content":"","lastModifiedDate":"2022-01-29"},{"lineNumber":6,"author":{"gitId":"YiFei2"},"content":"public class Deadline extends Task {","lastModifiedDate":"2022-01-18"},{"lineNumber":7,"author":{"gitId":"YiFei2"},"content":"    protected LocalDate by;","lastModifiedDate":"2022-01-29"},{"lineNumber":8,"author":{"gitId":"YiFei2"},"content":"","lastModifiedDate":"2022-01-18"},{"lineNumber":9,"author":{"gitId":"YiFei2"},"content":"    public Deadline(String description, LocalDate by) {","lastModifiedDate":"2022-01-29"},{"lineNumber":10,"author":{"gitId":"YiFei2"},"content":"        super(description);","lastModifiedDate":"2022-01-18"},{"lineNumber":11,"author":{"gitId":"YiFei2"},"content":"        this.by \u003d by;","lastModifiedDate":"2022-01-18"},{"lineNumber":12,"author":{"gitId":"YiFei2"},"content":"    }","lastModifiedDate":"2022-01-18"},{"lineNumber":13,"author":{"gitId":"YiFei2"},"content":"","lastModifiedDate":"2022-01-18"},{"lineNumber":14,"author":{"gitId":"YiFei2"},"content":"    @Override","lastModifiedDate":"2022-01-29"},{"lineNumber":15,"author":{"gitId":"YiFei2"},"content":"    public void writeToFile(FileWriter fw) throws IOException {","lastModifiedDate":"2022-01-29"},{"lineNumber":16,"author":{"gitId":"YiFei2"},"content":"        fw.write(\"D ; \" + isDone + \" ; \" + description + \" ; \" + by + System.lineSeparator());","lastModifiedDate":"2022-01-29"},{"lineNumber":17,"author":{"gitId":"YiFei2"},"content":"    }","lastModifiedDate":"2022-01-29"},{"lineNumber":18,"author":{"gitId":"YiFei2"},"content":"","lastModifiedDate":"2022-01-29"},{"lineNumber":19,"author":{"gitId":"YiFei2"},"content":"    @Override","lastModifiedDate":"2022-01-18"},{"lineNumber":20,"author":{"gitId":"YiFei2"},"content":"    public String toString() {","lastModifiedDate":"2022-01-18"},{"lineNumber":21,"author":{"gitId":"YiFei2"},"content":"        return \"[D]\" + super.toString() + \" (by: \" + by.format(DateTimeFormatter.ofPattern(\"MMM d yyyy\")) + \")\";","lastModifiedDate":"2022-01-29"},{"lineNumber":22,"author":{"gitId":"YiFei2"},"content":"    }","lastModifiedDate":"2022-01-18"},{"lineNumber":23,"author":{"gitId":"YiFei2"},"content":"}","lastModifiedDate":"2022-01-18"}],"authorContributionMap":{"YiFei2":23}},{"path":"src/main/java/Event.java","fileType":"java","lines":[{"lineNumber":1,"author":{"gitId":"YiFei2"},"content":"import java.io.FileWriter;","lastModifiedDate":"2022-01-29"},{"lineNumber":2,"author":{"gitId":"YiFei2"},"content":"import java.io.IOException;","lastModifiedDate":"2022-01-29"},{"lineNumber":3,"author":{"gitId":"YiFei2"},"content":"","lastModifiedDate":"2022-01-29"},{"lineNumber":4,"author":{"gitId":"YiFei2"},"content":"public class Event extends Task{","lastModifiedDate":"2022-01-18"},{"lineNumber":5,"author":{"gitId":"YiFei2"},"content":"    protected String at;","lastModifiedDate":"2022-01-18"},{"lineNumber":6,"author":{"gitId":"YiFei2"},"content":"","lastModifiedDate":"2022-01-18"},{"lineNumber":7,"author":{"gitId":"YiFei2"},"content":"    public Event(String description, String at) {","lastModifiedDate":"2022-01-18"},{"lineNumber":8,"author":{"gitId":"YiFei2"},"content":"        super(description);","lastModifiedDate":"2022-01-18"},{"lineNumber":9,"author":{"gitId":"YiFei2"},"content":"        this.at \u003d at;","lastModifiedDate":"2022-01-18"},{"lineNumber":10,"author":{"gitId":"YiFei2"},"content":"    }","lastModifiedDate":"2022-01-18"},{"lineNumber":11,"author":{"gitId":"YiFei2"},"content":"","lastModifiedDate":"2022-01-18"},{"lineNumber":12,"author":{"gitId":"YiFei2"},"content":"    @Override","lastModifiedDate":"2022-01-29"},{"lineNumber":13,"author":{"gitId":"YiFei2"},"content":"    public void writeToFile(FileWriter fw) throws IOException {","lastModifiedDate":"2022-01-29"},{"lineNumber":14,"author":{"gitId":"YiFei2"},"content":"        fw.write(\"E ; \" + isDone + \" ; \" + description + \" ; \" + at + System.lineSeparator());","lastModifiedDate":"2022-01-29"},{"lineNumber":15,"author":{"gitId":"YiFei2"},"content":"    }","lastModifiedDate":"2022-01-29"},{"lineNumber":16,"author":{"gitId":"YiFei2"},"content":"","lastModifiedDate":"2022-01-29"},{"lineNumber":17,"author":{"gitId":"YiFei2"},"content":"    @Override","lastModifiedDate":"2022-01-18"},{"lineNumber":18,"author":{"gitId":"YiFei2"},"content":"    public String toString() {","lastModifiedDate":"2022-01-18"},{"lineNumber":19,"author":{"gitId":"YiFei2"},"content":"        return \"[E]\" + super.toString() + \" (at: \" + at + \")\";","lastModifiedDate":"2022-01-18"},{"lineNumber":20,"author":{"gitId":"YiFei2"},"content":"    }","lastModifiedDate":"2022-01-18"},{"lineNumber":21,"author":{"gitId":"YiFei2"},"content":"}","lastModifiedDate":"2022-01-18"}],"authorContributionMap":{"YiFei2":21}},{"path":"src/main/java/Task.java","fileType":"java","lines":[{"lineNumber":1,"author":{"gitId":"YiFei2"},"content":"import java.io.FileWriter;","lastModifiedDate":"2022-01-29"},{"lineNumber":2,"author":{"gitId":"YiFei2"},"content":"import java.io.IOException;","lastModifiedDate":"2022-01-29"},{"lineNumber":3,"author":{"gitId":"YiFei2"},"content":"","lastModifiedDate":"2022-01-29"},{"lineNumber":4,"author":{"gitId":"YiFei2"},"content":"public abstract class Task {","lastModifiedDate":"2022-01-29"},{"lineNumber":5,"author":{"gitId":"YiFei2"},"content":"    protected String description;","lastModifiedDate":"2022-01-18"},{"lineNumber":6,"author":{"gitId":"YiFei2"},"content":"    protected boolean isDone;","lastModifiedDate":"2022-01-18"},{"lineNumber":7,"author":{"gitId":"YiFei2"},"content":"","lastModifiedDate":"2022-01-18"},{"lineNumber":8,"author":{"gitId":"YiFei2"},"content":"    public Task(String description) {","lastModifiedDate":"2022-01-18"},{"lineNumber":9,"author":{"gitId":"YiFei2"},"content":"        this.description \u003d description;","lastModifiedDate":"2022-01-18"},{"lineNumber":10,"author":{"gitId":"YiFei2"},"content":"        this.isDone \u003d false;","lastModifiedDate":"2022-01-18"},{"lineNumber":11,"author":{"gitId":"YiFei2"},"content":"    }","lastModifiedDate":"2022-01-18"},{"lineNumber":12,"author":{"gitId":"YiFei2"},"content":"","lastModifiedDate":"2022-01-18"},{"lineNumber":13,"author":{"gitId":"YiFei2"},"content":"    public String getStatusIcon() {","lastModifiedDate":"2022-01-18"},{"lineNumber":14,"author":{"gitId":"YiFei2"},"content":"        return (isDone ? \"X\" : \" \"); // mark done task with X","lastModifiedDate":"2022-01-18"},{"lineNumber":15,"author":{"gitId":"YiFei2"},"content":"    }","lastModifiedDate":"2022-01-18"},{"lineNumber":16,"author":{"gitId":"YiFei2"},"content":"","lastModifiedDate":"2022-01-18"},{"lineNumber":17,"author":{"gitId":"YiFei2"},"content":"    public void markAsDone() {","lastModifiedDate":"2022-01-18"},{"lineNumber":18,"author":{"gitId":"YiFei2"},"content":"        this.isDone \u003d true;","lastModifiedDate":"2022-01-18"},{"lineNumber":19,"author":{"gitId":"YiFei2"},"content":"    }","lastModifiedDate":"2022-01-18"},{"lineNumber":20,"author":{"gitId":"YiFei2"},"content":"","lastModifiedDate":"2022-01-18"},{"lineNumber":21,"author":{"gitId":"YiFei2"},"content":"    public void unmarkAsDone() {","lastModifiedDate":"2022-01-18"},{"lineNumber":22,"author":{"gitId":"YiFei2"},"content":"        this.isDone \u003d false;","lastModifiedDate":"2022-01-18"},{"lineNumber":23,"author":{"gitId":"YiFei2"},"content":"    }","lastModifiedDate":"2022-01-18"},{"lineNumber":24,"author":{"gitId":"YiFei2"},"content":"","lastModifiedDate":"2022-01-18"},{"lineNumber":25,"author":{"gitId":"YiFei2"},"content":"    public abstract void writeToFile(FileWriter fw) throws IOException;","lastModifiedDate":"2022-01-29"},{"lineNumber":26,"author":{"gitId":"YiFei2"},"content":"","lastModifiedDate":"2022-01-29"},{"lineNumber":27,"author":{"gitId":"YiFei2"},"content":"    @Override","lastModifiedDate":"2022-01-18"},{"lineNumber":28,"author":{"gitId":"YiFei2"},"content":"    public String toString() {","lastModifiedDate":"2022-01-18"},{"lineNumber":29,"author":{"gitId":"YiFei2"},"content":"        return \"[\" + this.getStatusIcon() + \"] \" + this.description;","lastModifiedDate":"2022-01-18"},{"lineNumber":30,"author":{"gitId":"YiFei2"},"content":"    }","lastModifiedDate":"2022-01-18"},{"lineNumber":31,"author":{"gitId":"YiFei2"},"content":"}","lastModifiedDate":"2022-01-18"}],"authorContributionMap":{"YiFei2":31}},{"path":"src/main/java/Todo.java","fileType":"java","lines":[{"lineNumber":1,"author":{"gitId":"YiFei2"},"content":"import java.io.FileWriter;","lastModifiedDate":"2022-01-29"},{"lineNumber":2,"author":{"gitId":"YiFei2"},"content":"import java.io.IOException;","lastModifiedDate":"2022-01-29"},{"lineNumber":3,"author":{"gitId":"YiFei2"},"content":"","lastModifiedDate":"2022-01-29"},{"lineNumber":4,"author":{"gitId":"YiFei2"},"content":"public class Todo extends Task {","lastModifiedDate":"2022-01-18"},{"lineNumber":5,"author":{"gitId":"YiFei2"},"content":"","lastModifiedDate":"2022-01-18"},{"lineNumber":6,"author":{"gitId":"YiFei2"},"content":"    public Todo(String description) {","lastModifiedDate":"2022-01-18"},{"lineNumber":7,"author":{"gitId":"YiFei2"},"content":"        super(description);","lastModifiedDate":"2022-01-18"},{"lineNumber":8,"author":{"gitId":"YiFei2"},"content":"    }","lastModifiedDate":"2022-01-18"},{"lineNumber":9,"author":{"gitId":"YiFei2"},"content":"","lastModifiedDate":"2022-01-18"},{"lineNumber":10,"author":{"gitId":"YiFei2"},"content":"    @Override","lastModifiedDate":"2022-01-29"},{"lineNumber":11,"author":{"gitId":"YiFei2"},"content":"    public void writeToFile(FileWriter fw) throws IOException {","lastModifiedDate":"2022-01-29"},{"lineNumber":12,"author":{"gitId":"YiFei2"},"content":"        fw.write(\"T ; \" + isDone + \" ; \" + description + System.lineSeparator());","lastModifiedDate":"2022-01-29"},{"lineNumber":13,"author":{"gitId":"YiFei2"},"content":"    }","lastModifiedDate":"2022-01-29"},{"lineNumber":14,"author":{"gitId":"YiFei2"},"content":"","lastModifiedDate":"2022-01-29"},{"lineNumber":15,"author":{"gitId":"YiFei2"},"content":"    @Override","lastModifiedDate":"2022-01-18"},{"lineNumber":16,"author":{"gitId":"YiFei2"},"content":"    public String toString() {","lastModifiedDate":"2022-01-18"},{"lineNumber":17,"author":{"gitId":"YiFei2"},"content":"        return \"[T]\" + super.toString();","lastModifiedDate":"2022-01-18"},{"lineNumber":18,"author":{"gitId":"YiFei2"},"content":"    }","lastModifiedDate":"2022-01-18"},{"lineNumber":19,"author":{"gitId":"YiFei2"},"content":"}","lastModifiedDate":"2022-01-18"}],"authorContributionMap":{"YiFei2":19}},{"path":"text-ui-test/input.txt","fileType":"txt","lines":[{"lineNumber":1,"author":{"gitId":"YiFei2"},"content":"todo finish 2103 project tab","lastModifiedDate":"2022-01-18"},{"lineNumber":2,"author":{"gitId":"YiFei2"},"content":"deadline do daily exercise /by the end of the day","lastModifiedDate":"2022-01-18"},{"lineNumber":3,"author":{"gitId":"YiFei2"},"content":"list","lastModifiedDate":"2022-01-18"},{"lineNumber":4,"author":{"gitId":"YiFei2"},"content":"event global game jam /at 21 January 1830 hours","lastModifiedDate":"2022-01-18"},{"lineNumber":5,"author":{"gitId":"YiFei2"},"content":"mark 2","lastModifiedDate":"2022-01-18"},{"lineNumber":6,"author":{"gitId":"YiFei2"},"content":"list","lastModifiedDate":"2022-01-18"},{"lineNumber":7,"author":{"gitId":"YiFei2"},"content":"bye","lastModifiedDate":"2022-01-18"}],"authorContributionMap":{"YiFei2":7}},{"path":"text-ui-test/runtest.bat","fileType":"bat","lines":[{"lineNumber":1,"author":{"gitId":"-"},"content":"@ECHO OFF","lastModifiedDate":"2020-05-25"},{"lineNumber":2,"author":{"gitId":"-"},"content":"","lastModifiedDate":"2020-05-25"},{"lineNumber":3,"author":{"gitId":"-"},"content":"REM create bin directory if it doesn\u0027t exist","lastModifiedDate":"2020-05-25"},{"lineNumber":4,"author":{"gitId":"-"},"content":"if not exist ..\\bin mkdir ..\\bin","lastModifiedDate":"2020-05-25"},{"lineNumber":5,"author":{"gitId":"-"},"content":"","lastModifiedDate":"2020-05-25"},{"lineNumber":6,"author":{"gitId":"-"},"content":"REM delete output from previous run","lastModifiedDate":"2020-05-25"},{"lineNumber":7,"author":{"gitId":"-"},"content":"if exist ACTUAL.TXT del ACTUAL.TXT","lastModifiedDate":"2020-08-25"},{"lineNumber":8,"author":{"gitId":"-"},"content":"","lastModifiedDate":"2020-05-25"},{"lineNumber":9,"author":{"gitId":"-"},"content":"REM compile the code into the bin folder","lastModifiedDate":"2020-05-25"},{"lineNumber":10,"author":{"gitId":"-"},"content":"javac  -cp ..\\src\\main\\java -Xlint:none -d ..\\bin ..\\src\\main\\java\\*.java","lastModifiedDate":"2020-08-25"},{"lineNumber":11,"author":{"gitId":"-"},"content":"IF ERRORLEVEL 1 (","lastModifiedDate":"2020-05-25"},{"lineNumber":12,"author":{"gitId":"-"},"content":"    echo ********** BUILD FAILURE **********","lastModifiedDate":"2020-05-25"},{"lineNumber":13,"author":{"gitId":"-"},"content":"    exit /b 1","lastModifiedDate":"2020-05-25"},{"lineNumber":14,"author":{"gitId":"-"},"content":")","lastModifiedDate":"2020-05-25"},{"lineNumber":15,"author":{"gitId":"-"},"content":"REM no error here, errorlevel \u003d\u003d 0","lastModifiedDate":"2020-05-25"},{"lineNumber":16,"author":{"gitId":"-"},"content":"","lastModifiedDate":"2020-05-25"},{"lineNumber":17,"author":{"gitId":"-"},"content":"REM run the program, feed commands from input.txt file and redirect the output to the ACTUAL.TXT","lastModifiedDate":"2020-05-25"},{"lineNumber":18,"author":{"gitId":"YiFei2"},"content":"java -classpath ..\\bin Bobby \u003c input.txt \u003e ACTUAL.TXT","lastModifiedDate":"2022-01-18"},{"lineNumber":19,"author":{"gitId":"-"},"content":"","lastModifiedDate":"2020-05-25"},{"lineNumber":20,"author":{"gitId":"-"},"content":"REM compare the output to the expected output","lastModifiedDate":"2020-05-25"},{"lineNumber":21,"author":{"gitId":"-"},"content":"FC ACTUAL.TXT EXPECTED.TXT","lastModifiedDate":"2020-05-25"}],"authorContributionMap":{"YiFei2":1,"-":20}}]
