{"authorDailyContributionsMap":{"yunbinmo":[{"date":"2022-01-14","commitResults":[{"hash":"b8c753565801f9ad50d9928a51c4716e7c05d861","messageTitle":"Implement level 1 - Greet, Echo, Exit","messageBody":"","tags":["Level-1"],"fileTypesAndContributionMap":{"java":{"insertions":24,"deletions":6}}},{"hash":"7fb5ff8fc64f74ae93512c6f22dede4fbde39a7a","messageTitle":"Implement level 2 - Add, List","messageBody":"","tags":["Level-2"],"fileTypesAndContributionMap":{"java":{"insertions":27,"deletions":3}}},{"hash":"da43100340d85e28cf124b1cc55a9c9f98d31db8","messageTitle":"Implement level-3 - Mark as Done/Undone, add class Task","messageBody":"","tags":["Level-3","A-Classes"],"fileTypesAndContributionMap":{"java":{"insertions":81,"deletions":14}}}]},{"date":"2022-01-15","commitResults":[{"hash":"e48e27ed5c8cc4fa7ee5430533933999eb239853","messageTitle":"Implement level 4 - Todo, Event, Deadline with inheritance","messageBody":"","tags":["Level-4","A-Inheritance"],"fileTypesAndContributionMap":{"java":{"insertions":86,"deletions":4}}},{"hash":"d74ffbba807c4bade7975dc4e1417d61a47b7266","messageTitle":"Update automated test files and fix minor bugs in previous commit","messageBody":"","tags":["A-TextUiTesting"],"fileTypesAndContributionMap":{"txt":{"insertions":12,"deletions":0},"java":{"insertions":3,"deletions":3},"sh":{"insertions":0,"deletions":0}}},{"hash":"f16ff8fac1e37af9635555b54046df7e1f7ad173","messageTitle":"Implement level 5 - handle errors, add DukeException","messageBody":"","tags":["Level-5","A-Exceptions"],"fileTypesAndContributionMap":{"java":{"insertions":95,"deletions":14}}},{"hash":"c49100d6f8ac8fef3a4b7e7a4ea4019980d52c40","messageTitle":"Implement level 6 - delete","messageBody":"","tags":["Level-6"],"fileTypesAndContributionMap":{"java":{"insertions":21,"deletions":1}}}]},{"date":"2022-01-16","commitResults":[{"hash":"45e6458d1be1156ec11c6fc166c6e6a085cb419e","messageTitle":"Fix a minor bug in the previous level-6 commit","messageBody":"","fileTypesAndContributionMap":{"java":{"insertions":1,"deletions":0}}}]},{"date":"2022-01-21","commitResults":[{"hash":"5684408f4d5b78e483560d954928e4e6afae1987","messageTitle":"Add enum to centralise the processing of commands","messageBody":"","tags":["A-Enums"],"fileTypesAndContributionMap":{"java":{"insertions":77,"deletions":42}}},{"hash":"708380106a4fb6b0ccd9c4165ac95d4c9acb6d75","messageTitle":"Fix some coding segment to comply with coding standards","messageBody":"","fileTypesAndContributionMap":{"java":{"insertions":85,"deletions":75}}}]},{"date":"2022-01-22","commitResults":[{"hash":"9b46fd58a3f990d96a2686384a07efe09683371f","messageTitle":"Implement level-7 Save","messageBody":"","fileTypesAndContributionMap":{"java":{"insertions":142,"deletions":31}}}]},{"date":"2022-01-23","commitResults":[{"hash":"a1c3f25dcc44ef7033e35c7fea472468dc810ea4","messageTitle":"Implement level-8 Dates and Times","messageBody":"","fileTypesAndContributionMap":{"java":{"insertions":123,"deletions":48},"bat":{"insertions":1,"deletions":1},"sh":{"insertions":1,"deletions":1}}},{"hash":"3f9747d28769077e6128d3cd5fb6a3449cdc4eab","messageTitle":"Refactor the code and divide class into packages","messageBody":"","tags":["A-Packages","A-MoreOOP"],"fileTypesAndContributionMap":{"java":{"insertions":670,"deletions":373}}}]},{"date":"2022-01-24","commitResults":[{"hash":"513918fe7c7cdd3296d3d453c002c4475cb3a5f6","messageTitle":"Add JUnit Tests for Ui and Parser class","messageBody":"","tags":["v0.1.3","A-Jar","A-JUnit"],"fileTypesAndContributionMap":{"java":{"insertions":159,"deletions":14}}}]},{"date":"2022-01-25","commitResults":[{"hash":"bfcef76ee35f09a7c31ff28eacf90844b5abd2e5","messageTitle":"Add JavaDoc for public methods","messageBody":"","fileTypesAndContributionMap":{"java":{"insertions":181,"deletions":31}}},{"hash":"6b81de4899112a5fe517311a965197c5a5a21ceb","messageTitle":"Check compliance with coding standard","messageBody":"","fileTypesAndContributionMap":{"java":{"insertions":7,"deletions":10}}},{"hash":"c32d3e399983ce6d10cf7e07dafb9db1099ad418","messageTitle":"Implement leve-9 find","messageBody":"","fileTypesAndContributionMap":{"java":{"insertions":67,"deletions":19}}},{"hash":"298aec7b8d3e06c275637dc1102cd0e8cceec2d0","messageTitle":"Add more JUnit tests","messageBody":"","fileTypesAndContributionMap":{"java":{"insertions":170,"deletions":9}}}]},{"date":"2022-01-30","commitResults":[{"hash":"836f098c202ed720a7ac29a96116ed5271a7f8fe","messageTitle":"Update build.gradle","messageBody":"","fileTypesAndContributionMap":{"gradle":{"insertions":46,"deletions":0}}},{"hash":"9d83dadac2d029086905f68b5fcaa471b456a3e5","messageTitle":"Integrate Gradle with the project","messageBody":"","tags":["A-Gradle"],"fileTypesAndContributionMap":{"gradle":{"insertions":2,"deletions":2},"java":{"insertions":92,"deletions":64}}}]},{"date":"2022-02-02","commitResults":[{"hash":"75cc85ff48e82e0f743af9c8f164d959d98aaefe","messageTitle":"Implement Level-10: GUI","messageBody":"","fileTypesAndContributionMap":{"gradle":{"insertions":17,"deletions":1},"fxml":{"insertions":59,"deletions":0},"java":{"insertions":231,"deletions":219}}}]},{"date":"2022-02-04","commitResults":[{"hash":"9f4af7e3a9d0ecb16fc440791e5b2384c0b7a64d","messageTitle":"Fix some coding standard and javadoc issues","messageBody":"","tags":["v0.1.4"],"fileTypesAndContributionMap":{"fxml":{"insertions":3,"deletions":4},"java":{"insertions":95,"deletions":24}}},{"hash":"be6a44090a2f1d7864bd8b42526568f30182bd06","messageTitle":"Add assertions at some points of the code base","messageBody":"","fileTypesAndContributionMap":{"java":{"insertions":21,"deletions":0}}}]},{"date":"2022-02-05","commitResults":[{"hash":"5ca267ca53f96a2d1092532a1f5c8dbeb1521b50","messageTitle":"Refactor to improve code quality","messageBody":"","fileTypesAndContributionMap":{"java":{"insertions":255,"deletions":173}}}]},{"date":"2022-02-08","commitResults":[{"hash":"c53b25f0279870b0d5440494f0b3e2dd69e3122a","messageTitle":"Use Java Stream to replace some loop operations","messageBody":"","fileTypesAndContributionMap":{"java":{"insertions":34,"deletions":36}}},{"hash":"c7dc4d2f0fa3414b6d9bc8b144ce8a96401fb1bd","messageTitle":"Add simple reminder functionality","messageBody":"","tags":["B-Reminders"],"fileTypesAndContributionMap":{"java":{"insertions":115,"deletions":19}}},{"hash":"cf45fb9680357b00a4507161b7b89ba678aa33dd","messageTitle":"Parser class: extract constant variables","messageBody":"Methods in the Parser are using too many magic literals.\n\nLet\u0027s extract the magic strings as constants in the Parser class.\n\nUsing constants make changes to the response message more convenient.\n","tags":["A-FullCommitMessage"],"fileTypesAndContributionMap":{"java":{"insertions":2,"deletions":2}}},{"hash":"d74ad1cba482a9945c71a8cb9e51776b8e7369e3","messageTitle":"Add assertions to validate assumptions made","messageBody":"Some parts of the code are written based on assumptions made on\nparameters passed into the method, an additional guard needs to be\nadded to make sure unexpected error could be detected as early as\npossible.\n\nLet\u0027s add assertions at the beginning of some methods where necessary.\n\nAdding assertions will avoid unexpected error (if any) being invisible\nduring execution, and therefore prevent further errors from happening.\n","fileTypesAndContributionMap":{"java":{"insertions":1,"deletions":1}}},{"hash":"e36b491574913dba7f5de72fcf0170f4226671e6","messageTitle":"Replace for loops with Java Stream where possible","messageBody":"Stream provides more elegant ways of processing a sequence of items,\nmaking it easier for any future modification.\n\nLet\u0027s replace for loops with methods from the Stream class\n(e.g. forEach(), filter(), and orElse())to keep the original behaviours.\n\nThe processing done on the task item now looks cleaner and make more\nsense for potential future developers.\n","fileTypesAndContributionMap":{"java":{"insertions":1,"deletions":1}}}]},{"date":"2022-02-09","commitResults":[{"hash":"b8217ee548de64857855b20dd67006fe01625dea","messageTitle":"Update build.gradle file","messageBody":"","fileTypesAndContributionMap":{"gradle":{"insertions":1,"deletions":0}}},{"hash":"7181e3c898513b708cdc8085aa2b57b769b5ebd5","messageTitle":"Update build.gradle file","messageBody":"","fileTypesAndContributionMap":{"gradle":{"insertions":1,"deletions":1}}},{"hash":"5c52aca17cfe3eaebb3b50f004ff362ca9769564","messageTitle":"Update build.gradle","messageBody":"","fileTypesAndContributionMap":{"gradle":{"insertions":1,"deletions":1}}}]},{"date":"2022-02-12","commitResults":[{"hash":"23ca68bcc265e046061e9c4831a9630b95e5c0b2","messageTitle":"Implement GUI of Spike","messageBody":"","tags":["A-BetterGui"],"fileTypesAndContributionMap":{"fxml":{"insertions":3,"deletions":3},"java":{"insertions":52,"deletions":15}}},{"hash":"50d37893285494d7995c4936a29dd70a3d4415de","messageTitle":"Update checkstyle.xml","messageBody":"","fileTypesAndContributionMap":{"gradle":{"insertions":1,"deletions":2},"java":{"insertions":5,"deletions":0}}},{"hash":"d0f8b998c1efcaa60abb28aea27d6b55b4f1fafe","messageTitle":"Fix some JavaDoc","messageBody":"","fileTypesAndContributionMap":{"java":{"insertions":3,"deletions":3}}},{"hash":"0c0a1a3a73d0beedec187146b073255bf620cfda","messageTitle":"Update gitignore file and docs","messageBody":"","tags":["A-CI"],"fileTypesAndContributionMap":{"java":{"insertions":1,"deletions":0}}},{"hash":"12955daae0f77bb1a2f95d44dd76359112ab42a9","messageTitle":"Update README.md","messageBody":"","fileTypesAndContributionMap":{"md":{"insertions":143,"deletions":13}}},{"hash":"00ba8d4f53ee1f79ef30badcb0f22d5f926acb9d","messageTitle":"Update README.md","messageBody":"","tags":["A-UserGuide"],"fileTypesAndContributionMap":{"md":{"insertions":1,"deletions":1}}},{"hash":"4650654a27907a032edbcf99cb2fe16f709b89c5","messageTitle":"Update README.md","messageBody":"","fileTypesAndContributionMap":{"md":{"insertions":1,"deletions":1}}},{"hash":"543517121d560c0fc15247905d2fce2a61442c7d","messageTitle":"Update README.md","messageBody":"","fileTypesAndContributionMap":{"md":{"insertions":15,"deletions":12}}},{"hash":"7eb0ec6c04ef2f73c1e2d53fe48a6a75589eaa6f","messageTitle":"Fix some bugs for final release","messageBody":"","tags":["A-Release"],"fileTypesAndContributionMap":{"java":{"insertions":37,"deletions":22}}}]},{"date":"2022-02-14","commitResults":[{"hash":"43b371a953be467f9204a9754cb38744f8eaba8f","messageTitle":"Update README.md","messageBody":"","fileTypesAndContributionMap":{"md":{"insertions":2,"deletions":2}}}]}]},"authorFileTypeContributionMap":{"yunbinmo":{"java":1632,"md":138,"fxml":58,"sh":1,"bat":1,"gradle":20,"txt":12}},"authorContributionVariance":{"yunbinmo":61502.848},"authorDisplayNameMap":{"yunbinmo":"CS2103-F09-3 MO Y..NBIN"}}
