[{"path":"src/main/java/BotException.java","fileType":"java","lines":[{"lineNumber":1,"author":{"gitId":"jbkim1999"},"content":"public class BotException extends Exception {","lastModifiedDate":"2022-01-20"},{"lineNumber":2,"author":{"gitId":"jbkim1999"},"content":"    BotException(String errorMessage) {","lastModifiedDate":"2022-01-20"},{"lineNumber":3,"author":{"gitId":"jbkim1999"},"content":"        super(errorMessage);","lastModifiedDate":"2022-01-20"},{"lineNumber":4,"author":{"gitId":"jbkim1999"},"content":"    }","lastModifiedDate":"2022-01-20"},{"lineNumber":5,"author":{"gitId":"jbkim1999"},"content":"}","lastModifiedDate":"2022-01-20"}],"authorContributionMap":{"jbkim1999":5}},{"path":"src/main/java/Deadline.java","fileType":"java","lines":[{"lineNumber":1,"author":{"gitId":"jbkim1999"},"content":"public class Deadline extends Task {","lastModifiedDate":"2022-01-20"},{"lineNumber":2,"author":{"gitId":"jbkim1999"},"content":"    protected String by;","lastModifiedDate":"2022-01-20"},{"lineNumber":3,"author":{"gitId":"jbkim1999"},"content":"","lastModifiedDate":"2022-01-20"},{"lineNumber":4,"author":{"gitId":"jbkim1999"},"content":"    Deadline(String description, String by) {","lastModifiedDate":"2022-01-20"},{"lineNumber":5,"author":{"gitId":"jbkim1999"},"content":"        super(description);","lastModifiedDate":"2022-01-20"},{"lineNumber":6,"author":{"gitId":"jbkim1999"},"content":"        this.by \u003d by;","lastModifiedDate":"2022-01-20"},{"lineNumber":7,"author":{"gitId":"jbkim1999"},"content":"    }","lastModifiedDate":"2022-01-20"},{"lineNumber":8,"author":{"gitId":"jbkim1999"},"content":"","lastModifiedDate":"2022-01-20"},{"lineNumber":9,"author":{"gitId":"jbkim1999"},"content":"    @Override","lastModifiedDate":"2022-01-20"},{"lineNumber":10,"author":{"gitId":"jbkim1999"},"content":"    public String toString() {","lastModifiedDate":"2022-01-20"},{"lineNumber":11,"author":{"gitId":"jbkim1999"},"content":"        return \"[D]\" + super.toString() + \"(by: \" + this.by + \")\";","lastModifiedDate":"2022-01-20"},{"lineNumber":12,"author":{"gitId":"jbkim1999"},"content":"    }","lastModifiedDate":"2022-01-20"},{"lineNumber":13,"author":{"gitId":"jbkim1999"},"content":"}","lastModifiedDate":"2022-01-20"}],"authorContributionMap":{"jbkim1999":13}},{"path":"src/main/java/Event.java","fileType":"java","lines":[{"lineNumber":1,"author":{"gitId":"jbkim1999"},"content":"public class Event extends Task {","lastModifiedDate":"2022-01-20"},{"lineNumber":2,"author":{"gitId":"jbkim1999"},"content":"    protected String at;","lastModifiedDate":"2022-01-20"},{"lineNumber":3,"author":{"gitId":"jbkim1999"},"content":"","lastModifiedDate":"2022-01-20"},{"lineNumber":4,"author":{"gitId":"jbkim1999"},"content":"    Event(String description, String at) {","lastModifiedDate":"2022-01-20"},{"lineNumber":5,"author":{"gitId":"jbkim1999"},"content":"        super(description);","lastModifiedDate":"2022-01-20"},{"lineNumber":6,"author":{"gitId":"jbkim1999"},"content":"        this.at \u003d at;","lastModifiedDate":"2022-01-20"},{"lineNumber":7,"author":{"gitId":"jbkim1999"},"content":"    }","lastModifiedDate":"2022-01-20"},{"lineNumber":8,"author":{"gitId":"jbkim1999"},"content":"","lastModifiedDate":"2022-01-20"},{"lineNumber":9,"author":{"gitId":"jbkim1999"},"content":"    @Override","lastModifiedDate":"2022-01-20"},{"lineNumber":10,"author":{"gitId":"jbkim1999"},"content":"    public String toString() {","lastModifiedDate":"2022-01-20"},{"lineNumber":11,"author":{"gitId":"jbkim1999"},"content":"        return \"[E]\" + super.toString() + \"(at: \" + this.at + \")\";","lastModifiedDate":"2022-01-20"},{"lineNumber":12,"author":{"gitId":"jbkim1999"},"content":"    }","lastModifiedDate":"2022-01-20"},{"lineNumber":13,"author":{"gitId":"jbkim1999"},"content":"}","lastModifiedDate":"2022-01-20"}],"authorContributionMap":{"jbkim1999":13}},{"path":"src/main/java/ISTJBot.java","fileType":"java","lines":[{"lineNumber":1,"author":{"gitId":"jbkim1999"},"content":"import java.util.Scanner;","lastModifiedDate":"2022-01-20"},{"lineNumber":2,"author":{"gitId":"jbkim1999"},"content":"import java.util.ArrayList;","lastModifiedDate":"2022-01-20"},{"lineNumber":3,"author":{"gitId":"jbkim1999"},"content":"","lastModifiedDate":"2022-01-20"},{"lineNumber":4,"author":{"gitId":"jbkim1999"},"content":"public class ISTJBot {","lastModifiedDate":"2022-01-20"},{"lineNumber":5,"author":{"gitId":"jbkim1999"},"content":"    public static void main(String[] args) {","lastModifiedDate":"2022-01-20"},{"lineNumber":6,"author":{"gitId":"jbkim1999"},"content":"        Scanner sc \u003d new Scanner(System.in);","lastModifiedDate":"2022-01-20"},{"lineNumber":7,"author":{"gitId":"jbkim1999"},"content":"","lastModifiedDate":"2022-01-20"},{"lineNumber":8,"author":{"gitId":"jbkim1999"},"content":"        boolean doneChatting \u003d false;","lastModifiedDate":"2022-01-20"},{"lineNumber":9,"author":{"gitId":"jbkim1999"},"content":"        ArrayList\u003cTask\u003e tasks \u003d new ArrayList\u003c\u003e();","lastModifiedDate":"2022-01-20"},{"lineNumber":10,"author":{"gitId":"jbkim1999"},"content":"        String list \u003d \"As an ISTJBot, I present you the task(s) in your list:\";","lastModifiedDate":"2022-01-20"},{"lineNumber":11,"author":{"gitId":"jbkim1999"},"content":"","lastModifiedDate":"2022-01-20"},{"lineNumber":12,"author":{"gitId":"jbkim1999"},"content":"        String welcomeMessage \u003d \"Hello! I\u0027m ISTJBot. \\n\" + \"What can I do for you?\";","lastModifiedDate":"2022-01-20"},{"lineNumber":13,"author":{"gitId":"jbkim1999"},"content":"        printResponse(welcomeMessage);","lastModifiedDate":"2022-01-20"},{"lineNumber":14,"author":{"gitId":"jbkim1999"},"content":"","lastModifiedDate":"2022-01-20"},{"lineNumber":15,"author":{"gitId":"jbkim1999"},"content":"        while (!doneChatting) {","lastModifiedDate":"2022-01-20"},{"lineNumber":16,"author":{"gitId":"jbkim1999"},"content":"            try {","lastModifiedDate":"2022-01-20"},{"lineNumber":17,"author":{"gitId":"jbkim1999"},"content":"                String request \u003d sc.nextLine();","lastModifiedDate":"2022-01-20"},{"lineNumber":18,"author":{"gitId":"jbkim1999"},"content":"                String[] requestInfo \u003d request.split(\" \");","lastModifiedDate":"2022-01-20"},{"lineNumber":19,"author":{"gitId":"jbkim1999"},"content":"                String command \u003d requestInfo[0];","lastModifiedDate":"2022-01-20"},{"lineNumber":20,"author":{"gitId":"jbkim1999"},"content":"","lastModifiedDate":"2022-01-20"},{"lineNumber":21,"author":{"gitId":"jbkim1999"},"content":"                if (command.equals(\"todo\")) {","lastModifiedDate":"2022-01-20"},{"lineNumber":22,"author":{"gitId":"jbkim1999"},"content":"                    if (requestInfo.length \u003d\u003d 1) {","lastModifiedDate":"2022-01-20"},{"lineNumber":23,"author":{"gitId":"jbkim1999"},"content":"                        throw new BotException(\"As an ISTJBot, I cannot find any description for your task.\");","lastModifiedDate":"2022-01-20"},{"lineNumber":24,"author":{"gitId":"jbkim1999"},"content":"                    }","lastModifiedDate":"2022-01-20"},{"lineNumber":25,"author":{"gitId":"jbkim1999"},"content":"                    String description \u003d \"\";","lastModifiedDate":"2022-01-20"},{"lineNumber":26,"author":{"gitId":"jbkim1999"},"content":"                    for (int i \u003d 1; i \u003c requestInfo.length; i++) {","lastModifiedDate":"2022-01-20"},{"lineNumber":27,"author":{"gitId":"jbkim1999"},"content":"                        description +\u003d requestInfo[i] + \" \";","lastModifiedDate":"2022-01-20"},{"lineNumber":28,"author":{"gitId":"jbkim1999"},"content":"                    }","lastModifiedDate":"2022-01-20"},{"lineNumber":29,"author":{"gitId":"jbkim1999"},"content":"                    Task taskAdded \u003d new Todo(description);","lastModifiedDate":"2022-01-20"},{"lineNumber":30,"author":{"gitId":"jbkim1999"},"content":"                    tasks.add(taskAdded);","lastModifiedDate":"2022-01-20"},{"lineNumber":31,"author":{"gitId":"jbkim1999"},"content":"                    String messageStart \u003d \"As an ISTJBot, I will add this task right now. \\n\";","lastModifiedDate":"2022-01-20"},{"lineNumber":32,"author":{"gitId":"jbkim1999"},"content":"                    String messageLast \u003d \"Now you have \" + tasks.size() + \" \";","lastModifiedDate":"2022-01-20"},{"lineNumber":33,"author":{"gitId":"jbkim1999"},"content":"                    String plural \u003d tasks.size() \u003e 1 ? \"tasks\" : \"task\";","lastModifiedDate":"2022-01-20"},{"lineNumber":34,"author":{"gitId":"jbkim1999"},"content":"                    messageLast +\u003d plural + \" in the list. Let\u0027s go.\";","lastModifiedDate":"2022-01-20"},{"lineNumber":35,"author":{"gitId":"jbkim1999"},"content":"                    printResponse(messageStart + taskAdded.toString() + \"\\n\" + messageLast);","lastModifiedDate":"2022-01-20"},{"lineNumber":36,"author":{"gitId":"jbkim1999"},"content":"","lastModifiedDate":"2022-01-20"},{"lineNumber":37,"author":{"gitId":"jbkim1999"},"content":"                } else if (command.equals(\"deadline\")) {","lastModifiedDate":"2022-01-20"},{"lineNumber":38,"author":{"gitId":"jbkim1999"},"content":"                    String description \u003d \"\";","lastModifiedDate":"2022-01-20"},{"lineNumber":39,"author":{"gitId":"jbkim1999"},"content":"                    int byIndex \u003d -1;","lastModifiedDate":"2022-01-20"},{"lineNumber":40,"author":{"gitId":"jbkim1999"},"content":"                    String by \u003d \"\";","lastModifiedDate":"2022-01-20"},{"lineNumber":41,"author":{"gitId":"jbkim1999"},"content":"                    for (int i \u003d 1; i \u003c requestInfo.length; i++) {","lastModifiedDate":"2022-01-20"},{"lineNumber":42,"author":{"gitId":"jbkim1999"},"content":"                        if (requestInfo[i].equals(\"/by\")) {","lastModifiedDate":"2022-01-20"},{"lineNumber":43,"author":{"gitId":"jbkim1999"},"content":"                            byIndex \u003d i;","lastModifiedDate":"2022-01-20"},{"lineNumber":44,"author":{"gitId":"jbkim1999"},"content":"                            break;","lastModifiedDate":"2022-01-20"},{"lineNumber":45,"author":{"gitId":"jbkim1999"},"content":"                        }","lastModifiedDate":"2022-01-20"},{"lineNumber":46,"author":{"gitId":"jbkim1999"},"content":"                        description +\u003d requestInfo[i] + \" \";","lastModifiedDate":"2022-01-20"},{"lineNumber":47,"author":{"gitId":"jbkim1999"},"content":"                    }","lastModifiedDate":"2022-01-20"},{"lineNumber":48,"author":{"gitId":"jbkim1999"},"content":"                    for (int i \u003d byIndex + 1; i \u003c requestInfo.length; i++) {","lastModifiedDate":"2022-01-20"},{"lineNumber":49,"author":{"gitId":"jbkim1999"},"content":"                        by +\u003d i \u003d\u003d requestInfo.length - 1 ? requestInfo[i] : requestInfo[i] + \" \";","lastModifiedDate":"2022-01-20"},{"lineNumber":50,"author":{"gitId":"jbkim1999"},"content":"                    }","lastModifiedDate":"2022-01-20"},{"lineNumber":51,"author":{"gitId":"jbkim1999"},"content":"                    Task taskAdded \u003d new Deadline(description, by);","lastModifiedDate":"2022-01-20"},{"lineNumber":52,"author":{"gitId":"jbkim1999"},"content":"                    tasks.add(taskAdded);","lastModifiedDate":"2022-01-20"},{"lineNumber":53,"author":{"gitId":"jbkim1999"},"content":"                    String messageStart \u003d \"As an ISTJBot, I will add this task right now. \\n\";","lastModifiedDate":"2022-01-20"},{"lineNumber":54,"author":{"gitId":"jbkim1999"},"content":"                    String messageLast \u003d \"Now you have \" + tasks.size() + \" \";","lastModifiedDate":"2022-01-20"},{"lineNumber":55,"author":{"gitId":"jbkim1999"},"content":"                    String plural \u003d tasks.size() \u003e 1 ? \"tasks\" : \"task\";","lastModifiedDate":"2022-01-20"},{"lineNumber":56,"author":{"gitId":"jbkim1999"},"content":"                    messageLast +\u003d plural + \" in the list. Let\u0027s go.\";","lastModifiedDate":"2022-01-20"},{"lineNumber":57,"author":{"gitId":"jbkim1999"},"content":"                    printResponse(messageStart + taskAdded.toString() + \"\\n\" + messageLast);","lastModifiedDate":"2022-01-20"},{"lineNumber":58,"author":{"gitId":"jbkim1999"},"content":"","lastModifiedDate":"2022-01-20"},{"lineNumber":59,"author":{"gitId":"jbkim1999"},"content":"                } else if (command.equals(\"event\")) {","lastModifiedDate":"2022-01-20"},{"lineNumber":60,"author":{"gitId":"jbkim1999"},"content":"                    String description \u003d \"\";","lastModifiedDate":"2022-01-20"},{"lineNumber":61,"author":{"gitId":"jbkim1999"},"content":"                    int atIndex \u003d -1;","lastModifiedDate":"2022-01-20"},{"lineNumber":62,"author":{"gitId":"jbkim1999"},"content":"                    String at \u003d \"\";","lastModifiedDate":"2022-01-20"},{"lineNumber":63,"author":{"gitId":"jbkim1999"},"content":"                    for (int i \u003d 1; i \u003c requestInfo.length; i++) {","lastModifiedDate":"2022-01-20"},{"lineNumber":64,"author":{"gitId":"jbkim1999"},"content":"                        if (requestInfo[i].equals(\"/at\")) {","lastModifiedDate":"2022-01-20"},{"lineNumber":65,"author":{"gitId":"jbkim1999"},"content":"                            atIndex \u003d i;","lastModifiedDate":"2022-01-20"},{"lineNumber":66,"author":{"gitId":"jbkim1999"},"content":"                            break;","lastModifiedDate":"2022-01-20"},{"lineNumber":67,"author":{"gitId":"jbkim1999"},"content":"                        }","lastModifiedDate":"2022-01-20"},{"lineNumber":68,"author":{"gitId":"jbkim1999"},"content":"                        description +\u003d requestInfo[i] + \" \";","lastModifiedDate":"2022-01-20"},{"lineNumber":69,"author":{"gitId":"jbkim1999"},"content":"                    }","lastModifiedDate":"2022-01-20"},{"lineNumber":70,"author":{"gitId":"jbkim1999"},"content":"                    for (int i \u003d atIndex + 1; i \u003c requestInfo.length; i++) {","lastModifiedDate":"2022-01-20"},{"lineNumber":71,"author":{"gitId":"jbkim1999"},"content":"                        at +\u003d i \u003d\u003d requestInfo.length - 1 ? requestInfo[i] : requestInfo[i] + \" \";","lastModifiedDate":"2022-01-20"},{"lineNumber":72,"author":{"gitId":"jbkim1999"},"content":"                    }","lastModifiedDate":"2022-01-20"},{"lineNumber":73,"author":{"gitId":"jbkim1999"},"content":"                    Task taskAdded \u003d new Event(description, at);","lastModifiedDate":"2022-01-20"},{"lineNumber":74,"author":{"gitId":"jbkim1999"},"content":"                    tasks.add(taskAdded);","lastModifiedDate":"2022-01-20"},{"lineNumber":75,"author":{"gitId":"jbkim1999"},"content":"                    String messageStart \u003d \"As an ISTJBot, I will add this task right now. \\n\";","lastModifiedDate":"2022-01-20"},{"lineNumber":76,"author":{"gitId":"jbkim1999"},"content":"                    String messageLast \u003d \"Now you have \" + tasks.size() + \" \";","lastModifiedDate":"2022-01-20"},{"lineNumber":77,"author":{"gitId":"jbkim1999"},"content":"                    String plural \u003d tasks.size() \u003e 1 ? \"tasks\" : \"task\";","lastModifiedDate":"2022-01-20"},{"lineNumber":78,"author":{"gitId":"jbkim1999"},"content":"                    messageLast +\u003d plural + \" in the list. Let\u0027s go.\";","lastModifiedDate":"2022-01-20"},{"lineNumber":79,"author":{"gitId":"jbkim1999"},"content":"                    printResponse(messageStart + taskAdded.toString() + \"\\n\" + messageLast);","lastModifiedDate":"2022-01-20"},{"lineNumber":80,"author":{"gitId":"jbkim1999"},"content":"","lastModifiedDate":"2022-01-20"},{"lineNumber":81,"author":{"gitId":"jbkim1999"},"content":"                } else if (command.equals(\"mark\")) {","lastModifiedDate":"2022-01-20"},{"lineNumber":82,"author":{"gitId":"jbkim1999"},"content":"                    int taskNumber \u003d Integer.parseInt(requestInfo[1]);","lastModifiedDate":"2022-01-20"},{"lineNumber":83,"author":{"gitId":"jbkim1999"},"content":"                    tasks.get(taskNumber - 1).mark();","lastModifiedDate":"2022-01-20"},{"lineNumber":84,"author":{"gitId":"jbkim1999"},"content":"                    printResponse(\"As an ISTJBot, I\u0027ve marked this task as done: \\n\" +","lastModifiedDate":"2022-01-20"},{"lineNumber":85,"author":{"gitId":"jbkim1999"},"content":"                            tasks.get(taskNumber - 1).toString());","lastModifiedDate":"2022-01-20"},{"lineNumber":86,"author":{"gitId":"jbkim1999"},"content":"","lastModifiedDate":"2022-01-20"},{"lineNumber":87,"author":{"gitId":"jbkim1999"},"content":"                } else if (command.equals(\"unmark\")) {","lastModifiedDate":"2022-01-20"},{"lineNumber":88,"author":{"gitId":"jbkim1999"},"content":"                    int taskNumber \u003d Integer.parseInt(requestInfo[1]);","lastModifiedDate":"2022-01-20"},{"lineNumber":89,"author":{"gitId":"jbkim1999"},"content":"                    tasks.get(taskNumber - 1).unmark();","lastModifiedDate":"2022-01-20"},{"lineNumber":90,"author":{"gitId":"jbkim1999"},"content":"                    printResponse(\"As an ISTJBot, I\u0027ve unmarked this task: \\n\" +","lastModifiedDate":"2022-01-20"},{"lineNumber":91,"author":{"gitId":"jbkim1999"},"content":"                            tasks.get(taskNumber - 1).toString());","lastModifiedDate":"2022-01-20"},{"lineNumber":92,"author":{"gitId":"jbkim1999"},"content":"","lastModifiedDate":"2022-01-20"},{"lineNumber":93,"author":{"gitId":"jbkim1999"},"content":"                } else if (command.equals(\"list\")) {","lastModifiedDate":"2022-01-20"},{"lineNumber":94,"author":{"gitId":"jbkim1999"},"content":"                    if (tasks.size() !\u003d 0) {","lastModifiedDate":"2022-01-20"},{"lineNumber":95,"author":{"gitId":"jbkim1999"},"content":"                        list +\u003d \"\\n\"; // for spacing purpose","lastModifiedDate":"2022-01-20"},{"lineNumber":96,"author":{"gitId":"jbkim1999"},"content":"                    }","lastModifiedDate":"2022-01-20"},{"lineNumber":97,"author":{"gitId":"jbkim1999"},"content":"                    for (int i \u003d 1; i \u003c\u003d tasks.size(); i++) {","lastModifiedDate":"2022-01-20"},{"lineNumber":98,"author":{"gitId":"jbkim1999"},"content":"                        list +\u003d i !\u003d 1 ? \"\\n\" + i + \". \" + tasks.get(i - 1).toString() : i + \". \" +","lastModifiedDate":"2022-01-20"},{"lineNumber":99,"author":{"gitId":"jbkim1999"},"content":"                                tasks.get(i - 1).toString();","lastModifiedDate":"2022-01-20"},{"lineNumber":100,"author":{"gitId":"jbkim1999"},"content":"                    }","lastModifiedDate":"2022-01-20"},{"lineNumber":101,"author":{"gitId":"jbkim1999"},"content":"                    printResponse(list);","lastModifiedDate":"2022-01-20"},{"lineNumber":102,"author":{"gitId":"jbkim1999"},"content":"                    list \u003d \"As an ISTJBot, I present you the task(s) in your list:\";","lastModifiedDate":"2022-01-20"},{"lineNumber":103,"author":{"gitId":"jbkim1999"},"content":"","lastModifiedDate":"2022-01-20"},{"lineNumber":104,"author":{"gitId":"jbkim1999"},"content":"                } else if (command.equals(\"bye\")) {","lastModifiedDate":"2022-01-20"},{"lineNumber":105,"author":{"gitId":"jbkim1999"},"content":"                    doneChatting \u003d true;","lastModifiedDate":"2022-01-20"},{"lineNumber":106,"author":{"gitId":"jbkim1999"},"content":"                    printResponse(\"Bye, I, ISTJBot, will be organizing your tasks until you come back.\");","lastModifiedDate":"2022-01-20"},{"lineNumber":107,"author":{"gitId":"jbkim1999"},"content":"                    sc.close();","lastModifiedDate":"2022-01-20"},{"lineNumber":108,"author":{"gitId":"jbkim1999"},"content":"","lastModifiedDate":"2022-01-20"},{"lineNumber":109,"author":{"gitId":"jbkim1999"},"content":"                } else if (command.equals(\"delete\")) {","lastModifiedDate":"2022-01-20"},{"lineNumber":110,"author":{"gitId":"jbkim1999"},"content":"                    int taskNumber \u003d Integer.parseInt(requestInfo[1]);","lastModifiedDate":"2022-01-20"},{"lineNumber":111,"author":{"gitId":"jbkim1999"},"content":"                    Task taskDeleted \u003d tasks.get(taskNumber - 1);","lastModifiedDate":"2022-01-20"},{"lineNumber":112,"author":{"gitId":"jbkim1999"},"content":"                    tasks.remove(taskNumber - 1);","lastModifiedDate":"2022-01-20"},{"lineNumber":113,"author":{"gitId":"jbkim1999"},"content":"                    String messageStart \u003d \"As an ISTJBot, I\u0027ve removed this task: \\n\";","lastModifiedDate":"2022-01-20"},{"lineNumber":114,"author":{"gitId":"jbkim1999"},"content":"                    String messageLast \u003d \"Now you have \" + tasks.size() + \" \";","lastModifiedDate":"2022-01-20"},{"lineNumber":115,"author":{"gitId":"jbkim1999"},"content":"                    String plural \u003d tasks.size() \u003e 1 ? \"tasks\" : \"task\";","lastModifiedDate":"2022-01-20"},{"lineNumber":116,"author":{"gitId":"jbkim1999"},"content":"                    messageLast +\u003d plural + \" in the list. Let\u0027s go.\";","lastModifiedDate":"2022-01-20"},{"lineNumber":117,"author":{"gitId":"jbkim1999"},"content":"                    printResponse(messageStart + taskDeleted.toString() + \"\\n\" + messageLast);","lastModifiedDate":"2022-01-20"},{"lineNumber":118,"author":{"gitId":"jbkim1999"},"content":"","lastModifiedDate":"2022-01-20"},{"lineNumber":119,"author":{"gitId":"jbkim1999"},"content":"                } else {","lastModifiedDate":"2022-01-20"},{"lineNumber":120,"author":{"gitId":"jbkim1999"},"content":"                    throw new BotException(\"As an ISTJBot, I don\u0027t understand what that command means.\");","lastModifiedDate":"2022-01-20"},{"lineNumber":121,"author":{"gitId":"jbkim1999"},"content":"                }","lastModifiedDate":"2022-01-20"},{"lineNumber":122,"author":{"gitId":"jbkim1999"},"content":"","lastModifiedDate":"2022-01-20"},{"lineNumber":123,"author":{"gitId":"jbkim1999"},"content":"            } catch (BotException e) {","lastModifiedDate":"2022-01-20"},{"lineNumber":124,"author":{"gitId":"jbkim1999"},"content":"                printResponse(e.getMessage());","lastModifiedDate":"2022-01-20"},{"lineNumber":125,"author":{"gitId":"jbkim1999"},"content":"            }","lastModifiedDate":"2022-01-20"},{"lineNumber":126,"author":{"gitId":"jbkim1999"},"content":"        }","lastModifiedDate":"2022-01-20"},{"lineNumber":127,"author":{"gitId":"jbkim1999"},"content":"    }","lastModifiedDate":"2022-01-20"},{"lineNumber":128,"author":{"gitId":"jbkim1999"},"content":"","lastModifiedDate":"2022-01-20"},{"lineNumber":129,"author":{"gitId":"jbkim1999"},"content":"    public static void printResponse(String request) {","lastModifiedDate":"2022-01-20"},{"lineNumber":130,"author":{"gitId":"jbkim1999"},"content":"        String line \u003d \"*__________________________________________________________* \\n\";","lastModifiedDate":"2022-01-20"},{"lineNumber":131,"author":{"gitId":"jbkim1999"},"content":"        System.out.println(line + request + \"\\n\" + line);","lastModifiedDate":"2022-01-20"},{"lineNumber":132,"author":{"gitId":"jbkim1999"},"content":"    }","lastModifiedDate":"2022-01-20"},{"lineNumber":133,"author":{"gitId":"jbkim1999"},"content":"}","lastModifiedDate":"2022-01-20"}],"authorContributionMap":{"jbkim1999":133}},{"path":"src/main/java/Task.java","fileType":"java","lines":[{"lineNumber":1,"author":{"gitId":"jbkim1999"},"content":"public class Task {","lastModifiedDate":"2022-01-20"},{"lineNumber":2,"author":{"gitId":"jbkim1999"},"content":"    protected String description;","lastModifiedDate":"2022-01-20"},{"lineNumber":3,"author":{"gitId":"jbkim1999"},"content":"    protected boolean isDone;","lastModifiedDate":"2022-01-20"},{"lineNumber":4,"author":{"gitId":"jbkim1999"},"content":"","lastModifiedDate":"2022-01-20"},{"lineNumber":5,"author":{"gitId":"jbkim1999"},"content":"    Task(String description) {","lastModifiedDate":"2022-01-20"},{"lineNumber":6,"author":{"gitId":"jbkim1999"},"content":"        this.description \u003d description;","lastModifiedDate":"2022-01-20"},{"lineNumber":7,"author":{"gitId":"jbkim1999"},"content":"        this.isDone \u003d false;","lastModifiedDate":"2022-01-20"},{"lineNumber":8,"author":{"gitId":"jbkim1999"},"content":"    }","lastModifiedDate":"2022-01-20"},{"lineNumber":9,"author":{"gitId":"jbkim1999"},"content":"","lastModifiedDate":"2022-01-20"},{"lineNumber":10,"author":{"gitId":"jbkim1999"},"content":"    public void mark() {","lastModifiedDate":"2022-01-20"},{"lineNumber":11,"author":{"gitId":"jbkim1999"},"content":"        this.isDone \u003d true;","lastModifiedDate":"2022-01-20"},{"lineNumber":12,"author":{"gitId":"jbkim1999"},"content":"    }","lastModifiedDate":"2022-01-20"},{"lineNumber":13,"author":{"gitId":"jbkim1999"},"content":"","lastModifiedDate":"2022-01-20"},{"lineNumber":14,"author":{"gitId":"jbkim1999"},"content":"    public void unmark() {","lastModifiedDate":"2022-01-20"},{"lineNumber":15,"author":{"gitId":"jbkim1999"},"content":"        this.isDone \u003d false;","lastModifiedDate":"2022-01-20"},{"lineNumber":16,"author":{"gitId":"jbkim1999"},"content":"    }","lastModifiedDate":"2022-01-20"},{"lineNumber":17,"author":{"gitId":"jbkim1999"},"content":"","lastModifiedDate":"2022-01-20"},{"lineNumber":18,"author":{"gitId":"jbkim1999"},"content":"    public String getStatusIcon() {","lastModifiedDate":"2022-01-20"},{"lineNumber":19,"author":{"gitId":"jbkim1999"},"content":"        return (isDone ? \"[X]\" : \"[ ]\"); // mark done task with X","lastModifiedDate":"2022-01-20"},{"lineNumber":20,"author":{"gitId":"jbkim1999"},"content":"    }","lastModifiedDate":"2022-01-20"},{"lineNumber":21,"author":{"gitId":"jbkim1999"},"content":"","lastModifiedDate":"2022-01-20"},{"lineNumber":22,"author":{"gitId":"jbkim1999"},"content":"    @Override","lastModifiedDate":"2022-01-20"},{"lineNumber":23,"author":{"gitId":"jbkim1999"},"content":"    public String toString() {","lastModifiedDate":"2022-01-20"},{"lineNumber":24,"author":{"gitId":"jbkim1999"},"content":"        return this.getStatusIcon() + \" \" + this.description;","lastModifiedDate":"2022-01-20"},{"lineNumber":25,"author":{"gitId":"jbkim1999"},"content":"    }","lastModifiedDate":"2022-01-20"},{"lineNumber":26,"author":{"gitId":"jbkim1999"},"content":"}","lastModifiedDate":"2022-01-20"}],"authorContributionMap":{"jbkim1999":26}},{"path":"src/main/java/Todo.java","fileType":"java","lines":[{"lineNumber":1,"author":{"gitId":"jbkim1999"},"content":"public class Todo extends Task {","lastModifiedDate":"2022-01-20"},{"lineNumber":2,"author":{"gitId":"jbkim1999"},"content":"    Todo(String description) {","lastModifiedDate":"2022-01-20"},{"lineNumber":3,"author":{"gitId":"jbkim1999"},"content":"        super(description);","lastModifiedDate":"2022-01-20"},{"lineNumber":4,"author":{"gitId":"jbkim1999"},"content":"    }","lastModifiedDate":"2022-01-20"},{"lineNumber":5,"author":{"gitId":"jbkim1999"},"content":"","lastModifiedDate":"2022-01-20"},{"lineNumber":6,"author":{"gitId":"jbkim1999"},"content":"    @Override","lastModifiedDate":"2022-01-20"},{"lineNumber":7,"author":{"gitId":"jbkim1999"},"content":"    public String toString() {","lastModifiedDate":"2022-01-20"},{"lineNumber":8,"author":{"gitId":"jbkim1999"},"content":"        return \"[T]\" + super.toString();","lastModifiedDate":"2022-01-20"},{"lineNumber":9,"author":{"gitId":"jbkim1999"},"content":"    }","lastModifiedDate":"2022-01-20"},{"lineNumber":10,"author":{"gitId":"jbkim1999"},"content":"}","lastModifiedDate":"2022-01-20"}],"authorContributionMap":{"jbkim1999":10}},{"path":"text-ui-test/input.txt","fileType":"txt","lines":[{"lineNumber":1,"author":{"gitId":"jbkim1999"},"content":"what","lastModifiedDate":"2022-01-20"},{"lineNumber":2,"author":{"gitId":"jbkim1999"},"content":"list","lastModifiedDate":"2022-01-20"},{"lineNumber":3,"author":{"gitId":"jbkim1999"},"content":"todo event","lastModifiedDate":"2022-01-20"},{"lineNumber":4,"author":{"gitId":"jbkim1999"},"content":"list","lastModifiedDate":"2022-01-20"},{"lineNumber":5,"author":{"gitId":"jbkim1999"},"content":"deadline return book /by Sunday","lastModifiedDate":"2022-01-20"},{"lineNumber":6,"author":{"gitId":"jbkim1999"},"content":"list","lastModifiedDate":"2022-01-20"},{"lineNumber":7,"author":{"gitId":"jbkim1999"},"content":"event project meeting /at Mon 2-4pm","lastModifiedDate":"2022-01-20"},{"lineNumber":8,"author":{"gitId":"jbkim1999"},"content":"mark 1","lastModifiedDate":"2022-01-20"},{"lineNumber":9,"author":{"gitId":"jbkim1999"},"content":"mark 2","lastModifiedDate":"2022-01-20"},{"lineNumber":10,"author":{"gitId":"jbkim1999"},"content":"mark 3","lastModifiedDate":"2022-01-20"},{"lineNumber":11,"author":{"gitId":"jbkim1999"},"content":"list","lastModifiedDate":"2022-01-20"},{"lineNumber":12,"author":{"gitId":"jbkim1999"},"content":"unmark 3","lastModifiedDate":"2022-01-20"},{"lineNumber":13,"author":{"gitId":"jbkim1999"},"content":"unmark 2","lastModifiedDate":"2022-01-20"},{"lineNumber":14,"author":{"gitId":"jbkim1999"},"content":"unmark 1","lastModifiedDate":"2022-01-20"},{"lineNumber":15,"author":{"gitId":"jbkim1999"},"content":"list","lastModifiedDate":"2022-01-20"},{"lineNumber":16,"author":{"gitId":"jbkim1999"},"content":"delete 2","lastModifiedDate":"2022-01-20"},{"lineNumber":17,"author":{"gitId":"jbkim1999"},"content":"list","lastModifiedDate":"2022-01-20"},{"lineNumber":18,"author":{"gitId":"jbkim1999"},"content":"delete 1","lastModifiedDate":"2022-01-20"},{"lineNumber":19,"author":{"gitId":"jbkim1999"},"content":"list","lastModifiedDate":"2022-01-20"},{"lineNumber":20,"author":{"gitId":"jbkim1999"},"content":"delete 3","lastModifiedDate":"2022-01-20"},{"lineNumber":21,"author":{"gitId":"jbkim1999"},"content":"list","lastModifiedDate":"2022-01-20"},{"lineNumber":22,"author":{"gitId":"jbkim1999"},"content":"bye","lastModifiedDate":"2022-01-20"}],"authorContributionMap":{"jbkim1999":22}},{"path":"text-ui-test/runtest.sh","fileType":"sh","lines":[{"lineNumber":1,"author":{"gitId":"-"},"content":"#!/usr/bin/env bash","lastModifiedDate":"2020-05-25"},{"lineNumber":2,"author":{"gitId":"-"},"content":"","lastModifiedDate":"2020-05-25"},{"lineNumber":3,"author":{"gitId":"-"},"content":"# create bin directory if it doesn\u0027t exist","lastModifiedDate":"2020-05-25"},{"lineNumber":4,"author":{"gitId":"-"},"content":"if [ ! -d \"../bin\" ]","lastModifiedDate":"2020-05-25"},{"lineNumber":5,"author":{"gitId":"-"},"content":"then","lastModifiedDate":"2020-05-25"},{"lineNumber":6,"author":{"gitId":"-"},"content":"    mkdir ../bin","lastModifiedDate":"2020-05-25"},{"lineNumber":7,"author":{"gitId":"-"},"content":"fi","lastModifiedDate":"2020-05-25"},{"lineNumber":8,"author":{"gitId":"-"},"content":"","lastModifiedDate":"2020-05-25"},{"lineNumber":9,"author":{"gitId":"-"},"content":"# delete output from previous run","lastModifiedDate":"2020-05-25"},{"lineNumber":10,"author":{"gitId":"-"},"content":"if [ -e \"./ACTUAL.TXT\" ]","lastModifiedDate":"2020-05-25"},{"lineNumber":11,"author":{"gitId":"-"},"content":"then","lastModifiedDate":"2020-05-25"},{"lineNumber":12,"author":{"gitId":"-"},"content":"    rm ACTUAL.TXT","lastModifiedDate":"2020-05-25"},{"lineNumber":13,"author":{"gitId":"-"},"content":"fi","lastModifiedDate":"2020-05-25"},{"lineNumber":14,"author":{"gitId":"-"},"content":"","lastModifiedDate":"2020-05-25"},{"lineNumber":15,"author":{"gitId":"-"},"content":"# compile the code into the bin folder, terminates if error occurred","lastModifiedDate":"2020-05-25"},{"lineNumber":16,"author":{"gitId":"-"},"content":"if ! javac -cp ../src/main/java -Xlint:none -d ../bin ../src/main/java/*.java","lastModifiedDate":"2020-08-25"},{"lineNumber":17,"author":{"gitId":"-"},"content":"then","lastModifiedDate":"2020-05-25"},{"lineNumber":18,"author":{"gitId":"-"},"content":"    echo \"********** BUILD FAILURE **********\"","lastModifiedDate":"2020-05-25"},{"lineNumber":19,"author":{"gitId":"-"},"content":"    exit 1","lastModifiedDate":"2020-05-25"},{"lineNumber":20,"author":{"gitId":"-"},"content":"fi","lastModifiedDate":"2020-05-25"},{"lineNumber":21,"author":{"gitId":"-"},"content":"","lastModifiedDate":"2020-05-25"},{"lineNumber":22,"author":{"gitId":"-"},"content":"# run the program, feed commands from input.txt file and redirect the output to the ACTUAL.TXT","lastModifiedDate":"2020-05-25"},{"lineNumber":23,"author":{"gitId":"jbkim1999"},"content":"java -classpath ../bin ISTJBot \u003c input.txt \u003e ACTUAL.TXT","lastModifiedDate":"2022-01-20"},{"lineNumber":24,"author":{"gitId":"-"},"content":"","lastModifiedDate":"2020-05-25"},{"lineNumber":25,"author":{"gitId":"-"},"content":"# convert to UNIX format","lastModifiedDate":"2020-05-25"},{"lineNumber":26,"author":{"gitId":"-"},"content":"cp EXPECTED.TXT EXPECTED-UNIX.TXT","lastModifiedDate":"2020-05-25"},{"lineNumber":27,"author":{"gitId":"-"},"content":"dos2unix ACTUAL.TXT EXPECTED-UNIX.TXT","lastModifiedDate":"2020-05-25"},{"lineNumber":28,"author":{"gitId":"-"},"content":"","lastModifiedDate":"2020-05-25"},{"lineNumber":29,"author":{"gitId":"-"},"content":"# compare the output to the expected output","lastModifiedDate":"2020-05-25"},{"lineNumber":30,"author":{"gitId":"-"},"content":"diff ACTUAL.TXT EXPECTED-UNIX.TXT","lastModifiedDate":"2020-05-25"},{"lineNumber":31,"author":{"gitId":"-"},"content":"if [ $? -eq 0 ]","lastModifiedDate":"2020-05-25"},{"lineNumber":32,"author":{"gitId":"-"},"content":"then","lastModifiedDate":"2020-05-25"},{"lineNumber":33,"author":{"gitId":"-"},"content":"    echo \"Test result: PASSED\"","lastModifiedDate":"2020-05-25"},{"lineNumber":34,"author":{"gitId":"-"},"content":"    exit 0","lastModifiedDate":"2020-05-25"},{"lineNumber":35,"author":{"gitId":"-"},"content":"else","lastModifiedDate":"2020-05-25"},{"lineNumber":36,"author":{"gitId":"-"},"content":"    echo \"Test result: FAILED\"","lastModifiedDate":"2020-05-25"},{"lineNumber":37,"author":{"gitId":"-"},"content":"    exit 1","lastModifiedDate":"2020-05-25"},{"lineNumber":38,"author":{"gitId":"-"},"content":"fi","lastModifiedDate":"2020-05-25"}],"authorContributionMap":{"jbkim1999":1,"-":37}}]
