[{"path":"src/main/java/duke/Duke.java","fileType":"java","lines":[{"lineNumber":1,"author":{"gitId":"sibinhho99-nus"},"content":"package duke;","lastModifiedDate":"2022-01-28"},{"lineNumber":2,"author":{"gitId":"sibinhho99-nus"},"content":"","lastModifiedDate":"2022-01-28"},{"lineNumber":3,"author":{"gitId":"sibinhho99-nus"},"content":"import java.io.IOException;","lastModifiedDate":"2022-01-27"},{"lineNumber":4,"author":{"gitId":"sibinhho99-nus"},"content":"import java.util.InputMismatchException;","lastModifiedDate":"2022-01-21"},{"lineNumber":5,"author":{"gitId":"sibinhho99-nus"},"content":"import java.util.Scanner;","lastModifiedDate":"2022-01-21"},{"lineNumber":6,"author":{"gitId":"sibinhho99-nus"},"content":"","lastModifiedDate":"2022-01-21"},{"lineNumber":7,"author":{"gitId":"-"},"content":"public class Duke {","lastModifiedDate":"2019-07-29"},{"lineNumber":8,"author":{"gitId":"sibinhho99-nus"},"content":"    /**","lastModifiedDate":"2022-01-21"},{"lineNumber":9,"author":{"gitId":"sibinhho99-nus"},"content":"     * Main class","lastModifiedDate":"2022-01-21"},{"lineNumber":10,"author":{"gitId":"sibinhho99-nus"},"content":"     */","lastModifiedDate":"2022-01-21"},{"lineNumber":11,"author":{"gitId":"sibinhho99-nus"},"content":"    public static void main(String[] args) throws IOException {","lastModifiedDate":"2022-01-27"},{"lineNumber":12,"author":{"gitId":"sibinhho99-nus"},"content":"        Scanner sc \u003d new Scanner(System.in);","lastModifiedDate":"2022-01-28"},{"lineNumber":13,"author":{"gitId":"sibinhho99-nus"},"content":"","lastModifiedDate":"2022-01-28"},{"lineNumber":14,"author":{"gitId":"sibinhho99-nus"},"content":"        Storage storage \u003d new Storage();","lastModifiedDate":"2022-01-28"},{"lineNumber":15,"author":{"gitId":"sibinhho99-nus"},"content":"        TaskList pastTasks \u003d storage.taskList;","lastModifiedDate":"2022-01-28"},{"lineNumber":16,"author":{"gitId":"sibinhho99-nus"},"content":"","lastModifiedDate":"2022-01-28"},{"lineNumber":17,"author":{"gitId":"sibinhho99-nus"},"content":"        Ui ui \u003d new Ui();","lastModifiedDate":"2022-01-28"},{"lineNumber":18,"author":{"gitId":"sibinhho99-nus"},"content":"        Parser parser \u003d new Parser();","lastModifiedDate":"2022-01-28"},{"lineNumber":19,"author":{"gitId":"sibinhho99-nus"},"content":"","lastModifiedDate":"2022-01-28"},{"lineNumber":20,"author":{"gitId":"-"},"content":"        String logo \u003d \" ____        _        \\n\"","lastModifiedDate":"2019-07-29"},{"lineNumber":21,"author":{"gitId":"-"},"content":"                + \"|  _ \\\\ _   _| | _____ \\n\"","lastModifiedDate":"2019-07-29"},{"lineNumber":22,"author":{"gitId":"-"},"content":"                + \"| | | | | | | |/ / _ \\\\\\n\"","lastModifiedDate":"2019-07-29"},{"lineNumber":23,"author":{"gitId":"-"},"content":"                + \"| |_| | |_| |   \u003c  __/\\n\"","lastModifiedDate":"2019-07-29"},{"lineNumber":24,"author":{"gitId":"-"},"content":"                + \"|____/ \\\\__,_|_|\\\\_\\\\___|\\n\";","lastModifiedDate":"2019-07-29"},{"lineNumber":25,"author":{"gitId":"sibinhho99-nus"},"content":"        ui.println(\"Hello from\\n\" + logo);","lastModifiedDate":"2022-01-28"},{"lineNumber":26,"author":{"gitId":"sibinhho99-nus"},"content":"","lastModifiedDate":"2022-01-21"},{"lineNumber":27,"author":{"gitId":"sibinhho99-nus"},"content":"        ui.printMessage(\"\"\"","lastModifiedDate":"2022-01-28"},{"lineNumber":28,"author":{"gitId":"sibinhho99-nus"},"content":"                Hello! I\u0027m Duke","lastModifiedDate":"2022-01-21"},{"lineNumber":29,"author":{"gitId":"sibinhho99-nus"},"content":"                What can I do for you?\"\"\");","lastModifiedDate":"2022-01-28"},{"lineNumber":30,"author":{"gitId":"sibinhho99-nus"},"content":"","lastModifiedDate":"2022-01-21"},{"lineNumber":31,"author":{"gitId":"sibinhho99-nus"},"content":"        storage.load();","lastModifiedDate":"2022-01-28"},{"lineNumber":32,"author":{"gitId":"sibinhho99-nus"},"content":"","lastModifiedDate":"2022-01-21"},{"lineNumber":33,"author":{"gitId":"sibinhho99-nus"},"content":"        try {","lastModifiedDate":"2022-01-21"},{"lineNumber":34,"author":{"gitId":"sibinhho99-nus"},"content":"            while (true) {","lastModifiedDate":"2022-01-21"},{"lineNumber":35,"author":{"gitId":"sibinhho99-nus"},"content":"                String command \u003d sc.nextLine().trim();","lastModifiedDate":"2022-01-21"},{"lineNumber":36,"author":{"gitId":"sibinhho99-nus"},"content":"","lastModifiedDate":"2022-01-21"},{"lineNumber":37,"author":{"gitId":"sibinhho99-nus"},"content":"                if (parser.getType(command).equals(\"bye\")) {","lastModifiedDate":"2022-01-28"},{"lineNumber":38,"author":{"gitId":"sibinhho99-nus"},"content":"                    ui.printMessage(\"Bye. Hope to see you again soon!\");","lastModifiedDate":"2022-01-28"},{"lineNumber":39,"author":{"gitId":"sibinhho99-nus"},"content":"                    break;","lastModifiedDate":"2022-01-21"},{"lineNumber":40,"author":{"gitId":"sibinhho99-nus"},"content":"                } else if (parser.getType(command).equals(\"list\")) {","lastModifiedDate":"2022-01-28"},{"lineNumber":41,"author":{"gitId":"sibinhho99-nus"},"content":"                    ui.printMessage(pastTasks.toString());","lastModifiedDate":"2022-01-28"},{"lineNumber":42,"author":{"gitId":"sibinhho99-nus"},"content":"","lastModifiedDate":"2022-01-21"},{"lineNumber":43,"author":{"gitId":"sibinhho99-nus"},"content":"                } else if (parser.getType(command).equals(\"unmark\")) {","lastModifiedDate":"2022-01-28"},{"lineNumber":44,"author":{"gitId":"sibinhho99-nus"},"content":"                    int index \u003d Integer.parseInt(command.split(\" \")[1]) - 1;","lastModifiedDate":"2022-01-21"},{"lineNumber":45,"author":{"gitId":"sibinhho99-nus"},"content":"                    pastTasks.get(index).isDone \u003d false;","lastModifiedDate":"2022-01-27"},{"lineNumber":46,"author":{"gitId":"sibinhho99-nus"},"content":"","lastModifiedDate":"2022-01-21"},{"lineNumber":47,"author":{"gitId":"sibinhho99-nus"},"content":"                    ui.printMessage(\"OK, I\u0027ve marked this task as not done yet:\\n  \"","lastModifiedDate":"2022-01-28"},{"lineNumber":48,"author":{"gitId":"sibinhho99-nus"},"content":"                            + pastTasks.get(index)","lastModifiedDate":"2022-01-27"},{"lineNumber":49,"author":{"gitId":"sibinhho99-nus"},"content":"                    );","lastModifiedDate":"2022-01-28"},{"lineNumber":50,"author":{"gitId":"sibinhho99-nus"},"content":"                } else if (parser.getType(command).equals(\"todo\")) {","lastModifiedDate":"2022-01-28"},{"lineNumber":51,"author":{"gitId":"sibinhho99-nus"},"content":"                    if (command.length() \u003d\u003d 4) {","lastModifiedDate":"2022-01-21"},{"lineNumber":52,"author":{"gitId":"sibinhho99-nus"},"content":"                        throw new InputMismatchException(\"The description of a todo cannot be empty.\");","lastModifiedDate":"2022-01-21"},{"lineNumber":53,"author":{"gitId":"sibinhho99-nus"},"content":"                    }","lastModifiedDate":"2022-01-21"},{"lineNumber":54,"author":{"gitId":"sibinhho99-nus"},"content":"","lastModifiedDate":"2022-01-21"},{"lineNumber":55,"author":{"gitId":"sibinhho99-nus"},"content":"","lastModifiedDate":"2022-01-21"},{"lineNumber":56,"author":{"gitId":"sibinhho99-nus"},"content":"                    pastTasks.add(parser.parseTodos(command));","lastModifiedDate":"2022-01-28"},{"lineNumber":57,"author":{"gitId":"sibinhho99-nus"},"content":"                    storage.save();","lastModifiedDate":"2022-01-28"},{"lineNumber":58,"author":{"gitId":"sibinhho99-nus"},"content":"","lastModifiedDate":"2022-01-28"},{"lineNumber":59,"author":{"gitId":"sibinhho99-nus"},"content":"                    pastTasks.add(parser.parseTodos(command));","lastModifiedDate":"2022-01-28"},{"lineNumber":60,"author":{"gitId":"sibinhho99-nus"},"content":"                    storage.save();","lastModifiedDate":"2022-01-28"},{"lineNumber":61,"author":{"gitId":"sibinhho99-nus"},"content":"","lastModifiedDate":"2022-01-28"},{"lineNumber":62,"author":{"gitId":"sibinhho99-nus"},"content":"                    ui.printMessage(String.format(\"\"\"","lastModifiedDate":"2022-01-28"},{"lineNumber":63,"author":{"gitId":"sibinhho99-nus"},"content":"                                    Got it. I\u0027ve added this task:","lastModifiedDate":"2022-01-21"},{"lineNumber":64,"author":{"gitId":"sibinhho99-nus"},"content":"                                     %s","lastModifiedDate":"2022-01-21"},{"lineNumber":65,"author":{"gitId":"sibinhho99-nus"},"content":"                                    Now you have %d %s in the list.\"\"\",","lastModifiedDate":"2022-01-21"},{"lineNumber":66,"author":{"gitId":"sibinhho99-nus"},"content":"                            pastTasks.get(pastTasks.size() - 1),","lastModifiedDate":"2022-01-27"},{"lineNumber":67,"author":{"gitId":"sibinhho99-nus"},"content":"                            pastTasks.size(),","lastModifiedDate":"2022-01-27"},{"lineNumber":68,"author":{"gitId":"sibinhho99-nus"},"content":"                            pastTasks.size() \u003d\u003d 1 ? \"task\" : \"tasks\"","lastModifiedDate":"2022-01-27"},{"lineNumber":69,"author":{"gitId":"sibinhho99-nus"},"content":"                    ));","lastModifiedDate":"2022-01-28"},{"lineNumber":70,"author":{"gitId":"sibinhho99-nus"},"content":"                } else if (parser.getType(command).equals(\"deadline\")) {","lastModifiedDate":"2022-01-28"},{"lineNumber":71,"author":{"gitId":"sibinhho99-nus"},"content":"                    pastTasks.add(parser.parseDeadlines(command));","lastModifiedDate":"2022-01-28"},{"lineNumber":72,"author":{"gitId":"sibinhho99-nus"},"content":"                    storage.save();","lastModifiedDate":"2022-01-28"},{"lineNumber":73,"author":{"gitId":"sibinhho99-nus"},"content":"","lastModifiedDate":"2022-01-27"},{"lineNumber":74,"author":{"gitId":"sibinhho99-nus"},"content":"                    ui.printMessage(String.format(\"\"\"","lastModifiedDate":"2022-01-28"},{"lineNumber":75,"author":{"gitId":"sibinhho99-nus"},"content":"                                    Got it. I\u0027ve added this task:","lastModifiedDate":"2022-01-21"},{"lineNumber":76,"author":{"gitId":"sibinhho99-nus"},"content":"                                     %s","lastModifiedDate":"2022-01-21"},{"lineNumber":77,"author":{"gitId":"sibinhho99-nus"},"content":"                                    Now you have %d %s in the list.\"\"\",","lastModifiedDate":"2022-01-21"},{"lineNumber":78,"author":{"gitId":"sibinhho99-nus"},"content":"                            pastTasks.get(pastTasks.size() - 1),","lastModifiedDate":"2022-01-27"},{"lineNumber":79,"author":{"gitId":"sibinhho99-nus"},"content":"                            pastTasks.size(),","lastModifiedDate":"2022-01-27"},{"lineNumber":80,"author":{"gitId":"sibinhho99-nus"},"content":"                            pastTasks.size() \u003d\u003d 1 ? \"task\" : \"tasks\"","lastModifiedDate":"2022-01-27"},{"lineNumber":81,"author":{"gitId":"sibinhho99-nus"},"content":"                    ));","lastModifiedDate":"2022-01-28"},{"lineNumber":82,"author":{"gitId":"sibinhho99-nus"},"content":"                } else if (parser.getType(command).equals(\"event\")) {","lastModifiedDate":"2022-01-28"},{"lineNumber":83,"author":{"gitId":"sibinhho99-nus"},"content":"                    pastTasks.add(parser.parseEvent(command));","lastModifiedDate":"2022-01-28"},{"lineNumber":84,"author":{"gitId":"sibinhho99-nus"},"content":"                    storage.save();","lastModifiedDate":"2022-01-28"},{"lineNumber":85,"author":{"gitId":"sibinhho99-nus"},"content":"","lastModifiedDate":"2022-01-27"},{"lineNumber":86,"author":{"gitId":"sibinhho99-nus"},"content":"                    ui.printMessage(String.format(\"\"\"","lastModifiedDate":"2022-01-28"},{"lineNumber":87,"author":{"gitId":"sibinhho99-nus"},"content":"                                    Got it. I\u0027ve added this task:","lastModifiedDate":"2022-01-21"},{"lineNumber":88,"author":{"gitId":"sibinhho99-nus"},"content":"                                     %s","lastModifiedDate":"2022-01-21"},{"lineNumber":89,"author":{"gitId":"sibinhho99-nus"},"content":"                                    Now you have %d %s in the list.\"\"\",","lastModifiedDate":"2022-01-21"},{"lineNumber":90,"author":{"gitId":"sibinhho99-nus"},"content":"                            pastTasks.get(pastTasks.size() - 1),","lastModifiedDate":"2022-01-27"},{"lineNumber":91,"author":{"gitId":"sibinhho99-nus"},"content":"                            pastTasks.size(),","lastModifiedDate":"2022-01-27"},{"lineNumber":92,"author":{"gitId":"sibinhho99-nus"},"content":"                            pastTasks.size() \u003d\u003d 1 ? \"task\" : \"tasks\"","lastModifiedDate":"2022-01-27"},{"lineNumber":93,"author":{"gitId":"sibinhho99-nus"},"content":"                    ));","lastModifiedDate":"2022-01-28"},{"lineNumber":94,"author":{"gitId":"sibinhho99-nus"},"content":"                } else if (parser.getType(command).equals(\"delete\")) {","lastModifiedDate":"2022-01-28"},{"lineNumber":95,"author":{"gitId":"sibinhho99-nus"},"content":"                    Task removedTask \u003d pastTasks.remove(parser.getDeleteIndex(command));","lastModifiedDate":"2022-01-28"},{"lineNumber":96,"author":{"gitId":"sibinhho99-nus"},"content":"","lastModifiedDate":"2022-01-28"},{"lineNumber":97,"author":{"gitId":"sibinhho99-nus"},"content":"                    storage.save();","lastModifiedDate":"2022-01-28"},{"lineNumber":98,"author":{"gitId":"sibinhho99-nus"},"content":"","lastModifiedDate":"2022-01-21"},{"lineNumber":99,"author":{"gitId":"sibinhho99-nus"},"content":"                    ui.printMessage(String.format(\"\"\"","lastModifiedDate":"2022-01-28"},{"lineNumber":100,"author":{"gitId":"sibinhho99-nus"},"content":"                                    Noted. I\u0027ve removed this task:","lastModifiedDate":"2022-01-21"},{"lineNumber":101,"author":{"gitId":"sibinhho99-nus"},"content":"                                     %s","lastModifiedDate":"2022-01-21"},{"lineNumber":102,"author":{"gitId":"sibinhho99-nus"},"content":"                                    Now you have %d %s in the list.\"\"\",","lastModifiedDate":"2022-01-21"},{"lineNumber":103,"author":{"gitId":"sibinhho99-nus"},"content":"                            removedTask,","lastModifiedDate":"2022-01-21"},{"lineNumber":104,"author":{"gitId":"sibinhho99-nus"},"content":"                            pastTasks.size(),","lastModifiedDate":"2022-01-27"},{"lineNumber":105,"author":{"gitId":"sibinhho99-nus"},"content":"                            pastTasks.size() \u003d\u003d 1 ? \"task\" : \"tasks\"","lastModifiedDate":"2022-01-27"},{"lineNumber":106,"author":{"gitId":"sibinhho99-nus"},"content":"                    ));","lastModifiedDate":"2022-01-28"},{"lineNumber":107,"author":{"gitId":"sibinhho99-nus"},"content":"                } else {","lastModifiedDate":"2022-01-21"},{"lineNumber":108,"author":{"gitId":"sibinhho99-nus"},"content":"                    throw new InputMismatchException(\"I\u0027m sorry, but I don\u0027t know what that means :-(\");","lastModifiedDate":"2022-01-21"},{"lineNumber":109,"author":{"gitId":"sibinhho99-nus"},"content":"                }","lastModifiedDate":"2022-01-21"},{"lineNumber":110,"author":{"gitId":"sibinhho99-nus"},"content":"            }","lastModifiedDate":"2022-01-21"},{"lineNumber":111,"author":{"gitId":"sibinhho99-nus"},"content":"        } catch (Exception e) {","lastModifiedDate":"2022-01-21"},{"lineNumber":112,"author":{"gitId":"sibinhho99-nus"},"content":"            ui.printMessage(\":( OOPS!!! \" + e.getMessage());","lastModifiedDate":"2022-01-28"},{"lineNumber":113,"author":{"gitId":"sibinhho99-nus"},"content":"        }","lastModifiedDate":"2022-01-21"},{"lineNumber":114,"author":{"gitId":"sibinhho99-nus"},"content":"","lastModifiedDate":"2022-01-21"},{"lineNumber":115,"author":{"gitId":"sibinhho99-nus"},"content":"        sc.close();","lastModifiedDate":"2022-01-21"},{"lineNumber":116,"author":{"gitId":"sibinhho99-nus"},"content":"    }","lastModifiedDate":"2022-01-21"},{"lineNumber":117,"author":{"gitId":"sibinhho99-nus"},"content":"","lastModifiedDate":"2022-01-21"},{"lineNumber":118,"author":{"gitId":"sibinhho99-nus"},"content":"","lastModifiedDate":"2022-01-28"},{"lineNumber":119,"author":{"gitId":"-"},"content":"}","lastModifiedDate":"2019-07-29"}],"authorContributionMap":{"sibinhho99-nus":112,"-":7}},{"path":"src/main/java/duke/Parser.java","fileType":"java","lines":[{"lineNumber":1,"author":{"gitId":"sibinhho99-nus"},"content":"package duke;","lastModifiedDate":"2022-01-28"},{"lineNumber":2,"author":{"gitId":"sibinhho99-nus"},"content":"","lastModifiedDate":"2022-01-28"},{"lineNumber":3,"author":{"gitId":"sibinhho99-nus"},"content":"/**","lastModifiedDate":"2022-01-28"},{"lineNumber":4,"author":{"gitId":"sibinhho99-nus"},"content":" * Deals with making sense of the user command","lastModifiedDate":"2022-01-28"},{"lineNumber":5,"author":{"gitId":"sibinhho99-nus"},"content":" */","lastModifiedDate":"2022-01-28"},{"lineNumber":6,"author":{"gitId":"sibinhho99-nus"},"content":"public class Parser {","lastModifiedDate":"2022-01-28"},{"lineNumber":7,"author":{"gitId":"sibinhho99-nus"},"content":"    /**","lastModifiedDate":"2022-01-28"},{"lineNumber":8,"author":{"gitId":"sibinhho99-nus"},"content":"     *","lastModifiedDate":"2022-01-28"},{"lineNumber":9,"author":{"gitId":"sibinhho99-nus"},"content":"     * Returns the type of the command (bye delete etc)","lastModifiedDate":"2022-01-28"},{"lineNumber":10,"author":{"gitId":"sibinhho99-nus"},"content":"     *","lastModifiedDate":"2022-01-28"},{"lineNumber":11,"author":{"gitId":"sibinhho99-nus"},"content":"     */","lastModifiedDate":"2022-01-28"},{"lineNumber":12,"author":{"gitId":"sibinhho99-nus"},"content":"    public String getType(String command) {","lastModifiedDate":"2022-01-28"},{"lineNumber":13,"author":{"gitId":"sibinhho99-nus"},"content":"        return command.split(\" \")[0];","lastModifiedDate":"2022-01-28"},{"lineNumber":14,"author":{"gitId":"sibinhho99-nus"},"content":"    }","lastModifiedDate":"2022-01-28"},{"lineNumber":15,"author":{"gitId":"sibinhho99-nus"},"content":"","lastModifiedDate":"2022-01-28"},{"lineNumber":16,"author":{"gitId":"sibinhho99-nus"},"content":"    /**","lastModifiedDate":"2022-01-28"},{"lineNumber":17,"author":{"gitId":"sibinhho99-nus"},"content":"     *","lastModifiedDate":"2022-01-28"},{"lineNumber":18,"author":{"gitId":"sibinhho99-nus"},"content":"     * Returns event task from command","lastModifiedDate":"2022-01-28"},{"lineNumber":19,"author":{"gitId":"sibinhho99-nus"},"content":"     *","lastModifiedDate":"2022-01-28"},{"lineNumber":20,"author":{"gitId":"sibinhho99-nus"},"content":"     */","lastModifiedDate":"2022-01-28"},{"lineNumber":21,"author":{"gitId":"sibinhho99-nus"},"content":"    public Task parseEvent(String command) {","lastModifiedDate":"2022-01-28"},{"lineNumber":22,"author":{"gitId":"sibinhho99-nus"},"content":"        // Extracts name and time to be done by from event command,","lastModifiedDate":"2022-01-28"},{"lineNumber":23,"author":{"gitId":"sibinhho99-nus"},"content":"        // eg. event project meeting /at Mon 2-4pm","lastModifiedDate":"2022-01-28"},{"lineNumber":24,"author":{"gitId":"sibinhho99-nus"},"content":"        String temp \u003d command.substring(6);","lastModifiedDate":"2022-01-28"},{"lineNumber":25,"author":{"gitId":"sibinhho99-nus"},"content":"        String name \u003d temp.split(\"/\")[0].trim();","lastModifiedDate":"2022-01-28"},{"lineNumber":26,"author":{"gitId":"sibinhho99-nus"},"content":"        String startAt \u003d temp.split(\"/\")[1].substring(3).trim();","lastModifiedDate":"2022-01-28"},{"lineNumber":27,"author":{"gitId":"sibinhho99-nus"},"content":"        return new TaskEvents(false, name, startAt);","lastModifiedDate":"2022-01-28"},{"lineNumber":28,"author":{"gitId":"sibinhho99-nus"},"content":"    }","lastModifiedDate":"2022-01-28"},{"lineNumber":29,"author":{"gitId":"sibinhho99-nus"},"content":"","lastModifiedDate":"2022-01-28"},{"lineNumber":30,"author":{"gitId":"sibinhho99-nus"},"content":"    /**","lastModifiedDate":"2022-01-28"},{"lineNumber":31,"author":{"gitId":"sibinhho99-nus"},"content":"     *","lastModifiedDate":"2022-01-28"},{"lineNumber":32,"author":{"gitId":"sibinhho99-nus"},"content":"     * Returns deadlines task from command","lastModifiedDate":"2022-01-28"},{"lineNumber":33,"author":{"gitId":"sibinhho99-nus"},"content":"     *","lastModifiedDate":"2022-01-28"},{"lineNumber":34,"author":{"gitId":"sibinhho99-nus"},"content":"     */","lastModifiedDate":"2022-01-28"},{"lineNumber":35,"author":{"gitId":"sibinhho99-nus"},"content":"    public Task parseDeadlines(String command) {","lastModifiedDate":"2022-01-28"},{"lineNumber":36,"author":{"gitId":"sibinhho99-nus"},"content":"        // Extract name and time to be done by from deadline command,","lastModifiedDate":"2022-01-28"},{"lineNumber":37,"author":{"gitId":"sibinhho99-nus"},"content":"        // eg. deadline return book /by Sunday.","lastModifiedDate":"2022-01-28"},{"lineNumber":38,"author":{"gitId":"sibinhho99-nus"},"content":"        String temp \u003d command.substring(9);","lastModifiedDate":"2022-01-28"},{"lineNumber":39,"author":{"gitId":"sibinhho99-nus"},"content":"        String name \u003d temp.split(\"/\")[0].trim();","lastModifiedDate":"2022-01-28"},{"lineNumber":40,"author":{"gitId":"sibinhho99-nus"},"content":"        String doneBy \u003d temp.split(\"/\")[1].substring(3).trim();","lastModifiedDate":"2022-01-28"},{"lineNumber":41,"author":{"gitId":"sibinhho99-nus"},"content":"        return new TaskDeadlines(false, name, doneBy);","lastModifiedDate":"2022-01-28"},{"lineNumber":42,"author":{"gitId":"sibinhho99-nus"},"content":"    }","lastModifiedDate":"2022-01-28"},{"lineNumber":43,"author":{"gitId":"sibinhho99-nus"},"content":"","lastModifiedDate":"2022-01-28"},{"lineNumber":44,"author":{"gitId":"sibinhho99-nus"},"content":"    /**","lastModifiedDate":"2022-01-28"},{"lineNumber":45,"author":{"gitId":"sibinhho99-nus"},"content":"     *","lastModifiedDate":"2022-01-28"},{"lineNumber":46,"author":{"gitId":"sibinhho99-nus"},"content":"     * Returns deadlines task from command","lastModifiedDate":"2022-01-28"},{"lineNumber":47,"author":{"gitId":"sibinhho99-nus"},"content":"     *","lastModifiedDate":"2022-01-28"},{"lineNumber":48,"author":{"gitId":"sibinhho99-nus"},"content":"     */","lastModifiedDate":"2022-01-28"},{"lineNumber":49,"author":{"gitId":"sibinhho99-nus"},"content":"    public Task parseTodos(String command) {","lastModifiedDate":"2022-01-28"},{"lineNumber":50,"author":{"gitId":"sibinhho99-nus"},"content":"        // Extract name from todo command, eg. todo borrow book","lastModifiedDate":"2022-01-28"},{"lineNumber":51,"author":{"gitId":"sibinhho99-nus"},"content":"        String name \u003d command.substring(5);","lastModifiedDate":"2022-01-28"},{"lineNumber":52,"author":{"gitId":"sibinhho99-nus"},"content":"        return new TaskToDos(false, name);","lastModifiedDate":"2022-01-28"},{"lineNumber":53,"author":{"gitId":"sibinhho99-nus"},"content":"    }","lastModifiedDate":"2022-01-28"},{"lineNumber":54,"author":{"gitId":"sibinhho99-nus"},"content":"","lastModifiedDate":"2022-01-28"},{"lineNumber":55,"author":{"gitId":"sibinhho99-nus"},"content":"    /**","lastModifiedDate":"2022-01-28"},{"lineNumber":56,"author":{"gitId":"sibinhho99-nus"},"content":"     *","lastModifiedDate":"2022-01-28"},{"lineNumber":57,"author":{"gitId":"sibinhho99-nus"},"content":"     * Returns index to delete from delete command","lastModifiedDate":"2022-01-28"},{"lineNumber":58,"author":{"gitId":"sibinhho99-nus"},"content":"     *","lastModifiedDate":"2022-01-28"},{"lineNumber":59,"author":{"gitId":"sibinhho99-nus"},"content":"     */","lastModifiedDate":"2022-01-28"},{"lineNumber":60,"author":{"gitId":"sibinhho99-nus"},"content":"    public static int getDeleteIndex(String command) {","lastModifiedDate":"2022-01-28"},{"lineNumber":61,"author":{"gitId":"sibinhho99-nus"},"content":"        // Extract name from todo command, eg. todo borrow book","lastModifiedDate":"2022-01-28"},{"lineNumber":62,"author":{"gitId":"sibinhho99-nus"},"content":"        return Integer.parseInt(command.split(\" \")[1]) - 1;","lastModifiedDate":"2022-01-28"},{"lineNumber":63,"author":{"gitId":"sibinhho99-nus"},"content":"    }","lastModifiedDate":"2022-01-28"},{"lineNumber":64,"author":{"gitId":"sibinhho99-nus"},"content":"}","lastModifiedDate":"2022-01-28"}],"authorContributionMap":{"sibinhho99-nus":64}},{"path":"src/main/java/duke/Storage.java","fileType":"java","lines":[{"lineNumber":1,"author":{"gitId":"sibinhho99-nus"},"content":"package duke;","lastModifiedDate":"2022-01-28"},{"lineNumber":2,"author":{"gitId":"sibinhho99-nus"},"content":"","lastModifiedDate":"2022-01-28"},{"lineNumber":3,"author":{"gitId":"sibinhho99-nus"},"content":"import java.io.*;","lastModifiedDate":"2022-01-28"},{"lineNumber":4,"author":{"gitId":"sibinhho99-nus"},"content":"import java.util.ArrayList;","lastModifiedDate":"2022-01-28"},{"lineNumber":5,"author":{"gitId":"sibinhho99-nus"},"content":"import java.util.List;","lastModifiedDate":"2022-01-28"},{"lineNumber":6,"author":{"gitId":"sibinhho99-nus"},"content":"","lastModifiedDate":"2022-01-28"},{"lineNumber":7,"author":{"gitId":"sibinhho99-nus"},"content":"/**","lastModifiedDate":"2022-01-28"},{"lineNumber":8,"author":{"gitId":"sibinhho99-nus"},"content":" * Deals with loading tasks from the file and saving tasks in the file","lastModifiedDate":"2022-01-28"},{"lineNumber":9,"author":{"gitId":"sibinhho99-nus"},"content":" */","lastModifiedDate":"2022-01-28"},{"lineNumber":10,"author":{"gitId":"sibinhho99-nus"},"content":"public class Storage {","lastModifiedDate":"2022-01-28"},{"lineNumber":11,"author":{"gitId":"sibinhho99-nus"},"content":"    public TaskList taskList \u003d new TaskList();","lastModifiedDate":"2022-01-28"},{"lineNumber":12,"author":{"gitId":"sibinhho99-nus"},"content":"","lastModifiedDate":"2022-01-28"},{"lineNumber":13,"author":{"gitId":"sibinhho99-nus"},"content":"    /**","lastModifiedDate":"2022-01-28"},{"lineNumber":14,"author":{"gitId":"sibinhho99-nus"},"content":"     * Loads the task list from storage","lastModifiedDate":"2022-01-28"},{"lineNumber":15,"author":{"gitId":"sibinhho99-nus"},"content":"     *","lastModifiedDate":"2022-01-28"},{"lineNumber":16,"author":{"gitId":"sibinhho99-nus"},"content":"     */","lastModifiedDate":"2022-01-28"},{"lineNumber":17,"author":{"gitId":"sibinhho99-nus"},"content":"    public void load() throws IOException {","lastModifiedDate":"2022-01-28"},{"lineNumber":18,"author":{"gitId":"sibinhho99-nus"},"content":"        FileReader fr \u003d new FileReader(\"storage.txt\");","lastModifiedDate":"2022-01-28"},{"lineNumber":19,"author":{"gitId":"sibinhho99-nus"},"content":"        BufferedReader bufferedReader \u003d new BufferedReader(fr);","lastModifiedDate":"2022-01-28"},{"lineNumber":20,"author":{"gitId":"sibinhho99-nus"},"content":"        while (bufferedReader.ready()) {","lastModifiedDate":"2022-01-28"},{"lineNumber":21,"author":{"gitId":"sibinhho99-nus"},"content":"            String line \u003d bufferedReader.readLine();","lastModifiedDate":"2022-01-28"},{"lineNumber":22,"author":{"gitId":"sibinhho99-nus"},"content":"","lastModifiedDate":"2022-01-28"},{"lineNumber":23,"author":{"gitId":"sibinhho99-nus"},"content":"            if (line.charAt(3) \u003d\u003d \u0027D\u0027) {","lastModifiedDate":"2022-01-28"},{"lineNumber":24,"author":{"gitId":"sibinhho99-nus"},"content":"                boolean isDone \u003d line.charAt(6) \u003d\u003d \u0027X\u0027;","lastModifiedDate":"2022-01-28"},{"lineNumber":25,"author":{"gitId":"sibinhho99-nus"},"content":"                String name \u003d line.split(\" \\\\(by: \")[0].substring(9);","lastModifiedDate":"2022-01-28"},{"lineNumber":26,"author":{"gitId":"sibinhho99-nus"},"content":"","lastModifiedDate":"2022-01-28"},{"lineNumber":27,"author":{"gitId":"sibinhho99-nus"},"content":"                String doneBy;","lastModifiedDate":"2022-01-28"},{"lineNumber":28,"author":{"gitId":"sibinhho99-nus"},"content":"                doneBy \u003d line.split(\" \\\\(by: \")[1];","lastModifiedDate":"2022-01-28"},{"lineNumber":29,"author":{"gitId":"sibinhho99-nus"},"content":"                doneBy \u003d doneBy.substring(0, doneBy.length() - 1); // removes end bracket","lastModifiedDate":"2022-01-28"},{"lineNumber":30,"author":{"gitId":"sibinhho99-nus"},"content":"","lastModifiedDate":"2022-01-28"},{"lineNumber":31,"author":{"gitId":"sibinhho99-nus"},"content":"                taskList.add(new TaskDeadlines(isDone, name, doneBy));","lastModifiedDate":"2022-01-28"},{"lineNumber":32,"author":{"gitId":"sibinhho99-nus"},"content":"            } else if (line.charAt(3) \u003d\u003d \u0027E\u0027) {","lastModifiedDate":"2022-01-28"},{"lineNumber":33,"author":{"gitId":"sibinhho99-nus"},"content":"                boolean isDone \u003d line.charAt(6) \u003d\u003d \u0027X\u0027;","lastModifiedDate":"2022-01-28"},{"lineNumber":34,"author":{"gitId":"sibinhho99-nus"},"content":"","lastModifiedDate":"2022-01-28"},{"lineNumber":35,"author":{"gitId":"sibinhho99-nus"},"content":"                String name \u003d line.split(\" \\\\(at: \")[0].substring(9);","lastModifiedDate":"2022-01-28"},{"lineNumber":36,"author":{"gitId":"sibinhho99-nus"},"content":"","lastModifiedDate":"2022-01-28"},{"lineNumber":37,"author":{"gitId":"sibinhho99-nus"},"content":"                String startAt;","lastModifiedDate":"2022-01-28"},{"lineNumber":38,"author":{"gitId":"sibinhho99-nus"},"content":"                startAt \u003d line.split(\" \\\\(at: \")[1];","lastModifiedDate":"2022-01-28"},{"lineNumber":39,"author":{"gitId":"sibinhho99-nus"},"content":"                startAt \u003d startAt.substring(0, startAt.length() - 1); // removes end bracket","lastModifiedDate":"2022-01-28"},{"lineNumber":40,"author":{"gitId":"sibinhho99-nus"},"content":"","lastModifiedDate":"2022-01-28"},{"lineNumber":41,"author":{"gitId":"sibinhho99-nus"},"content":"                taskList.add(new TaskEvents(isDone, name, startAt));","lastModifiedDate":"2022-01-28"},{"lineNumber":42,"author":{"gitId":"sibinhho99-nus"},"content":"            } else { // T","lastModifiedDate":"2022-01-28"},{"lineNumber":43,"author":{"gitId":"sibinhho99-nus"},"content":"                boolean isDone \u003d line.charAt(6) \u003d\u003d \u0027X\u0027;","lastModifiedDate":"2022-01-28"},{"lineNumber":44,"author":{"gitId":"sibinhho99-nus"},"content":"                taskList.add(new TaskToDos(isDone, line.substring(9)));","lastModifiedDate":"2022-01-28"},{"lineNumber":45,"author":{"gitId":"sibinhho99-nus"},"content":"            }","lastModifiedDate":"2022-01-28"},{"lineNumber":46,"author":{"gitId":"sibinhho99-nus"},"content":"        }","lastModifiedDate":"2022-01-28"},{"lineNumber":47,"author":{"gitId":"sibinhho99-nus"},"content":"    }","lastModifiedDate":"2022-01-28"},{"lineNumber":48,"author":{"gitId":"sibinhho99-nus"},"content":"","lastModifiedDate":"2022-01-28"},{"lineNumber":49,"author":{"gitId":"sibinhho99-nus"},"content":"    /**","lastModifiedDate":"2022-01-28"},{"lineNumber":50,"author":{"gitId":"sibinhho99-nus"},"content":"     * Saves the current task list to storage","lastModifiedDate":"2022-01-28"},{"lineNumber":51,"author":{"gitId":"sibinhho99-nus"},"content":"     */","lastModifiedDate":"2022-01-28"},{"lineNumber":52,"author":{"gitId":"sibinhho99-nus"},"content":"    public void save() throws IOException {","lastModifiedDate":"2022-01-28"},{"lineNumber":53,"author":{"gitId":"sibinhho99-nus"},"content":"        FileWriter fw \u003d new FileWriter(\"storage.txt\", false);","lastModifiedDate":"2022-01-28"},{"lineNumber":54,"author":{"gitId":"sibinhho99-nus"},"content":"        BufferedWriter bw \u003d new BufferedWriter(fw);","lastModifiedDate":"2022-01-28"},{"lineNumber":55,"author":{"gitId":"sibinhho99-nus"},"content":"","lastModifiedDate":"2022-01-28"},{"lineNumber":56,"author":{"gitId":"sibinhho99-nus"},"content":"        bw.write(this.toString());","lastModifiedDate":"2022-01-28"},{"lineNumber":57,"author":{"gitId":"sibinhho99-nus"},"content":"        bw.newLine();","lastModifiedDate":"2022-01-28"},{"lineNumber":58,"author":{"gitId":"sibinhho99-nus"},"content":"        bw.close();","lastModifiedDate":"2022-01-28"},{"lineNumber":59,"author":{"gitId":"sibinhho99-nus"},"content":"    }","lastModifiedDate":"2022-01-28"},{"lineNumber":60,"author":{"gitId":"sibinhho99-nus"},"content":"","lastModifiedDate":"2022-01-28"},{"lineNumber":61,"author":{"gitId":"sibinhho99-nus"},"content":"    /**","lastModifiedDate":"2022-01-28"},{"lineNumber":62,"author":{"gitId":"sibinhho99-nus"},"content":"     * Returns String representation of the duke.TaskList","lastModifiedDate":"2022-01-28"},{"lineNumber":63,"author":{"gitId":"sibinhho99-nus"},"content":"     */","lastModifiedDate":"2022-01-28"},{"lineNumber":64,"author":{"gitId":"sibinhho99-nus"},"content":"    @Override","lastModifiedDate":"2022-01-28"},{"lineNumber":65,"author":{"gitId":"sibinhho99-nus"},"content":"    public String toString() {","lastModifiedDate":"2022-01-28"},{"lineNumber":66,"author":{"gitId":"sibinhho99-nus"},"content":"        StringBuilder list \u003d new StringBuilder();","lastModifiedDate":"2022-01-28"},{"lineNumber":67,"author":{"gitId":"sibinhho99-nus"},"content":"        for (int i \u003d 0; i \u003c taskList.size(); i++) {","lastModifiedDate":"2022-01-28"},{"lineNumber":68,"author":{"gitId":"sibinhho99-nus"},"content":"            list.append(String.format(\"%d.%s\\n\", i + 1, taskList.get(i)));","lastModifiedDate":"2022-01-28"},{"lineNumber":69,"author":{"gitId":"sibinhho99-nus"},"content":"        }","lastModifiedDate":"2022-01-28"},{"lineNumber":70,"author":{"gitId":"sibinhho99-nus"},"content":"","lastModifiedDate":"2022-01-28"},{"lineNumber":71,"author":{"gitId":"sibinhho99-nus"},"content":"        return list.toString().trim();","lastModifiedDate":"2022-01-28"},{"lineNumber":72,"author":{"gitId":"sibinhho99-nus"},"content":"    }","lastModifiedDate":"2022-01-28"},{"lineNumber":73,"author":{"gitId":"sibinhho99-nus"},"content":"}","lastModifiedDate":"2022-01-28"}],"authorContributionMap":{"sibinhho99-nus":73}},{"path":"src/main/java/duke/Task.java","fileType":"java","lines":[{"lineNumber":1,"author":{"gitId":"sibinhho99-nus"},"content":"package duke;","lastModifiedDate":"2022-01-28"},{"lineNumber":2,"author":{"gitId":"sibinhho99-nus"},"content":"","lastModifiedDate":"2022-01-28"},{"lineNumber":3,"author":{"gitId":"sibinhho99-nus"},"content":"public class Task {","lastModifiedDate":"2022-01-21"},{"lineNumber":4,"author":{"gitId":"sibinhho99-nus"},"content":"    boolean isDone \u003d false;","lastModifiedDate":"2022-01-21"},{"lineNumber":5,"author":{"gitId":"sibinhho99-nus"},"content":"    String name \u003d \"\";","lastModifiedDate":"2022-01-21"},{"lineNumber":6,"author":{"gitId":"sibinhho99-nus"},"content":"","lastModifiedDate":"2022-01-21"},{"lineNumber":7,"author":{"gitId":"sibinhho99-nus"},"content":"    /** Constructor","lastModifiedDate":"2022-01-21"},{"lineNumber":8,"author":{"gitId":"sibinhho99-nus"},"content":"     */","lastModifiedDate":"2022-01-21"},{"lineNumber":9,"author":{"gitId":"sibinhho99-nus"},"content":"    public Task(boolean isDone, String name) {","lastModifiedDate":"2022-01-21"},{"lineNumber":10,"author":{"gitId":"sibinhho99-nus"},"content":"        this.isDone \u003d isDone;","lastModifiedDate":"2022-01-21"},{"lineNumber":11,"author":{"gitId":"sibinhho99-nus"},"content":"        this.name \u003d name;","lastModifiedDate":"2022-01-21"},{"lineNumber":12,"author":{"gitId":"sibinhho99-nus"},"content":"    }","lastModifiedDate":"2022-01-21"},{"lineNumber":13,"author":{"gitId":"sibinhho99-nus"},"content":"","lastModifiedDate":"2022-01-21"},{"lineNumber":14,"author":{"gitId":"sibinhho99-nus"},"content":"    /** Returns String representation of the Task","lastModifiedDate":"2022-01-21"},{"lineNumber":15,"author":{"gitId":"sibinhho99-nus"},"content":"     * @param","lastModifiedDate":"2022-01-21"},{"lineNumber":16,"author":{"gitId":"sibinhho99-nus"},"content":"     */","lastModifiedDate":"2022-01-21"},{"lineNumber":17,"author":{"gitId":"sibinhho99-nus"},"content":"    @Override","lastModifiedDate":"2022-01-21"},{"lineNumber":18,"author":{"gitId":"sibinhho99-nus"},"content":"    public String toString() {","lastModifiedDate":"2022-01-21"},{"lineNumber":19,"author":{"gitId":"sibinhho99-nus"},"content":"        return String.format(\"[%s] %s\", isDone ? \"X\" : \" \",name);","lastModifiedDate":"2022-01-21"},{"lineNumber":20,"author":{"gitId":"sibinhho99-nus"},"content":"    }","lastModifiedDate":"2022-01-21"},{"lineNumber":21,"author":{"gitId":"sibinhho99-nus"},"content":"}","lastModifiedDate":"2022-01-21"}],"authorContributionMap":{"sibinhho99-nus":21}},{"path":"src/main/java/duke/TaskDeadlines.java","fileType":"java","lines":[{"lineNumber":1,"author":{"gitId":"sibinhho99-nus"},"content":"package duke;","lastModifiedDate":"2022-01-28"},{"lineNumber":2,"author":{"gitId":"sibinhho99-nus"},"content":"","lastModifiedDate":"2022-01-28"},{"lineNumber":3,"author":{"gitId":"sibinhho99-nus"},"content":"import java.time.LocalDate;","lastModifiedDate":"2022-01-28"},{"lineNumber":4,"author":{"gitId":"sibinhho99-nus"},"content":"import java.time.format.DateTimeParseException;","lastModifiedDate":"2022-01-28"},{"lineNumber":5,"author":{"gitId":"sibinhho99-nus"},"content":"","lastModifiedDate":"2022-01-28"},{"lineNumber":6,"author":{"gitId":"sibinhho99-nus"},"content":"public class TaskDeadlines extends Task {","lastModifiedDate":"2022-01-21"},{"lineNumber":7,"author":{"gitId":"sibinhho99-nus"},"content":"    LocalDate doneBy;","lastModifiedDate":"2022-01-28"},{"lineNumber":8,"author":{"gitId":"sibinhho99-nus"},"content":"","lastModifiedDate":"2022-01-21"},{"lineNumber":9,"author":{"gitId":"sibinhho99-nus"},"content":"    /**","lastModifiedDate":"2022-01-21"},{"lineNumber":10,"author":{"gitId":"sibinhho99-nus"},"content":"     * Constructor","lastModifiedDate":"2022-01-21"},{"lineNumber":11,"author":{"gitId":"sibinhho99-nus"},"content":"     */","lastModifiedDate":"2022-01-21"},{"lineNumber":12,"author":{"gitId":"sibinhho99-nus"},"content":"    public TaskDeadlines(boolean isDone, String name, String doneBy) throws DateTimeParseException {","lastModifiedDate":"2022-01-28"},{"lineNumber":13,"author":{"gitId":"sibinhho99-nus"},"content":"        super(isDone, name);","lastModifiedDate":"2022-01-21"},{"lineNumber":14,"author":{"gitId":"sibinhho99-nus"},"content":"        this.doneBy \u003d LocalDate.parse(doneBy);","lastModifiedDate":"2022-01-28"},{"lineNumber":15,"author":{"gitId":"sibinhho99-nus"},"content":"    }","lastModifiedDate":"2022-01-21"},{"lineNumber":16,"author":{"gitId":"sibinhho99-nus"},"content":"","lastModifiedDate":"2022-01-21"},{"lineNumber":17,"author":{"gitId":"sibinhho99-nus"},"content":"    /**","lastModifiedDate":"2022-01-21"},{"lineNumber":18,"author":{"gitId":"sibinhho99-nus"},"content":"     * Returns String representation of the Task","lastModifiedDate":"2022-01-21"},{"lineNumber":19,"author":{"gitId":"sibinhho99-nus"},"content":"     */","lastModifiedDate":"2022-01-21"},{"lineNumber":20,"author":{"gitId":"sibinhho99-nus"},"content":"    @Override","lastModifiedDate":"2022-01-21"},{"lineNumber":21,"author":{"gitId":"sibinhho99-nus"},"content":"    public String toString() {","lastModifiedDate":"2022-01-21"},{"lineNumber":22,"author":{"gitId":"sibinhho99-nus"},"content":"        return String.format(\"[D][%s] %s (by: %s)\", isDone ? \"X\" : \" \", name, doneBy.toString());","lastModifiedDate":"2022-01-28"},{"lineNumber":23,"author":{"gitId":"sibinhho99-nus"},"content":"    }","lastModifiedDate":"2022-01-21"},{"lineNumber":24,"author":{"gitId":"sibinhho99-nus"},"content":"}","lastModifiedDate":"2022-01-21"}],"authorContributionMap":{"sibinhho99-nus":24}},{"path":"src/main/java/duke/TaskEvents.java","fileType":"java","lines":[{"lineNumber":1,"author":{"gitId":"sibinhho99-nus"},"content":"package duke;","lastModifiedDate":"2022-01-28"},{"lineNumber":2,"author":{"gitId":"sibinhho99-nus"},"content":"","lastModifiedDate":"2022-01-28"},{"lineNumber":3,"author":{"gitId":"sibinhho99-nus"},"content":"import java.time.LocalDate;","lastModifiedDate":"2022-01-28"},{"lineNumber":4,"author":{"gitId":"sibinhho99-nus"},"content":"import java.time.format.DateTimeParseException;","lastModifiedDate":"2022-01-28"},{"lineNumber":5,"author":{"gitId":"sibinhho99-nus"},"content":"","lastModifiedDate":"2022-01-28"},{"lineNumber":6,"author":{"gitId":"sibinhho99-nus"},"content":"public class TaskEvents extends Task {","lastModifiedDate":"2022-01-21"},{"lineNumber":7,"author":{"gitId":"sibinhho99-nus"},"content":"    LocalDate startAt;","lastModifiedDate":"2022-01-28"},{"lineNumber":8,"author":{"gitId":"sibinhho99-nus"},"content":"","lastModifiedDate":"2022-01-21"},{"lineNumber":9,"author":{"gitId":"sibinhho99-nus"},"content":"    /**","lastModifiedDate":"2022-01-21"},{"lineNumber":10,"author":{"gitId":"sibinhho99-nus"},"content":"     * Constructor","lastModifiedDate":"2022-01-21"},{"lineNumber":11,"author":{"gitId":"sibinhho99-nus"},"content":"     */","lastModifiedDate":"2022-01-21"},{"lineNumber":12,"author":{"gitId":"sibinhho99-nus"},"content":"    public TaskEvents(boolean isDone, String name, String startAt) throws DateTimeParseException {","lastModifiedDate":"2022-01-28"},{"lineNumber":13,"author":{"gitId":"sibinhho99-nus"},"content":"        super(isDone, name);","lastModifiedDate":"2022-01-21"},{"lineNumber":14,"author":{"gitId":"sibinhho99-nus"},"content":"        this.startAt \u003d LocalDate.parse(startAt);","lastModifiedDate":"2022-01-28"},{"lineNumber":15,"author":{"gitId":"sibinhho99-nus"},"content":"    }","lastModifiedDate":"2022-01-21"},{"lineNumber":16,"author":{"gitId":"sibinhho99-nus"},"content":"","lastModifiedDate":"2022-01-21"},{"lineNumber":17,"author":{"gitId":"sibinhho99-nus"},"content":"    /**","lastModifiedDate":"2022-01-21"},{"lineNumber":18,"author":{"gitId":"sibinhho99-nus"},"content":"     * Returns String representation of the Task","lastModifiedDate":"2022-01-21"},{"lineNumber":19,"author":{"gitId":"sibinhho99-nus"},"content":"     */","lastModifiedDate":"2022-01-21"},{"lineNumber":20,"author":{"gitId":"sibinhho99-nus"},"content":"    @Override","lastModifiedDate":"2022-01-21"},{"lineNumber":21,"author":{"gitId":"sibinhho99-nus"},"content":"    public String toString() {","lastModifiedDate":"2022-01-21"},{"lineNumber":22,"author":{"gitId":"sibinhho99-nus"},"content":"        return String.format(\"[E][%s] %s (at: %s)\", isDone ? \"X\" : \" \", name, startAt);","lastModifiedDate":"2022-01-21"},{"lineNumber":23,"author":{"gitId":"sibinhho99-nus"},"content":"    }","lastModifiedDate":"2022-01-21"},{"lineNumber":24,"author":{"gitId":"sibinhho99-nus"},"content":"}","lastModifiedDate":"2022-01-21"}],"authorContributionMap":{"sibinhho99-nus":24}},{"path":"src/main/java/duke/TaskList.java","fileType":"java","lines":[{"lineNumber":1,"author":{"gitId":"sibinhho99-nus"},"content":"package duke;","lastModifiedDate":"2022-01-28"},{"lineNumber":2,"author":{"gitId":"sibinhho99-nus"},"content":"","lastModifiedDate":"2022-01-28"},{"lineNumber":3,"author":{"gitId":"sibinhho99-nus"},"content":"import java.io.*;","lastModifiedDate":"2022-01-27"},{"lineNumber":4,"author":{"gitId":"sibinhho99-nus"},"content":"import java.util.ArrayList;","lastModifiedDate":"2022-01-27"},{"lineNumber":5,"author":{"gitId":"sibinhho99-nus"},"content":"import java.util.List;","lastModifiedDate":"2022-01-27"},{"lineNumber":6,"author":{"gitId":"sibinhho99-nus"},"content":"","lastModifiedDate":"2022-01-27"},{"lineNumber":7,"author":{"gitId":"sibinhho99-nus"},"content":"/**","lastModifiedDate":"2022-01-27"},{"lineNumber":8,"author":{"gitId":"sibinhho99-nus"},"content":" * Represents a list of tasks","lastModifiedDate":"2022-01-27"},{"lineNumber":9,"author":{"gitId":"sibinhho99-nus"},"content":" */","lastModifiedDate":"2022-01-27"},{"lineNumber":10,"author":{"gitId":"sibinhho99-nus"},"content":"public class TaskList {","lastModifiedDate":"2022-01-27"},{"lineNumber":11,"author":{"gitId":"sibinhho99-nus"},"content":"    List\u003cTask\u003e taskList;","lastModifiedDate":"2022-01-27"},{"lineNumber":12,"author":{"gitId":"sibinhho99-nus"},"content":"","lastModifiedDate":"2022-01-27"},{"lineNumber":13,"author":{"gitId":"sibinhho99-nus"},"content":"    /**","lastModifiedDate":"2022-01-27"},{"lineNumber":14,"author":{"gitId":"sibinhho99-nus"},"content":"     * Constructor","lastModifiedDate":"2022-01-27"},{"lineNumber":15,"author":{"gitId":"sibinhho99-nus"},"content":"     */","lastModifiedDate":"2022-01-27"},{"lineNumber":16,"author":{"gitId":"sibinhho99-nus"},"content":"    public TaskList() {","lastModifiedDate":"2022-01-27"},{"lineNumber":17,"author":{"gitId":"sibinhho99-nus"},"content":"        this.taskList \u003d new ArrayList\u003c\u003e();","lastModifiedDate":"2022-01-27"},{"lineNumber":18,"author":{"gitId":"sibinhho99-nus"},"content":"    }","lastModifiedDate":"2022-01-27"},{"lineNumber":19,"author":{"gitId":"sibinhho99-nus"},"content":"","lastModifiedDate":"2022-01-27"},{"lineNumber":20,"author":{"gitId":"sibinhho99-nus"},"content":"    public boolean add(Task e) {","lastModifiedDate":"2022-01-27"},{"lineNumber":21,"author":{"gitId":"sibinhho99-nus"},"content":"        return taskList.add(e);","lastModifiedDate":"2022-01-27"},{"lineNumber":22,"author":{"gitId":"sibinhho99-nus"},"content":"    }","lastModifiedDate":"2022-01-27"},{"lineNumber":23,"author":{"gitId":"sibinhho99-nus"},"content":"","lastModifiedDate":"2022-01-27"},{"lineNumber":24,"author":{"gitId":"sibinhho99-nus"},"content":"    /**","lastModifiedDate":"2022-01-27"},{"lineNumber":25,"author":{"gitId":"sibinhho99-nus"},"content":"     * Returns element at index","lastModifiedDate":"2022-01-27"},{"lineNumber":26,"author":{"gitId":"sibinhho99-nus"},"content":"     *","lastModifiedDate":"2022-01-27"},{"lineNumber":27,"author":{"gitId":"sibinhho99-nus"},"content":"     */","lastModifiedDate":"2022-01-27"},{"lineNumber":28,"author":{"gitId":"sibinhho99-nus"},"content":"    public Task get(int index) {","lastModifiedDate":"2022-01-27"},{"lineNumber":29,"author":{"gitId":"sibinhho99-nus"},"content":"        return taskList.get(index);","lastModifiedDate":"2022-01-27"},{"lineNumber":30,"author":{"gitId":"sibinhho99-nus"},"content":"    }","lastModifiedDate":"2022-01-27"},{"lineNumber":31,"author":{"gitId":"sibinhho99-nus"},"content":"","lastModifiedDate":"2022-01-27"},{"lineNumber":32,"author":{"gitId":"sibinhho99-nus"},"content":"    /**","lastModifiedDate":"2022-01-27"},{"lineNumber":33,"author":{"gitId":"sibinhho99-nus"},"content":"     * Returns size of taskList","lastModifiedDate":"2022-01-27"},{"lineNumber":34,"author":{"gitId":"sibinhho99-nus"},"content":"     *","lastModifiedDate":"2022-01-27"},{"lineNumber":35,"author":{"gitId":"sibinhho99-nus"},"content":"     */","lastModifiedDate":"2022-01-27"},{"lineNumber":36,"author":{"gitId":"sibinhho99-nus"},"content":"    public int size() {","lastModifiedDate":"2022-01-27"},{"lineNumber":37,"author":{"gitId":"sibinhho99-nus"},"content":"        return taskList.size();","lastModifiedDate":"2022-01-27"},{"lineNumber":38,"author":{"gitId":"sibinhho99-nus"},"content":"    }","lastModifiedDate":"2022-01-27"},{"lineNumber":39,"author":{"gitId":"sibinhho99-nus"},"content":"","lastModifiedDate":"2022-01-27"},{"lineNumber":40,"author":{"gitId":"sibinhho99-nus"},"content":"    /**","lastModifiedDate":"2022-01-27"},{"lineNumber":41,"author":{"gitId":"sibinhho99-nus"},"content":"     * Removes element at index","lastModifiedDate":"2022-01-27"},{"lineNumber":42,"author":{"gitId":"sibinhho99-nus"},"content":"     *","lastModifiedDate":"2022-01-27"},{"lineNumber":43,"author":{"gitId":"sibinhho99-nus"},"content":"     */","lastModifiedDate":"2022-01-27"},{"lineNumber":44,"author":{"gitId":"sibinhho99-nus"},"content":"    public Task remove(int index) {","lastModifiedDate":"2022-01-27"},{"lineNumber":45,"author":{"gitId":"sibinhho99-nus"},"content":"        return taskList.remove(index);","lastModifiedDate":"2022-01-27"},{"lineNumber":46,"author":{"gitId":"sibinhho99-nus"},"content":"    }","lastModifiedDate":"2022-01-27"},{"lineNumber":47,"author":{"gitId":"sibinhho99-nus"},"content":"","lastModifiedDate":"2022-01-27"},{"lineNumber":48,"author":{"gitId":"sibinhho99-nus"},"content":"    /**","lastModifiedDate":"2022-01-27"},{"lineNumber":49,"author":{"gitId":"sibinhho99-nus"},"content":"     * Returns String representation of the duke.TaskList","lastModifiedDate":"2022-01-28"},{"lineNumber":50,"author":{"gitId":"sibinhho99-nus"},"content":"     */","lastModifiedDate":"2022-01-27"},{"lineNumber":51,"author":{"gitId":"sibinhho99-nus"},"content":"    @Override","lastModifiedDate":"2022-01-27"},{"lineNumber":52,"author":{"gitId":"sibinhho99-nus"},"content":"    public String toString() {","lastModifiedDate":"2022-01-27"},{"lineNumber":53,"author":{"gitId":"sibinhho99-nus"},"content":"        StringBuilder list \u003d new StringBuilder();","lastModifiedDate":"2022-01-27"},{"lineNumber":54,"author":{"gitId":"sibinhho99-nus"},"content":"        for (int i \u003d 0; i \u003c taskList.size(); i++) {","lastModifiedDate":"2022-01-27"},{"lineNumber":55,"author":{"gitId":"sibinhho99-nus"},"content":"            list.append(String.format(\"%d.%s\\n\", i + 1, taskList.get(i)));","lastModifiedDate":"2022-01-27"},{"lineNumber":56,"author":{"gitId":"sibinhho99-nus"},"content":"        }","lastModifiedDate":"2022-01-27"},{"lineNumber":57,"author":{"gitId":"sibinhho99-nus"},"content":"","lastModifiedDate":"2022-01-27"},{"lineNumber":58,"author":{"gitId":"sibinhho99-nus"},"content":"        return list.toString().trim();","lastModifiedDate":"2022-01-27"},{"lineNumber":59,"author":{"gitId":"sibinhho99-nus"},"content":"    }","lastModifiedDate":"2022-01-27"},{"lineNumber":60,"author":{"gitId":"sibinhho99-nus"},"content":"}","lastModifiedDate":"2022-01-27"}],"authorContributionMap":{"sibinhho99-nus":60}},{"path":"src/main/java/duke/TaskToDos.java","fileType":"java","lines":[{"lineNumber":1,"author":{"gitId":"sibinhho99-nus"},"content":"package duke;","lastModifiedDate":"2022-01-28"},{"lineNumber":2,"author":{"gitId":"sibinhho99-nus"},"content":"","lastModifiedDate":"2022-01-28"},{"lineNumber":3,"author":{"gitId":"sibinhho99-nus"},"content":"public class TaskToDos extends Task {","lastModifiedDate":"2022-01-21"},{"lineNumber":4,"author":{"gitId":"sibinhho99-nus"},"content":"    /**","lastModifiedDate":"2022-01-21"},{"lineNumber":5,"author":{"gitId":"sibinhho99-nus"},"content":"     * Constructor","lastModifiedDate":"2022-01-21"},{"lineNumber":6,"author":{"gitId":"sibinhho99-nus"},"content":"     */","lastModifiedDate":"2022-01-21"},{"lineNumber":7,"author":{"gitId":"sibinhho99-nus"},"content":"    public TaskToDos(boolean isDone, String name) {","lastModifiedDate":"2022-01-21"},{"lineNumber":8,"author":{"gitId":"sibinhho99-nus"},"content":"        super(isDone, name);","lastModifiedDate":"2022-01-21"},{"lineNumber":9,"author":{"gitId":"sibinhho99-nus"},"content":"    }","lastModifiedDate":"2022-01-21"},{"lineNumber":10,"author":{"gitId":"sibinhho99-nus"},"content":"","lastModifiedDate":"2022-01-21"},{"lineNumber":11,"author":{"gitId":"sibinhho99-nus"},"content":"    /**","lastModifiedDate":"2022-01-21"},{"lineNumber":12,"author":{"gitId":"sibinhho99-nus"},"content":"     * Returns String representation of the Task","lastModifiedDate":"2022-01-21"},{"lineNumber":13,"author":{"gitId":"sibinhho99-nus"},"content":"     */","lastModifiedDate":"2022-01-21"},{"lineNumber":14,"author":{"gitId":"sibinhho99-nus"},"content":"    @Override","lastModifiedDate":"2022-01-21"},{"lineNumber":15,"author":{"gitId":"sibinhho99-nus"},"content":"    public String toString() {","lastModifiedDate":"2022-01-21"},{"lineNumber":16,"author":{"gitId":"sibinhho99-nus"},"content":"        return String.format(\"[T][%s] %s\", isDone ? \"X\" : \" \", name);","lastModifiedDate":"2022-01-21"},{"lineNumber":17,"author":{"gitId":"sibinhho99-nus"},"content":"    }","lastModifiedDate":"2022-01-21"},{"lineNumber":18,"author":{"gitId":"sibinhho99-nus"},"content":"}","lastModifiedDate":"2022-01-21"}],"authorContributionMap":{"sibinhho99-nus":18}},{"path":"src/main/java/duke/Ui.java","fileType":"java","lines":[{"lineNumber":1,"author":{"gitId":"sibinhho99-nus"},"content":"package duke;","lastModifiedDate":"2022-01-28"},{"lineNumber":2,"author":{"gitId":"sibinhho99-nus"},"content":"","lastModifiedDate":"2022-01-28"},{"lineNumber":3,"author":{"gitId":"sibinhho99-nus"},"content":"/**","lastModifiedDate":"2022-01-28"},{"lineNumber":4,"author":{"gitId":"sibinhho99-nus"},"content":" * Deals with interactions with the user","lastModifiedDate":"2022-01-28"},{"lineNumber":5,"author":{"gitId":"sibinhho99-nus"},"content":" */","lastModifiedDate":"2022-01-28"},{"lineNumber":6,"author":{"gitId":"sibinhho99-nus"},"content":"public class Ui {","lastModifiedDate":"2022-01-28"},{"lineNumber":7,"author":{"gitId":"sibinhho99-nus"},"content":"    /**","lastModifiedDate":"2022-01-28"},{"lineNumber":8,"author":{"gitId":"sibinhho99-nus"},"content":"     * Prints a String and then terminate the line.","lastModifiedDate":"2022-01-28"},{"lineNumber":9,"author":{"gitId":"sibinhho99-nus"},"content":"     *","lastModifiedDate":"2022-01-28"},{"lineNumber":10,"author":{"gitId":"sibinhho99-nus"},"content":"     */","lastModifiedDate":"2022-01-28"},{"lineNumber":11,"author":{"gitId":"sibinhho99-nus"},"content":"    public void println(String message) {","lastModifiedDate":"2022-01-28"},{"lineNumber":12,"author":{"gitId":"sibinhho99-nus"},"content":"        System.out.println(message);","lastModifiedDate":"2022-01-28"},{"lineNumber":13,"author":{"gitId":"sibinhho99-nus"},"content":"    }","lastModifiedDate":"2022-01-28"},{"lineNumber":14,"author":{"gitId":"sibinhho99-nus"},"content":"","lastModifiedDate":"2022-01-28"},{"lineNumber":15,"author":{"gitId":"sibinhho99-nus"},"content":"    /**","lastModifiedDate":"2022-01-28"},{"lineNumber":16,"author":{"gitId":"sibinhho99-nus"},"content":"     *","lastModifiedDate":"2022-01-28"},{"lineNumber":17,"author":{"gitId":"sibinhho99-nus"},"content":"     * Prints the formatted version of given message to console","lastModifiedDate":"2022-01-28"},{"lineNumber":18,"author":{"gitId":"sibinhho99-nus"},"content":"     *","lastModifiedDate":"2022-01-28"},{"lineNumber":19,"author":{"gitId":"sibinhho99-nus"},"content":"     */","lastModifiedDate":"2022-01-28"},{"lineNumber":20,"author":{"gitId":"sibinhho99-nus"},"content":"    public void printMessage(String message) {","lastModifiedDate":"2022-01-28"},{"lineNumber":21,"author":{"gitId":"sibinhho99-nus"},"content":"        System.out.println(","lastModifiedDate":"2022-01-28"},{"lineNumber":22,"author":{"gitId":"sibinhho99-nus"},"content":"                String.format(\"\"\"","lastModifiedDate":"2022-01-28"},{"lineNumber":23,"author":{"gitId":"sibinhho99-nus"},"content":"                        ____________________________________________________________","lastModifiedDate":"2022-01-28"},{"lineNumber":24,"author":{"gitId":"sibinhho99-nus"},"content":"                        %s","lastModifiedDate":"2022-01-28"},{"lineNumber":25,"author":{"gitId":"sibinhho99-nus"},"content":"                        ____________________________________________________________\"\"\",","lastModifiedDate":"2022-01-28"},{"lineNumber":26,"author":{"gitId":"sibinhho99-nus"},"content":"                        message","lastModifiedDate":"2022-01-28"},{"lineNumber":27,"author":{"gitId":"sibinhho99-nus"},"content":"                )","lastModifiedDate":"2022-01-28"},{"lineNumber":28,"author":{"gitId":"sibinhho99-nus"},"content":"        );","lastModifiedDate":"2022-01-28"},{"lineNumber":29,"author":{"gitId":"sibinhho99-nus"},"content":"    }","lastModifiedDate":"2022-01-28"},{"lineNumber":30,"author":{"gitId":"sibinhho99-nus"},"content":"}","lastModifiedDate":"2022-01-28"}],"authorContributionMap":{"sibinhho99-nus":30}},{"path":"src/test/ParserTest.java","fileType":"java","lines":[{"lineNumber":1,"author":{"gitId":"sibinhho99-nus"},"content":"import duke.Parser;","lastModifiedDate":"2022-01-28"},{"lineNumber":2,"author":{"gitId":"sibinhho99-nus"},"content":"import org.junit.jupiter.api.Test;","lastModifiedDate":"2022-01-28"},{"lineNumber":3,"author":{"gitId":"sibinhho99-nus"},"content":"","lastModifiedDate":"2022-01-28"},{"lineNumber":4,"author":{"gitId":"sibinhho99-nus"},"content":"import static org.junit.jupiter.api.Assertions.assertEquals;","lastModifiedDate":"2022-01-28"},{"lineNumber":5,"author":{"gitId":"sibinhho99-nus"},"content":"","lastModifiedDate":"2022-01-28"},{"lineNumber":6,"author":{"gitId":"sibinhho99-nus"},"content":"public class ParserTest {","lastModifiedDate":"2022-01-28"},{"lineNumber":7,"author":{"gitId":"sibinhho99-nus"},"content":"    Parser parser \u003d new Parser();","lastModifiedDate":"2022-01-28"},{"lineNumber":8,"author":{"gitId":"sibinhho99-nus"},"content":"    @Test","lastModifiedDate":"2022-01-28"},{"lineNumber":9,"author":{"gitId":"sibinhho99-nus"},"content":"    public void testGettingType() {","lastModifiedDate":"2022-01-28"},{"lineNumber":10,"author":{"gitId":"sibinhho99-nus"},"content":"        assertEquals(\"bye\", parser.getType(\"bye\"),","lastModifiedDate":"2022-01-28"},{"lineNumber":11,"author":{"gitId":"sibinhho99-nus"},"content":"                \"Type of bye command should be `deadline`\");","lastModifiedDate":"2022-01-28"},{"lineNumber":12,"author":{"gitId":"sibinhho99-nus"},"content":"","lastModifiedDate":"2022-01-28"},{"lineNumber":13,"author":{"gitId":"sibinhho99-nus"},"content":"        assertEquals(\"deadline\", parser.getType(\"deadline return book /by Sunday\\n\"),","lastModifiedDate":"2022-01-28"},{"lineNumber":14,"author":{"gitId":"sibinhho99-nus"},"content":"                \"Type of deadline command should be `deadline`\");","lastModifiedDate":"2022-01-28"},{"lineNumber":15,"author":{"gitId":"sibinhho99-nus"},"content":"","lastModifiedDate":"2022-01-28"},{"lineNumber":16,"author":{"gitId":"sibinhho99-nus"},"content":"        assertEquals(\"event\", parser.getType(\"event project meeting /at Mon 2-4pm\\n\"),","lastModifiedDate":"2022-01-28"},{"lineNumber":17,"author":{"gitId":"sibinhho99-nus"},"content":"                \"Type of event command should be `event`\");","lastModifiedDate":"2022-01-28"},{"lineNumber":18,"author":{"gitId":"sibinhho99-nus"},"content":"","lastModifiedDate":"2022-01-28"},{"lineNumber":19,"author":{"gitId":"sibinhho99-nus"},"content":"        assertEquals(\"todo\", parser.getType(\"todo borrow book\\n\"),","lastModifiedDate":"2022-01-28"},{"lineNumber":20,"author":{"gitId":"sibinhho99-nus"},"content":"                \"Type of todo command should be `todo`\");","lastModifiedDate":"2022-01-28"},{"lineNumber":21,"author":{"gitId":"sibinhho99-nus"},"content":"","lastModifiedDate":"2022-01-28"},{"lineNumber":22,"author":{"gitId":"sibinhho99-nus"},"content":"        assertEquals(\"mark\", parser.getType(\"mark 3\\n\"),","lastModifiedDate":"2022-01-28"},{"lineNumber":23,"author":{"gitId":"sibinhho99-nus"},"content":"                \"Type of mark command should be `mark`\");","lastModifiedDate":"2022-01-28"},{"lineNumber":24,"author":{"gitId":"sibinhho99-nus"},"content":"","lastModifiedDate":"2022-01-28"},{"lineNumber":25,"author":{"gitId":"sibinhho99-nus"},"content":"        assertEquals(\"delete\", parser.getType(\"delete 1\\n\"),","lastModifiedDate":"2022-01-28"},{"lineNumber":26,"author":{"gitId":"sibinhho99-nus"},"content":"                \"Type of delete command should be `delete`\");","lastModifiedDate":"2022-01-28"},{"lineNumber":27,"author":{"gitId":"sibinhho99-nus"},"content":"    }","lastModifiedDate":"2022-01-28"},{"lineNumber":28,"author":{"gitId":"sibinhho99-nus"},"content":"","lastModifiedDate":"2022-01-28"},{"lineNumber":29,"author":{"gitId":"sibinhho99-nus"},"content":"    @Test","lastModifiedDate":"2022-01-28"},{"lineNumber":30,"author":{"gitId":"sibinhho99-nus"},"content":"    public void testParsingEvent() {","lastModifiedDate":"2022-01-28"},{"lineNumber":31,"author":{"gitId":"sibinhho99-nus"},"content":"        assertEquals(\"[E][ ] project meeting (at: 2021-12-27)\",","lastModifiedDate":"2022-01-28"},{"lineNumber":32,"author":{"gitId":"sibinhho99-nus"},"content":"                parser.parseEvent(\"event project meeting /at 2021-12-27\").toString(),","lastModifiedDate":"2022-01-28"},{"lineNumber":33,"author":{"gitId":"sibinhho99-nus"},"content":"                \"Correct deadline object is created from parsing deadline command\");","lastModifiedDate":"2022-01-28"},{"lineNumber":34,"author":{"gitId":"sibinhho99-nus"},"content":"    }","lastModifiedDate":"2022-01-28"},{"lineNumber":35,"author":{"gitId":"sibinhho99-nus"},"content":"","lastModifiedDate":"2022-01-28"},{"lineNumber":36,"author":{"gitId":"sibinhho99-nus"},"content":"    @Test","lastModifiedDate":"2022-01-28"},{"lineNumber":37,"author":{"gitId":"sibinhho99-nus"},"content":"    public void testParsingDeadlines() {","lastModifiedDate":"2022-01-28"},{"lineNumber":38,"author":{"gitId":"sibinhho99-nus"},"content":"        assertEquals(\"[D][ ] return book (by: 2021-12-27)\",","lastModifiedDate":"2022-01-28"},{"lineNumber":39,"author":{"gitId":"sibinhho99-nus"},"content":"                parser.parseDeadlines(\"deadline return book /by 2021-12-27\").toString(),","lastModifiedDate":"2022-01-28"},{"lineNumber":40,"author":{"gitId":"sibinhho99-nus"},"content":"                \"Correct deadline object is created from parsing deadline command\");","lastModifiedDate":"2022-01-28"},{"lineNumber":41,"author":{"gitId":"sibinhho99-nus"},"content":"    }","lastModifiedDate":"2022-01-28"},{"lineNumber":42,"author":{"gitId":"sibinhho99-nus"},"content":"}","lastModifiedDate":"2022-01-28"}],"authorContributionMap":{"sibinhho99-nus":42}},{"path":"text-ui-test/input.txt","fileType":"txt","lines":[{"lineNumber":1,"author":{"gitId":"sibinhho99-nus"},"content":"deadline return book /by Sunday","lastModifiedDate":"2022-01-21"},{"lineNumber":2,"author":{"gitId":"sibinhho99-nus"},"content":"event project meeting /at Mon 2-4pm","lastModifiedDate":"2022-01-21"},{"lineNumber":3,"author":{"gitId":"sibinhho99-nus"},"content":"todo borrow book","lastModifiedDate":"2022-01-21"},{"lineNumber":4,"author":{"gitId":"sibinhho99-nus"},"content":"list","lastModifiedDate":"2022-01-21"},{"lineNumber":5,"author":{"gitId":"sibinhho99-nus"},"content":"mark 3","lastModifiedDate":"2022-01-21"},{"lineNumber":6,"author":{"gitId":"sibinhho99-nus"},"content":"list","lastModifiedDate":"2022-01-21"},{"lineNumber":7,"author":{"gitId":"sibinhho99-nus"},"content":"unmark 3","lastModifiedDate":"2022-01-21"},{"lineNumber":8,"author":{"gitId":"sibinhho99-nus"},"content":"list","lastModifiedDate":"2022-01-21"},{"lineNumber":9,"author":{"gitId":"sibinhho99-nus"},"content":"delete 1","lastModifiedDate":"2022-01-21"},{"lineNumber":10,"author":{"gitId":"sibinhho99-nus"},"content":"list","lastModifiedDate":"2022-01-21"},{"lineNumber":11,"author":{"gitId":"sibinhho99-nus"},"content":"todo","lastModifiedDate":"2022-01-21"}],"authorContributionMap":{"sibinhho99-nus":11}},{"path":"text-ui-test/runtest.sh","fileType":"sh","lines":[{"lineNumber":1,"author":{"gitId":"-"},"content":"#!/usr/bin/env bash","lastModifiedDate":"2020-05-25"},{"lineNumber":2,"author":{"gitId":"-"},"content":"","lastModifiedDate":"2020-05-25"},{"lineNumber":3,"author":{"gitId":"-"},"content":"# create bin directory if it doesn\u0027t exist","lastModifiedDate":"2020-05-25"},{"lineNumber":4,"author":{"gitId":"-"},"content":"if [ ! -d \"../bin\" ]","lastModifiedDate":"2020-05-25"},{"lineNumber":5,"author":{"gitId":"-"},"content":"then","lastModifiedDate":"2020-05-25"},{"lineNumber":6,"author":{"gitId":"-"},"content":"    mkdir ../bin","lastModifiedDate":"2020-05-25"},{"lineNumber":7,"author":{"gitId":"-"},"content":"fi","lastModifiedDate":"2020-05-25"},{"lineNumber":8,"author":{"gitId":"-"},"content":"","lastModifiedDate":"2020-05-25"},{"lineNumber":9,"author":{"gitId":"-"},"content":"# delete output from previous run","lastModifiedDate":"2020-05-25"},{"lineNumber":10,"author":{"gitId":"-"},"content":"if [ -e \"./ACTUAL.TXT\" ]","lastModifiedDate":"2020-05-25"},{"lineNumber":11,"author":{"gitId":"-"},"content":"then","lastModifiedDate":"2020-05-25"},{"lineNumber":12,"author":{"gitId":"-"},"content":"    rm ACTUAL.TXT","lastModifiedDate":"2020-05-25"},{"lineNumber":13,"author":{"gitId":"-"},"content":"fi","lastModifiedDate":"2020-05-25"},{"lineNumber":14,"author":{"gitId":"-"},"content":"","lastModifiedDate":"2020-05-25"},{"lineNumber":15,"author":{"gitId":"-"},"content":"# compile the code into the bin folder, terminates if error occurred","lastModifiedDate":"2020-05-25"},{"lineNumber":16,"author":{"gitId":"-"},"content":"if ! javac -cp ../src/main/java -Xlint:none -d ../bin ../src/main/java/*.java","lastModifiedDate":"2020-08-25"},{"lineNumber":17,"author":{"gitId":"-"},"content":"then","lastModifiedDate":"2020-05-25"},{"lineNumber":18,"author":{"gitId":"-"},"content":"    echo \"********** BUILD FAILURE **********\"","lastModifiedDate":"2020-05-25"},{"lineNumber":19,"author":{"gitId":"-"},"content":"    exit 1","lastModifiedDate":"2020-05-25"},{"lineNumber":20,"author":{"gitId":"-"},"content":"fi","lastModifiedDate":"2020-05-25"},{"lineNumber":21,"author":{"gitId":"-"},"content":"","lastModifiedDate":"2020-05-25"},{"lineNumber":22,"author":{"gitId":"-"},"content":"# run the program, feed commands from input.txt file and redirect the output to the ACTUAL.TXT","lastModifiedDate":"2020-05-25"},{"lineNumber":23,"author":{"gitId":"-"},"content":"java -classpath ../bin Duke \u003c input.txt \u003e ACTUAL.TXT","lastModifiedDate":"2020-05-25"},{"lineNumber":24,"author":{"gitId":"-"},"content":"","lastModifiedDate":"2020-05-25"},{"lineNumber":25,"author":{"gitId":"-"},"content":"# compare the output to the expected output","lastModifiedDate":"2020-05-25"},{"lineNumber":26,"author":{"gitId":"sibinhho99-nus"},"content":"diff ACTUAL.TXT EXPECTED.TXT","lastModifiedDate":"2022-01-21"},{"lineNumber":27,"author":{"gitId":"-"},"content":"if [ $? -eq 0 ]","lastModifiedDate":"2020-05-25"},{"lineNumber":28,"author":{"gitId":"-"},"content":"then","lastModifiedDate":"2020-05-25"},{"lineNumber":29,"author":{"gitId":"-"},"content":"    echo \"Test result: PASSED\"","lastModifiedDate":"2020-05-25"},{"lineNumber":30,"author":{"gitId":"-"},"content":"    exit 0","lastModifiedDate":"2020-05-25"},{"lineNumber":31,"author":{"gitId":"-"},"content":"else","lastModifiedDate":"2020-05-25"},{"lineNumber":32,"author":{"gitId":"-"},"content":"    echo \"Test result: FAILED\"","lastModifiedDate":"2020-05-25"},{"lineNumber":33,"author":{"gitId":"-"},"content":"    exit 1","lastModifiedDate":"2020-05-25"},{"lineNumber":34,"author":{"gitId":"-"},"content":"fi","lastModifiedDate":"2020-05-25"}],"authorContributionMap":{"sibinhho99-nus":1,"-":33}}]
