{"authorDailyContributionsMap":{"atmh":[{"date":"2022-01-15","commitResults":[{"hash":"7e2ef9468f1715f1cf9a904c984d81a8ba3d15f2","messageTitle":"Level-1: Greet, Echo, Exit","messageBody":"","tags":["Level-1"],"fileTypesAndContributionMap":{"java":{"insertions":31,"deletions":10}}},{"hash":"0198ed1ec28c35b9d0c45c1ae6c1bc7798553c9a","messageTitle":"Added documentation","messageBody":"","fileTypesAndContributionMap":{"java":{"insertions":10,"deletions":3}}},{"hash":"c0f1baa0bac739259f89742e5ce968428a8d2a32","messageTitle":"Minor changes to documentation","messageBody":"","fileTypesAndContributionMap":{"java":{"insertions":3,"deletions":1}}},{"hash":"8991e6fb67bacc82c54b656e571f986203dfa37a","messageTitle":"Level-2: Add, List","messageBody":"","tags":["Level-2"],"fileTypesAndContributionMap":{"java":{"insertions":92,"deletions":23}}}]},{"date":"2022-01-16","commitResults":[{"hash":"886b748a9ff48cd89310658002a52581f24cf4bf","messageTitle":"Level-3: Mark as Done","messageBody":"","tags":["Level-3"],"fileTypesAndContributionMap":{"java":{"insertions":178,"deletions":33}}},{"hash":"fbda9ce3c344fd75789a6150c7b0949a50c30325","messageTitle":"Level-4: ToDos, Events, Deadlines","messageBody":"","tags":["Level-4"],"fileTypesAndContributionMap":{"java":{"insertions":140,"deletions":17}}},{"hash":"b2782bdb4ef090c87bbc0294967710933c96790c","messageTitle":"A-TextUiTesting: Automated Text UI Testing","messageBody":"","tags":["A-TextUiTesting"],"fileTypesAndContributionMap":{"txt":{"insertions":7,"deletions":0},"bat":{"insertions":1,"deletions":1},"sh":{"insertions":0,"deletions":38}}},{"hash":"07459fb451507d2522a71978d270018a4fe3ca3a","messageTitle":"Level-5: Handle Errors","messageBody":"","tags":["Level-5"],"fileTypesAndContributionMap":{"java":{"insertions":91,"deletions":50}}},{"hash":"e181506424748f49a307b47ddbc954b023319124","messageTitle":"Level-6: Delete","messageBody":"","tags":["Level-6"],"fileTypesAndContributionMap":{"txt":{"insertions":2,"deletions":0},"java":{"insertions":58,"deletions":21}}},{"hash":"2e462f89ca8ef4ae20cba819d17228ed7a4c79e9","messageTitle":"changed if-else to switch","messageBody":"","fileTypesAndContributionMap":{"java":{"insertions":37,"deletions":34}}},{"hash":"036bb647843e96f07338fb05b192e0083d30747e","messageTitle":"renamed task subclasses","messageBody":"","fileTypesAndContributionMap":{"java":{"insertions":0,"deletions":0}}},{"hash":"fc52bd90e93c0e3dd9089120ea2587636c95a9a5","messageTitle":"renamed task subclasses","messageBody":"","fileTypesAndContributionMap":{"java":{"insertions":28,"deletions":28}}}]},{"date":"2022-01-17","commitResults":[{"hash":"1cfea3770a841a534bf777fd71505d74959f62d6","messageTitle":"Migrated TaskList class to Echo class","messageBody":"","fileTypesAndContributionMap":{"java":{"insertions":72,"deletions":230}}}]},{"date":"2022-01-21","commitResults":[{"hash":"97e350d1281f6aa8c43dc9acb733e6c8993eebe4","messageTitle":"update printing of response","messageBody":"","fileTypesAndContributionMap":{"java":{"insertions":74,"deletions":44}}},{"hash":"648e2548f576ff90ac29640a4e1636c61fbe2505","messageTitle":"fix code style","messageBody":"","fileTypesAndContributionMap":{"java":{"insertions":77,"deletions":74}}},{"hash":"c5850de0bda40fbf53dcfba0aafb235767c022fa","messageTitle":"Improve coding standard","messageBody":"","fileTypesAndContributionMap":{"java":{"insertions":121,"deletions":84},"bat":{"insertions":1,"deletions":1}}}]},{"date":"2022-01-22","commitResults":[{"hash":"8ec65080b5922a74cd35228b6076ce3bf54747fb","messageTitle":"Add save and read file","messageBody":"","fileTypesAndContributionMap":{"txt":{"insertions":11,"deletions":6},"java":{"insertions":206,"deletions":76}}},{"hash":"ed46b355542933bce42385959d91db2fa7f01664","messageTitle":"Add date and time","messageBody":"","fileTypesAndContributionMap":{"java":{"insertions":138,"deletions":99}}},{"hash":"1e0ed84af50b3d557c05c2280d9aaefc3f968352","messageTitle":"Fix save format","messageBody":"","fileTypesAndContributionMap":{"txt":{"insertions":2,"deletions":2},"java":{"insertions":31,"deletions":20}}},{"hash":"865f8bd2ee8df85679a7405db29c7c9c0545d0bd","messageTitle":"Add more OOP","messageBody":"","tags":["A-MoreOOP"],"fileTypesAndContributionMap":{"txt":{"insertions":8,"deletions":3},"java":{"insertions":642,"deletions":330}}},{"hash":"749103e40eb712b46a1d23ab89b3ae07ac4e1e2b","messageTitle":"Add packages","messageBody":"","tags":["A-Packages"],"fileTypesAndContributionMap":{"java":{"insertions":112,"deletions":5},"bat":{"insertions":2,"deletions":2}}}]},{"date":"2022-01-23","commitResults":[{"hash":"2c431a3a96051d5eba6b37fcc44dfad18d5363a9","messageTitle":"Add junit test","messageBody":"","tags":["v0.1","A-JUnit"],"fileTypesAndContributionMap":{"java":{"insertions":111,"deletions":0}}},{"hash":"dc11064d7b0c8f1a86260d2438edba642fa45a1d","messageTitle":"Add javadoc","messageBody":"","fileTypesAndContributionMap":{"java":{"insertions":358,"deletions":19}}},{"hash":"596519a1ac230566029e30d0faf04f32de6d5d34","messageTitle":"Improve coding standard","messageBody":"","fileTypesAndContributionMap":{"java":{"insertions":0,"deletions":1}}},{"hash":"6a64cbf96e14ec856ffd3791dff3b48e7f048123","messageTitle":"Add find command","messageBody":"","fileTypesAndContributionMap":{"java":{"insertions":63,"deletions":5}}},{"hash":"01d869fc7b5d3f2168b7a9863dbdb29433cf6747","messageTitle":"Add java doc","messageBody":"","fileTypesAndContributionMap":{"java":{"insertions":59,"deletions":12}}}]}]},"authorFileTypeContributionMap":{"atmh":{"java":1521,"md":0,"fxml":0,"sh":0,"bat":2,"gradle":0,"txt":19}},"authorContributionVariance":{"atmh":256826.95},"authorDisplayNameMap":{"atmh":"CS2103T-T17-4 ALVI..HWEE"}}
