{"authorDailyContributionsMap":{"arcornior":[{"date":"2022-01-14","commitResults":[{"hash":"7342e5e4d643585aeda0688454865d021c6096dd","messageTitle":"Edited Duke.java Duke, now known as Encik, will echo user input until bye is input","messageBody":"","tags":["Level-1"],"fileTypesAndContributionMap":{"java":{"insertions":24,"deletions":6}}},{"hash":"11293d58afd527e29384de205c028490cbb7780d","messageTitle":"Added function format to format output Added borders to echoed tasks","messageBody":"","fileTypesAndContributionMap":{"java":{"insertions":11,"deletions":6}}},{"hash":"a5d511730c9a2e77ad257b149c5d1e1be5c2af5d","messageTitle":"Duke.java - Fixed formatting, can now print tasks entered by user Added Task.java to keep track of user\u0027s tasks","messageBody":"","tags":["Level-2"],"fileTypesAndContributionMap":{"java":{"insertions":33,"deletions":3}}},{"hash":"793b3eba84977f178014ce8ed7aa906091833a30","messageTitle":"Duke.java - Added ability to mark/ unmark tasks Task.java - Added boolean to keep track of task\u0027s completion","messageBody":"","tags":["Level-3"],"fileTypesAndContributionMap":{"java":{"insertions":41,"deletions":6}}},{"hash":"709c45725c01b264f9db3243f29a58fdf94da013","messageTitle":"Duke.java - Added tracking for 3 types of tasks Task.java - Supports tracking of 3 types of tasks","messageBody":"","tags":["Level-4"],"fileTypesAndContributionMap":{"java":{"insertions":53,"deletions":10}}},{"hash":"23a04b606630b5458911859d1e73a369bca0a834","messageTitle":"Duke.java - Formatted output","messageBody":"","fileTypesAndContributionMap":{"java":{"insertions":16,"deletions":5}}},{"hash":"4cc93cee3441ead7d0ca3a3b3d123d3cabdb19dd","messageTitle":"Duke.java - Edited to support inheritance Task.java - Edited to support inheritance Added Deadline.java Added Event.java Added ToDo.java","messageBody":"","fileTypesAndContributionMap":{"java":{"insertions":43,"deletions":24}}},{"hash":"be29ba4f44c511538125dafbf2d929aa0664ce16","messageTitle":"Fixed bug where ToDo was printing wrong output","messageBody":"","fileTypesAndContributionMap":{"java":{"insertions":2,"deletions":2}}}]},{"date":"2022-01-17","commitResults":[{"hash":"3fbb6bd2612d15e833ea154cc6201af3df93c547","messageTitle":"Added input and EXPECTED files for automated testing","messageBody":"","tags":["A-TextUiTesting"],"fileTypesAndContributionMap":{"txt":{"insertions":10,"deletions":0}}},{"hash":"416b248ade06bb2e900995ea6ac5543971f7d054","messageTitle":"Added testing for list function","messageBody":"","fileTypesAndContributionMap":{"txt":{"insertions":3,"deletions":0}}},{"hash":"4cd524419df748b94b68f97195d82a0313d3fa66","messageTitle":"Replaced hardcoded spaces with final values instead","messageBody":"","fileTypesAndContributionMap":{"java":{"insertions":22,"deletions":20}}},{"hash":"252b9c9e7242324721f57ed94787810f47768da4","messageTitle":"Added DukeException class for handling exceptions","messageBody":"","fileTypesAndContributionMap":{"java":{"insertions":5,"deletions":0}}},{"hash":"f2220d39f61069eae978f345e24dfea3215841c2","messageTitle":"Added error handling for incomplete description, wrong command","messageBody":"","tags":["Level-5"],"fileTypesAndContributionMap":{"java":{"insertions":97,"deletions":61}}},{"hash":"9ee0b50f7e69f56cd97a4526800a549faaa19d62","messageTitle":"Replaced hardcoded indent with SPACE","messageBody":"","fileTypesAndContributionMap":{"java":{"insertions":2,"deletions":2}}},{"hash":"18bb134142d4a771f9d3a869fa80cb7ecd7b19a9","messageTitle":"Added delete command Fixed unmark error message, formatting","messageBody":"","tags":["Level-6"],"fileTypesAndContributionMap":{"java":{"insertions":26,"deletions":8}}},{"hash":"471eb6f55ebe502c77d5ce2950253f1aab0ca95a","messageTitle":"Fixed error in Duke with string Updataed input and Expected files","messageBody":"","fileTypesAndContributionMap":{"txt":{"insertions":10,"deletions":0},"java":{"insertions":1,"deletions":1}}}]},{"date":"2022-01-23","commitResults":[{"hash":"3dfca8eca5cd694a1eb387ff2bbd5ed8c4786c47","messageTitle":"Fix minor indent issue","messageBody":"","fileTypesAndContributionMap":{"java":{"insertions":5,"deletions":5}}}]},{"date":"2022-01-25","commitResults":[{"hash":"d223bcd3abdff87982f26930d3d5695fa595e7c2","messageTitle":"Add support for storing dates/times as LocalDateTime object","messageBody":"","tags":["Level-8"],"fileTypesAndContributionMap":{"java":{"insertions":29,"deletions":13}}},{"hash":"227b6c8878b76a124ea703e70304d49509d2d76d","messageTitle":"Fix bugs relating to logging","messageBody":"","fileTypesAndContributionMap":{"java":{"insertions":149,"deletions":10}}}]},{"date":"2022-01-26","commitResults":[{"hash":"d2c32ec5ec3f18a16b9578510478675a8757075b","messageTitle":"Fix Events not keeping track of Event end time.","messageBody":"","fileTypesAndContributionMap":{"java":{"insertions":104,"deletions":37}}}]},{"date":"2022-02-04","commitResults":[{"hash":"f53e9fc7670a8a5a323ebcabb8f62e6b115acc69","messageTitle":"Reformat program to be more OOP","messageBody":"Add new Parser, TaskList, Ui, and Storage classes\n","tags":["A-MoreOOP"],"fileTypesAndContributionMap":{"java":{"insertions":260,"deletions":177}}},{"hash":"d62a3076e525314f7d731062b5c1895c79f6734b","messageTitle":"Divide Duke into packages","messageBody":"","tags":["A-Packages"],"fileTypesAndContributionMap":{"java":{"insertions":40,"deletions":9}}},{"hash":"c7e058117ef397a1f136cde25405d7399c58c9bf","messageTitle":"Add JUnit test case for TaskList","messageBody":"","tags":["A-JUnit"],"fileTypesAndContributionMap":{"java":{"insertions":23,"deletions":0}}},{"hash":"0315070bb949eda8ebaddb2a2fdfc4198150f7e3","messageTitle":"Modify gradle to reflect correct mainClassName","messageBody":"","tags":["A-Jar"],"fileTypesAndContributionMap":{"gradle":{"insertions":1,"deletions":1}}}]},{"date":"2022-02-06","commitResults":[{"hash":"34b37236ee9ac25ab29b103ee87df3face95509a","messageTitle":"Add JavaDoc comments for Classes and Methods","messageBody":"","fileTypesAndContributionMap":{"java":{"insertions":289,"deletions":9}}},{"hash":"3f34e65bbbb9ece8175604290ce4cda690cd0417","messageTitle":"Tweak code to follow SE-EDU Java Coding Standard","messageBody":"","fileTypesAndContributionMap":{"java":{"insertions":15,"deletions":15}}},{"hash":"d199337735d179843c9f9be75cdb4d514f4a39be","messageTitle":"Add support for finding keywords in tasks","messageBody":"","fileTypesAndContributionMap":{"java":{"insertions":29,"deletions":0}}},{"hash":"39556d9c85e1c15d24019f8f41b32044a710d7ce","messageTitle":"Add JavaDoc for handleFind","messageBody":"","fileTypesAndContributionMap":{"java":{"insertions":8,"deletions":0}}}]},{"date":"2022-02-09","commitResults":[{"hash":"b10f96d850aa76dcc0752b06d4d9168dbc888953","messageTitle":"Fix coding style violations","messageBody":"","tags":["A-Gradle","A-CheckStyle"],"fileTypesAndContributionMap":{"java":{"insertions":43,"deletions":31}}}]},{"date":"2022-02-10","commitResults":[{"hash":"d124d9fd81e9dda7381b5ddb12448fec4de766ee","messageTitle":"Add GUI for Duke","messageBody":"Shift Duke.java into duke.gui package\n","fileTypesAndContributionMap":{"gradle":{"insertions":16,"deletions":1},"fxml":{"insertions":38,"deletions":0},"java":{"insertions":335,"deletions":123}}}]},{"date":"2022-02-13","commitResults":[{"hash":"d3b6fcd17bccb6d69909b004be9428ce5d35f04c","messageTitle":"Improve code quality","messageBody":"Some methods are too long and some are no longer used. Proper coding\nstandards are also not being adhered to in some parts.\n\nThese methods may hinder code readability making it harder for other\npeople to understand certain parts of the code.\n\nLet\u0027s,\n* remove methods/ classes no longer in use\n* refactor long methods\n* adhere to coding standard\n","tags":["A-CodeQuality"],"fileTypesAndContributionMap":{"java":{"insertions":97,"deletions":116}}},{"hash":"73e4d0505c01fd8a4e1df23878ba4889113b10fa","messageTitle":"Fix gradle issues","messageBody":"Change application mainClassName to duke.gui.Launcher since we are\nstarting Duke from Launcher now.\n\nThere is an issue getting the image files for Duke and User when\nrunning JAR.\n\nChange pathname so images can be retrived and JAR can be run.\n","fileTypesAndContributionMap":{"gradle":{"insertions":1,"deletions":1},"java":{"insertions":2,"deletions":2}}},{"hash":"0fbe38fdfd6a9efd5e67f7d7aef77ad7f81be1e5","messageTitle":"Revert \"Improve code quality\"","messageBody":"This reverts commit d3b6fcd17bccb6d69909b004be9428ce5d35f04c.\n","fileTypesAndContributionMap":{"java":{"insertions":116,"deletions":97}}},{"hash":"01516e379b60f0125aa074934db2bba33e19789a","messageTitle":"Improve code quality","messageBody":"Some methods are too long and some are no longer used. Proper coding\nstandards are also not being adhered to in some parts.\n\nThese methods may hinder code readability making it harder for other\npeople to understand certain parts of the code.\n\nLet\u0027s,\n* remove methods/ classes no longer in use\n* refactor long methods\n* adhere to coding standard\n\nRemoving Ui package and Ui.java as it is no longer in use after\nimplementing GUI.\n\nRefactoring methods in Storage as they are too long and hard to read.\n\nRenaming done to isDone in Task.java as it is more readable.\n","tags":["A-FullCommitMessage"],"fileTypesAndContributionMap":{"java":{"insertions":97,"deletions":116}}},{"hash":"0667ec36e0ebc56fdbde8d25640ee1f44c5f2eda","messageTitle":"Add assertions","messageBody":"Index of task to get is not checked.\n\nInvalid index results in program crashing.\n\nChecking the index before passing it to get() allows us to pass an\nerror message to the user instead of crashing the pogram.\n\nLet\u0027s assert the index to make sure it is valid before passing it to\nget().\n\nUsing assert allows us to document the assumption that index is valid.\n","tags":["A-Assertions"],"fileTypesAndContributionMap":{"java":{"insertions":2,"deletions":0}}},{"hash":"74cd7ff290ebe6dffd4f9446404c72858da38ecf","messageTitle":"Add support for viewing schedule Tidy Task up by removing redundant toString call.","messageBody":"","tags":["BCD-Extension"],"fileTypesAndContributionMap":{"java":{"insertions":47,"deletions":1}}},{"hash":"0e3efac22bd6bd1651214242f151b8d22aa5f4d3","messageTitle":"Remove a few lines of blankspace to make method shorter.","messageBody":"","fileTypesAndContributionMap":{"java":{"insertions":0,"deletions":2}}},{"hash":"0e4ce0b187b799caf441838252aed7574ebd8099","messageTitle":"Add user guide","messageBody":"","tags":["A-UserGuide"],"fileTypesAndContributionMap":{"md":{"insertions":174,"deletions":11}}},{"hash":"19f6bf7456210a696fd1b781300fd6709bb589c4","messageTitle":"Add Screenshot of Duke Add Title to Duke\u0027s window","messageBody":"","tags":["A-Release"],"fileTypesAndContributionMap":{"java":{"insertions":1,"deletions":0}}},{"hash":"43ba6904f0201230eca3d2c6f00dafe8229850fc","messageTitle":"Fix path to point to user\u0027s working directory.","messageBody":"","fileTypesAndContributionMap":{"java":{"insertions":1,"deletions":1}}}]}]},"authorFileTypeContributionMap":{"arcornior":{"java":1161,"md":165,"fxml":38,"sh":0,"bat":0,"gradle":16,"txt":23}},"authorContributionVariance":{"arcornior":42525.543},"authorDisplayNameMap":{"arcornior":"CS2103T-T09-3 LIM ..CONG"}}
