{"authorDailyContributionsMap":{"chanyijuan":[{"date":"2022-01-20","commitResults":[{"hash":"dcee4f39419839d56d58ef7accb1f4289475fe2c","messageTitle":"Level-1: Implemented with while-loop and Scanner class","messageBody":"","fileTypesAndContributionMap":{"java":{"insertions":23,"deletions":6}}},{"hash":"faa3d9de32ab02d009446142adb309f8f490aa91","messageTitle":"Level-2: Implemented nested condition in while-loop","messageBody":"","fileTypesAndContributionMap":{"java":{"insertions":16,"deletions":1}}},{"hash":"f577a30cca1bd3c5223eb46a0a91fce55d8858da","messageTitle":"Level-3: Implemented A-Class for Commands","messageBody":"","fileTypesAndContributionMap":{"java":{"insertions":40,"deletions":5}}},{"hash":"1161b21679489ba41976ad5cd329995979a0ce25","messageTitle":"Level-4: ToDos, Deadlines, Events. Implemented with A-Inheritance.","messageBody":"","fileTypesAndContributionMap":{"java":{"insertions":81,"deletions":23}}}]}]},"authorFileTypeContributionMap":{"chanyijuan":{"java":131,"md":0,"fxml":0,"sh":0,"bat":0,"gradle":0,"txt":0}},"authorContributionVariance":{"chanyijuan":4656.122},"authorDisplayNameMap":{"chanyijuan":"CHAN..JUAN"}}
