{"authorDailyContributionsMap":{"zixin448":[{"date":"2022-01-15","commitResults":[{"hash":"c7a50607f77fc5cc4be48397b2165a048f1c6460","messageTitle":"Level-1","messageBody":"","tags":["Level-1"],"fileTypesAndContributionMap":{"java":{"insertions":14,"deletions":0}}},{"hash":"7395dd7f52ec9751c77d880330892996142f952b","messageTitle":"Level-2","messageBody":"","tags":["Level-2"],"fileTypesAndContributionMap":{"java":{"insertions":11,"deletions":3}}}]},{"date":"2022-01-16","commitResults":[{"hash":"7f756486089252609f64deeb0f39718bc0c6c456","messageTitle":"Level-3","messageBody":"","tags":["Level-3"],"fileTypesAndContributionMap":{"java":{"insertions":47,"deletions":6}}},{"hash":"ce50d251868a24d30bacaf1a2179bed52d3847b4","messageTitle":"Level-4","messageBody":"","tags":["Level-5","Level-4"],"fileTypesAndContributionMap":{"java":{"insertions":70,"deletions":7}}},{"hash":"6b6ce1a3a70d369ee864c688fca8f1de4bcecd12","messageTitle":"Level-5","messageBody":"","fileTypesAndContributionMap":{"txt":{"insertions":6,"deletions":0},"java":{"insertions":144,"deletions":40},"sh":{"insertions":4,"deletions":3}}},{"hash":"864723e596c241104f607398b29eab17d1fd086d","messageTitle":"Level-6","messageBody":"","tags":["Level-6"],"fileTypesAndContributionMap":{"java":{"insertions":6,"deletions":1}}}]},{"date":"2022-01-19","commitResults":[{"hash":"b0a83de2d7140e5750d1976ff5a9adbee910ea3b","messageTitle":"A-TextUiTesting","messageBody":"","tags":["A-TextUiTesting"],"fileTypesAndContributionMap":{"txt":{"insertions":23,"deletions":1},"java":{"insertions":10,"deletions":13},"sh":{"insertions":1,"deletions":1}}}]},{"date":"2022-01-25","commitResults":[{"hash":"16640f588b56f7a8041a5767a7444dca964bb7ef","messageTitle":"Level-7","messageBody":"","tags":["Level-7"],"fileTypesAndContributionMap":{"txt":{"insertions":8,"deletions":0},"java":{"insertions":132,"deletions":39}}},{"hash":"b1d9309e8551ef93e4f84821958bc9012b3a37f7","messageTitle":"Level-8","messageBody":"","fileTypesAndContributionMap":{"java":{"insertions":61,"deletions":9}}}]},{"date":"2022-01-27","commitResults":[{"hash":"68a02a61af873483ca99f3625456c560128b50a8","messageTitle":"A-MoreOOP","messageBody":"","tags":["A-MoreOOP"],"fileTypesAndContributionMap":{"txt":{"insertions":0,"deletions":8},"java":{"insertions":736,"deletions":191}}},{"hash":"13b99655b81b31d73e2b36af21f8a6947e865b35","messageTitle":"A-Packages","messageBody":"","tags":["A-Packages","A-Jar"],"fileTypesAndContributionMap":{"txt":{"insertions":2,"deletions":0},"java":{"insertions":22,"deletions":29}}},{"hash":"ac140dc839dd965b998a06297042d84449a8c93f","messageTitle":"Update storage","messageBody":"","fileTypesAndContributionMap":{"txt":{"insertions":0,"deletions":2},"java":{"insertions":10,"deletions":7}}},{"hash":"8d3b57b5ca09a8f32e11db6752a9203da8dba6d7","messageTitle":"A-JavaDoc","messageBody":"","fileTypesAndContributionMap":{"java":{"insertions":73,"deletions":0}}}]},{"date":"2022-01-28","commitResults":[{"hash":"f76b46b539fe06ee7460001dfbece90fb17f1812","messageTitle":"Clean code","messageBody":"","fileTypesAndContributionMap":{"txt":{"insertions":7,"deletions":0},"java":{"insertions":28,"deletions":28}}},{"hash":"ea307560acf4d0b9bf89cc5a885203090d50d469","messageTitle":"Update code to follow Java coding standard","messageBody":"","fileTypesAndContributionMap":{"java":{"insertions":2,"deletions":2}}},{"hash":"3b2a3babc2049378049b496b50483efea8753df0","messageTitle":"Add \u0027find\u0027 command","messageBody":"","fileTypesAndContributionMap":{"txt":{"insertions":6,"deletions":7},"java":{"insertions":93,"deletions":12}}},{"hash":"97f0faa5bce959a40604242a4c677e93dff2b12c","messageTitle":"Change variable name to fit coding standard","messageBody":"","fileTypesAndContributionMap":{"txt":{"insertions":0,"deletions":1},"java":{"insertions":43,"deletions":43}}},{"hash":"fb322f45c997f3a78dabadfd0ba43e5978bcaf5b","messageTitle":"A-JUnit","messageBody":"","tags":["A-JUnit"],"fileTypesAndContributionMap":{"java":{"insertions":45,"deletions":1}}}]},{"date":"2022-02-01","commitResults":[{"hash":"2382d596af5f0d762b045d5739cef14872ca2739","messageTitle":"A-Gradle set up gradle to project","messageBody":"","tags":["A-Gradle"],"fileTypesAndContributionMap":{"txt":{"insertions":3,"deletions":13}}}]},{"date":"2022-02-05","commitResults":[{"hash":"3e5bf0d48b0059f1440e0a41d31111d507f782bd","messageTitle":"Set up JavaFX","messageBody":"","tags":["Level-10"],"fileTypesAndContributionMap":{"gradle":{"insertions":20,"deletions":1},"txt":{"insertions":5,"deletions":4},"fxml":{"insertions":35,"deletions":0},"java":{"insertions":378,"deletions":100}}}]},{"date":"2022-02-08","commitResults":[{"hash":"8216c110488a86c143311ee502913109159ff48e","messageTitle":"Add deadline check","messageBody":"New deadline event should be created only if deadline is after \u0027today\u0027\nAdd a new check such that if deadline is before today, system prints\na warning message\nSafe guard for consistent values for deadline\n","tags":["A-FullCommitMessage"],"fileTypesAndContributionMap":{"txt":{"insertions":3,"deletions":6},"java":{"insertions":10,"deletions":1}}}]},{"date":"2022-02-09","commitResults":[{"hash":"598cbab776d1e089e017f8f0da05357ad9ab8cb3","messageTitle":"Attempt adding assert to deadline","messageBody":"Add assert to deadline event file but received linkage error\n","fileTypesAndContributionMap":{"gradle":{"insertions":1,"deletions":0},"txt":{"insertions":3,"deletions":3},"java":{"insertions":8,"deletions":5}}},{"hash":"29aea4d5063f29d7ddfee492818e3c22f536de95","messageTitle":"Add first assert to ensure deadline is after today and fix bug in src/main/java/duke","messageBody":"1. Structure did not result in printing of actual statements\n2. Redirected Event Deadline and FindCommand to the parser\n3. Proper output statements are printed\n4. Add assert statement to replace original if-else check\n","fileTypesAndContributionMap":{"txt":{"insertions":4,"deletions":3},"java":{"insertions":32,"deletions":24}}},{"hash":"187acc8dbb41f837699ef716d0243498a346b0e6","messageTitle":"Add assert to ensure index input for markCommand is valid","messageBody":"If index input for MarkCommand is larger than store list length or\nsmaller than 0, will throw indexOutOfBoundException\nAdd assert statement to check for valid index\nNow outputs a warning when given an invalid index\n","fileTypesAndContributionMap":{"java":{"insertions":9,"deletions":3}}},{"hash":"d326225086c78e41c8cfd6f40e04ab9c744bd51f","messageTitle":"Add assert to unmark and delete commands","messageBody":"","fileTypesAndContributionMap":{"txt":{"insertions":1,"deletions":1},"java":{"insertions":16,"deletions":4}}},{"hash":"291613f7780c366ac3c0c3dfd3b70235bf256ba4","messageTitle":"Add assertion to commands - Delete, Mark, Unmark, Deadline","messageBody":"Assertion is required to check valid index input of 0\u003cindex\u003c\u003dlength of task list\nand valid deadline input\nAdd assertion that returns warning to the user\nUser now sees error message output\n","fileTypesAndContributionMap":{"java":{"insertions":27,"deletions":9}}},{"hash":"b15db775195476fb15ddeb004871e7da5d6c2be4","messageTitle":"Update on code quality","messageBody":"Update file to abide to code quality\n","fileTypesAndContributionMap":{"txt":{"insertions":4,"deletions":4},"java":{"insertions":9,"deletions":15}}},{"hash":"49013546b5043ab3adc3b04010846b83a8642b3f","messageTitle":"Made changes","messageBody":"","fileTypesAndContributionMap":{"java":{"insertions":12,"deletions":0}}},{"hash":"6440081756dcd8f5c4e546507b5753118b6ce944","messageTitle":"Fix bug when merging","messageBody":"","fileTypesAndContributionMap":{"java":{"insertions":1,"deletions":1}}},{"hash":"d03680b1dd2952ba0d389d8ce5ed6464afe81f33","messageTitle":"Add reminder feature","messageBody":"Reminder is sent out at the start of the chat\n","tags":["BCD-Extension"],"fileTypesAndContributionMap":{"txt":{"insertions":3,"deletions":4},"java":{"insertions":57,"deletions":6}}}]},{"date":"2022-02-16","commitResults":[{"hash":"efc5cca2fbee1206f759403d9ee3d193b65eb9c1","messageTitle":"Update user guide and GUI","messageBody":"","tags":["A-UserGuide"],"fileTypesAndContributionMap":{"txt":{"insertions":1,"deletions":6},"fxml":{"insertions":1,"deletions":1},"java":{"insertions":8,"deletions":3},"md":{"insertions":91,"deletions":10}}},{"hash":"2881d97f50a06913269d324336d87a54819c94f2","messageTitle":"Update README","messageBody":"","tags":["A-Release"],"fileTypesAndContributionMap":{"txt":{"insertions":2,"deletions":1},"md":{"insertions":15,"deletions":0}}}]}]},"authorFileTypeContributionMap":{"zixin448":{"java":1501,"md":98,"fxml":35,"sh":4,"bat":0,"gradle":21,"txt":30}},"authorContributionVariance":{"zixin448":45845.465},"authorDisplayNameMap":{"zixin448":"CS2103T-W13-2 YONG.. XIN"}}
