{"authorDailyContributionsMap":{"lamwj98":[{"date":"2022-01-19","commitResults":[{"hash":"c077fea3f7395ec56b82173572983f9479d27594","messageTitle":"Commit for level-1","messageBody":"","tags":["Level-1.2"],"fileTypesAndContributionMap":{"java":{"insertions":22,"deletions":10}}},{"hash":"0dda7e776383c627dc2df725da29cdc4a6c6150e","messageTitle":"Level1 v2","messageBody":"","tags":["level-2"],"fileTypesAndContributionMap":{"java":{"insertions":8,"deletions":1}}},{"hash":"dd3656d432bdb42dcc1f3db5bf48637a8e07ccc5","messageTitle":"level-2 completed","messageBody":"","tags":["level-3"],"fileTypesAndContributionMap":{"java":{"insertions":23,"deletions":2}}},{"hash":"921dad55c7e1614656efd6ae16995063ae06e02f","messageTitle":"Level-3 completed","messageBody":"","tags":["level-4"],"fileTypesAndContributionMap":{"java":{"insertions":92,"deletions":5}}}]},{"date":"2022-01-20","commitResults":[{"hash":"5ac2a7a83b8644048629d9445316446ab13428e1","messageTitle":"completed level-4","messageBody":"","tags":["Level-5","Level-4-with-Testing"],"fileTypesAndContributionMap":{"java":{"insertions":87,"deletions":19}}},{"hash":"772e605bbb2b8bbd89a1889bd2c4555b109cc854","messageTitle":"Testing added","messageBody":"","fileTypesAndContributionMap":{"txt":{"insertions":8,"deletions":0},"java":{"insertions":4,"deletions":6},"sh":{"insertions":1,"deletions":1}}},{"hash":"b9ace8ec1a3da134c8bcc6a9d69158e712b919e9","messageTitle":"Level-5 without additional test cases","messageBody":"","tags":["Level5-2"],"fileTypesAndContributionMap":{"txt":{"insertions":8,"deletions":0},"java":{"insertions":124,"deletions":48},"sh":{"insertions":1,"deletions":1}}}]},{"date":"2022-01-21","commitResults":[{"hash":"5778748544ed3da7be1686010275a5d52b26ffe6","messageTitle":"Level-5 completed with testing","messageBody":"","fileTypesAndContributionMap":{"txt":{"insertions":7,"deletions":0},"java":{"insertions":21,"deletions":15}}},{"hash":"8c679caf5cf6ac487227ebd0151344c0077ffa52","messageTitle":"level-6 with test cases updated","messageBody":"","tags":["delete"],"fileTypesAndContributionMap":{"txt":{"insertions":2,"deletions":0},"java":{"insertions":30,"deletions":0}}}]},{"date":"2022-01-24","commitResults":[{"hash":"751de4f06c79f1657568196b3db8131d5caf3704","messageTitle":"Complete Level-7 without Merge","messageBody":"","tags":["Level-8","Level-7"],"fileTypesAndContributionMap":{"java":{"insertions":195,"deletions":22}}}]},{"date":"2022-01-25","commitResults":[{"hash":"e22c9fe975e512757a133f22df29c8e0cf3c413e","messageTitle":"Complete Level-8 without merge","messageBody":"","fileTypesAndContributionMap":{"java":{"insertions":187,"deletions":21}}}]},{"date":"2022-01-30","commitResults":[{"hash":"32e23e3d53467ba181a98b5894b4f55090e1df70","messageTitle":"Complete more oop without merging","messageBody":"","tags":["A-Packages","A-MoreOOP"],"fileTypesAndContributionMap":{"java":{"insertions":369,"deletions":274}}}]},{"date":"2022-01-31","commitResults":[{"hash":"d4a829df591e9d6d7b7cabcd118c1c08689f6645","messageTitle":"Complete creating package","messageBody":"","fileTypesAndContributionMap":{"txt":{"insertions":0,"deletions":0},"java":{"insertions":18,"deletions":0}}}]}]},"authorFileTypeContributionMap":{"lamwj98":{"java":804,"md":0,"fxml":0,"sh":1,"bat":0,"gradle":0,"txt":17}},"authorContributionVariance":{"lamwj98":26845.33},"authorDisplayNameMap":{"lamwj98":"CS2103T-W09-3 ANDY.. JIE"}}
