{"authorDailyContributionsMap":{"lamwj98":[{"date":"2022-01-19","commitResults":[{"hash":"c077fea3f7395ec56b82173572983f9479d27594","messageTitle":"Commit for level-1","messageBody":"","tags":["Level-1.2"],"fileTypesAndContributionMap":{"java":{"insertions":22,"deletions":10}}},{"hash":"0dda7e776383c627dc2df725da29cdc4a6c6150e","messageTitle":"Level1 v2","messageBody":"","tags":["level-2"],"fileTypesAndContributionMap":{"java":{"insertions":8,"deletions":1}}},{"hash":"dd3656d432bdb42dcc1f3db5bf48637a8e07ccc5","messageTitle":"level-2 completed","messageBody":"","tags":["level-3"],"fileTypesAndContributionMap":{"java":{"insertions":23,"deletions":2}}},{"hash":"921dad55c7e1614656efd6ae16995063ae06e02f","messageTitle":"Level-3 completed","messageBody":"","tags":["level-4"],"fileTypesAndContributionMap":{"java":{"insertions":92,"deletions":5}}}]},{"date":"2022-01-20","commitResults":[{"hash":"5ac2a7a83b8644048629d9445316446ab13428e1","messageTitle":"completed level-4","messageBody":"","tags":["Level-5","Level-4-with-Testing"],"fileTypesAndContributionMap":{"java":{"insertions":87,"deletions":19}}},{"hash":"772e605bbb2b8bbd89a1889bd2c4555b109cc854","messageTitle":"Testing added","messageBody":"","fileTypesAndContributionMap":{"txt":{"insertions":8,"deletions":0},"java":{"insertions":4,"deletions":6},"sh":{"insertions":1,"deletions":1}}}]}]},"authorFileTypeContributionMap":{"lamwj98":{"java":203,"md":0,"fxml":0,"sh":1,"bat":0,"gradle":0,"txt":8}},"authorContributionVariance":{"lamwj98":4359.061},"authorDisplayNameMap":{"lamwj98":"ANDY.. JIE"}}
