[{"path":"data/storage.txt","fileType":"txt","lines":[{"lineNumber":1,"author":{"gitId":"aaron-ljx"},"content":"T,0,asdfasdf","lastModifiedDate":"2022-01-25"},{"lineNumber":2,"author":{"gitId":"aaron-ljx"},"content":"T,1,asdfasdf","lastModifiedDate":"2022-01-25"},{"lineNumber":3,"author":{"gitId":"aaron-ljx"},"content":"T,0,23342342","lastModifiedDate":"2022-01-25"}],"authorContributionMap":{"aaron-ljx":3}},{"path":"src/main/java/Deadline.java","fileType":"java","lines":[{"lineNumber":1,"author":{"gitId":"aaron-ljx"},"content":"import java.time.LocalDate;","lastModifiedDate":"2022-01-26"},{"lineNumber":2,"author":{"gitId":"aaron-ljx"},"content":"import java.time.format.DateTimeFormatter;","lastModifiedDate":"2022-01-26"},{"lineNumber":3,"author":{"gitId":"aaron-ljx"},"content":"import java.time.format.DateTimeParseException;","lastModifiedDate":"2022-01-26"},{"lineNumber":4,"author":{"gitId":"aaron-ljx"},"content":"","lastModifiedDate":"2022-01-26"},{"lineNumber":5,"author":{"gitId":"aaron-ljx"},"content":"public class Deadline extends Task {","lastModifiedDate":"2022-01-18"},{"lineNumber":6,"author":{"gitId":"aaron-ljx"},"content":"","lastModifiedDate":"2022-01-18"},{"lineNumber":7,"author":{"gitId":"aaron-ljx"},"content":"    protected String by;","lastModifiedDate":"2022-01-18"},{"lineNumber":8,"author":{"gitId":"aaron-ljx"},"content":"    protected LocalDate parsedBy;","lastModifiedDate":"2022-01-26"},{"lineNumber":9,"author":{"gitId":"aaron-ljx"},"content":"","lastModifiedDate":"2022-01-18"},{"lineNumber":10,"author":{"gitId":"aaron-ljx"},"content":"    public Deadline(String description, String by) {","lastModifiedDate":"2022-01-18"},{"lineNumber":11,"author":{"gitId":"aaron-ljx"},"content":"        super(description);","lastModifiedDate":"2022-01-18"},{"lineNumber":12,"author":{"gitId":"aaron-ljx"},"content":"        this.by \u003d by;","lastModifiedDate":"2022-01-18"},{"lineNumber":13,"author":{"gitId":"aaron-ljx"},"content":"        try {","lastModifiedDate":"2022-01-26"},{"lineNumber":14,"author":{"gitId":"aaron-ljx"},"content":"            parsedBy \u003d LocalDate.parse(by);","lastModifiedDate":"2022-01-26"},{"lineNumber":15,"author":{"gitId":"aaron-ljx"},"content":"        } catch (DateTimeParseException e) {","lastModifiedDate":"2022-01-26"},{"lineNumber":16,"author":{"gitId":"aaron-ljx"},"content":"            parsedBy \u003d null;","lastModifiedDate":"2022-01-26"},{"lineNumber":17,"author":{"gitId":"aaron-ljx"},"content":"        }","lastModifiedDate":"2022-01-26"},{"lineNumber":18,"author":{"gitId":"aaron-ljx"},"content":"    }","lastModifiedDate":"2022-01-18"},{"lineNumber":19,"author":{"gitId":"aaron-ljx"},"content":"","lastModifiedDate":"2022-01-18"},{"lineNumber":20,"author":{"gitId":"aaron-ljx"},"content":"    public String getBy() {","lastModifiedDate":"2022-01-25"},{"lineNumber":21,"author":{"gitId":"aaron-ljx"},"content":"        return this.by;","lastModifiedDate":"2022-01-25"},{"lineNumber":22,"author":{"gitId":"aaron-ljx"},"content":"    }","lastModifiedDate":"2022-01-25"},{"lineNumber":23,"author":{"gitId":"aaron-ljx"},"content":"","lastModifiedDate":"2022-01-25"},{"lineNumber":24,"author":{"gitId":"aaron-ljx"},"content":"    @Override","lastModifiedDate":"2022-01-18"},{"lineNumber":25,"author":{"gitId":"aaron-ljx"},"content":"    public String toString() {","lastModifiedDate":"2022-01-18"},{"lineNumber":26,"author":{"gitId":"aaron-ljx"},"content":"        if (parsedBy !\u003d null) {","lastModifiedDate":"2022-01-26"},{"lineNumber":27,"author":{"gitId":"aaron-ljx"},"content":"            String date \u003d  parsedBy.format(DateTimeFormatter.ofPattern(\"MMM d yyyy\"));","lastModifiedDate":"2022-01-26"},{"lineNumber":28,"author":{"gitId":"aaron-ljx"},"content":"            return \"[D]\" + \"[\" + this.getStatusIcon() + \"] \" + description + \" (by: \" + date + \")\";","lastModifiedDate":"2022-01-26"},{"lineNumber":29,"author":{"gitId":"aaron-ljx"},"content":"        } else {","lastModifiedDate":"2022-01-26"},{"lineNumber":30,"author":{"gitId":"aaron-ljx"},"content":"            return \"[D]\" + \"[\" + this.getStatusIcon() + \"] \" + description + \" (by: \" + by + \")\";","lastModifiedDate":"2022-01-18"},{"lineNumber":31,"author":{"gitId":"aaron-ljx"},"content":"        }","lastModifiedDate":"2022-01-18"},{"lineNumber":32,"author":{"gitId":"aaron-ljx"},"content":"    }","lastModifiedDate":"2022-01-18"},{"lineNumber":33,"author":{"gitId":"aaron-ljx"},"content":"}","lastModifiedDate":"2022-01-26"}],"authorContributionMap":{"aaron-ljx":33}},{"path":"src/main/java/Duke.java","fileType":"java","lines":[{"lineNumber":1,"author":{"gitId":"aaron-ljx"},"content":"import java.util.Scanner;","lastModifiedDate":"2022-01-17"},{"lineNumber":2,"author":{"gitId":"aaron-ljx"},"content":"","lastModifiedDate":"2022-01-17"},{"lineNumber":3,"author":{"gitId":"-"},"content":"public class Duke {","lastModifiedDate":"2019-07-29"},{"lineNumber":4,"author":{"gitId":"-"},"content":"    public static void main(String[] args) {","lastModifiedDate":"2022-01-22"},{"lineNumber":5,"author":{"gitId":"aaron-ljx"},"content":"        Ui ui \u003d new Ui();","lastModifiedDate":"2022-01-23"},{"lineNumber":6,"author":{"gitId":"aaron-ljx"},"content":"        ui.showWelcomeMessage();","lastModifiedDate":"2022-01-23"},{"lineNumber":7,"author":{"gitId":"aaron-ljx"},"content":"        Storage storage \u003d new Storage();","lastModifiedDate":"2022-01-23"},{"lineNumber":8,"author":{"gitId":"aaron-ljx"},"content":"        storage.load();","lastModifiedDate":"2022-01-23"},{"lineNumber":9,"author":{"gitId":"aaron-ljx"},"content":"","lastModifiedDate":"2022-01-18"},{"lineNumber":10,"author":{"gitId":"aaron-ljx"},"content":"        while (true) {","lastModifiedDate":"2022-01-17"},{"lineNumber":11,"author":{"gitId":"aaron-ljx"},"content":"            Scanner scanner \u003d new Scanner(System.in);","lastModifiedDate":"2022-01-17"},{"lineNumber":12,"author":{"gitId":"aaron-ljx"},"content":"            String input \u003d scanner.nextLine();","lastModifiedDate":"2022-01-17"},{"lineNumber":13,"author":{"gitId":"aaron-ljx"},"content":"","lastModifiedDate":"2022-01-17"},{"lineNumber":14,"author":{"gitId":"aaron-ljx"},"content":"            Parser p \u003d new Parser(input);","lastModifiedDate":"2022-01-23"},{"lineNumber":15,"author":{"gitId":"aaron-ljx"},"content":"            ParsedAnswer pa \u003d p.parse();","lastModifiedDate":"2022-01-23"},{"lineNumber":16,"author":{"gitId":"aaron-ljx"},"content":"","lastModifiedDate":"2022-01-26"},{"lineNumber":17,"author":{"gitId":"aaron-ljx"},"content":"            ParsedAnswerHandler parsedAnswerHandler \u003d new ParsedAnswerHandler(pa);","lastModifiedDate":"2022-01-24"},{"lineNumber":18,"author":{"gitId":"aaron-ljx"},"content":"            parsedAnswerHandler.execute();","lastModifiedDate":"2022-01-24"},{"lineNumber":19,"author":{"gitId":"aaron-ljx"},"content":"        }","lastModifiedDate":"2022-01-17"},{"lineNumber":20,"author":{"gitId":"-"},"content":"    }","lastModifiedDate":"2019-07-29"},{"lineNumber":21,"author":{"gitId":"-"},"content":"}","lastModifiedDate":"2019-07-29"}],"authorContributionMap":{"aaron-ljx":17,"-":4}},{"path":"src/main/java/DukeException.java","fileType":"java","lines":[{"lineNumber":1,"author":{"gitId":"aaron-ljx"},"content":"public class DukeException extends Exception {","lastModifiedDate":"2022-01-18"},{"lineNumber":2,"author":{"gitId":"aaron-ljx"},"content":"    public DukeException(String message) {","lastModifiedDate":"2022-01-18"},{"lineNumber":3,"author":{"gitId":"aaron-ljx"},"content":"        super(message);","lastModifiedDate":"2022-01-18"},{"lineNumber":4,"author":{"gitId":"aaron-ljx"},"content":"    }","lastModifiedDate":"2022-01-18"},{"lineNumber":5,"author":{"gitId":"aaron-ljx"},"content":"}","lastModifiedDate":"2022-01-18"}],"authorContributionMap":{"aaron-ljx":5}},{"path":"src/main/java/Event.java","fileType":"java","lines":[{"lineNumber":1,"author":{"gitId":"aaron-ljx"},"content":"import java.time.LocalDate;","lastModifiedDate":"2022-01-26"},{"lineNumber":2,"author":{"gitId":"aaron-ljx"},"content":"import java.time.format.DateTimeFormatter;","lastModifiedDate":"2022-01-26"},{"lineNumber":3,"author":{"gitId":"aaron-ljx"},"content":"import java.time.format.DateTimeParseException;","lastModifiedDate":"2022-01-26"},{"lineNumber":4,"author":{"gitId":"aaron-ljx"},"content":"","lastModifiedDate":"2022-01-26"},{"lineNumber":5,"author":{"gitId":"aaron-ljx"},"content":"public class Event extends Task {","lastModifiedDate":"2022-01-18"},{"lineNumber":6,"author":{"gitId":"aaron-ljx"},"content":"    protected String at;","lastModifiedDate":"2022-01-18"},{"lineNumber":7,"author":{"gitId":"aaron-ljx"},"content":"    protected LocalDate parsedAt;","lastModifiedDate":"2022-01-26"},{"lineNumber":8,"author":{"gitId":"aaron-ljx"},"content":"","lastModifiedDate":"2022-01-18"},{"lineNumber":9,"author":{"gitId":"aaron-ljx"},"content":"    public Event (String description, String at) {","lastModifiedDate":"2022-01-18"},{"lineNumber":10,"author":{"gitId":"aaron-ljx"},"content":"        super(description);","lastModifiedDate":"2022-01-18"},{"lineNumber":11,"author":{"gitId":"aaron-ljx"},"content":"        this.at \u003d at;","lastModifiedDate":"2022-01-18"},{"lineNumber":12,"author":{"gitId":"aaron-ljx"},"content":"        try {","lastModifiedDate":"2022-01-26"},{"lineNumber":13,"author":{"gitId":"aaron-ljx"},"content":"            parsedAt \u003d LocalDate.parse(at);","lastModifiedDate":"2022-01-26"},{"lineNumber":14,"author":{"gitId":"aaron-ljx"},"content":"        } catch (DateTimeParseException e) {","lastModifiedDate":"2022-01-26"},{"lineNumber":15,"author":{"gitId":"aaron-ljx"},"content":"           parsedAt \u003d null;","lastModifiedDate":"2022-01-26"},{"lineNumber":16,"author":{"gitId":"aaron-ljx"},"content":"        }","lastModifiedDate":"2022-01-26"},{"lineNumber":17,"author":{"gitId":"aaron-ljx"},"content":"    }","lastModifiedDate":"2022-01-18"},{"lineNumber":18,"author":{"gitId":"aaron-ljx"},"content":"","lastModifiedDate":"2022-01-18"},{"lineNumber":19,"author":{"gitId":"aaron-ljx"},"content":"    public String getAt() {","lastModifiedDate":"2022-01-25"},{"lineNumber":20,"author":{"gitId":"aaron-ljx"},"content":"        return at;","lastModifiedDate":"2022-01-25"},{"lineNumber":21,"author":{"gitId":"aaron-ljx"},"content":"    }","lastModifiedDate":"2022-01-25"},{"lineNumber":22,"author":{"gitId":"aaron-ljx"},"content":"","lastModifiedDate":"2022-01-25"},{"lineNumber":23,"author":{"gitId":"aaron-ljx"},"content":"    @Override","lastModifiedDate":"2022-01-18"},{"lineNumber":24,"author":{"gitId":"aaron-ljx"},"content":"    public String toString() {","lastModifiedDate":"2022-01-18"},{"lineNumber":25,"author":{"gitId":"aaron-ljx"},"content":"        if (parsedAt !\u003d null) {","lastModifiedDate":"2022-01-26"},{"lineNumber":26,"author":{"gitId":"aaron-ljx"},"content":"            String date \u003d  parsedAt.format(DateTimeFormatter.ofPattern(\"MMM d yyyy\"));","lastModifiedDate":"2022-01-26"},{"lineNumber":27,"author":{"gitId":"aaron-ljx"},"content":"            return \"[E]\" + \"[\" + this.getStatusIcon() + \"] \" + description + \" (at: \" + date + \")\";","lastModifiedDate":"2022-01-26"},{"lineNumber":28,"author":{"gitId":"aaron-ljx"},"content":"        } else {","lastModifiedDate":"2022-01-26"},{"lineNumber":29,"author":{"gitId":"aaron-ljx"},"content":"            return \"[E]\" + \"[\" + this.getStatusIcon() + \"] \" + description + \" (at: \" + at + \")\";","lastModifiedDate":"2022-01-18"},{"lineNumber":30,"author":{"gitId":"aaron-ljx"},"content":"        }","lastModifiedDate":"2022-01-18"},{"lineNumber":31,"author":{"gitId":"aaron-ljx"},"content":"    }","lastModifiedDate":"2022-01-18"},{"lineNumber":32,"author":{"gitId":"aaron-ljx"},"content":"}","lastModifiedDate":"2022-01-26"}],"authorContributionMap":{"aaron-ljx":32}},{"path":"src/main/java/ParsedAnswer.java","fileType":"java","lines":[{"lineNumber":1,"author":{"gitId":"aaron-ljx"},"content":"public class ParsedAnswer {","lastModifiedDate":"2022-01-22"},{"lineNumber":2,"author":{"gitId":"aaron-ljx"},"content":"    private String command;","lastModifiedDate":"2022-01-22"},{"lineNumber":3,"author":{"gitId":"aaron-ljx"},"content":"    private Integer index;","lastModifiedDate":"2022-01-22"},{"lineNumber":4,"author":{"gitId":"aaron-ljx"},"content":"    private String date;","lastModifiedDate":"2022-01-22"},{"lineNumber":5,"author":{"gitId":"aaron-ljx"},"content":"    private String desc;","lastModifiedDate":"2022-01-22"},{"lineNumber":6,"author":{"gitId":"aaron-ljx"},"content":"","lastModifiedDate":"2022-01-22"},{"lineNumber":7,"author":{"gitId":"aaron-ljx"},"content":"    ParsedAnswer(String command, Integer index) {","lastModifiedDate":"2022-01-22"},{"lineNumber":8,"author":{"gitId":"aaron-ljx"},"content":"        this.command \u003d command;","lastModifiedDate":"2022-01-22"},{"lineNumber":9,"author":{"gitId":"aaron-ljx"},"content":"        this.index \u003d index;","lastModifiedDate":"2022-01-22"},{"lineNumber":10,"author":{"gitId":"aaron-ljx"},"content":"    }","lastModifiedDate":"2022-01-22"},{"lineNumber":11,"author":{"gitId":"aaron-ljx"},"content":"","lastModifiedDate":"2022-01-22"},{"lineNumber":12,"author":{"gitId":"aaron-ljx"},"content":"    public String getCommand() {","lastModifiedDate":"2022-01-22"},{"lineNumber":13,"author":{"gitId":"aaron-ljx"},"content":"        return this.command;","lastModifiedDate":"2022-01-22"},{"lineNumber":14,"author":{"gitId":"aaron-ljx"},"content":"    }","lastModifiedDate":"2022-01-22"},{"lineNumber":15,"author":{"gitId":"aaron-ljx"},"content":"","lastModifiedDate":"2022-01-22"},{"lineNumber":16,"author":{"gitId":"aaron-ljx"},"content":"    public Integer getIndex() {","lastModifiedDate":"2022-01-22"},{"lineNumber":17,"author":{"gitId":"aaron-ljx"},"content":"        return this.index;","lastModifiedDate":"2022-01-22"},{"lineNumber":18,"author":{"gitId":"aaron-ljx"},"content":"    }","lastModifiedDate":"2022-01-22"},{"lineNumber":19,"author":{"gitId":"aaron-ljx"},"content":"","lastModifiedDate":"2022-01-22"},{"lineNumber":20,"author":{"gitId":"aaron-ljx"},"content":"    public String getDate() {","lastModifiedDate":"2022-01-22"},{"lineNumber":21,"author":{"gitId":"aaron-ljx"},"content":"        return date;","lastModifiedDate":"2022-01-22"},{"lineNumber":22,"author":{"gitId":"aaron-ljx"},"content":"    }","lastModifiedDate":"2022-01-22"},{"lineNumber":23,"author":{"gitId":"aaron-ljx"},"content":"","lastModifiedDate":"2022-01-22"},{"lineNumber":24,"author":{"gitId":"aaron-ljx"},"content":"    public void setDate(String date) {","lastModifiedDate":"2022-01-22"},{"lineNumber":25,"author":{"gitId":"aaron-ljx"},"content":"        this.date \u003d date;","lastModifiedDate":"2022-01-22"},{"lineNumber":26,"author":{"gitId":"aaron-ljx"},"content":"    }","lastModifiedDate":"2022-01-22"},{"lineNumber":27,"author":{"gitId":"aaron-ljx"},"content":"","lastModifiedDate":"2022-01-22"},{"lineNumber":28,"author":{"gitId":"aaron-ljx"},"content":"    public String getDesc() {","lastModifiedDate":"2022-01-22"},{"lineNumber":29,"author":{"gitId":"aaron-ljx"},"content":"        return desc;","lastModifiedDate":"2022-01-22"},{"lineNumber":30,"author":{"gitId":"aaron-ljx"},"content":"    }","lastModifiedDate":"2022-01-22"},{"lineNumber":31,"author":{"gitId":"aaron-ljx"},"content":"","lastModifiedDate":"2022-01-22"},{"lineNumber":32,"author":{"gitId":"aaron-ljx"},"content":"    public void setDesc(String desc) {","lastModifiedDate":"2022-01-22"},{"lineNumber":33,"author":{"gitId":"aaron-ljx"},"content":"        this.desc \u003d desc;","lastModifiedDate":"2022-01-22"},{"lineNumber":34,"author":{"gitId":"aaron-ljx"},"content":"    }","lastModifiedDate":"2022-01-22"},{"lineNumber":35,"author":{"gitId":"aaron-ljx"},"content":"}","lastModifiedDate":"2022-01-22"}],"authorContributionMap":{"aaron-ljx":35}},{"path":"src/main/java/ParsedAnswerHandler.java","fileType":"java","lines":[{"lineNumber":1,"author":{"gitId":"aaron-ljx"},"content":"import java.io.BufferedWriter;","lastModifiedDate":"2022-01-25"},{"lineNumber":2,"author":{"gitId":"aaron-ljx"},"content":"import java.io.FileWriter;","lastModifiedDate":"2022-01-25"},{"lineNumber":3,"author":{"gitId":"aaron-ljx"},"content":"import java.io.IOException;","lastModifiedDate":"2022-01-25"},{"lineNumber":4,"author":{"gitId":"aaron-ljx"},"content":"import java.util.ArrayList;","lastModifiedDate":"2022-01-24"},{"lineNumber":5,"author":{"gitId":"aaron-ljx"},"content":"","lastModifiedDate":"2022-01-24"},{"lineNumber":6,"author":{"gitId":"aaron-ljx"},"content":"public class ParsedAnswerHandler {","lastModifiedDate":"2022-01-24"},{"lineNumber":7,"author":{"gitId":"aaron-ljx"},"content":"    ParsedAnswer pa;","lastModifiedDate":"2022-01-24"},{"lineNumber":8,"author":{"gitId":"aaron-ljx"},"content":"","lastModifiedDate":"2022-01-24"},{"lineNumber":9,"author":{"gitId":"aaron-ljx"},"content":"    ParsedAnswerHandler(ParsedAnswer pa) {","lastModifiedDate":"2022-01-24"},{"lineNumber":10,"author":{"gitId":"aaron-ljx"},"content":"        this.pa \u003d pa;","lastModifiedDate":"2022-01-24"},{"lineNumber":11,"author":{"gitId":"aaron-ljx"},"content":"    }","lastModifiedDate":"2022-01-24"},{"lineNumber":12,"author":{"gitId":"aaron-ljx"},"content":"","lastModifiedDate":"2022-01-24"},{"lineNumber":13,"author":{"gitId":"aaron-ljx"},"content":"    void execute() {","lastModifiedDate":"2022-01-24"},{"lineNumber":14,"author":{"gitId":"aaron-ljx"},"content":"        String filePath \u003d System.getProperty(\"user.dir\")  + \"/data/storage.txt\";","lastModifiedDate":"2022-01-25"},{"lineNumber":15,"author":{"gitId":"aaron-ljx"},"content":"        switch (pa.getCommand()) {","lastModifiedDate":"2022-01-24"},{"lineNumber":16,"author":{"gitId":"aaron-ljx"},"content":"            case \"bye\":","lastModifiedDate":"2022-01-24"},{"lineNumber":17,"author":{"gitId":"aaron-ljx"},"content":"                System.out.println(\"Have a nice day.\");","lastModifiedDate":"2022-01-24"},{"lineNumber":18,"author":{"gitId":"aaron-ljx"},"content":"                System.exit(0);","lastModifiedDate":"2022-01-24"},{"lineNumber":19,"author":{"gitId":"aaron-ljx"},"content":"                break;","lastModifiedDate":"2022-01-24"},{"lineNumber":20,"author":{"gitId":"aaron-ljx"},"content":"","lastModifiedDate":"2022-01-24"},{"lineNumber":21,"author":{"gitId":"aaron-ljx"},"content":"            case \"list\":","lastModifiedDate":"2022-01-24"},{"lineNumber":22,"author":{"gitId":"aaron-ljx"},"content":"                ArrayList\u003cTask\u003e taskArrayList \u003d Storage.taskList;","lastModifiedDate":"2022-01-24"},{"lineNumber":23,"author":{"gitId":"aaron-ljx"},"content":"                System.out.println(\"Here are the tasks in your list: \" + \"\\n\");","lastModifiedDate":"2022-01-25"},{"lineNumber":24,"author":{"gitId":"aaron-ljx"},"content":"                for (int i \u003d 0; i \u003c taskArrayList.size(); i++) {","lastModifiedDate":"2022-01-25"},{"lineNumber":25,"author":{"gitId":"aaron-ljx"},"content":"                    System.out.println( (i + 1) + \". \"  + taskArrayList.get(i) + \"\\n\");","lastModifiedDate":"2022-01-25"},{"lineNumber":26,"author":{"gitId":"aaron-ljx"},"content":"                }","lastModifiedDate":"2022-01-25"},{"lineNumber":27,"author":{"gitId":"aaron-ljx"},"content":"                break;","lastModifiedDate":"2022-01-24"},{"lineNumber":28,"author":{"gitId":"aaron-ljx"},"content":"","lastModifiedDate":"2022-01-25"},{"lineNumber":29,"author":{"gitId":"aaron-ljx"},"content":"            case \"todo\":","lastModifiedDate":"2022-01-25"},{"lineNumber":30,"author":{"gitId":"aaron-ljx"},"content":"                ToDos td \u003d new ToDos(pa.getDesc());","lastModifiedDate":"2022-01-25"},{"lineNumber":31,"author":{"gitId":"aaron-ljx"},"content":"                Storage.taskList.add(td);","lastModifiedDate":"2022-01-25"},{"lineNumber":32,"author":{"gitId":"aaron-ljx"},"content":"                try {","lastModifiedDate":"2022-01-25"},{"lineNumber":33,"author":{"gitId":"aaron-ljx"},"content":"                    String sb \u003d \"T,\" +","lastModifiedDate":"2022-01-25"},{"lineNumber":34,"author":{"gitId":"aaron-ljx"},"content":"                            \"1,\" +","lastModifiedDate":"2022-01-25"},{"lineNumber":35,"author":{"gitId":"aaron-ljx"},"content":"                            td.getDescription() + \u0027\\n\u0027;","lastModifiedDate":"2022-01-25"},{"lineNumber":36,"author":{"gitId":"aaron-ljx"},"content":"                    BufferedWriter writer \u003d new BufferedWriter(new FileWriter(filePath, true));","lastModifiedDate":"2022-01-25"},{"lineNumber":37,"author":{"gitId":"aaron-ljx"},"content":"                    writer.append(sb);","lastModifiedDate":"2022-01-25"},{"lineNumber":38,"author":{"gitId":"aaron-ljx"},"content":"                    writer.close();","lastModifiedDate":"2022-01-25"},{"lineNumber":39,"author":{"gitId":"aaron-ljx"},"content":"                } catch (IOException e) {","lastModifiedDate":"2022-01-25"},{"lineNumber":40,"author":{"gitId":"aaron-ljx"},"content":"                    System.out.println(\"Error saving task to file.\");","lastModifiedDate":"2022-01-25"},{"lineNumber":41,"author":{"gitId":"aaron-ljx"},"content":"                }","lastModifiedDate":"2022-01-25"},{"lineNumber":42,"author":{"gitId":"aaron-ljx"},"content":"                break;","lastModifiedDate":"2022-01-25"},{"lineNumber":43,"author":{"gitId":"aaron-ljx"},"content":"","lastModifiedDate":"2022-01-25"},{"lineNumber":44,"author":{"gitId":"aaron-ljx"},"content":"            case \"deadline\":","lastModifiedDate":"2022-01-25"},{"lineNumber":45,"author":{"gitId":"aaron-ljx"},"content":"                Deadline dl \u003d new Deadline(pa.getDesc(), pa.getDate());","lastModifiedDate":"2022-01-25"},{"lineNumber":46,"author":{"gitId":"aaron-ljx"},"content":"                Storage.taskList.add(dl);","lastModifiedDate":"2022-01-25"},{"lineNumber":47,"author":{"gitId":"aaron-ljx"},"content":"                try {","lastModifiedDate":"2022-01-25"},{"lineNumber":48,"author":{"gitId":"aaron-ljx"},"content":"                    String sb \u003d \"D,\" +","lastModifiedDate":"2022-01-25"},{"lineNumber":49,"author":{"gitId":"aaron-ljx"},"content":"                            \"1,\" +","lastModifiedDate":"2022-01-25"},{"lineNumber":50,"author":{"gitId":"aaron-ljx"},"content":"                            dl.getDescription() +","lastModifiedDate":"2022-01-25"},{"lineNumber":51,"author":{"gitId":"aaron-ljx"},"content":"                            \",\" +","lastModifiedDate":"2022-01-25"},{"lineNumber":52,"author":{"gitId":"aaron-ljx"},"content":"                            dl.getBy() + \u0027\\n\u0027;","lastModifiedDate":"2022-01-25"},{"lineNumber":53,"author":{"gitId":"aaron-ljx"},"content":"                    BufferedWriter writer \u003d new BufferedWriter(new FileWriter(filePath, true));","lastModifiedDate":"2022-01-25"},{"lineNumber":54,"author":{"gitId":"aaron-ljx"},"content":"                    writer.append(sb);","lastModifiedDate":"2022-01-25"},{"lineNumber":55,"author":{"gitId":"aaron-ljx"},"content":"                    writer.close();","lastModifiedDate":"2022-01-25"},{"lineNumber":56,"author":{"gitId":"aaron-ljx"},"content":"                } catch (IOException e) {","lastModifiedDate":"2022-01-25"},{"lineNumber":57,"author":{"gitId":"aaron-ljx"},"content":"                    System.out.println(\"Error saving task to file.\");","lastModifiedDate":"2022-01-25"},{"lineNumber":58,"author":{"gitId":"aaron-ljx"},"content":"                }","lastModifiedDate":"2022-01-25"},{"lineNumber":59,"author":{"gitId":"aaron-ljx"},"content":"                break;","lastModifiedDate":"2022-01-25"},{"lineNumber":60,"author":{"gitId":"aaron-ljx"},"content":"","lastModifiedDate":"2022-01-25"},{"lineNumber":61,"author":{"gitId":"aaron-ljx"},"content":"            case \"event\":","lastModifiedDate":"2022-01-25"},{"lineNumber":62,"author":{"gitId":"aaron-ljx"},"content":"                Event ev \u003d new Event(pa.getDesc(), pa.getDate());","lastModifiedDate":"2022-01-25"},{"lineNumber":63,"author":{"gitId":"aaron-ljx"},"content":"                Storage.taskList.add(ev);","lastModifiedDate":"2022-01-25"},{"lineNumber":64,"author":{"gitId":"aaron-ljx"},"content":"                try {","lastModifiedDate":"2022-01-25"},{"lineNumber":65,"author":{"gitId":"aaron-ljx"},"content":"                    String sb \u003d \"E,\" +","lastModifiedDate":"2022-01-25"},{"lineNumber":66,"author":{"gitId":"aaron-ljx"},"content":"                            \"1,\" +","lastModifiedDate":"2022-01-25"},{"lineNumber":67,"author":{"gitId":"aaron-ljx"},"content":"                            ev.getDescription() +","lastModifiedDate":"2022-01-25"},{"lineNumber":68,"author":{"gitId":"aaron-ljx"},"content":"                            \",\" +","lastModifiedDate":"2022-01-25"},{"lineNumber":69,"author":{"gitId":"aaron-ljx"},"content":"                            ev.getAt() + \u0027\\n\u0027;","lastModifiedDate":"2022-01-25"},{"lineNumber":70,"author":{"gitId":"aaron-ljx"},"content":"                    BufferedWriter writer \u003d new BufferedWriter(new FileWriter(filePath, true));","lastModifiedDate":"2022-01-25"},{"lineNumber":71,"author":{"gitId":"aaron-ljx"},"content":"                    writer.append(sb);","lastModifiedDate":"2022-01-25"},{"lineNumber":72,"author":{"gitId":"aaron-ljx"},"content":"                    writer.close();","lastModifiedDate":"2022-01-25"},{"lineNumber":73,"author":{"gitId":"aaron-ljx"},"content":"                } catch (IOException e) {","lastModifiedDate":"2022-01-25"},{"lineNumber":74,"author":{"gitId":"aaron-ljx"},"content":"                    System.out.println(\"Error saving task to file.\");","lastModifiedDate":"2022-01-25"},{"lineNumber":75,"author":{"gitId":"aaron-ljx"},"content":"                }","lastModifiedDate":"2022-01-25"},{"lineNumber":76,"author":{"gitId":"aaron-ljx"},"content":"                break;","lastModifiedDate":"2022-01-25"},{"lineNumber":77,"author":{"gitId":"aaron-ljx"},"content":"","lastModifiedDate":"2022-01-25"},{"lineNumber":78,"author":{"gitId":"aaron-ljx"},"content":"            case \"mark\":","lastModifiedDate":"2022-01-25"},{"lineNumber":79,"author":{"gitId":"aaron-ljx"},"content":"                try {","lastModifiedDate":"2022-01-25"},{"lineNumber":80,"author":{"gitId":"aaron-ljx"},"content":"                    Task t \u003d Storage.taskList.get(pa.getIndex() - 1);","lastModifiedDate":"2022-01-25"},{"lineNumber":81,"author":{"gitId":"aaron-ljx"},"content":"                    t.markAsDone();","lastModifiedDate":"2022-01-25"},{"lineNumber":82,"author":{"gitId":"aaron-ljx"},"content":"                    Storage s \u003d new Storage();","lastModifiedDate":"2022-01-25"},{"lineNumber":83,"author":{"gitId":"aaron-ljx"},"content":"                    s.save();","lastModifiedDate":"2022-01-25"},{"lineNumber":84,"author":{"gitId":"aaron-ljx"},"content":"                } catch (IndexOutOfBoundsException e) {","lastModifiedDate":"2022-01-25"},{"lineNumber":85,"author":{"gitId":"aaron-ljx"},"content":"                    System.out.println(\"Item not found. Please try again.\");","lastModifiedDate":"2022-01-25"},{"lineNumber":86,"author":{"gitId":"aaron-ljx"},"content":"                }","lastModifiedDate":"2022-01-25"},{"lineNumber":87,"author":{"gitId":"aaron-ljx"},"content":"                break;","lastModifiedDate":"2022-01-25"},{"lineNumber":88,"author":{"gitId":"aaron-ljx"},"content":"","lastModifiedDate":"2022-01-25"},{"lineNumber":89,"author":{"gitId":"aaron-ljx"},"content":"            case \"unmark\":","lastModifiedDate":"2022-01-25"},{"lineNumber":90,"author":{"gitId":"aaron-ljx"},"content":"               try {","lastModifiedDate":"2022-01-25"},{"lineNumber":91,"author":{"gitId":"aaron-ljx"},"content":"                   Task t \u003d Storage.taskList.get(pa.getIndex() - 1);","lastModifiedDate":"2022-01-25"},{"lineNumber":92,"author":{"gitId":"aaron-ljx"},"content":"                   t.markAsUndone();","lastModifiedDate":"2022-01-25"},{"lineNumber":93,"author":{"gitId":"aaron-ljx"},"content":"                   Storage s \u003d new Storage();","lastModifiedDate":"2022-01-25"},{"lineNumber":94,"author":{"gitId":"aaron-ljx"},"content":"                   s.save();","lastModifiedDate":"2022-01-25"},{"lineNumber":95,"author":{"gitId":"aaron-ljx"},"content":"               } catch (IndexOutOfBoundsException e) {","lastModifiedDate":"2022-01-25"},{"lineNumber":96,"author":{"gitId":"aaron-ljx"},"content":"                   System.out.println(\"Item not found. Please try again.\");","lastModifiedDate":"2022-01-25"},{"lineNumber":97,"author":{"gitId":"aaron-ljx"},"content":"               }","lastModifiedDate":"2022-01-25"},{"lineNumber":98,"author":{"gitId":"aaron-ljx"},"content":"               break;","lastModifiedDate":"2022-01-25"},{"lineNumber":99,"author":{"gitId":"aaron-ljx"},"content":"","lastModifiedDate":"2022-01-25"},{"lineNumber":100,"author":{"gitId":"aaron-ljx"},"content":"            case \"error\":","lastModifiedDate":"2022-01-25"},{"lineNumber":101,"author":{"gitId":"aaron-ljx"},"content":"                System.out.println(pa.getDesc());","lastModifiedDate":"2022-01-25"},{"lineNumber":102,"author":{"gitId":"aaron-ljx"},"content":"                break;","lastModifiedDate":"2022-01-25"},{"lineNumber":103,"author":{"gitId":"aaron-ljx"},"content":"","lastModifiedDate":"2022-01-25"},{"lineNumber":104,"author":{"gitId":"aaron-ljx"},"content":"        }","lastModifiedDate":"2022-01-24"},{"lineNumber":105,"author":{"gitId":"aaron-ljx"},"content":"    }","lastModifiedDate":"2022-01-24"},{"lineNumber":106,"author":{"gitId":"aaron-ljx"},"content":"}","lastModifiedDate":"2022-01-24"}],"authorContributionMap":{"aaron-ljx":106}},{"path":"src/main/java/Parser.java","fileType":"java","lines":[{"lineNumber":1,"author":{"gitId":"aaron-ljx"},"content":"public class Parser {","lastModifiedDate":"2022-01-22"},{"lineNumber":2,"author":{"gitId":"aaron-ljx"},"content":"    private String input;","lastModifiedDate":"2022-01-22"},{"lineNumber":3,"author":{"gitId":"aaron-ljx"},"content":"","lastModifiedDate":"2022-01-23"},{"lineNumber":4,"author":{"gitId":"aaron-ljx"},"content":"    Parser(String input) {","lastModifiedDate":"2022-01-22"},{"lineNumber":5,"author":{"gitId":"aaron-ljx"},"content":"        this.input \u003d input;","lastModifiedDate":"2022-01-22"},{"lineNumber":6,"author":{"gitId":"aaron-ljx"},"content":"    }","lastModifiedDate":"2022-01-22"},{"lineNumber":7,"author":{"gitId":"aaron-ljx"},"content":"","lastModifiedDate":"2022-01-22"},{"lineNumber":8,"author":{"gitId":"aaron-ljx"},"content":"    public ParsedAnswer parse() {","lastModifiedDate":"2022-01-22"},{"lineNumber":9,"author":{"gitId":"aaron-ljx"},"content":"        String[] parsedString \u003d input.toLowerCase().split(\" \", 2);","lastModifiedDate":"2022-01-22"},{"lineNumber":10,"author":{"gitId":"aaron-ljx"},"content":"        switch (parsedString[0]) {","lastModifiedDate":"2022-01-22"},{"lineNumber":11,"author":{"gitId":"aaron-ljx"},"content":"            case \"bye\":","lastModifiedDate":"2022-01-22"},{"lineNumber":12,"author":{"gitId":"aaron-ljx"},"content":"                return new ParsedAnswer(\"bye\", -1);","lastModifiedDate":"2022-01-22"},{"lineNumber":13,"author":{"gitId":"aaron-ljx"},"content":"","lastModifiedDate":"2022-01-22"},{"lineNumber":14,"author":{"gitId":"aaron-ljx"},"content":"            case \"list\":","lastModifiedDate":"2022-01-22"},{"lineNumber":15,"author":{"gitId":"aaron-ljx"},"content":"                return new ParsedAnswer(\"list\", -1);","lastModifiedDate":"2022-01-22"},{"lineNumber":16,"author":{"gitId":"aaron-ljx"},"content":"","lastModifiedDate":"2022-01-22"},{"lineNumber":17,"author":{"gitId":"aaron-ljx"},"content":"            case \"unmark\":","lastModifiedDate":"2022-01-22"},{"lineNumber":18,"author":{"gitId":"aaron-ljx"},"content":"                try {","lastModifiedDate":"2022-01-22"},{"lineNumber":19,"author":{"gitId":"aaron-ljx"},"content":"                    int idx \u003d Integer.parseInt(parsedString[1]);","lastModifiedDate":"2022-01-22"},{"lineNumber":20,"author":{"gitId":"aaron-ljx"},"content":"                    return new ParsedAnswer(\"unmark\", idx);","lastModifiedDate":"2022-01-22"},{"lineNumber":21,"author":{"gitId":"aaron-ljx"},"content":"                } catch (Exception e) {","lastModifiedDate":"2022-01-22"},{"lineNumber":22,"author":{"gitId":"aaron-ljx"},"content":"                    return new ParsedAnswer(\"unmark\", -1);","lastModifiedDate":"2022-01-22"},{"lineNumber":23,"author":{"gitId":"aaron-ljx"},"content":"                }","lastModifiedDate":"2022-01-22"},{"lineNumber":24,"author":{"gitId":"aaron-ljx"},"content":"","lastModifiedDate":"2022-01-22"},{"lineNumber":25,"author":{"gitId":"aaron-ljx"},"content":"            case \"mark\" :","lastModifiedDate":"2022-01-22"},{"lineNumber":26,"author":{"gitId":"aaron-ljx"},"content":"                try {","lastModifiedDate":"2022-01-22"},{"lineNumber":27,"author":{"gitId":"aaron-ljx"},"content":"                    int idx \u003d Integer.parseInt(parsedString[1]);","lastModifiedDate":"2022-01-22"},{"lineNumber":28,"author":{"gitId":"aaron-ljx"},"content":"                    return new ParsedAnswer(\"mark\", idx);","lastModifiedDate":"2022-01-22"},{"lineNumber":29,"author":{"gitId":"aaron-ljx"},"content":"                } catch (Exception e) {","lastModifiedDate":"2022-01-22"},{"lineNumber":30,"author":{"gitId":"aaron-ljx"},"content":"                    return new ParsedAnswer(\"mark\", -1);","lastModifiedDate":"2022-01-22"},{"lineNumber":31,"author":{"gitId":"aaron-ljx"},"content":"                }","lastModifiedDate":"2022-01-22"},{"lineNumber":32,"author":{"gitId":"aaron-ljx"},"content":"","lastModifiedDate":"2022-01-22"},{"lineNumber":33,"author":{"gitId":"aaron-ljx"},"content":"            case \"delete\":","lastModifiedDate":"2022-01-22"},{"lineNumber":34,"author":{"gitId":"aaron-ljx"},"content":"                try {","lastModifiedDate":"2022-01-22"},{"lineNumber":35,"author":{"gitId":"aaron-ljx"},"content":"                    int idx \u003d Integer.parseInt(parsedString[1]);","lastModifiedDate":"2022-01-22"},{"lineNumber":36,"author":{"gitId":"aaron-ljx"},"content":"                    return new ParsedAnswer(\"delete\", idx);","lastModifiedDate":"2022-01-22"},{"lineNumber":37,"author":{"gitId":"aaron-ljx"},"content":"                } catch (Exception e) {","lastModifiedDate":"2022-01-22"},{"lineNumber":38,"author":{"gitId":"aaron-ljx"},"content":"                    return new ParsedAnswer(\"delete\", -1);","lastModifiedDate":"2022-01-22"},{"lineNumber":39,"author":{"gitId":"aaron-ljx"},"content":"                }","lastModifiedDate":"2022-01-22"},{"lineNumber":40,"author":{"gitId":"aaron-ljx"},"content":"","lastModifiedDate":"2022-01-22"},{"lineNumber":41,"author":{"gitId":"aaron-ljx"},"content":"            case \"todo\":","lastModifiedDate":"2022-01-22"},{"lineNumber":42,"author":{"gitId":"aaron-ljx"},"content":"                try {","lastModifiedDate":"2022-01-22"},{"lineNumber":43,"author":{"gitId":"aaron-ljx"},"content":"                    String desc \u003d parsedString[1];","lastModifiedDate":"2022-01-22"},{"lineNumber":44,"author":{"gitId":"aaron-ljx"},"content":"                    ParsedAnswer pa \u003d new ParsedAnswer(\"todo\", -1);","lastModifiedDate":"2022-01-22"},{"lineNumber":45,"author":{"gitId":"aaron-ljx"},"content":"                    pa.setDesc(parsedString[1]);","lastModifiedDate":"2022-01-22"},{"lineNumber":46,"author":{"gitId":"aaron-ljx"},"content":"                    return pa;","lastModifiedDate":"2022-01-22"},{"lineNumber":47,"author":{"gitId":"aaron-ljx"},"content":"                } catch (Exception e) {","lastModifiedDate":"2022-01-22"},{"lineNumber":48,"author":{"gitId":"aaron-ljx"},"content":"                    ParsedAnswer pa \u003d new ParsedAnswer(\"error\", -1);","lastModifiedDate":"2022-01-22"},{"lineNumber":49,"author":{"gitId":"aaron-ljx"},"content":"                    pa.setDesc(\"The description cannot be empty!\");","lastModifiedDate":"2022-01-22"},{"lineNumber":50,"author":{"gitId":"aaron-ljx"},"content":"                    return pa;","lastModifiedDate":"2022-01-22"},{"lineNumber":51,"author":{"gitId":"aaron-ljx"},"content":"                }","lastModifiedDate":"2022-01-22"},{"lineNumber":52,"author":{"gitId":"aaron-ljx"},"content":"","lastModifiedDate":"2022-01-22"},{"lineNumber":53,"author":{"gitId":"aaron-ljx"},"content":"            case \"event\":","lastModifiedDate":"2022-01-22"},{"lineNumber":54,"author":{"gitId":"aaron-ljx"},"content":"                try {","lastModifiedDate":"2022-01-22"},{"lineNumber":55,"author":{"gitId":"aaron-ljx"},"content":"                    String [] eventParseBy \u003d parsedString[1].split(\"/at\");","lastModifiedDate":"2022-01-22"},{"lineNumber":56,"author":{"gitId":"aaron-ljx"},"content":"                    ParsedAnswer pa;","lastModifiedDate":"2022-01-22"},{"lineNumber":57,"author":{"gitId":"aaron-ljx"},"content":"                    if (eventParseBy.length \u003c\u003d 1) {","lastModifiedDate":"2022-01-22"},{"lineNumber":58,"author":{"gitId":"aaron-ljx"},"content":"                        pa \u003d new ParsedAnswer(\"error\", -1);","lastModifiedDate":"2022-01-22"},{"lineNumber":59,"author":{"gitId":"aaron-ljx"},"content":"                        pa.setDesc(\"Please check that your input format is correct.\");","lastModifiedDate":"2022-01-22"},{"lineNumber":60,"author":{"gitId":"aaron-ljx"},"content":"                    } else {","lastModifiedDate":"2022-01-22"},{"lineNumber":61,"author":{"gitId":"aaron-ljx"},"content":"                        pa \u003d new ParsedAnswer(\"event\", -1);","lastModifiedDate":"2022-01-22"},{"lineNumber":62,"author":{"gitId":"aaron-ljx"},"content":"                        pa.setDesc(eventParseBy[0]);","lastModifiedDate":"2022-01-22"},{"lineNumber":63,"author":{"gitId":"aaron-ljx"},"content":"                        pa.setDate(eventParseBy[1]);","lastModifiedDate":"2022-01-22"},{"lineNumber":64,"author":{"gitId":"aaron-ljx"},"content":"                    }","lastModifiedDate":"2022-01-22"},{"lineNumber":65,"author":{"gitId":"aaron-ljx"},"content":"                    return pa;","lastModifiedDate":"2022-01-22"},{"lineNumber":66,"author":{"gitId":"aaron-ljx"},"content":"                } catch (Exception e) {","lastModifiedDate":"2022-01-22"},{"lineNumber":67,"author":{"gitId":"aaron-ljx"},"content":"                    ParsedAnswer pa \u003d new ParsedAnswer(\"error\", -1);","lastModifiedDate":"2022-01-22"},{"lineNumber":68,"author":{"gitId":"aaron-ljx"},"content":"                    pa.setDesc(\"The description cannot be empty!\");","lastModifiedDate":"2022-01-22"},{"lineNumber":69,"author":{"gitId":"aaron-ljx"},"content":"                    return pa;","lastModifiedDate":"2022-01-22"},{"lineNumber":70,"author":{"gitId":"aaron-ljx"},"content":"                }","lastModifiedDate":"2022-01-22"},{"lineNumber":71,"author":{"gitId":"aaron-ljx"},"content":"","lastModifiedDate":"2022-01-22"},{"lineNumber":72,"author":{"gitId":"aaron-ljx"},"content":"            case \"deadline\":","lastModifiedDate":"2022-01-22"},{"lineNumber":73,"author":{"gitId":"aaron-ljx"},"content":"                try {","lastModifiedDate":"2022-01-22"},{"lineNumber":74,"author":{"gitId":"aaron-ljx"},"content":"                    String [] dlParseBy \u003d parsedString[1].split(\"/by\");","lastModifiedDate":"2022-01-22"},{"lineNumber":75,"author":{"gitId":"aaron-ljx"},"content":"                    ParsedAnswer pa;","lastModifiedDate":"2022-01-22"},{"lineNumber":76,"author":{"gitId":"aaron-ljx"},"content":"                    if (dlParseBy.length \u003c\u003d 1) {","lastModifiedDate":"2022-01-22"},{"lineNumber":77,"author":{"gitId":"aaron-ljx"},"content":"                        pa \u003d new ParsedAnswer(\"error\", -1);","lastModifiedDate":"2022-01-22"},{"lineNumber":78,"author":{"gitId":"aaron-ljx"},"content":"                        pa.setDesc(\"Please check that your input format is correct.\");","lastModifiedDate":"2022-01-22"},{"lineNumber":79,"author":{"gitId":"aaron-ljx"},"content":"                    } else {","lastModifiedDate":"2022-01-22"},{"lineNumber":80,"author":{"gitId":"aaron-ljx"},"content":"                        pa \u003d new ParsedAnswer(\"deadline\", -1);","lastModifiedDate":"2022-01-23"},{"lineNumber":81,"author":{"gitId":"aaron-ljx"},"content":"                        pa.setDesc(dlParseBy[0]);","lastModifiedDate":"2022-01-22"},{"lineNumber":82,"author":{"gitId":"aaron-ljx"},"content":"                        pa.setDate(dlParseBy[1]);","lastModifiedDate":"2022-01-22"},{"lineNumber":83,"author":{"gitId":"aaron-ljx"},"content":"                    }","lastModifiedDate":"2022-01-22"},{"lineNumber":84,"author":{"gitId":"aaron-ljx"},"content":"                    return pa;","lastModifiedDate":"2022-01-22"},{"lineNumber":85,"author":{"gitId":"aaron-ljx"},"content":"                } catch (Exception e) {","lastModifiedDate":"2022-01-22"},{"lineNumber":86,"author":{"gitId":"aaron-ljx"},"content":"                    ParsedAnswer pa \u003d new ParsedAnswer(\"error\", -1);","lastModifiedDate":"2022-01-22"},{"lineNumber":87,"author":{"gitId":"aaron-ljx"},"content":"                    pa.setDesc(\"The description cannot be empty!\");","lastModifiedDate":"2022-01-22"},{"lineNumber":88,"author":{"gitId":"aaron-ljx"},"content":"                    return pa;","lastModifiedDate":"2022-01-22"},{"lineNumber":89,"author":{"gitId":"aaron-ljx"},"content":"                }","lastModifiedDate":"2022-01-22"},{"lineNumber":90,"author":{"gitId":"aaron-ljx"},"content":"","lastModifiedDate":"2022-01-22"},{"lineNumber":91,"author":{"gitId":"aaron-ljx"},"content":"            default:","lastModifiedDate":"2022-01-22"},{"lineNumber":92,"author":{"gitId":"aaron-ljx"},"content":"                ParsedAnswer pa \u003d new ParsedAnswer(\"error\", - 1);","lastModifiedDate":"2022-01-22"},{"lineNumber":93,"author":{"gitId":"aaron-ljx"},"content":"                pa.setDesc(\"Sorry, but I have no idea what you mean.\");","lastModifiedDate":"2022-01-22"},{"lineNumber":94,"author":{"gitId":"aaron-ljx"},"content":"                return pa;","lastModifiedDate":"2022-01-22"},{"lineNumber":95,"author":{"gitId":"aaron-ljx"},"content":"        }","lastModifiedDate":"2022-01-22"},{"lineNumber":96,"author":{"gitId":"aaron-ljx"},"content":"    }","lastModifiedDate":"2022-01-22"},{"lineNumber":97,"author":{"gitId":"aaron-ljx"},"content":"}","lastModifiedDate":"2022-01-22"}],"authorContributionMap":{"aaron-ljx":97}},{"path":"src/main/java/Storage.java","fileType":"java","lines":[{"lineNumber":1,"author":{"gitId":"aaron-ljx"},"content":"import java.io.*;","lastModifiedDate":"2022-01-25"},{"lineNumber":2,"author":{"gitId":"aaron-ljx"},"content":"import java.nio.file.Files;","lastModifiedDate":"2022-01-23"},{"lineNumber":3,"author":{"gitId":"aaron-ljx"},"content":"import java.nio.file.Paths;","lastModifiedDate":"2022-01-23"},{"lineNumber":4,"author":{"gitId":"aaron-ljx"},"content":"import java.util.ArrayList;","lastModifiedDate":"2022-01-23"},{"lineNumber":5,"author":{"gitId":"aaron-ljx"},"content":"import java.util.Scanner;","lastModifiedDate":"2022-01-24"},{"lineNumber":6,"author":{"gitId":"aaron-ljx"},"content":"","lastModifiedDate":"2022-01-23"},{"lineNumber":7,"author":{"gitId":"aaron-ljx"},"content":"public class Storage {","lastModifiedDate":"2022-01-23"},{"lineNumber":8,"author":{"gitId":"aaron-ljx"},"content":"    private final String homeDir;","lastModifiedDate":"2022-01-24"},{"lineNumber":9,"author":{"gitId":"aaron-ljx"},"content":"    static ArrayList\u003cTask\u003e taskList;","lastModifiedDate":"2022-01-24"},{"lineNumber":10,"author":{"gitId":"aaron-ljx"},"content":"","lastModifiedDate":"2022-01-23"},{"lineNumber":11,"author":{"gitId":"aaron-ljx"},"content":"    Storage() {","lastModifiedDate":"2022-01-23"},{"lineNumber":12,"author":{"gitId":"aaron-ljx"},"content":"        this.homeDir \u003d System.getProperty(\"user.dir\");","lastModifiedDate":"2022-01-23"},{"lineNumber":13,"author":{"gitId":"aaron-ljx"},"content":"        if (taskList \u003d\u003d null) {","lastModifiedDate":"2022-01-25"},{"lineNumber":14,"author":{"gitId":"aaron-ljx"},"content":"            taskList \u003d new ArrayList\u003c\u003e();","lastModifiedDate":"2022-01-24"},{"lineNumber":15,"author":{"gitId":"aaron-ljx"},"content":"        }","lastModifiedDate":"2022-01-23"},{"lineNumber":16,"author":{"gitId":"aaron-ljx"},"content":"    }","lastModifiedDate":"2022-01-25"},{"lineNumber":17,"author":{"gitId":"aaron-ljx"},"content":"","lastModifiedDate":"2022-01-23"},{"lineNumber":18,"author":{"gitId":"aaron-ljx"},"content":"    void load() {","lastModifiedDate":"2022-01-23"},{"lineNumber":19,"author":{"gitId":"aaron-ljx"},"content":"        boolean directoryExists \u003d new java.io.File(this.homeDir + \"/data\").exists();","lastModifiedDate":"2022-01-23"},{"lineNumber":20,"author":{"gitId":"aaron-ljx"},"content":"        if (!directoryExists) {","lastModifiedDate":"2022-01-23"},{"lineNumber":21,"author":{"gitId":"aaron-ljx"},"content":"            try {","lastModifiedDate":"2022-01-23"},{"lineNumber":22,"author":{"gitId":"aaron-ljx"},"content":"                Files.createDirectories(Paths.get(this.homeDir + \"/data\"));","lastModifiedDate":"2022-01-23"},{"lineNumber":23,"author":{"gitId":"aaron-ljx"},"content":"                File myObj \u003d new File(this.homeDir + \"/data/storage.txt\");","lastModifiedDate":"2022-01-23"},{"lineNumber":24,"author":{"gitId":"aaron-ljx"},"content":"                myObj.createNewFile();","lastModifiedDate":"2022-01-23"},{"lineNumber":25,"author":{"gitId":"aaron-ljx"},"content":"","lastModifiedDate":"2022-01-23"},{"lineNumber":26,"author":{"gitId":"aaron-ljx"},"content":"            } catch (IOException e) {","lastModifiedDate":"2022-01-23"},{"lineNumber":27,"author":{"gitId":"aaron-ljx"},"content":"                System.out.println(\"Load failed.\");","lastModifiedDate":"2022-01-23"},{"lineNumber":28,"author":{"gitId":"aaron-ljx"},"content":"            }","lastModifiedDate":"2022-01-23"},{"lineNumber":29,"author":{"gitId":"aaron-ljx"},"content":"        } else {","lastModifiedDate":"2022-01-23"},{"lineNumber":30,"author":{"gitId":"aaron-ljx"},"content":"            // parse the content in the file and add tasks into the arraylist.","lastModifiedDate":"2022-01-23"},{"lineNumber":31,"author":{"gitId":"aaron-ljx"},"content":"            try {","lastModifiedDate":"2022-01-24"},{"lineNumber":32,"author":{"gitId":"aaron-ljx"},"content":"                FileInputStream fis \u003d new FileInputStream(this.homeDir + \"/data/storage.txt\");","lastModifiedDate":"2022-01-24"},{"lineNumber":33,"author":{"gitId":"aaron-ljx"},"content":"                Scanner sc \u003d new Scanner(fis);","lastModifiedDate":"2022-01-24"},{"lineNumber":34,"author":{"gitId":"aaron-ljx"},"content":"                while(sc.hasNextLine()) {","lastModifiedDate":"2022-01-24"},{"lineNumber":35,"author":{"gitId":"aaron-ljx"},"content":"                    String[] parsedTaskFromFile \u003d sc.nextLine().split(\",\");","lastModifiedDate":"2022-01-24"},{"lineNumber":36,"author":{"gitId":"aaron-ljx"},"content":"                    if (parsedTaskFromFile.length \u003e 0) {","lastModifiedDate":"2022-01-24"},{"lineNumber":37,"author":{"gitId":"aaron-ljx"},"content":"                        String taskType \u003d parsedTaskFromFile[0];","lastModifiedDate":"2022-01-24"},{"lineNumber":38,"author":{"gitId":"aaron-ljx"},"content":"                        switch (taskType) {","lastModifiedDate":"2022-01-24"},{"lineNumber":39,"author":{"gitId":"aaron-ljx"},"content":"                            case \"T\":","lastModifiedDate":"2022-01-24"},{"lineNumber":40,"author":{"gitId":"aaron-ljx"},"content":"                                ToDos td \u003d new ToDos(parsedTaskFromFile[2]);","lastModifiedDate":"2022-01-24"},{"lineNumber":41,"author":{"gitId":"aaron-ljx"},"content":"                                if (Integer.parseInt(parsedTaskFromFile[1]) \u003d\u003d 0) {","lastModifiedDate":"2022-01-24"},{"lineNumber":42,"author":{"gitId":"aaron-ljx"},"content":"                                   td.markAsDone();","lastModifiedDate":"2022-01-24"},{"lineNumber":43,"author":{"gitId":"aaron-ljx"},"content":"                                } else {","lastModifiedDate":"2022-01-24"},{"lineNumber":44,"author":{"gitId":"aaron-ljx"},"content":"                                    td.markAsUndone();","lastModifiedDate":"2022-01-24"},{"lineNumber":45,"author":{"gitId":"aaron-ljx"},"content":"                                }","lastModifiedDate":"2022-01-24"},{"lineNumber":46,"author":{"gitId":"aaron-ljx"},"content":"                                taskList.add(td);","lastModifiedDate":"2022-01-24"},{"lineNumber":47,"author":{"gitId":"aaron-ljx"},"content":"                                break;","lastModifiedDate":"2022-01-24"},{"lineNumber":48,"author":{"gitId":"aaron-ljx"},"content":"","lastModifiedDate":"2022-01-24"},{"lineNumber":49,"author":{"gitId":"aaron-ljx"},"content":"                            case \"E\":","lastModifiedDate":"2022-01-24"},{"lineNumber":50,"author":{"gitId":"aaron-ljx"},"content":"                                Event ev \u003d new Event(parsedTaskFromFile[2], parsedTaskFromFile[3]);","lastModifiedDate":"2022-01-24"},{"lineNumber":51,"author":{"gitId":"aaron-ljx"},"content":"                                if (Integer.parseInt(parsedTaskFromFile[1]) \u003d\u003d 0) {","lastModifiedDate":"2022-01-24"},{"lineNumber":52,"author":{"gitId":"aaron-ljx"},"content":"                                    ev.markAsDone();","lastModifiedDate":"2022-01-24"},{"lineNumber":53,"author":{"gitId":"aaron-ljx"},"content":"                                } else {","lastModifiedDate":"2022-01-24"},{"lineNumber":54,"author":{"gitId":"aaron-ljx"},"content":"                                    ev.markAsUndone();","lastModifiedDate":"2022-01-24"},{"lineNumber":55,"author":{"gitId":"aaron-ljx"},"content":"                                }","lastModifiedDate":"2022-01-24"},{"lineNumber":56,"author":{"gitId":"aaron-ljx"},"content":"                                taskList.add(ev);","lastModifiedDate":"2022-01-24"},{"lineNumber":57,"author":{"gitId":"aaron-ljx"},"content":"                                break;","lastModifiedDate":"2022-01-24"},{"lineNumber":58,"author":{"gitId":"aaron-ljx"},"content":"","lastModifiedDate":"2022-01-24"},{"lineNumber":59,"author":{"gitId":"aaron-ljx"},"content":"                            case \"D\":","lastModifiedDate":"2022-01-24"},{"lineNumber":60,"author":{"gitId":"aaron-ljx"},"content":"                                Deadline dl \u003d new Deadline(parsedTaskFromFile[2], parsedTaskFromFile[3]);","lastModifiedDate":"2022-01-24"},{"lineNumber":61,"author":{"gitId":"aaron-ljx"},"content":"                                if (Integer.parseInt(parsedTaskFromFile[1]) \u003d\u003d 0) {","lastModifiedDate":"2022-01-24"},{"lineNumber":62,"author":{"gitId":"aaron-ljx"},"content":"                                    dl.markAsDone();","lastModifiedDate":"2022-01-24"},{"lineNumber":63,"author":{"gitId":"aaron-ljx"},"content":"                                } else {","lastModifiedDate":"2022-01-24"},{"lineNumber":64,"author":{"gitId":"aaron-ljx"},"content":"                                    dl.markAsUndone();","lastModifiedDate":"2022-01-24"},{"lineNumber":65,"author":{"gitId":"aaron-ljx"},"content":"                                }","lastModifiedDate":"2022-01-24"},{"lineNumber":66,"author":{"gitId":"aaron-ljx"},"content":"                                taskList.add(dl);","lastModifiedDate":"2022-01-24"},{"lineNumber":67,"author":{"gitId":"aaron-ljx"},"content":"                                break;","lastModifiedDate":"2022-01-24"},{"lineNumber":68,"author":{"gitId":"aaron-ljx"},"content":"                        }","lastModifiedDate":"2022-01-24"},{"lineNumber":69,"author":{"gitId":"aaron-ljx"},"content":"                    }","lastModifiedDate":"2022-01-24"},{"lineNumber":70,"author":{"gitId":"aaron-ljx"},"content":"                }","lastModifiedDate":"2022-01-24"},{"lineNumber":71,"author":{"gitId":"aaron-ljx"},"content":"                sc.close();","lastModifiedDate":"2022-01-24"},{"lineNumber":72,"author":{"gitId":"aaron-ljx"},"content":"            } catch (FileNotFoundException e) {","lastModifiedDate":"2022-01-24"},{"lineNumber":73,"author":{"gitId":"aaron-ljx"},"content":"                System.out.println(\"File not found.\");","lastModifiedDate":"2022-01-24"},{"lineNumber":74,"author":{"gitId":"aaron-ljx"},"content":"            }","lastModifiedDate":"2022-01-24"},{"lineNumber":75,"author":{"gitId":"aaron-ljx"},"content":"        }","lastModifiedDate":"2022-01-23"},{"lineNumber":76,"author":{"gitId":"aaron-ljx"},"content":"    }","lastModifiedDate":"2022-01-23"},{"lineNumber":77,"author":{"gitId":"aaron-ljx"},"content":"","lastModifiedDate":"2022-01-25"},{"lineNumber":78,"author":{"gitId":"aaron-ljx"},"content":"    void save() {","lastModifiedDate":"2022-01-25"},{"lineNumber":79,"author":{"gitId":"aaron-ljx"},"content":"        File myObj \u003d new File(this.homeDir + \"/data/storage.txt\");","lastModifiedDate":"2022-01-25"},{"lineNumber":80,"author":{"gitId":"aaron-ljx"},"content":"        myObj.delete();","lastModifiedDate":"2022-01-25"},{"lineNumber":81,"author":{"gitId":"aaron-ljx"},"content":"        String filePath \u003d this.homeDir + \"/data/storage.txt\";","lastModifiedDate":"2022-01-25"},{"lineNumber":82,"author":{"gitId":"aaron-ljx"},"content":"","lastModifiedDate":"2022-01-25"},{"lineNumber":83,"author":{"gitId":"aaron-ljx"},"content":"        try {","lastModifiedDate":"2022-01-25"},{"lineNumber":84,"author":{"gitId":"aaron-ljx"},"content":"            File file \u003d new File(filePath);","lastModifiedDate":"2022-01-25"},{"lineNumber":85,"author":{"gitId":"aaron-ljx"},"content":"            file.createNewFile();","lastModifiedDate":"2022-01-25"},{"lineNumber":86,"author":{"gitId":"aaron-ljx"},"content":"            for (Task t : Storage.taskList) {","lastModifiedDate":"2022-01-25"},{"lineNumber":87,"author":{"gitId":"aaron-ljx"},"content":"                if (t instanceof Event) {","lastModifiedDate":"2022-01-25"},{"lineNumber":88,"author":{"gitId":"aaron-ljx"},"content":"                    StringBuilder sb \u003d new StringBuilder();","lastModifiedDate":"2022-01-25"},{"lineNumber":89,"author":{"gitId":"aaron-ljx"},"content":"                    sb.append(\"E,\");","lastModifiedDate":"2022-01-25"},{"lineNumber":90,"author":{"gitId":"aaron-ljx"},"content":"                    if (t.isDone()) {","lastModifiedDate":"2022-01-25"},{"lineNumber":91,"author":{"gitId":"aaron-ljx"},"content":"                        sb.append(\"0,\");","lastModifiedDate":"2022-01-25"},{"lineNumber":92,"author":{"gitId":"aaron-ljx"},"content":"                    } else {","lastModifiedDate":"2022-01-25"},{"lineNumber":93,"author":{"gitId":"aaron-ljx"},"content":"                        sb.append(\"1,\");","lastModifiedDate":"2022-01-25"},{"lineNumber":94,"author":{"gitId":"aaron-ljx"},"content":"                    }","lastModifiedDate":"2022-01-25"},{"lineNumber":95,"author":{"gitId":"aaron-ljx"},"content":"                    sb.append(t.getDescription());","lastModifiedDate":"2022-01-25"},{"lineNumber":96,"author":{"gitId":"aaron-ljx"},"content":"                    sb.append(\",\");","lastModifiedDate":"2022-01-25"},{"lineNumber":97,"author":{"gitId":"aaron-ljx"},"content":"                    sb.append(((Event) t).getAt());","lastModifiedDate":"2022-01-25"},{"lineNumber":98,"author":{"gitId":"aaron-ljx"},"content":"                    sb.append(\"\\n\");","lastModifiedDate":"2022-01-25"},{"lineNumber":99,"author":{"gitId":"aaron-ljx"},"content":"                    BufferedWriter writer \u003d new BufferedWriter(new FileWriter(filePath, true));","lastModifiedDate":"2022-01-25"},{"lineNumber":100,"author":{"gitId":"aaron-ljx"},"content":"                    writer.write(sb.toString());","lastModifiedDate":"2022-01-25"},{"lineNumber":101,"author":{"gitId":"aaron-ljx"},"content":"                    writer.close();","lastModifiedDate":"2022-01-25"},{"lineNumber":102,"author":{"gitId":"aaron-ljx"},"content":"                } else if (t instanceof Deadline) {","lastModifiedDate":"2022-01-25"},{"lineNumber":103,"author":{"gitId":"aaron-ljx"},"content":"                    StringBuilder sb \u003d new StringBuilder();","lastModifiedDate":"2022-01-25"},{"lineNumber":104,"author":{"gitId":"aaron-ljx"},"content":"                    sb.append(\"D,\");","lastModifiedDate":"2022-01-25"},{"lineNumber":105,"author":{"gitId":"aaron-ljx"},"content":"                    if (t.isDone()) {","lastModifiedDate":"2022-01-25"},{"lineNumber":106,"author":{"gitId":"aaron-ljx"},"content":"                        sb.append(\"0,\");","lastModifiedDate":"2022-01-25"},{"lineNumber":107,"author":{"gitId":"aaron-ljx"},"content":"                    } else {","lastModifiedDate":"2022-01-25"},{"lineNumber":108,"author":{"gitId":"aaron-ljx"},"content":"                        sb.append(\"1,\");","lastModifiedDate":"2022-01-25"},{"lineNumber":109,"author":{"gitId":"aaron-ljx"},"content":"                    }","lastModifiedDate":"2022-01-25"},{"lineNumber":110,"author":{"gitId":"aaron-ljx"},"content":"                    sb.append(t.getDescription());","lastModifiedDate":"2022-01-25"},{"lineNumber":111,"author":{"gitId":"aaron-ljx"},"content":"                    sb.append(\",\");","lastModifiedDate":"2022-01-25"},{"lineNumber":112,"author":{"gitId":"aaron-ljx"},"content":"                    sb.append(((Deadline) t).getBy());","lastModifiedDate":"2022-01-25"},{"lineNumber":113,"author":{"gitId":"aaron-ljx"},"content":"                    sb.append(\"\\n\");","lastModifiedDate":"2022-01-25"},{"lineNumber":114,"author":{"gitId":"aaron-ljx"},"content":"                    BufferedWriter writer \u003d new BufferedWriter(new FileWriter(filePath, true));","lastModifiedDate":"2022-01-25"},{"lineNumber":115,"author":{"gitId":"aaron-ljx"},"content":"                    writer.write(sb.toString());","lastModifiedDate":"2022-01-25"},{"lineNumber":116,"author":{"gitId":"aaron-ljx"},"content":"                    writer.close();","lastModifiedDate":"2022-01-25"},{"lineNumber":117,"author":{"gitId":"aaron-ljx"},"content":"                } else {","lastModifiedDate":"2022-01-25"},{"lineNumber":118,"author":{"gitId":"aaron-ljx"},"content":"                    StringBuilder sb \u003d new StringBuilder();","lastModifiedDate":"2022-01-25"},{"lineNumber":119,"author":{"gitId":"aaron-ljx"},"content":"                    sb.append(\"T,\");","lastModifiedDate":"2022-01-25"},{"lineNumber":120,"author":{"gitId":"aaron-ljx"},"content":"                    if (t.isDone()) {","lastModifiedDate":"2022-01-25"},{"lineNumber":121,"author":{"gitId":"aaron-ljx"},"content":"                        sb.append(\"0,\");","lastModifiedDate":"2022-01-25"},{"lineNumber":122,"author":{"gitId":"aaron-ljx"},"content":"                    } else {","lastModifiedDate":"2022-01-25"},{"lineNumber":123,"author":{"gitId":"aaron-ljx"},"content":"                        sb.append(\"1,\");","lastModifiedDate":"2022-01-25"},{"lineNumber":124,"author":{"gitId":"aaron-ljx"},"content":"                    }","lastModifiedDate":"2022-01-25"},{"lineNumber":125,"author":{"gitId":"aaron-ljx"},"content":"                    sb.append(t.getDescription());","lastModifiedDate":"2022-01-25"},{"lineNumber":126,"author":{"gitId":"aaron-ljx"},"content":"                    sb.append(\"\\n\");","lastModifiedDate":"2022-01-25"},{"lineNumber":127,"author":{"gitId":"aaron-ljx"},"content":"                    BufferedWriter writer \u003d new BufferedWriter(new FileWriter(filePath, true));","lastModifiedDate":"2022-01-25"},{"lineNumber":128,"author":{"gitId":"aaron-ljx"},"content":"                    writer.write(sb.toString());","lastModifiedDate":"2022-01-25"},{"lineNumber":129,"author":{"gitId":"aaron-ljx"},"content":"                    writer.close();","lastModifiedDate":"2022-01-25"},{"lineNumber":130,"author":{"gitId":"aaron-ljx"},"content":"                }","lastModifiedDate":"2022-01-25"},{"lineNumber":131,"author":{"gitId":"aaron-ljx"},"content":"            }","lastModifiedDate":"2022-01-25"},{"lineNumber":132,"author":{"gitId":"aaron-ljx"},"content":"        } catch (IOException e) {","lastModifiedDate":"2022-01-25"},{"lineNumber":133,"author":{"gitId":"aaron-ljx"},"content":"            System.out.println(\"Error saving file.\");","lastModifiedDate":"2022-01-25"},{"lineNumber":134,"author":{"gitId":"aaron-ljx"},"content":"        }","lastModifiedDate":"2022-01-25"},{"lineNumber":135,"author":{"gitId":"aaron-ljx"},"content":"    }","lastModifiedDate":"2022-01-25"},{"lineNumber":136,"author":{"gitId":"aaron-ljx"},"content":"}","lastModifiedDate":"2022-01-23"}],"authorContributionMap":{"aaron-ljx":136}},{"path":"src/main/java/Task.java","fileType":"java","lines":[{"lineNumber":1,"author":{"gitId":"aaron-ljx"},"content":"public class Task {","lastModifiedDate":"2022-01-17"},{"lineNumber":2,"author":{"gitId":"aaron-ljx"},"content":"    protected String description;","lastModifiedDate":"2022-01-17"},{"lineNumber":3,"author":{"gitId":"aaron-ljx"},"content":"    protected boolean isDone;","lastModifiedDate":"2022-01-17"},{"lineNumber":4,"author":{"gitId":"aaron-ljx"},"content":"","lastModifiedDate":"2022-01-17"},{"lineNumber":5,"author":{"gitId":"aaron-ljx"},"content":"    public Task (String description) {","lastModifiedDate":"2022-01-17"},{"lineNumber":6,"author":{"gitId":"aaron-ljx"},"content":"        this.description \u003d description;","lastModifiedDate":"2022-01-17"},{"lineNumber":7,"author":{"gitId":"aaron-ljx"},"content":"        this.isDone \u003d false;","lastModifiedDate":"2022-01-17"},{"lineNumber":8,"author":{"gitId":"aaron-ljx"},"content":"    }","lastModifiedDate":"2022-01-17"},{"lineNumber":9,"author":{"gitId":"aaron-ljx"},"content":"","lastModifiedDate":"2022-01-17"},{"lineNumber":10,"author":{"gitId":"aaron-ljx"},"content":"    public String getDescription() {","lastModifiedDate":"2022-01-25"},{"lineNumber":11,"author":{"gitId":"aaron-ljx"},"content":"        return description;","lastModifiedDate":"2022-01-25"},{"lineNumber":12,"author":{"gitId":"aaron-ljx"},"content":"    }","lastModifiedDate":"2022-01-25"},{"lineNumber":13,"author":{"gitId":"aaron-ljx"},"content":"","lastModifiedDate":"2022-01-25"},{"lineNumber":14,"author":{"gitId":"aaron-ljx"},"content":"    public boolean isDone() {","lastModifiedDate":"2022-01-25"},{"lineNumber":15,"author":{"gitId":"aaron-ljx"},"content":"        return isDone;","lastModifiedDate":"2022-01-25"},{"lineNumber":16,"author":{"gitId":"aaron-ljx"},"content":"    }","lastModifiedDate":"2022-01-25"},{"lineNumber":17,"author":{"gitId":"aaron-ljx"},"content":"","lastModifiedDate":"2022-01-25"},{"lineNumber":18,"author":{"gitId":"aaron-ljx"},"content":"    public String getStatusIcon() {","lastModifiedDate":"2022-01-17"},{"lineNumber":19,"author":{"gitId":"aaron-ljx"},"content":"        return (isDone ? \"X\" : \" \"); // mark done task with X","lastModifiedDate":"2022-01-17"},{"lineNumber":20,"author":{"gitId":"aaron-ljx"},"content":"    }","lastModifiedDate":"2022-01-17"},{"lineNumber":21,"author":{"gitId":"aaron-ljx"},"content":"","lastModifiedDate":"2022-01-17"},{"lineNumber":22,"author":{"gitId":"aaron-ljx"},"content":"    public void markAsDone() {","lastModifiedDate":"2022-01-17"},{"lineNumber":23,"author":{"gitId":"aaron-ljx"},"content":"        this.isDone \u003d true;","lastModifiedDate":"2022-01-17"},{"lineNumber":24,"author":{"gitId":"aaron-ljx"},"content":"    }","lastModifiedDate":"2022-01-17"},{"lineNumber":25,"author":{"gitId":"aaron-ljx"},"content":"","lastModifiedDate":"2022-01-17"},{"lineNumber":26,"author":{"gitId":"aaron-ljx"},"content":"    public void markAsUndone() {","lastModifiedDate":"2022-01-17"},{"lineNumber":27,"author":{"gitId":"aaron-ljx"},"content":"        this.isDone \u003d false;","lastModifiedDate":"2022-01-17"},{"lineNumber":28,"author":{"gitId":"aaron-ljx"},"content":"    }","lastModifiedDate":"2022-01-17"},{"lineNumber":29,"author":{"gitId":"aaron-ljx"},"content":"}","lastModifiedDate":"2022-01-17"}],"authorContributionMap":{"aaron-ljx":29}},{"path":"src/main/java/TaskList.java","fileType":"java","lines":[{"lineNumber":1,"author":{"gitId":"aaron-ljx"},"content":"public class TaskList {","lastModifiedDate":"2022-01-23"},{"lineNumber":2,"author":{"gitId":"aaron-ljx"},"content":"}","lastModifiedDate":"2022-01-23"}],"authorContributionMap":{"aaron-ljx":2}},{"path":"src/main/java/ToDos.java","fileType":"java","lines":[{"lineNumber":1,"author":{"gitId":"aaron-ljx"},"content":"public class ToDos extends Task {","lastModifiedDate":"2022-01-18"},{"lineNumber":2,"author":{"gitId":"aaron-ljx"},"content":"    public ToDos (String description) {","lastModifiedDate":"2022-01-18"},{"lineNumber":3,"author":{"gitId":"aaron-ljx"},"content":"        super(description);","lastModifiedDate":"2022-01-18"},{"lineNumber":4,"author":{"gitId":"aaron-ljx"},"content":"    }","lastModifiedDate":"2022-01-18"},{"lineNumber":5,"author":{"gitId":"aaron-ljx"},"content":"","lastModifiedDate":"2022-01-18"},{"lineNumber":6,"author":{"gitId":"aaron-ljx"},"content":"    @Override","lastModifiedDate":"2022-01-18"},{"lineNumber":7,"author":{"gitId":"aaron-ljx"},"content":"    public String toString() {","lastModifiedDate":"2022-01-18"},{"lineNumber":8,"author":{"gitId":"aaron-ljx"},"content":"        return \"[T]\" + \"[\" + this.getStatusIcon() + \"]\" + description;","lastModifiedDate":"2022-01-18"},{"lineNumber":9,"author":{"gitId":"aaron-ljx"},"content":"    }","lastModifiedDate":"2022-01-18"},{"lineNumber":10,"author":{"gitId":"aaron-ljx"},"content":"}","lastModifiedDate":"2022-01-18"}],"authorContributionMap":{"aaron-ljx":10}},{"path":"src/main/java/Ui.java","fileType":"java","lines":[{"lineNumber":1,"author":{"gitId":"aaron-ljx"},"content":"public class Ui {","lastModifiedDate":"2022-01-22"},{"lineNumber":2,"author":{"gitId":"aaron-ljx"},"content":"    public void showWelcomeMessage() {","lastModifiedDate":"2022-01-22"},{"lineNumber":3,"author":{"gitId":"aaron-ljx"},"content":"        String logo \u003d \" ____        _        \\n\"","lastModifiedDate":"2022-01-22"},{"lineNumber":4,"author":{"gitId":"aaron-ljx"},"content":"                + \"|  _ \\\\ _   _| | _____ \\n\"","lastModifiedDate":"2022-01-22"},{"lineNumber":5,"author":{"gitId":"aaron-ljx"},"content":"                + \"| | | | | | | |/ / _ \\\\\\n\"","lastModifiedDate":"2022-01-22"},{"lineNumber":6,"author":{"gitId":"aaron-ljx"},"content":"                + \"| |_| | |_| |   \u003c  __/\\n\"","lastModifiedDate":"2022-01-22"},{"lineNumber":7,"author":{"gitId":"aaron-ljx"},"content":"                + \"|____/ \\\\__,_|_|\\\\_\\\\___|\\n\";","lastModifiedDate":"2022-01-22"},{"lineNumber":8,"author":{"gitId":"aaron-ljx"},"content":"        System.out.println(\"Hello from\\n\" + logo);","lastModifiedDate":"2022-01-22"},{"lineNumber":9,"author":{"gitId":"aaron-ljx"},"content":"        System.out.println(\"\\nHow may I help you today?\\n\");","lastModifiedDate":"2022-01-22"},{"lineNumber":10,"author":{"gitId":"aaron-ljx"},"content":"    }","lastModifiedDate":"2022-01-22"},{"lineNumber":11,"author":{"gitId":"aaron-ljx"},"content":"}","lastModifiedDate":"2022-01-22"}],"authorContributionMap":{"aaron-ljx":11}},{"path":"text-ui-test/input.txt","fileType":"txt","lines":[{"lineNumber":1,"author":{"gitId":"aaron-ljx"},"content":"deadline return book /by Sunday","lastModifiedDate":"2022-01-18"},{"lineNumber":2,"author":{"gitId":"aaron-ljx"},"content":"event project meeting /at Mon 2-4pm","lastModifiedDate":"2022-01-18"},{"lineNumber":3,"author":{"gitId":"aaron-ljx"},"content":"todo borrow book","lastModifiedDate":"2022-01-18"},{"lineNumber":4,"author":{"gitId":"aaron-ljx"},"content":"list","lastModifiedDate":"2022-01-18"},{"lineNumber":5,"author":{"gitId":"aaron-ljx"},"content":"mark 1","lastModifiedDate":"2022-01-18"},{"lineNumber":6,"author":{"gitId":"aaron-ljx"},"content":"unmark 1","lastModifiedDate":"2022-01-18"},{"lineNumber":7,"author":{"gitId":"aaron-ljx"},"content":"mark 2","lastModifiedDate":"2022-01-18"},{"lineNumber":8,"author":{"gitId":"aaron-ljx"},"content":"unmark 2","lastModifiedDate":"2022-01-18"},{"lineNumber":9,"author":{"gitId":"aaron-ljx"},"content":"mark 3","lastModifiedDate":"2022-01-18"},{"lineNumber":10,"author":{"gitId":"aaron-ljx"},"content":"list","lastModifiedDate":"2022-01-18"}],"authorContributionMap":{"aaron-ljx":10}}]
